"Device Name","D2 - 2815656"
"Device Model","Kestrel DROP 2"
"Serial Number","2815656"
"FORMATTED DATE_TIME","Temperature","Relative Humidity","Heat Index","Dew Point","Data Type","Record name","Start time","Duration (H:M:S)","Location description","Location address","Location coordinates","Notes"
"YYYY-MM-DD HH:MM:SS","°F","%","°F","°F"
"2023-02-07 12:10:00 pm","73.3","53.2","72.5","55.2","point"
"2024-01-09 07:00:00 pm","73.7","80.5","75.4","67.4","point"
"2024-01-09 09:00:00 pm","74.8","82.6","76.8","69.1","point"
"2024-01-09 11:00:00 pm","72.0","83.3","73.6","66.7","point"
"2024-01-10 01:00:00 am","71.1","83.2","72.5","65.7","point"
"2024-01-10 03:00:00 am","70.3","82.3","71.2","64.6","point"
"2024-01-10 05:00:00 am","69.7","82.0","70.5","64.0","point"
"2024-01-10 07:00:00 am","69.5","81.9","70.3","63.7","point"
"2024-01-10 09:00:00 am","69.5","81.8","70.3","63.7","point"
"2024-01-10 11:00:00 am","70.6","81.1","71.6","64.5","point"
"2024-01-10 01:00:00 pm","72.0","78.7","73.2","65.0","point"
"2024-01-10 03:00:00 pm","72.3","78.0","73.6","65.1","point"
"2024-01-10 05:00:00 pm","72.5","78.7","73.6","65.5","point"
"2024-01-10 07:00:00 pm","72.3","80.2","73.8","65.9","point"
"2024-01-10 09:00:00 pm","71.6","80.4","72.9","65.2","point"
"2024-01-10 11:00:00 pm","71.1","78.6","72.1","64.1","point"
"2024-01-11 01:00:00 am","70.4","78.8","71.2","63.5","point"
"2024-01-11 03:00:00 am","70.0","78.3","70.7","62.9","point"
"2024-01-11 05:00:00 am","69.5","78.4","70.2","62.5","point"
"2024-01-11 07:00:00 am","69.3","79.0","70.0","62.5","point"
"2024-01-11 09:00:00 am","70.3","84.9","71.4","65.5","point"
"2024-01-11 11:00:00 am","70.5","67.3","70.7","59.1","point"
"2024-01-11 01:00:00 pm","73.4","64.7","73.8","60.8","point"
"2024-01-11 03:00:00 pm","75.4","58.0","75.0","59.6","point"
"2024-01-11 05:00:00 pm","73.1","73.2","74.1","64.0","point"
"2024-01-11 07:00:00 pm","68.1","79.7","68.4","61.6","point"
"2024-01-11 09:00:00 pm","67.2","80.5","67.3","61.0","point"
"2024-01-11 11:00:00 pm","67.0","77.5","66.9","59.7","point"
"2024-01-12 01:00:00 am","65.0","82.5","64.9","59.6","point"
"2024-01-12 03:00:00 am","63.9","86.0","63.9","59.6","point"
"2024-01-12 05:00:00 am","63.2","90.3","63.7","60.3","point"
"2024-01-12 07:00:00 am","62.3","91.4","62.8","59.8","point"
"2024-01-12 09:00:00 am","63.0","89.2","63.3","59.8","point"
"2024-01-12 11:00:00 am","68.3","73.3","68.2","59.5","point"
"2024-01-12 01:00:00 pm","72.9","65.4","73.2","60.6","point"
"2024-01-12 03:00:00 pm","75.7","55.1","75.0","58.4","point"
"2024-01-12 05:00:00 pm","73.5","69.7","74.1","63.0","point"
"2024-01-12 07:00:00 pm","68.5","76.5","68.5","60.8","point"
"2024-01-12 09:00:00 pm","66.5","78.8","66.4","59.7","point"
"2024-01-12 11:00:00 pm","64.8","83.9","64.8","59.8","point"
"2024-01-13 01:00:00 am","63.2","85.5","63.1","58.8","point"
"2024-01-13 03:00:00 am","62.4","90.7","63.0","59.7","point"
"2024-01-13 05:00:00 am","61.1","93.6","61.7","59.3","point"
"2024-01-13 07:00:00 am","61.8","95.6","62.6","60.5","point"
"2024-01-13 09:00:00 am","63.9","95.6","64.8","62.6","point"
"2024-01-13 11:00:00 am","68.1","84.1","68.7","63.2","point"
"2024-01-13 01:00:00 pm","73.1","64.9","73.4","60.5","point"
"2024-01-13 03:00:00 pm","75.1","61.6","75.2","61.0","point"
"2024-01-13 05:00:00 pm","72.9","79.9","74.5","66.3","point"
"2024-01-13 07:00:00 pm","68.7","87.3","69.6","64.7","point"
"2024-01-13 09:00:00 pm","67.6","91.2","68.5","64.9","point"
"2024-01-13 11:00:00 pm","65.6","92.9","66.4","63.4","point"
"2024-01-14 01:00:00 am","65.9","92.0","66.7","63.5","point"
"2024-01-14 03:00:00 am","65.7","84.8","65.8","61.0","point"
"2024-01-14 05:00:00 am","64.8","86.9","64.9","60.8","point"
"2024-01-14 07:00:00 am","63.9","91.3","64.4","61.3","point"
"2024-01-14 09:00:00 am","64.8","94.2","65.7","63.1","point"
"2024-01-14 11:00:00 am","71.5","76.8","72.5","63.8","point"
"2024-01-14 01:00:00 pm","73.9","65.4","74.1","61.6","point"
"2024-01-14 03:00:00 pm","74.9","67.6","75.6","63.5","point"
"2024-01-14 05:00:00 pm","73.3","78.0","74.7","66.0","point"
"2024-01-14 07:00:00 pm","68.9","85.5","69.6","64.3","point"
"2024-01-14 09:00:00 pm","67.1","84.6","67.6","62.3","point"
"2024-01-14 11:00:00 pm","67.9","74.9","67.8","59.6","point"
"2024-01-15 01:00:00 am","68.5","72.0","68.4","59.1","point"
"2024-01-15 03:00:00 am","65.3","78.8","64.9","58.6","point"
"2024-01-15 05:00:00 am","64.1","83.5","64.0","59.0","point"
"2024-01-15 07:00:00 am","62.2","90.7","62.6","59.4","point"
"2024-01-15 09:00:00 am","64.1","92.1","64.8","61.8","point"
"2024-01-15 11:00:00 am","70.1","79.7","70.9","63.6","point"
"2024-01-15 01:00:00 pm","73.3","67.2","73.8","61.8","point"
"2024-01-15 03:00:00 pm","73.2","72.8","74.3","64.0","point"
"2024-01-15 05:00:00 pm","71.7","78.5","72.7","64.7","point"
"2024-01-15 07:00:00 pm","69.1","80.9","69.8","63.0","point"
"2024-01-15 09:00:00 pm","67.5","87.3","68.4","63.6","point"
"2024-01-15 11:00:00 pm","66.8","91.4","67.6","64.2","point"
"2024-01-16 01:00:00 am","66.1","90.4","66.9","63.2","point"
"2024-01-16 03:00:00 am","64.8","91.4","65.3","62.2","point"
"2024-01-16 05:00:00 am","64.4","86.9","64.4","60.4","point"
"2024-01-16 07:00:00 am","63.1","86.8","63.1","59.1","point"
"2024-01-16 09:00:00 am","64.1","89.4","64.4","60.9","point"
"2024-01-16 11:00:00 am","69.3","84.1","70.3","64.3","point"
"2024-01-16 01:00:00 pm","72.7","67.7","73.2","61.4","point"
"2024-01-16 03:00:00 pm","72.3","80.3","73.6","65.9","point"
"2024-01-16 05:00:00 pm","71.6","83.2","73.2","66.2","point"
"2024-01-16 07:00:00 pm","68.6","88.9","69.6","65.2","point"
"2024-01-16 09:00:00 pm","67.8","95.6","69.3","66.5","point"
"2024-01-16 11:00:00 pm","66.9","97.1","68.4","66.1","point"
"2024-01-17 01:00:00 am","66.4","97.2","67.8","65.6","point"
"2024-01-17 03:00:00 am","65.8","97.7","67.1","65.1","point"
"2024-01-17 05:00:00 am","65.7","98.5","67.1","65.3","point"
"2024-01-17 07:00:00 am","65.2","97.9","66.6","64.6","point"
"2024-01-17 09:00:00 am","65.7","97.4","66.9","65.0","point"
"2024-01-17 11:00:00 am","70.4","85.1","71.6","65.7","point"
"2024-01-17 01:00:00 pm","70.9","88.3","72.5","67.2","point"
"2024-01-17 03:00:00 pm","71.2","85.6","72.5","66.6","point"
"2024-01-17 05:00:00 pm","71.2","79.0","72.3","64.3","point"
"2024-01-17 07:00:00 pm","68.6","84.1","69.4","63.6","point"
"2024-01-17 09:00:00 pm","68.5","95.6","69.8","67.2","point"
"2024-01-17 11:00:00 pm","67.6","97.0","68.9","66.7","point"
"2024-01-18 01:00:00 am","66.9","97.3","68.2","66.1","point"
"2024-01-18 03:00:00 am","65.1","97.3","66.2","64.3","point"
"2024-01-18 05:00:00 am","64.8","97.5","65.8","64.1","point"
"2024-01-18 07:00:00 am","64.4","97.6","65.5","63.7","point"
"2024-01-18 09:00:00 am","66.4","97.5","67.8","65.6","point"
"2024-01-18 11:00:00 am","69.9","87.1","71.1","65.9","point"
"2024-01-18 01:00:00 pm","71.3","83.1","72.7","65.9","point"
"2024-01-18 03:00:00 pm","73.1","85.1","75.0","68.4","point"
"2024-01-18 05:00:00 pm","71.9","86.1","73.4","67.5","point"
"2024-01-18 07:00:00 pm","69.2","91.5","70.5","66.6","point"
"2024-01-18 09:00:00 pm","68.4","96.2","70.0","67.2","point"
"2024-01-18 11:00:00 pm","67.3","98.0","68.9","66.7","point"
"2024-01-19 01:00:00 am","67.2","98.7","68.7","66.8","point"
"2024-01-19 03:00:00 am","67.0","98.9","68.5","66.7","point"
"2024-01-19 05:00:00 am","65.7","98.9","67.1","65.4","point"
"2024-01-19 07:00:00 am","64.4","99.0","65.5","64.1","point"
"2024-01-19 09:00:00 am","65.9","99.6","67.5","65.7","point"
"2024-01-19 11:00:00 am","69.9","91.4","71.4","67.3","point"
"2024-01-19 01:00:00 pm","73.3","80.7","75.0","66.9","point"
"2024-01-19 03:00:00 pm","73.7","85.2","75.7","69.0","point"
"2024-01-19 05:00:00 pm","72.4","88.6","74.3","68.9","point"
"2024-01-19 07:00:00 pm","69.6","93.1","71.2","67.6","point"
"2024-01-19 09:00:00 pm","69.0","98.0","70.7","68.4","point"
"2024-01-19 11:00:00 pm","67.0","97.5","68.5","66.3","point"
"2024-01-20 01:00:00 am","66.6","98.5","68.2","66.2","point"
"2024-01-20 03:00:00 am","65.5","99.1","66.9","65.3","point"
"2024-01-20 05:00:00 am","64.5","97.1","65.5","63.7","point"
"2024-01-20 07:00:00 am","63.4","98.6","64.6","63.0","point"
"2024-01-20 09:00:00 am","64.8","98.7","66.0","64.4","point"
"2024-01-20 11:00:00 am","69.7","92.0","71.2","67.3","point"
"2024-01-20 01:00:00 pm","72.8","80.3","74.3","66.3","point"
"2024-01-20 03:00:00 pm","72.6","84.4","74.3","67.7","point"
"2024-01-20 05:00:00 pm","73.1","88.7","75.4","69.5","point"
"2024-01-20 07:00:00 pm","70.2","93.8","71.8","68.3","point"
"2024-01-20 09:00:00 pm","68.5","95.7","70.0","67.3","point"
"2024-01-20 11:00:00 pm","67.5","97.7","69.1","66.8","point"
"2024-01-21 01:00:00 am","66.6","99.1","68.2","66.3","point"
"2024-01-21 03:00:00 am","66.0","98.1","67.3","65.4","point"
"2024-01-21 05:00:00 am","65.8","99.7","67.3","65.7","point"
"2024-01-21 07:00:00 am","65.4","99.7","66.9","65.3","point"
"2024-01-21 09:00:00 am","66.1","98.9","67.5","65.8","point"
"2024-01-21 11:00:00 am","70.4","91.6","72.0","67.8","point"
"2024-01-21 01:00:00 pm","74.3","78.8","75.7","67.2","point"
"2024-01-21 03:00:00 pm","75.1","77.3","76.6","67.5","point"
"2024-01-21 05:00:00 pm","73.9","81.6","75.6","67.9","point"
"2024-01-21 07:00:00 pm","70.4","88.3","71.8","66.7","point"
"2024-01-21 09:00:00 pm","70.4","96.5","72.1","69.3","point"
"2024-01-21 11:00:00 pm","68.6","97.1","70.2","67.7","point"
"2024-01-22 01:00:00 am","67.7","98.3","69.3","67.2","point"
"2024-01-22 03:00:00 am","68.0","97.4","69.6","67.3","point"
"2024-01-22 05:00:00 am","65.3","97.9","66.6","64.7","point"
"2024-01-22 07:00:00 am","65.8","99.4","67.3","65.6","point"
"2024-01-22 09:00:00 am","66.8","99.0","68.4","66.6","point"
"2024-01-22 11:00:00 am","71.2","91.5","72.9","68.5","point"
"2024-01-22 01:00:00 pm","73.9","84.4","75.9","68.8","point"
"2024-01-22 03:00:00 pm","74.0","84.9","76.3","69.1","point"
"2024-01-22 05:00:00 pm","73.7","83.4","75.7","68.4","point"
"2024-01-22 07:00:00 pm","70.7","88.3","72.3","67.1","point"
"2024-01-22 09:00:00 pm","70.4","96.5","72.1","69.3","point"
"2024-01-22 11:00:00 pm","68.9","97.0","70.3","68.0","point"
"2024-01-23 01:00:00 am","67.4","98.2","68.9","66.8","point"
"2024-01-23 03:00:00 am","66.5","98.5","68.0","66.1","point"
"2024-01-23 05:00:00 am","65.9","99.1","67.3","65.6","point"
"2024-01-23 07:00:00 am","64.9","95.1","65.7","63.4","point"
"2024-01-23 09:00:00 am","67.2","93.0","68.2","65.1","point"
"2024-01-23 11:00:00 am","70.6","85.1","71.8","65.9","point"
"2024-01-23 01:00:00 pm","73.1","77.0","74.5","65.5","point"
"2024-01-23 03:00:00 pm","74.2","84.7","76.5","69.4","point"
"2024-01-23 05:00:00 pm","73.5","85.0","75.6","68.7","point"
"2024-01-23 07:00:00 pm","69.5","85.5","70.5","65.0","point"
"2024-01-23 09:00:00 pm","67.5","90.3","68.5","64.5","point"
"2024-01-23 11:00:00 pm","66.5","90.4","67.3","63.6","point"
"2024-01-24 01:00:00 am","64.3","93.9","65.1","62.5","point"
"2024-01-24 03:00:00 am","63.6","91.1","64.0","60.9","point"
"2024-01-24 05:00:00 am","63.2","89.6","63.5","60.1","point"
"2024-01-24 07:00:00 am","61.3","88.7","61.5","58.0","point"
"2024-01-24 09:00:00 am","62.8","87.9","63.0","59.2","point"
"2024-01-24 11:00:00 am","69.4","79.4","70.0","62.8","point"
"2024-01-24 01:00:00 pm","71.8","75.1","72.9","63.5","point"
"2024-01-24 03:00:00 pm","72.3","74.3","73.2","63.6","point"
"2024-01-24 05:00:00 pm","71.5","74.7","72.3","63.1","point"
"2024-01-24 07:00:00 pm","67.6","84.8","68.2","62.8","point"
"2024-01-24 09:00:00 pm","66.1","89.8","66.7","63.0","point"
"2024-01-24 11:00:00 pm","64.2","91.7","64.6","61.7","point"
"2024-01-25 01:00:00 am","63.3","76.8","62.4","55.9","point"
"2024-01-25 03:00:00 am","64.0","66.4","62.2","52.6","point"
"2024-01-25 05:00:00 am","64.1","77.0","63.5","56.7","point"
"2024-01-25 07:00:00 am","62.6","83.4","62.4","57.5","point"
"2024-01-25 09:00:00 am","63.5","89.5","63.9","60.4","point"
"2024-01-25 11:00:00 am","70.1","78.0","70.7","62.9","point"
"2024-01-25 01:00:00 pm","71.3","79.2","72.5","64.5","point"
"2024-01-25 03:00:00 pm","72.3","75.1","73.6","64.0","point"
"2024-01-25 05:00:00 pm","71.4","79.5","72.5","64.7","point"
"2024-01-25 07:00:00 pm","68.1","87.1","68.9","64.1","point"
"2024-01-25 09:00:00 pm","66.5","94.3","67.6","64.9","point"
"2024-01-25 11:00:00 pm","65.3","95.6","66.4","64.0","point"
"2024-01-26 01:00:00 am","65.1","94.1","66.2","63.4","point"
"2024-01-26 03:00:00 am","64.3","93.6","64.9","62.4","point"
"2024-01-26 05:00:00 am","64.9","93.5","65.8","63.0","point"
"2024-01-26 07:00:00 am","62.9","94.9","63.7","61.4","point"
"2024-01-26 09:00:00 am","64.5","94.4","65.3","62.9","point"
"2024-01-26 11:00:00 am","68.6","83.4","69.4","63.4","point"
"2024-01-26 01:00:00 pm","73.0","66.4","73.4","61.1","point"
"2024-01-26 03:00:00 pm","74.9","58.6","74.7","59.4","point"
"2024-01-26 05:00:00 pm","73.9","63.8","74.1","60.8","point"
"2024-01-26 07:00:00 pm","69.4","83.1","70.3","64.0","point"
"2024-01-26 09:00:00 pm","67.0","88.5","67.8","63.5","point"
"2024-01-26 11:00:00 pm","65.1","86.1","65.1","60.8","point"
"2024-01-27 01:00:00 am","63.5","77.4","63.0","56.4","point"
"2024-01-27 03:00:00 am","63.8","67.3","62.1","52.8","point"
"2024-01-27 05:00:00 am","62.3","81.3","62.1","56.5","point"
"2024-01-27 07:00:00 am","60.9","89.4","61.2","57.7","point"
"2024-01-27 09:00:00 am","62.3","94.3","63.1","60.7","point"
"2024-01-27 11:00:00 am","68.1","77.5","68.2","60.8","point"
"2024-01-27 01:00:00 pm","72.4","61.9","72.5","58.6","point"
"2024-01-27 03:00:00 pm","74.4","54.3","73.6","56.8","point"
"2024-01-27 05:00:00 pm","74.3","54.9","73.6","57.0","point"
"2024-01-27 07:00:00 pm","67.7","68.1","67.1","56.8","point"
"2024-01-27 09:00:00 pm","65.6","71.6","64.4","56.1","point"
"2024-01-27 11:00:00 pm","65.9","67.0","64.4","54.6","point"
"2024-01-28 01:00:00 am","63.1","76.0","62.2","55.4","point"
"2024-01-28 03:00:00 am","62.9","77.8","62.2","55.9","point"
"2024-01-28 05:00:00 am","61.9","85.6","61.9","57.5","point"
"2024-01-28 07:00:00 am","59.6","92.7","60.3","57.5","point"
"2024-01-28 09:00:00 am","63.1","94.2","63.9","61.4","point"
"2024-01-28 11:00:00 am","68.6","75.8","68.9","60.6","point"
"2024-01-28 01:00:00 pm","72.3","63.1","72.5","59.0","point"
"2024-01-28 03:00:00 pm","74.4","55.0","73.6","57.2","point"
"2024-01-28 05:00:00 pm","73.6","58.3","73.4","58.0","point"
"2024-01-28 07:00:00 pm","68.5","78.8","68.9","61.6","point"
"2024-01-28 09:00:00 pm","66.3","82.5","66.2","60.8","point"
"2024-01-28 11:00:00 pm","64.9","88.5","65.1","61.4","point"
"2024-01-29 01:00:00 am","64.3","87.0","64.4","60.3","point"
"2024-01-29 03:00:00 am","62.7","81.3","62.4","56.9","point"
"2024-01-29 05:00:00 am","62.6","83.1","62.6","57.4","point"
"2024-01-29 07:00:00 am","61.9","85.9","61.9","57.7","point"
"2024-01-29 09:00:00 am","63.5","89.4","63.9","60.3","point"
"2024-01-29 11:00:00 am","68.1","84.0","68.7","63.1","point"
"2024-01-29 01:00:00 pm","72.2","68.7","72.7","61.4","point"
"2024-01-29 03:00:00 pm","74.6","59.5","74.3","59.5","point"
"2024-01-29 05:00:00 pm","72.4","76.6","73.6","64.6","point"
"2024-01-29 07:00:00 pm","68.9","81.5","69.4","63.0","point"
"2024-01-29 09:00:00 pm","66.5","85.7","66.7","62.1","point"
"2024-01-29 11:00:00 pm","64.4","83.6","64.4","59.3","point"
"2024-01-30 01:00:00 am","63.0","75.2","62.2","55.0","point"
"2024-01-30 03:00:00 am","65.3","64.5","63.5","53.0","point"
"2024-01-30 05:00:00 am","63.1","75.9","62.2","55.4","point"
"2024-01-30 07:00:00 am","61.6","79.2","61.2","55.1","point"
"2024-01-30 09:00:00 am","62.9","86.0","62.8","58.6","point"
"2024-01-30 11:00:00 am","69.3","77.0","69.8","61.8","point"
"2024-01-30 01:00:00 pm","72.1","65.5","72.3","59.9","point"
"2024-01-30 03:00:00 pm","74.1","65.4","74.3","61.7","point"
"2024-01-30 05:00:00 pm","72.3","62.7","72.3","58.8","point"
"2024-01-30 07:00:00 pm","68.6","70.8","68.4","58.8","point"
"2024-01-30 09:00:00 pm","67.5","89.0","68.4","64.1","point"
"2024-01-30 11:00:00 pm","65.9","85.3","66.2","61.4","point"
"2024-01-31 01:00:00 am","64.9","80.8","64.8","58.9","point"
"2024-01-31 03:00:00 am","64.6","83.1","64.4","59.3","point"
"2024-01-31 05:00:00 am","63.9","84.0","63.9","59.0","point"
"2024-01-31 07:00:00 am","63.6","86.2","63.5","59.4","point"
"2024-01-31 09:00:00 am","65.6","85.4","65.7","61.1","point"
"2024-01-31 11:00:00 am","68.6","76.1","68.9","60.8","point"
"2024-01-31 01:00:00 pm","72.7","62.9","72.9","59.3","point"
"2024-01-31 03:00:00 pm","73.1","56.3","72.7","56.6","point"
"2024-01-31 05:00:00 pm","72.3","67.1","72.7","60.8","point"
"2024-01-31 07:00:00 pm","68.1","75.0","68.2","59.9","point"
"2024-01-31 09:00:00 pm","65.6","79.3","65.1","59.0","point"
"2024-01-31 11:00:00 pm","65.4","89.2","65.8","62.2","point"
"2024-02-01 01:00:00 am","64.9","92.8","65.5","62.7","point"
"2024-02-01 03:00:00 am","65.4","90.9","66.0","62.7","point"
"2024-02-01 05:00:00 am","64.5","90.2","64.9","61.5","point"
"2024-02-01 07:00:00 am","63.2","85.6","63.1","58.9","point"
"2024-02-01 09:00:00 am","63.2","78.6","62.6","56.5","point"
"2024-02-01 11:00:00 am","68.9","71.7","68.9","59.4","point"
"2024-02-01 01:00:00 pm","72.2","69.8","72.9","61.8","point"
"2024-02-01 03:00:00 pm","72.7","70.6","73.6","62.6","point"
"2024-02-01 05:00:00 pm","72.3","72.5","73.0","63.0","point"
"2024-02-01 07:00:00 pm","68.4","83.4","69.1","63.2","point"
"2024-02-01 09:00:00 pm","67.0","90.5","68.0","64.1","point"
"2024-02-01 11:00:00 pm","66.8","90.4","67.6","63.9","point"
"2024-02-02 01:00:00 am","66.0","92.1","66.7","63.6","point"
"2024-02-02 03:00:00 am","65.7","90.6","66.4","62.9","point"
"2024-02-02 05:00:00 am","64.0","92.2","64.6","61.7","point"
"2024-02-02 07:00:00 am","62.5","88.2","62.6","59.0","point"
"2024-02-02 09:00:00 am","64.5","89.9","64.8","61.4","point"
"2024-02-02 11:00:00 am","70.8","77.7","71.8","63.5","point"
"2024-02-02 01:00:00 pm","73.3","71.2","74.1","63.5","point"
"2024-02-02 03:00:00 pm","74.2","64.1","74.5","61.3","point"
"2024-02-02 05:00:00 pm","73.1","69.8","73.8","62.7","point"
"2024-02-02 07:00:00 pm","69.1","82.2","69.8","63.5","point"
"2024-02-02 09:00:00 pm","67.6","93.8","68.7","65.8","point"
"2024-02-02 11:00:00 pm","66.0","93.3","66.7","64.0","point"
"2024-02-03 01:00:00 am","65.5","89.6","66.0","62.4","point"
"2024-02-03 03:00:00 am","64.0","77.9","63.3","57.0","point"
"2024-02-03 05:00:00 am","65.0","80.6","64.6","58.9","point"
"2024-02-03 07:00:00 am","65.4","81.7","65.1","59.6","point"
"2024-02-03 09:00:00 am","68.0","81.3","68.4","62.0","point"
"2024-02-03 11:00:00 am","72.5","75.6","73.8","64.4","point"
"2024-02-03 01:00:00 pm","74.8","71.6","75.7","65.0","point"
"2024-02-03 03:00:00 pm","74.2","79.4","75.9","67.4","point"
"2024-02-03 05:00:00 pm","74.0","79.2","75.7","67.1","point"
"2024-02-03 07:00:00 pm","71.0","86.8","72.5","66.8","point"
"2024-02-03 09:00:00 pm","68.6","91.7","69.8","66.1","point"
"2024-02-03 11:00:00 pm","68.0","91.7","69.3","65.5","point"
"2024-02-04 01:00:00 am","67.6","93.1","68.7","65.5","point"
"2024-02-04 03:00:00 am","67.4","90.8","68.4","64.6","point"
"2024-02-04 05:00:00 am","67.0","91.6","68.0","64.5","point"
"2024-02-04 07:00:00 am","66.7","89.6","67.3","63.6","point"
"2024-02-04 09:00:00 am","66.9","91.7","68.0","64.4","point"
"2024-02-04 11:00:00 am","71.7","81.7","73.0","65.8","point"
"2024-02-04 01:00:00 pm","74.3","70.2","75.0","64.0","point"
"2024-02-04 03:00:00 pm","75.7","67.6","76.3","64.2","point"
"2024-02-04 05:00:00 pm","75.4","76.5","77.2","67.5","point"
"2024-02-04 07:00:00 pm","72.0","88.8","73.9","68.5","point"
"2024-02-04 09:00:00 pm","69.4","94.7","70.9","67.8","point"
"2024-02-04 11:00:00 pm","67.7","97.0","69.1","66.9","point"
"2024-02-05 01:00:00 am","66.5","94.7","67.6","64.9","point"
"2024-02-05 03:00:00 am","64.5","91.4","64.9","61.9","point"
"2024-02-05 05:00:00 am","62.3","89.3","62.6","59.1","point"
"2024-02-05 07:00:00 am","62.6","84.9","62.4","57.9","point"
"2024-02-05 09:00:00 am","64.2","88.0","64.2","60.6","point"
"2024-02-05 11:00:00 am","71.6","72.1","72.5","62.2","point"
"2024-02-05 01:00:00 pm","76.0","55.9","75.4","59.1","point"
"2024-02-05 03:00:00 pm","80.1","42.3","78.6","55.1","point"
"2024-02-05 05:00:00 pm","77.5","51.4","76.5","58.1","point"
"2024-02-05 07:00:00 pm","71.8","76.9","72.9","64.2","point"
"2024-02-05 09:00:00 pm","70.9","90.7","72.7","68.0","point"
"2024-02-05 11:00:00 pm","69.5","94.4","71.1","67.8","point"
"2024-02-06 01:00:00 am","67.2","94.0","68.4","65.4","point"
"2024-02-06 03:00:00 am","65.6","93.5","66.4","63.6","point"
"2024-02-06 05:00:00 am","63.9","84.8","63.9","59.2","point"
"2024-02-06 07:00:00 am","62.5","87.2","62.6","58.7","point"
"2024-02-06 09:00:00 am","65.6","83.1","65.5","60.3","point"
"2024-02-06 11:00:00 am","72.3","69.5","73.0","61.8","point"
"2024-02-06 01:00:00 pm","78.8","44.8","77.4","55.5","point"
"2024-02-06 03:00:00 pm","80.9","40.3","79.2","54.5","point"
"2024-02-06 05:00:00 pm","78.6","48.7","77.7","57.7","point"
"2024-02-06 07:00:00 pm","72.6","59.6","72.3","57.8","point"
"2024-02-06 09:00:00 pm","71.8","84.6","73.4","66.9","point"
"2024-02-06 11:00:00 pm","68.0","85.6","68.7","63.5","point"
"2024-02-07 01:00:00 am","66.1","79.4","65.8","59.5","point"
"2024-02-07 03:00:00 am","65.4","72.4","64.2","56.3","point"
"2024-02-07 05:00:00 am","66.8","67.9","65.8","55.9","point"
"2024-02-07 07:00:00 am","65.5","79.1","65.1","58.8","point"
"2024-02-07 09:00:00 am","67.6","72.1","67.1","58.3","point"
"2024-02-07 11:00:00 am","74.5","50.2","73.6","54.8","point"
"2024-02-07 01:00:00 pm","79.4","40.5","77.5","53.3","point"
"2024-02-07 03:00:00 pm","81.1","35.4","78.6","51.2","point"
"2024-02-07 05:00:00 pm","79.0","57.3","79.7","62.7","point"
"2024-02-07 07:00:00 pm","73.5","71.9","74.3","63.9","point"
"2024-02-07 09:00:00 pm","71.0","90.2","72.7","68.0","point"
"2024-02-07 11:00:00 pm","68.7","77.0","68.9","61.2","point"
"2024-02-08 01:00:00 am","67.0","80.4","67.1","60.7","point"
"2024-02-08 03:00:00 am","65.1","82.2","64.9","59.6","point"
"2024-02-08 05:00:00 am","63.0","76.5","62.2","55.5","point"
"2024-02-08 07:00:00 am","62.0","77.2","61.3","54.8","point"
"2024-02-08 09:00:00 am","66.3","73.3","65.7","57.5","point"
"2024-02-08 11:00:00 am","74.1","55.4","73.4","57.1","point"
"2024-02-08 01:00:00 pm","78.5","51.5","77.9","59.1","point"
"2024-02-08 03:00:00 pm","78.4","61.0","79.2","63.9","point"
"2024-02-08 05:00:00 pm","76.1","68.3","76.6","64.9","point"
"2024-02-08 07:00:00 pm","72.3","77.9","73.6","65.0","point"
"2024-02-08 09:00:00 pm","69.9","87.8","71.1","66.1","point"
"2024-02-08 11:00:00 pm","67.5","86.3","68.2","63.3","point"
"2024-02-09 01:00:00 am","67.9","75.8","68.0","60.0","point"
"2024-02-09 03:00:00 am","66.2","79.0","66.0","59.5","point"
"2024-02-09 05:00:00 am","65.3","81.9","65.1","59.6","point"
"2024-02-09 07:00:00 am","66.2","75.2","65.8","58.2","point"
"2024-02-09 09:00:00 am","66.6","82.4","66.7","61.1","point"
"2024-02-09 11:00:00 am","71.7","70.1","72.3","61.4","point"
"2024-02-09 01:00:00 pm","79.1","47.9","78.1","57.7","point"
"2024-02-09 03:00:00 pm","79.2","58.2","80.1","63.3","point"
"2024-02-09 05:00:00 pm","76.6","73.1","78.1","67.4","point"
"2024-02-09 07:00:00 pm","73.2","81.6","74.7","67.2","point"
"2024-02-09 09:00:00 pm","71.1","92.2","72.9","68.7","point"
"2024-02-09 11:00:00 pm","70.1","94.5","71.8","68.5","point"
"2024-02-10 01:00:00 am","67.2","93.0","68.2","65.1","point"
"2024-02-10 03:00:00 am","64.5","88.9","64.8","61.1","point"
"2024-02-10 05:00:00 am","63.9","88.3","64.2","60.4","point"
"2024-02-10 07:00:00 am","63.0","89.0","63.3","59.6","point"
"2024-02-10 09:00:00 am","64.2","90.8","64.6","61.4","point"
"2024-02-10 11:00:00 am","71.4","76.9","72.3","63.8","point"
"2024-02-10 01:00:00 pm","76.9","58.8","76.6","61.4","point"
"2024-02-10 03:00:00 pm","79.3","42.7","77.5","54.7","point"
"2024-02-10 05:00:00 pm","77.2","68.1","78.4","65.9","point"
"2024-02-10 07:00:00 pm","73.1","85.0","75.0","68.3","point"
"2024-02-10 09:00:00 pm","70.6","92.6","72.1","68.3","point"
"2024-02-10 11:00:00 pm","68.6","94.4","70.2","67.0","point"
"2024-02-11 01:00:00 am","67.0","96.2","68.4","65.9","point"
"2024-02-11 03:00:00 am","65.9","95.7","67.1","64.6","point"
"2024-02-11 05:00:00 am","64.3","92.2","64.9","62.0","point"
"2024-02-11 07:00:00 am","63.1","93.2","63.7","61.1","point"
"2024-02-11 09:00:00 am","64.4","95.0","65.3","63.0","point"
"2024-02-11 11:00:00 am","70.6","80.2","71.6","64.2","point"
"2024-02-11 01:00:00 pm","75.5","58.0","75.0","59.8","point"
"2024-02-11 03:00:00 pm","78.2","43.7","76.5","54.2","point"
"2024-02-11 05:00:00 pm","76.8","49.2","75.4","56.3","point"
"2024-02-11 07:00:00 pm","71.1","63.8","71.4","58.2","point"
"2024-02-11 09:00:00 pm","68.4","77.2","68.7","60.9","point"
"2024-02-11 11:00:00 pm","66.2","82.5","66.2","60.7","point"
"2024-02-12 01:00:00 am","65.0","79.6","64.6","58.6","point"
"2024-02-12 03:00:00 am","63.8","81.3","63.5","57.9","point"
"2024-02-12 05:00:00 am","63.6","81.8","63.3","58.0","point"
"2024-02-12 07:00:00 am","62.6","87.0","62.8","58.7","point"
"2024-02-12 09:00:00 am","65.6","76.8","64.8","58.1","point"
"2024-02-12 11:00:00 am","70.6","53.4","70.0","52.9","point"
"2024-02-12 01:00:00 pm","76.3","40.2","74.1","50.3","point"
"2024-02-12 03:00:00 pm","79.4","31.8","76.3","46.9","point"
"2024-02-12 05:00:00 pm","77.4","40.1","75.2","51.3","point"
"2024-02-12 07:00:00 pm","72.0","58.0","71.8","56.4","point"
"2024-02-12 09:00:00 pm","69.4","82.0","70.2","63.7","point"
"2024-02-12 11:00:00 pm","66.6","86.3","66.9","62.3","point"
"2024-02-13 01:00:00 am","64.4","81.2","64.2","58.5","point"
"2024-02-13 03:00:00 am","63.2","79.5","62.8","56.8","point"
"2024-02-13 05:00:00 am","60.7","81.5","60.4","55.0","point"
"2024-02-13 07:00:00 am","59.8","85.8","59.7","55.6","point"
"2024-02-13 09:00:00 am","65.2","82.2","64.9","59.6","point"
"2024-02-13 11:00:00 am","70.4","69.9","70.9","60.1","point"
"2024-02-13 01:00:00 pm","76.1","41.5","73.8","51.0","point"
"2024-02-13 03:00:00 pm","79.5","33.5","76.8","48.3","point"
"2024-02-13 05:00:00 pm","76.6","57.3","76.1","60.4","point"
"2024-02-13 07:00:00 pm","72.0","62.1","72.1","58.3","point"
"2024-02-13 09:00:00 pm","68.8","84.6","69.6","63.9","point"
"2024-02-13 11:00:00 pm","66.0","84.3","66.0","61.1","point"
"2024-02-14 01:00:00 am","65.7","86.7","66.0","61.6","point"
"2024-02-14 03:00:00 am","65.1","85.7","65.3","60.7","point"
"2024-02-14 05:00:00 am","65.3","83.0","65.3","60.0","point"
"2024-02-14 07:00:00 am","64.3","85.4","64.2","59.8","point"
"2024-02-14 09:00:00 am","66.9","86.9","67.5","62.9","point"
"2024-02-14 11:00:00 am","73.3","68.6","73.8","62.3","point"
"2024-02-14 01:00:00 pm","78.0","51.4","77.2","58.6","point"
"2024-02-14 03:00:00 pm","79.7","36.8","77.4","51.0","point"
"2024-02-14 05:00:00 pm","79.0","35.0","76.5","49.0","point"
"2024-02-14 07:00:00 pm","73.9","76.6","75.2","66.1","point"
"2024-02-14 09:00:00 pm","70.9","88.4","72.5","67.3","point"
"2024-02-14 11:00:00 pm","68.7","91.0","70.0","66.0","point"
"2024-02-15 01:00:00 am","67.2","92.7","68.2","65.0","point"
"2024-02-15 03:00:00 am","65.9","90.8","66.6","63.1","point"
"2024-02-15 05:00:00 am","64.2","91.6","64.6","61.7","point"
"2024-02-15 07:00:00 am","64.8","88.1","64.9","61.2","point"
"2024-02-15 09:00:00 am","66.8","84.9","67.3","62.2","point"
"2024-02-15 11:00:00 am","72.7","74.6","73.8","64.1","point"
"2024-02-15 01:00:00 pm","77.1","53.7","76.5","59.0","point"
"2024-02-15 03:00:00 pm","77.9","44.5","76.1","54.5","point"
"2024-02-15 05:00:00 pm","76.1","51.0","75.0","56.7","point"
"2024-02-15 07:00:00 pm","71.3","72.0","72.0","61.8","point"
"2024-02-15 09:00:00 pm","68.7","79.1","69.3","62.0","point"
"2024-02-15 11:00:00 pm","67.0","87.7","67.6","63.2","point"
"2024-02-16 01:00:00 am","64.8","87.7","64.9","61.0","point"
"2024-02-16 03:00:00 am","64.8","73.8","63.9","56.3","point"
"2024-02-16 05:00:00 am","63.9","82.7","63.9","58.5","point"
"2024-02-16 07:00:00 am","63.3","83.6","63.3","58.3","point"
"2024-02-16 09:00:00 am","64.2","83.1","64.0","59.0","point"
"2024-02-16 11:00:00 am","70.4","63.6","70.5","57.4","point"
"2024-02-16 01:00:00 pm","77.3","44.8","75.4","54.2","point"
"2024-02-16 03:00:00 pm","80.1","35.2","77.5","50.1","point"
"2024-02-16 05:00:00 pm","77.6","45.6","76.1","55.0","point"
"2024-02-16 07:00:00 pm","72.5","62.0","72.7","58.7","point"
"2024-02-16 09:00:00 pm","70.1","85.1","71.2","65.4","point"
"2024-02-16 11:00:00 pm","67.5","91.6","68.5","65.0","point"
"2024-02-17 01:00:00 am","65.9","91.0","66.6","63.2","point"
"2024-02-17 03:00:00 am","64.4","88.4","64.8","60.9","point"
"2024-02-17 05:00:00 am","64.5","86.0","64.4","60.2","point"
"2024-02-17 07:00:00 am","64.4","89.4","64.6","61.2","point"
"2024-02-17 09:00:00 am","65.6","88.4","66.0","62.0","point"
"2024-02-17 11:00:00 am","72.3","71.5","73.0","62.6","point"
"2024-02-17 01:00:00 pm","77.8","53.5","77.4","59.6","point"
"2024-02-17 03:00:00 pm","78.7","55.0","78.6","61.2","point"
"2024-02-17 05:00:00 pm","77.2","66.2","77.9","65.0","point"
"2024-02-17 07:00:00 pm","73.1","73.8","74.1","64.2","point"
"2024-02-17 09:00:00 pm","70.4","88.4","71.8","66.8","point"
"2024-02-17 11:00:00 pm","68.3","93.0","69.4","66.2","point"
"2024-02-18 01:00:00 am","67.4","94.2","68.7","65.7","point"
"2024-02-18 03:00:00 am","65.4","93.4","66.2","63.5","point"
"2024-02-18 05:00:00 am","64.5","95.0","65.3","63.1","point"
"2024-02-18 07:00:00 am","64.7","91.8","65.1","62.3","point"
"2024-02-18 09:00:00 am","66.8","90.4","67.6","63.9","point"
"2024-02-18 11:00:00 am","73.4","74.0","74.3","64.6","point"
"2024-02-18 01:00:00 pm","74.8","75.2","76.1","66.5","point"
"2024-02-18 03:00:00 pm","76.7","71.4","77.9","66.7","point"
"2024-02-18 05:00:00 pm","75.8","73.3","77.0","66.7","point"
"2024-02-18 07:00:00 pm","72.7","80.5","74.3","66.3","point"
"2024-02-18 09:00:00 pm","71.2","91.8","72.9","68.7","point"
"2024-02-18 11:00:00 pm","69.8","97.1","71.6","69.0","point"
"2024-02-19 01:00:00 am","68.9","97.4","70.5","68.1","point"
"2024-02-19 03:00:00 am","67.5","96.7","68.9","66.5","point"
"2024-02-19 05:00:00 am","66.0","89.9","66.4","63.0","point"
"2024-02-19 07:00:00 am","66.0","95.7","66.9","64.7","point"
"2024-02-19 09:00:00 am","66.2","90.6","67.1","63.4","point"
"2024-02-19 11:00:00 am","71.8","80.9","73.2","65.7","point"
"2024-02-19 01:00:00 pm","76.2","69.9","77.0","65.7","point"
"2024-02-19 03:00:00 pm","77.3","68.9","78.4","66.3","point"
"2024-02-19 05:00:00 pm","76.4","69.0","77.2","65.5","point"
"2024-02-19 07:00:00 pm","72.8","76.7","73.9","65.1","point"
"2024-02-19 09:00:00 pm","71.0","92.2","72.7","68.6","point"
"2024-02-19 11:00:00 pm","69.2","94.8","70.7","67.7","point"
"2024-02-20 01:00:00 am","68.5","88.9","69.4","65.1","point"
"2024-02-20 03:00:00 am","66.7","93.6","67.6","64.8","point"
"2024-02-20 05:00:00 am","65.9","96.2","67.1","64.8","point"
"2024-02-20 07:00:00 am","64.6","97.7","65.8","64.0","point"
"2024-02-20 09:00:00 am","67.4","96.6","68.7","66.4","point"
"2024-02-20 11:00:00 am","72.5","85.7","74.1","67.9","point"
"2024-02-20 01:00:00 pm","77.0","67.3","77.7","65.3","point"
"2024-02-20 03:00:00 pm","77.0","77.2","79.3","69.3","point"
"2024-02-20 05:00:00 pm","75.8","77.5","77.5","68.3","point"
"2024-02-20 07:00:00 pm","72.7","86.0","74.7","68.3","point"
"2024-02-20 09:00:00 pm","71.4","93.7","73.2","69.5","point"
"2024-02-20 11:00:00 pm","70.4","94.0","72.1","68.6","point"
"2024-02-21 01:00:00 am","68.4","96.6","70.0","67.4","point"
"2024-02-21 03:00:00 am","68.1","97.2","69.6","67.3","point"
"2024-02-21 05:00:00 am","67.6","96.7","68.9","66.7","point"
"2024-02-21 07:00:00 am","66.4","97.9","68.0","65.8","point"
"2024-02-21 09:00:00 am","67.7","98.2","69.3","67.2","point"
"2024-02-21 11:00:00 am","71.7","83.5","73.2","66.4","point"
"2024-02-21 01:00:00 pm","76.3","74.7","77.7","67.7","point"
"2024-02-21 03:00:00 pm","76.8","81.3","79.3","70.6","point"
"2024-02-21 05:00:00 pm","75.8","78.5","77.7","68.7","point"
"2024-02-21 07:00:00 pm","72.6","83.6","74.3","67.4","point"
"2024-02-21 09:00:00 pm","69.1","89.6","70.2","65.9","point"
"2024-02-21 11:00:00 pm","67.0","93.5","68.0","65.1","point"
"2024-02-22 01:00:00 am","65.3","95.8","66.6","64.1","point"
"2024-02-22 03:00:00 am","64.2","96.1","65.3","63.1","point"
"2024-02-22 05:00:00 am","64.2","96.9","65.1","63.2","point"
"2024-02-22 07:00:00 am","64.6","98.0","65.8","64.1","point"
"2024-02-22 09:00:00 am","64.9","98.1","66.0","64.3","point"
"2024-02-22 11:00:00 am","68.2","75.1","68.4","60.0","point"
"2024-02-22 01:00:00 pm","74.9","66.7","75.4","63.1","point"
"2024-02-22 03:00:00 pm","75.6","68.0","76.3","64.3","point"
"2024-02-22 05:00:00 pm","74.5","66.0","75.0","62.4","point"
"2024-02-22 07:00:00 pm","71.8","74.6","72.7","63.3","point"
"2024-02-22 09:00:00 pm","68.5","89.7","69.4","65.3","point"
"2024-02-22 11:00:00 pm","66.4","91.8","67.3","64.0","point"
"2024-02-23 01:00:00 am","64.7","85.0","64.6","60.1","point"
"2024-02-23 03:00:00 am","64.1","82.9","64.0","58.8","point"
"2024-02-23 05:00:00 am","63.3","63.7","61.2","50.8","point"
"2024-02-23 07:00:00 am","64.4","55.4","61.5","48.1","point"
"2024-02-23 09:00:00 am","66.0","60.6","64.0","51.9","point"
"2024-02-23 11:00:00 am","71.6","57.8","71.4","55.9","point"
"2024-02-23 01:00:00 pm","74.9","57.3","74.5","58.8","point"
"2024-02-23 03:00:00 pm","76.1","47.2","74.7","54.5","point"
"2024-02-23 05:00:00 pm","75.4","57.5","75.0","59.3","point"
"2024-02-23 07:00:00 pm","70.7","66.8","71.2","59.2","point"
"2024-02-23 09:00:00 pm","68.4","88.0","69.4","64.7","point"
"2024-02-23 11:00:00 pm","66.1","91.7","66.9","63.6","point"
"2024-02-24 01:00:00 am","65.5","92.2","66.4","63.2","point"
"2024-02-24 03:00:00 am","65.4","78.8","64.8","58.7","point"
"2024-02-24 05:00:00 am","64.1","64.6","62.2","51.9","point"
"2024-02-24 07:00:00 am","64.2","63.8","62.1","51.7","point"
"2024-02-24 09:00:00 am","65.5","71.1","64.4","55.9","point"
"2024-02-24 11:00:00 am","72.6","63.3","72.9","59.4","point"
"2024-02-24 01:00:00 pm","73.9","51.8","72.9","55.1","point"
"2024-02-24 03:00:00 pm","74.7","57.1","74.3","58.5","point"
"2024-02-24 05:00:00 pm","74.3","61.0","74.3","60.0","point"
"2024-02-24 07:00:00 pm","70.9","82.0","72.1","65.1","point"
"2024-02-24 09:00:00 pm","68.1","90.7","69.3","65.3","point"
"2024-02-24 11:00:00 pm","66.4","94.2","67.6","64.7","point"
"2024-02-25 01:00:00 am","65.4","87.0","65.7","61.4","point"
"2024-02-25 03:00:00 am","64.7","69.9","63.3","54.6","point"
"2024-02-25 05:00:00 am","65.1","75.9","64.2","57.3","point"
"2024-02-25 07:00:00 am","65.7","84.2","65.8","60.7","point"
"2024-02-25 09:00:00 am","67.4","81.2","67.6","61.4","point"
"2024-02-25 11:00:00 am","72.0","84.1","73.6","66.9","point"
"2024-02-25 01:00:00 pm","76.5","73.1","77.9","67.2","point"
"2024-02-25 03:00:00 pm","76.6","79.1","78.6","69.6","point"
"2024-02-25 05:00:00 pm","76.0","81.2","78.3","69.8","point"
"2024-02-25 07:00:00 pm","72.3","85.1","73.9","67.5","point"
"2024-02-25 09:00:00 pm","68.6","89.2","69.6","65.3","point"
"2024-02-25 11:00:00 pm","67.0","93.6","68.0","65.0","point"
"2024-02-26 01:00:00 am","67.2","93.0","68.2","65.1","point"
"2024-02-26 03:00:00 am","67.3","92.7","68.5","65.1","point"
"2024-02-26 05:00:00 am","66.1","91.8","66.9","63.6","point"
"2024-02-26 07:00:00 am","66.1","88.5","66.7","62.6","point"
"2024-02-26 09:00:00 am","66.9","89.0","67.5","63.5","point"
"2024-02-26 11:00:00 am","72.3","69.9","73.0","62.0","point"
"2024-02-26 01:00:00 pm","76.2","62.8","76.3","62.6","point"
"2024-02-26 03:00:00 pm","79.8","46.7","79.0","57.7","point"
"2024-02-26 05:00:00 pm","78.8","49.9","77.9","58.5","point"
"2024-02-26 07:00:00 pm","73.1","71.3","73.9","63.3","point"
"2024-02-26 09:00:00 pm","70.9","89.6","72.5","67.7","point"
"2024-02-26 11:00:00 pm","68.0","91.8","69.3","65.6","point"
"2024-02-27 01:00:00 am","66.4","89.1","67.1","63.1","point"
"2024-02-27 03:00:00 am","64.5","88.4","64.8","61.0","point"
"2024-02-27 05:00:00 am","63.2","92.1","63.9","60.9","point"
"2024-02-27 07:00:00 am","64.5","92.1","65.1","62.1","point"
"2024-02-27 09:00:00 am","66.4","93.3","67.5","64.4","point"
"2024-02-27 11:00:00 am","73.7","72.8","74.7","64.4","point"
"2024-02-27 01:00:00 pm","78.8","52.3","78.4","59.8","point"
"2024-02-27 03:00:00 pm","80.8","46.9","80.4","58.6","point"
"2024-02-27 05:00:00 pm","79.2","66.3","81.5","67.0","point"
"2024-02-27 07:00:00 pm","75.1","77.7","76.6","67.6","point"
"2024-02-27 09:00:00 pm","71.2","87.6","72.7","67.4","point"
"2024-02-27 11:00:00 pm","69.4","92.4","70.7","67.1","point"
"2024-02-28 01:00:00 am","68.2","92.1","69.4","65.8","point"
"2024-02-28 03:00:00 am","67.1","90.5","68.2","64.2","point"
"2024-02-28 05:00:00 am","65.4","90.2","66.0","62.5","point"
"2024-02-28 07:00:00 am","64.7","90.3","65.1","61.8","point"
"2024-02-28 09:00:00 am","68.8","85.0","69.6","64.1","point"
"2024-02-28 11:00:00 am","74.0","77.3","75.4","66.4","point"
"2024-02-28 01:00:00 pm","78.3","58.2","78.6","62.4","point"
"2024-02-28 03:00:00 pm","80.0","64.7","82.4","67.0","point"
"2024-02-28 05:00:00 pm","78.8","64.9","80.8","66.0","point"
"2024-02-28 07:00:00 pm","74.4","82.8","76.5","68.9","point"
"2024-02-28 09:00:00 pm","71.4","92.1","73.2","69.0","point"
"2024-02-28 11:00:00 pm","69.5","95.3","71.1","68.1","point"
"2024-02-29 01:00:00 am","67.2","82.0","67.5","61.5","point"
"2024-02-29 03:00:00 am","67.4","71.8","66.9","58.0","point"
"2024-02-29 05:00:00 am","64.1","82.8","64.0","58.7","point"
"2024-02-29 07:00:00 am","63.1","84.8","63.0","58.4","point"
"2024-02-29 09:00:00 am","66.2","86.3","66.6","62.0","point"
"2024-02-29 11:00:00 am","74.9","58.1","74.5","59.2","point"
"2024-02-29 01:00:00 pm","79.4","35.0","76.8","49.4","point"
"2024-02-29 03:00:00 pm","80.9","30.6","77.5","47.0","point"
"2024-02-29 05:00:00 pm","79.2","55.9","79.7","62.0","point"
"2024-02-29 07:00:00 pm","74.2","86.5","76.6","69.9","point"
"2024-02-29 09:00:00 pm","71.8","91.8","73.9","69.3","point"
"2024-02-29 11:00:00 pm","70.4","92.9","72.0","68.2","point"
"2024-03-01 01:00:00 am","68.5","94.7","69.8","66.9","point"
"2024-03-01 03:00:00 am","65.4","92.8","66.2","63.2","point"
"2024-03-01 05:00:00 am","64.1","89.9","64.4","61.1","point"
"2024-03-01 07:00:00 am","62.9","89.2","63.1","59.6","point"
"2024-03-01 09:00:00 am","65.9","88.5","66.4","62.4","point"
"2024-03-01 11:00:00 am","74.0","58.0","73.6","58.2","point"
"2024-03-01 01:00:00 pm","77.0","45.1","75.4","54.1","point"
"2024-03-01 03:00:00 pm","80.8","36.3","78.6","51.6","point"
"2024-03-01 05:00:00 pm","79.2","46.9","78.3","57.2","point"
"2024-03-01 07:00:00 pm","74.0","77.3","75.4","66.4","point"
"2024-03-01 09:00:00 pm","72.5","90.1","74.7","69.4","point"
"2024-03-01 11:00:00 pm","70.8","93.0","72.5","68.6","point"
"2024-03-02 01:00:00 am","68.6","95.0","70.2","67.1","point"
"2024-03-02 03:00:00 am","65.4","93.3","66.2","63.4","point"
"2024-03-02 05:00:00 am","64.0","90.9","64.4","61.3","point"
"2024-03-02 07:00:00 am","63.1","88.3","63.3","59.5","point"
"2024-03-02 09:00:00 am","65.6","86.9","65.8","61.6","point"
"2024-03-02 11:00:00 am","72.2","69.3","72.9","61.6","point"
"2024-03-02 01:00:00 pm","77.9","47.2","76.8","56.2","point"
"2024-03-02 03:00:00 pm","77.1","57.6","76.8","61.0","point"
"2024-03-02 05:00:00 pm","75.8","63.2","76.1","62.3","point"
"2024-03-02 07:00:00 pm","73.4","83.0","75.4","67.9","point"
"2024-03-02 09:00:00 pm","71.6","90.9","73.6","68.8","point"
"2024-03-02 11:00:00 pm","70.0","92.2","71.6","67.6","point"
"2024-03-03 01:00:00 am","69.6","94.5","71.1","67.9","point"
"2024-03-03 03:00:00 am","67.4","94.4","68.7","65.8","point"
"2024-03-03 05:00:00 am","66.6","95.8","68.0","65.4","point"
"2024-03-03 07:00:00 am","66.0","94.9","66.9","64.5","point"
"2024-03-03 09:00:00 am","67.8","93.5","69.1","65.9","point"
"2024-03-03 11:00:00 am","73.2","81.1","74.7","67.0","point"
"2024-03-03 01:00:00 pm","76.6","76.6","78.6","68.7","point"
"2024-03-03 03:00:00 pm","77.0","76.9","79.3","69.2","point"
"2024-03-03 05:00:00 pm","76.6","75.5","78.4","68.3","point"
"2024-03-03 07:00:00 pm","73.5","82.7","75.4","67.9","point"
"2024-03-03 09:00:00 pm","70.4","88.9","71.8","67.0","point"
"2024-03-03 11:00:00 pm","68.2","93.2","69.4","66.1","point"
"2024-03-04 01:00:00 am","66.8","94.9","68.0","65.3","point"
"2024-03-04 03:00:00 am","66.0","94.9","66.9","64.5","point"
"2024-03-04 05:00:00 am","66.8","95.7","68.2","65.6","point"
"2024-03-04 07:00:00 am","65.8","89.7","66.2","62.7","point"
"2024-03-04 09:00:00 am","67.6","81.8","67.8","61.9","point"
"2024-03-04 11:00:00 am","73.1","78.1","74.5","65.8","point"
"2024-03-04 01:00:00 pm","75.8","76.4","77.4","67.9","point"
"2024-03-04 03:00:00 pm","76.9","76.8","79.0","69.0","point"
"2024-03-04 05:00:00 pm","76.3","77.3","78.1","68.7","point"
"2024-03-04 07:00:00 pm","73.0","86.1","74.8","68.6","point"
"2024-03-04 09:00:00 pm","69.7","92.3","71.2","67.4","point"
"2024-03-04 11:00:00 pm","67.7","94.9","69.1","66.2","point"
"2024-03-05 01:00:00 am","68.1","95.5","69.4","66.7","point"
"2024-03-05 03:00:00 am","66.1","95.7","67.3","64.9","point"
"2024-03-05 05:00:00 am","64.9","93.2","65.5","62.9","point"
"2024-03-05 07:00:00 am","66.7","90.7","67.5","63.9","point"
"2024-03-05 09:00:00 am","69.2","92.8","70.5","67.0","point"
"2024-03-05 11:00:00 am","74.4","80.8","76.3","68.1","point"
"2024-03-05 01:00:00 pm","77.0","80.3","79.9","70.4","point"
"2024-03-05 03:00:00 pm","77.8","79.5","81.3","70.9","point"
"2024-03-05 05:00:00 pm","76.7","76.3","78.4","68.7","point"
"2024-03-05 07:00:00 pm","73.3","85.2","75.2","68.5","point"
"2024-03-05 09:00:00 pm","70.8","91.4","72.5","68.1","point"
"2024-03-05 11:00:00 pm","68.2","93.8","69.6","66.3","point"
"2024-03-06 01:00:00 am","67.3","95.4","68.7","66.0","point"
"2024-03-06 03:00:00 am","66.8","96.4","68.2","65.7","point"
"2024-03-06 05:00:00 am","64.2","87.6","64.4","60.5","point"
"2024-03-06 07:00:00 am","65.5","76.6","64.8","58.0","point"
"2024-03-06 09:00:00 am","68.0","77.7","68.2","60.8","point"
"2024-03-06 11:00:00 am","73.9","75.2","75.2","65.6","point"
"2024-03-06 01:00:00 pm","76.8","67.3","77.7","65.2","point"
"2024-03-06 03:00:00 pm","77.2","71.1","79.0","67.1","point"
"2024-03-06 05:00:00 pm","76.6","71.1","77.9","66.6","point"
"2024-03-06 07:00:00 pm","73.9","78.4","75.4","66.8","point"
"2024-03-06 09:00:00 pm","70.4","86.4","71.8","66.2","point"
"2024-03-06 11:00:00 pm","68.3","80.7","68.7","62.2","point"
"2024-03-07 01:00:00 am","66.6","87.7","67.1","62.9","point"
"2024-03-07 03:00:00 am","66.0","88.3","66.4","62.4","point"
"2024-03-07 05:00:00 am","65.1","79.3","64.8","58.6","point"
"2024-03-07 07:00:00 am","65.4","86.1","65.5","61.1","point"
"2024-03-07 09:00:00 am","69.2","80.6","69.8","63.0","point"
"2024-03-07 11:00:00 am","73.5","75.7","74.7","65.4","point"
"2024-03-07 01:00:00 pm","76.7","68.5","77.5","65.6","point"
"2024-03-07 03:00:00 pm","78.2","66.7","79.7","66.2","point"
"2024-03-07 05:00:00 pm","77.4","68.0","78.8","65.9","point"
"2024-03-07 07:00:00 pm","74.2","74.6","75.4","65.6","point"
"2024-03-07 09:00:00 pm","71.5","81.7","72.7","65.7","point"
"2024-03-07 11:00:00 pm","69.4","83.4","70.3","64.1","point"
"2024-03-08 01:00:00 am","70.4","65.6","70.5","58.3","point"
"2024-03-08 03:00:00 am","69.6","59.4","68.9","54.8","point"
"2024-03-08 05:00:00 am","68.8","51.8","67.3","50.3","point"
"2024-03-08 07:00:00 am","68.2","53.8","66.6","50.8","point"
"2024-03-08 09:00:00 am","69.3","55.1","68.4","52.5","point"
"2024-03-08 11:00:00 am","74.6","54.6","73.8","57.2","point"
"2024-03-08 01:00:00 pm","78.0","54.2","77.7","60.1","point"
"2024-03-08 03:00:00 pm","78.3","66.7","80.1","66.3","point"
"2024-03-08 05:00:00 pm","77.3","64.0","77.9","64.2","point"
"2024-03-08 07:00:00 pm","74.4","79.0","76.1","67.4","point"
"2024-03-08 09:00:00 pm","70.2","87.0","71.6","66.1","point"
"2024-03-08 11:00:00 pm","67.9","91.8","69.1","65.5","point"
"2024-03-09 01:00:00 am","69.1","93.0","70.5","67.0","point"
"2024-03-09 03:00:00 am","66.9","91.2","68.0","64.3","point"
"2024-03-09 05:00:00 am","65.4","88.9","65.8","62.0","point"
"2024-03-09 07:00:00 am","65.6","82.0","65.3","60.0","point"
"2024-03-09 09:00:00 am","69.6","78.9","70.3","62.7","point"
"2024-03-09 11:00:00 am","74.9","60.5","74.8","60.3","point"
"2024-03-09 01:00:00 pm","77.5","62.4","77.9","63.7","point"
"2024-03-09 03:00:00 pm","78.4","65.5","79.9","65.8","point"
"2024-03-09 05:00:00 pm","77.2","61.1","77.5","62.8","point"
"2024-03-09 07:00:00 pm","74.8","81.9","76.8","68.9","point"
"2024-03-09 09:00:00 pm","72.2","90.4","74.3","69.3","point"
"2024-03-09 11:00:00 pm","70.8","91.7","72.5","68.3","point"
"2024-03-10 01:00:00 am","70.0","92.6","71.6","67.8","point"
"2024-03-10 03:00:00 am","68.8","94.1","70.3","67.0","point"
"2024-03-10 05:00:00 am","68.6","94.6","70.2","67.0","point"
"2024-03-10 07:00:00 am","66.3","81.8","66.2","60.6","point"
"2024-03-10 09:00:00 am","68.8","71.8","68.7","59.3","point"
"2024-03-10 11:00:00 am","74.7","63.0","74.8","61.3","point"
"2024-03-10 01:00:00 pm","76.5","68.9","77.4","65.5","point"
"2024-03-10 03:00:00 pm","77.8","68.2","79.3","66.4","point"
"2024-03-10 05:00:00 pm","77.0","71.4","78.3","67.0","point"
"2024-03-10 07:00:00 pm","74.3","87.3","76.6","70.3","point"
"2024-03-10 09:00:00 pm","72.5","91.8","74.7","69.9","point"
"2024-03-10 11:00:00 pm","71.5","93.9","73.6","69.6","point"
"2024-03-11 01:00:00 am","70.8","95.3","72.7","69.4","point"
"2024-03-11 03:00:00 am","70.1","94.2","71.8","68.3","point"
"2024-03-11 05:00:00 am","69.3","90.5","70.7","66.4","point"
"2024-03-11 07:00:00 am","69.9","91.1","71.4","67.2","point"
"2024-03-11 09:00:00 am","71.2","90.8","72.9","68.3","point"
"2024-03-11 11:00:00 am","75.0","75.7","76.3","66.8","point"
"2024-03-11 01:00:00 pm","77.7","80.1","81.3","71.1","point"
"2024-03-11 03:00:00 pm","77.6","71.9","79.5","67.8","point"
"2024-03-11 05:00:00 pm","77.1","72.2","78.8","67.4","point"
"2024-03-11 07:00:00 pm","74.9","86.8","77.5","70.7","point"
"2024-03-11 09:00:00 pm","71.9","90.5","73.9","68.9","point"
"2024-03-11 11:00:00 pm","71.3","93.0","73.2","69.1","point"
"2024-03-12 01:00:00 am","70.9","93.9","72.9","69.0","point"
"2024-03-12 03:00:00 am","70.2","94.3","72.0","68.5","point"
"2024-03-12 05:00:00 am","69.0","92.9","70.3","66.9","point"
"2024-03-12 07:00:00 am","68.1","92.8","69.3","66.0","point"
"2024-03-12 09:00:00 am","71.1","93.5","72.9","69.1","point"
"2024-03-12 11:00:00 am","74.8","82.2","76.8","69.0","point"
"2024-03-12 01:00:00 pm","77.8","77.4","80.8","70.2","point"
"2024-03-12 03:00:00 pm","78.2","75.3","81.1","69.7","point"
"2024-03-12 05:00:00 pm","77.4","77.7","80.1","69.9","point"
"2024-03-12 07:00:00 pm","74.2","86.1","76.5","69.8","point"
"2024-03-12 09:00:00 pm","72.0","89.7","73.9","68.8","point"
"2024-03-12 11:00:00 pm","70.8","91.0","72.5","68.0","point"
"2024-03-13 01:00:00 am","69.3","85.9","70.3","64.9","point"
"2024-03-13 03:00:00 am","68.5","85.8","69.3","64.1","point"
"2024-03-13 05:00:00 am","68.6","83.2","69.4","63.3","point"
"2024-03-13 07:00:00 am","68.2","86.1","68.9","63.9","point"
"2024-03-13 09:00:00 am","69.4","80.9","70.2","63.3","point"
"2024-03-13 11:00:00 am","72.3","79.7","73.8","65.7","point"
"2024-03-13 01:00:00 pm","75.4","80.6","77.5","69.0","point"
"2024-03-13 03:00:00 pm","76.6","78.3","78.6","69.4","point"
"2024-03-13 05:00:00 pm","76.1","80.6","78.4","69.7","point"
"2024-03-13 07:00:00 pm","73.9","88.6","76.3","70.3","point"
"2024-03-13 09:00:00 pm","71.7","91.7","73.6","69.1","point"
"2024-03-13 11:00:00 pm","70.2","92.9","71.8","68.1","point"
"2024-03-14 01:00:00 am","69.5","93.7","70.9","67.6","point"
"2024-03-14 03:00:00 am","68.6","94.8","70.2","67.1","point"
"2024-03-14 05:00:00 am","67.7","95.4","69.1","66.4","point"
"2024-03-14 07:00:00 am","66.8","94.3","68.0","65.2","point"
"2024-03-14 09:00:00 am","68.1","86.8","68.9","64.0","point"
"2024-03-14 11:00:00 am","72.8","82.0","74.3","66.9","point"
"2024-03-14 01:00:00 pm","75.5","79.7","77.4","68.8","point"
"2024-03-14 03:00:00 pm","75.8","75.7","77.4","67.6","point"
"2024-03-14 05:00:00 pm","75.4","78.3","77.2","68.2","point"
"2024-03-14 07:00:00 pm","73.5","87.3","75.7","69.5","point"
"2024-03-14 09:00:00 pm","70.4","90.8","72.0","67.6","point"
"2024-03-14 11:00:00 pm","68.5","93.2","69.6","66.5","point"
"2024-03-15 01:00:00 am","68.6","90.7","69.8","65.8","point"
"2024-03-15 03:00:00 am","67.1","92.2","68.2","64.8","point"
"2024-03-15 05:00:00 am","65.5","89.9","66.0","62.5","point"
"2024-03-15 07:00:00 am","65.2","93.5","66.0","63.2","point"
"2024-03-15 09:00:00 am","68.3","80.4","68.7","62.0","point"
"2024-03-15 11:00:00 am","74.8","72.5","75.9","65.4","point"
"2024-03-15 01:00:00 pm","76.9","74.4","78.6","68.1","point"
"2024-03-15 03:00:00 pm","77.8","75.6","80.6","69.5","point"
"2024-03-15 05:00:00 pm","77.2","75.7","79.5","69.0","point"
"2024-03-15 07:00:00 pm","74.2","83.6","76.3","69.0","point"
"2024-03-15 09:00:00 pm","71.5","90.5","73.4","68.6","point"
"2024-03-15 11:00:00 pm","69.4","94.5","70.9","67.7","point"
"2024-03-16 01:00:00 am","68.6","95.7","70.2","67.4","point"
"2024-03-16 03:00:00 am","67.8","95.9","69.4","66.6","point"
"2024-03-16 05:00:00 am","65.9","78.0","65.5","58.8","point"
"2024-03-16 07:00:00 am","67.9","79.3","68.2","61.2","point"
"2024-03-16 09:00:00 am","69.7","72.2","70.0","60.4","point"
"2024-03-16 11:00:00 am","74.5","67.3","75.0","63.0","point"
"2024-03-16 01:00:00 pm","78.0","71.5","80.2","68.1","point"
"2024-03-16 03:00:00 pm","78.2","74.4","81.0","69.4","point"
"2024-03-16 05:00:00 pm","77.4","75.8","79.9","69.1","point"
"2024-03-16 07:00:00 pm","74.0","85.4","76.3","69.3","point"
"2024-03-16 09:00:00 pm","71.3","91.5","73.2","68.7","point"
"2024-03-16 11:00:00 pm","69.2","93.9","70.7","67.3","point"
"2024-03-17 01:00:00 am","68.4","93.6","69.6","66.4","point"
"2024-03-17 03:00:00 am","66.7","91.2","67.5","64.0","point"
"2024-03-17 05:00:00 am","68.0","80.7","68.4","61.8","point"
"2024-03-17 07:00:00 am","69.6","76.1","70.0","61.7","point"
"2024-03-17 09:00:00 am","72.2","73.2","73.0","63.1","point"
"2024-03-17 11:00:00 am","76.9","71.8","78.3","67.1","point"
"2024-03-17 01:00:00 pm","79.5","71.8","82.9","69.5","point"
"2024-03-17 03:00:00 pm","79.2","73.4","82.8","70.0","point"
"2024-03-17 05:00:00 pm","78.7","75.0","82.2","70.1","point"
"2024-03-17 07:00:00 pm","73.7","84.4","75.7","68.7","point"
"2024-03-17 09:00:00 pm","71.7","89.4","73.4","68.4","point"
"2024-03-17 11:00:00 pm","70.5","91.5","72.0","67.9","point"
"2024-03-18 01:00:00 am","69.6","93.1","70.9","67.5","point"
"2024-03-18 03:00:00 am","67.9","94.2","69.3","66.2","point"
"2024-03-18 05:00:00 am","66.5","87.5","66.9","62.7","point"
"2024-03-18 07:00:00 am","67.2","82.1","67.5","61.6","point"
"2024-03-18 09:00:00 am","69.4","76.9","69.8","61.8","point"
"2024-03-18 10:00:00 am","73.3","77.9","74.7","66.0","point"
"2024-03-18 12:00:00 pm","78.1","60.0","78.6","63.1","point"
"2024-03-18 02:00:00 pm","78.2","71.7","80.6","68.4","point"
"2024-03-18 04:00:00 pm","78.1","75.4","81.1","69.7","point"
"2024-03-18 06:00:00 pm","76.1","81.6","78.4","70.1","point"
"2024-03-18 08:00:00 pm","72.5","87.5","74.3","68.5","point"
"2024-03-18 10:00:00 pm","68.5","88.4","69.4","64.9","point"
"2024-03-19 12:00:00 am","67.8","89.5","68.9","64.6","point"
"2024-03-19 02:00:00 am","66.9","92.0","68.0","64.5","point"
"2024-03-19 04:00:00 am","67.7","78.1","67.8","60.6","point"
"2024-03-19 06:00:00 am","69.2","81.5","69.8","63.3","point"
"2024-03-19 08:00:00 am","69.4","68.8","69.3","58.7","point"
"2024-03-19 10:00:00 am","74.1","59.9","73.8","59.3","point"
"2024-03-19 12:00:00 pm","78.1","51.3","77.5","58.7","point"
"2024-03-19 02:00:00 pm","79.8","68.6","82.8","68.6","point"
"2024-03-19 04:00:00 pm","79.2","69.3","82.0","68.3","point"
"2024-03-19 06:00:00 pm","77.4","76.3","79.9","69.3","point"
"2024-03-19 08:00:00 pm","73.1","85.8","75.0","68.5","point"
"2024-03-19 10:00:00 pm","69.7","88.5","70.9","66.1","point"
"2024-03-20 12:00:00 am","69.5","86.5","70.7","65.3","point"
"2024-03-20 02:00:00 am","67.4","88.7","68.2","64.0","point"
"2024-03-20 04:00:00 am","68.1","77.0","68.2","60.7","point"
"2024-03-20 06:00:00 am","67.9","75.2","68.0","59.7","point"
"2024-03-20 08:00:00 am","67.6","77.1","67.5","60.2","point"
"2024-03-20 10:00:00 am","73.3","74.7","74.3","64.8","point"
"2024-03-20 12:00:00 pm","76.6","71.8","77.7","66.8","point"
"2024-03-20 02:00:00 pm","77.9","72.8","80.1","68.4","point"
"2024-03-20 04:00:00 pm","77.4","72.7","79.5","67.9","point"
"2024-03-20 06:00:00 pm","76.0","79.8","78.1","69.3","point"
"2024-03-20 08:00:00 pm","73.4","88.3","75.7","69.7","point"
"2024-03-20 10:00:00 pm","71.5","91.0","73.4","68.7","point"
"2024-03-21 12:00:00 am","69.7","93.6","71.2","67.7","point"
"2024-03-21 02:00:00 am","68.8","93.4","70.2","66.8","point"
"2024-03-21 04:00:00 am","68.5","94.9","69.8","66.9","point"
"2024-03-21 06:00:00 am","67.0","94.6","68.2","65.5","point"
"2024-03-21 08:00:00 am","69.1","95.8","70.7","67.9","point"
"2024-03-21 10:00:00 am","71.4","86.5","72.9","67.2","point"
"2024-03-21 12:00:00 pm","75.9","74.5","77.2","67.2","point"
"2024-03-21 02:00:00 pm","77.3","69.5","78.6","66.6","point"
"2024-03-21 04:00:00 pm","78.2","70.4","80.4","67.8","point"
"2024-03-21 06:00:00 pm","76.6","75.7","78.4","68.4","point"
"2024-03-21 08:00:00 pm","74.6","89.0","77.4","71.1","point"
"2024-03-21 10:00:00 pm","72.9","92.0","75.4","70.4","point"
"2024-03-22 12:00:00 am","71.5","93.0","73.4","69.3","point"
"2024-03-22 02:00:00 am","70.2","93.5","71.8","68.2","point"
"2024-03-22 04:00:00 am","69.4","94.2","70.9","67.7","point"
"2024-03-22 06:00:00 am","68.9","94.7","70.3","67.3","point"
"2024-03-22 08:00:00 am","69.3","94.7","70.9","67.7","point"
"2024-03-22 10:00:00 am","71.6","92.3","73.4","69.2","point"
"2024-03-22 12:00:00 pm","76.1","82.8","78.6","70.5","point"
"2024-03-22 02:00:00 pm","78.0","82.2","82.0","72.1","point"
"2024-03-22 04:00:00 pm","77.8","80.7","81.5","71.3","point"
"2024-03-22 06:00:00 pm","75.7","87.8","78.6","71.8","point"
"2024-03-22 08:00:00 pm","73.1","91.9","75.6","70.6","point"
"2024-03-22 10:00:00 pm","72.5","93.8","74.7","70.6","point"
"2024-03-23 12:00:00 am","72.0","94.4","74.3","70.3","point"
"2024-03-23 02:00:00 am","71.2","94.4","73.0","69.5","point"
"2024-03-23 04:00:00 am","69.9","94.1","71.6","68.1","point"
"2024-03-23 06:00:00 am","69.3","93.5","70.7","67.3","point"
"2024-03-23 08:00:00 am","69.9","92.0","71.4","67.4","point"
"2024-03-23 10:00:00 am","74.0","86.3","76.5","69.6","point"
"2024-03-23 12:00:00 pm","76.4","78.7","78.3","69.3","point"
"2024-03-23 02:00:00 pm","78.8","80.2","83.5","72.2","point"
"2024-03-23 04:00:00 pm","79.4","76.3","83.8","71.3","point"
"2024-03-23 06:00:00 pm","77.6","82.1","81.3","71.7","point"
"2024-03-23 08:00:00 pm","74.6","89.6","77.4","71.3","point"
"2024-03-23 10:00:00 pm","72.5","92.2","74.7","70.1","point"
"2024-03-24 12:00:00 am","72.0","92.6","74.1","69.8","point"
"2024-03-24 02:00:00 am","70.8","92.7","72.5","68.6","point"
"2024-03-24 04:00:00 am","69.9","93.6","71.4","67.9","point"
"2024-03-24 06:00:00 am","68.2","94.3","69.6","66.5","point"
"2024-03-24 08:00:00 am","69.1","91.9","70.5","66.6","point"
"2024-03-24 10:00:00 am","74.1","88.3","76.5","70.4","point"
"2024-03-24 12:00:00 pm","77.5","77.5","80.1","69.9","point"
"2024-03-24 02:00:00 pm","79.4","75.8","83.7","71.1","point"
"2024-03-24 04:00:00 pm","79.8","73.4","83.8","70.5","point"
"2024-03-24 06:00:00 pm","77.7","80.1","81.3","71.1","point"
"2024-03-24 08:00:00 pm","74.7","89.0","77.5","71.2","point"
"2024-03-24 10:00:00 pm","73.2","92.2","75.9","70.8","point"
"2024-03-25 12:00:00 am","72.1","94.5","74.3","70.4","point"
"2024-03-25 02:00:00 am","69.7","92.8","71.2","67.6","point"
"2024-03-25 04:00:00 am","68.8","95.3","70.3","67.4","point"
"2024-03-25 06:00:00 am","67.6","92.6","68.7","65.3","point"
"2024-03-25 08:00:00 am","69.7","90.5","71.1","66.8","point"
"2024-03-25 10:00:00 am","74.3","77.0","75.6","66.6","point"
"2024-03-25 12:00:00 pm","79.1","56.7","79.7","62.4","point"
"2024-03-25 02:00:00 pm","80.8","64.4","83.8","67.7","point"
"2024-03-25 04:00:00 pm","80.2","66.8","83.1","68.2","point"
"2024-03-25 06:00:00 pm","78.7","70.5","81.5","68.3","point"
"2024-03-25 08:00:00 pm","75.3","86.1","77.9","70.9","point"
"2024-03-25 10:00:00 pm","73.5","90.8","76.1","70.7","point"
"2024-03-26 12:00:00 am","71.1","89.3","72.7","67.8","point"
"2024-03-26 02:00:00 am","68.6","74.0","68.7","60.0","point"
"2024-03-26 04:00:00 am","70.4","83.6","71.6","65.2","point"
"2024-03-26 06:00:00 am","69.5","87.1","70.7","65.5","point"
"2024-03-26 08:00:00 am","70.6","88.5","72.0","67.1","point"
"2024-03-26 10:00:00 am","74.8","79.7","76.6","68.1","point"
"2024-03-26 12:00:00 pm","78.0","73.0","80.4","68.6","point"
"2024-03-26 02:00:00 pm","79.2","71.3","82.4","69.1","point"
"2024-03-26 04:00:00 pm","79.0","72.5","82.4","69.4","point"
"2024-03-26 06:00:00 pm","77.2","82.1","80.6","71.3","point"
"2024-03-26 08:00:00 pm","74.8","89.1","77.5","71.3","point"
"2024-03-26 10:00:00 pm","73.3","91.6","75.9","70.7","point"
"2024-03-27 12:00:00 am","71.7","91.4","73.6","69.1","point"
"2024-03-27 02:00:00 am","71.3","93.0","73.2","69.2","point"
"2024-03-27 04:00:00 am","70.8","92.6","72.5","68.6","point"
"2024-03-27 06:00:00 am","69.9","93.3","71.4","67.8","point"
"2024-03-27 08:00:00 am","68.2","88.3","69.3","64.6","point"
"2024-03-27 10:00:00 am","74.6","75.7","75.9","66.4","point"
"2024-03-27 12:00:00 pm","80.7","59.8","82.4","65.4","point"
"2024-03-27 02:00:00 pm","80.4","71.0","84.4","70.2","point"
"2024-03-27 04:00:00 pm","80.2","73.6","84.6","71.0","point"
"2024-03-27 06:00:00 pm","77.6","83.0","81.3","72.0","point"
"2024-03-27 08:00:00 pm","74.9","89.4","77.7","71.5","point"
"2024-03-27 10:00:00 pm","73.3","91.6","75.9","70.6","point"
"2024-03-28 12:00:00 am","71.3","92.1","73.2","68.8","point"
"2024-03-28 02:00:00 am","69.2","91.7","70.5","66.7","point"
"2024-03-28 04:00:00 am","68.4","91.4","69.6","65.8","point"
"2024-03-28 06:00:00 am","67.3","86.6","68.0","63.1","point"
"2024-03-28 08:00:00 am","69.4","87.1","70.5","65.4","point"
"2024-03-28 10:00:00 am","74.3","85.5","76.5","69.6","point"
"2024-03-28 12:00:00 pm","80.2","59.3","81.7","64.7","point"
"2024-03-28 02:00:00 pm","82.9","62.3","86.7","68.7","point"
"2024-03-28 04:00:00 pm","80.4","72.3","84.9","70.7","point"
"2024-03-28 06:00:00 pm","78.1","83.2","82.6","72.6","point"
"2024-03-28 08:00:00 pm","75.3","89.3","78.3","71.9","point"
"2024-03-28 10:00:00 pm","73.7","91.4","76.5","71.0","point"
"2024-03-29 12:00:00 am","72.7","91.9","75.2","70.2","point"
"2024-03-29 02:00:00 am","71.8","90.8","73.9","69.0","point"
"2024-03-29 04:00:00 am","70.6","91.0","72.1","67.8","point"
"2024-03-29 06:00:00 am","68.9","86.7","70.0","64.8","point"
"2024-03-29 08:00:00 am","69.6","88.6","70.7","66.1","point"
"2024-03-29 10:00:00 am","72.9","81.9","74.5","67.0","point"
"2024-03-29 12:00:00 pm","77.2","77.6","79.7","69.6","point"
"2024-03-29 02:00:00 pm","78.8","75.2","82.6","70.3","point"
"2024-03-29 04:00:00 pm","79.1","77.4","83.3","71.4","point"
"2024-03-29 06:00:00 pm","76.4","80.7","78.6","70.0","point"
"2024-03-29 08:00:00 pm","73.5","87.1","75.7","69.5","point"
"2024-03-29 10:00:00 pm","72.0","89.6","73.9","68.7","point"
"2024-03-30 12:00:00 am","70.2","91.0","71.8","67.4","point"
"2024-03-30 02:00:00 am","68.9","82.9","69.6","63.5","point"
"2024-03-30 04:00:00 am","70.4","69.3","70.9","59.8","point"
"2024-03-30 06:00:00 am","70.7","71.7","71.1","61.1","point"
"2024-03-30 08:00:00 am","69.4","78.7","69.8","62.5","point"
"2024-03-30 10:00:00 am","74.6","76.2","75.9","66.6","point"
"2024-03-30 12:00:00 pm","77.5","71.0","79.2","67.4","point"
"2024-03-30 02:00:00 pm","80.0","67.7","83.1","68.3","point"
"2024-03-30 04:00:00 pm","80.3","68.3","83.8","68.9","point"
"2024-03-30 06:00:00 pm","78.7","76.1","82.2","70.5","point"
"2024-03-30 08:00:00 pm","74.2","83.5","76.3","68.8","point"
"2024-03-30 10:00:00 pm","72.6","88.2","74.7","68.9","point"
"2024-03-31 12:00:00 am","71.5","89.9","73.2","68.3","point"
"2024-03-31 02:00:00 am","70.3","90.7","71.8","67.4","point"
"2024-03-31 04:00:00 am","68.0","92.1","69.3","65.6","point"
"2024-03-31 06:00:00 am","66.9","90.6","67.6","64.0","point"
"2024-03-31 08:00:00 am","66.6","83.6","66.9","61.4","point"
"2024-03-31 10:00:00 am","73.6","73.7","74.8","64.7","point"
"2024-03-31 12:00:00 pm","78.2","73.0","80.8","68.8","point"
"2024-03-31 02:00:00 pm","79.2","72.6","82.8","69.6","point"
"2024-03-31 04:00:00 pm","79.5","71.3","82.8","69.4","point"
"2024-03-31 06:00:00 pm","77.5","77.2","80.1","69.8","point"
"2024-03-31 08:00:00 pm","75.1","88.9","78.1","71.7","point"
"2024-03-31 10:00:00 pm","73.5","91.0","76.1","70.7","point"
"2024-04-01 12:00:00 am","72.3","92.2","74.5","69.9","point"
"2024-04-01 02:00:00 am","71.5","93.7","73.4","69.6","point"
"2024-04-01 04:00:00 am","70.9","93.2","72.7","68.8","point"
"2024-04-01 06:00:00 am","70.5","94.2","72.3","68.8","point"
"2024-04-01 08:00:00 am","71.2","94.1","73.0","69.4","point"
"2024-04-01 10:00:00 am","73.9","88.6","76.3","70.3","point"
"2024-04-01 12:00:00 pm","76.9","83.0","79.9","71.3","point"
"2024-04-01 02:00:00 pm","79.1","76.7","83.1","71.1","point"
"2024-04-01 04:00:00 pm","79.6","74.0","83.7","70.6","point"
"2024-04-01 06:00:00 pm","77.8","78.3","81.0","70.5","point"
"2024-04-01 08:00:00 pm","75.6","89.8","78.8","72.4","point"
"2024-04-01 10:00:00 pm","74.0","92.1","76.8","71.5","point"
"2024-04-02 12:00:00 am","73.4","93.3","75.9","71.3","point"
"2024-04-02 02:00:00 am","72.0","92.8","74.1","69.8","point"
"2024-04-02 04:00:00 am","70.1","93.1","71.6","68.0","point"
"2024-04-02 06:00:00 am","69.2","92.9","70.5","67.0","point"
"2024-04-02 08:00:00 am","68.9","91.8","70.3","66.4","point"
"2024-04-02 10:00:00 am","74.4","80.5","76.1","68.0","point"
"2024-04-02 12:00:00 pm","77.4","74.7","79.7","68.7","point"
"2024-04-02 02:00:00 pm","80.0","76.9","84.9","72.0","point"
"2024-04-02 04:00:00 pm","80.1","75.4","84.9","71.6","point"
"2024-04-02 06:00:00 pm","77.8","84.0","81.9","72.6","point"
"2024-04-02 08:00:00 pm","75.4","89.6","78.4","72.1","point"
"2024-04-02 10:00:00 pm","73.7","93.0","76.5","71.6","point"
"2024-04-03 12:00:00 am","72.8","94.6","75.4","71.1","point"
"2024-04-03 02:00:00 am","72.4","95.3","74.8","71.0","point"
"2024-04-03 04:00:00 am","71.9","95.6","74.1","70.6","point"
"2024-04-03 06:00:00 am","70.8","96.0","72.7","69.6","point"
"2024-04-03 08:00:00 am","70.3","94.0","72.0","68.4","point"
"2024-04-03 10:00:00 am","72.8","84.5","74.5","67.9","point"
"2024-04-03 12:00:00 pm","76.8","74.7","78.3","68.2","point"
"2024-04-03 02:00:00 pm","79.2","76.0","83.3","70.9","point"
"2024-04-03 04:00:00 pm","79.4","74.3","83.3","70.5","point"
"2024-04-03 06:00:00 pm","77.6","83.0","81.3","72.1","point"
"2024-04-03 08:00:00 pm","74.7","88.0","77.4","70.9","point"
"2024-04-03 10:00:00 pm","73.4","90.1","75.7","70.3","point"
"2024-04-04 12:00:00 am","71.8","92.2","73.9","69.4","point"
"2024-04-04 02:00:00 am","70.0","92.6","71.6","67.8","point"
"2024-04-04 04:00:00 am","68.8","88.1","69.8","65.1","point"
"2024-04-04 06:00:00 am","69.2","85.0","70.2","64.5","point"
"2024-04-04 08:00:00 am","70.3","82.0","71.2","64.5","point"
"2024-04-04 10:00:00 am","75.1","77.0","76.6","67.4","point"
"2024-04-04 12:00:00 pm","78.8","69.4","81.5","68.0","point"
"2024-04-04 02:00:00 pm","80.5","70.3","84.6","70.0","point"
"2024-04-04 04:00:00 pm","80.5","71.8","84.7","70.6","point"
"2024-04-04 06:00:00 pm","78.8","77.8","83.1","71.3","point"
"2024-04-04 08:00:00 pm","75.5","88.5","78.4","71.9","point"
"2024-04-04 10:00:00 pm","73.5","91.0","76.1","70.7","point"
"2024-04-05 12:00:00 am","72.5","92.4","74.8","70.2","point"
"2024-04-05 02:00:00 am","71.2","92.3","72.9","68.8","point"
"2024-04-05 04:00:00 am","69.8","92.3","71.4","67.5","point"
"2024-04-05 06:00:00 am","68.6","90.7","69.8","65.8","point"
"2024-04-05 08:00:00 am","68.3","84.3","68.9","63.4","point"
"2024-04-05 10:00:00 am","75.1","79.3","77.0","68.2","point"
"2024-04-05 12:00:00 pm","79.2","71.3","82.4","69.1","point"
"2024-04-05 02:00:00 pm","80.2","76.5","85.3","72.1","point"
"2024-04-05 04:00:00 pm","79.8","78.6","85.1","72.5","point"
"2024-04-05 06:00:00 pm","78.3","81.3","82.6","72.1","point"
"2024-04-05 08:00:00 pm","75.4","88.6","78.4","71.8","point"
"2024-04-05 10:00:00 pm","73.8","90.6","76.5","70.8","point"
"2024-04-06 12:00:00 am","72.3","91.4","74.7","69.7","point"
"2024-04-06 02:00:00 am","69.9","91.0","71.4","67.1","point"
"2024-04-06 04:00:00 am","69.5","91.9","70.9","67.0","point"
"2024-04-06 06:00:00 am","68.5","90.7","69.6","65.6","point"
"2024-04-06 08:00:00 am","71.5","77.1","72.5","64.0","point"
"2024-04-06 10:00:00 am","78.4","69.3","80.6","67.5","point"
"2024-04-06 12:00:00 pm","81.2","70.9","85.8","70.8","point"
"2024-04-06 02:00:00 pm","82.9","73.2","89.8","73.5","point"
"2024-04-06 04:00:00 pm","82.7","72.0","89.1","72.8","point"
"2024-04-06 06:00:00 pm","80.2","76.8","85.3","72.2","point"
"2024-04-06 08:00:00 pm","76.3","87.8","79.5","72.4","point"
"2024-04-06 10:00:00 pm","74.7","90.1","77.7","71.6","point"
"2024-04-07 12:00:00 am","73.7","92.4","76.5","71.4","point"
"2024-04-07 02:00:00 am","73.1","94.1","75.9","71.3","point"
"2024-04-07 04:00:00 am","72.8","94.4","75.4","71.1","point"
"2024-04-07 06:00:00 am","71.8","94.2","74.1","70.1","point"
"2024-04-07 08:00:00 am","72.0","92.1","74.1","69.5","point"
"2024-04-07 10:00:00 am","73.9","87.9","76.3","70.1","point"
"2024-04-07 12:00:00 pm","77.4","79.7","80.6","70.6","point"
"2024-04-07 02:00:00 pm","79.8","76.0","84.4","71.5","point"
"2024-04-07 04:00:00 pm","79.8","75.5","84.2","71.3","point"
"2024-04-07 06:00:00 pm","77.2","80.0","80.2","70.5","point"
"2024-04-07 08:00:00 pm","74.1","83.1","75.9","68.6","point"
"2024-04-07 10:00:00 pm","73.2","89.6","75.4","69.9","point"
"2024-04-08 12:00:00 am","71.5","89.2","73.2","68.2","point"
"2024-04-08 02:00:00 am","70.6","91.5","72.1","68.0","point"
"2024-04-08 04:00:00 am","68.6","87.2","69.6","64.6","point"
"2024-04-08 06:00:00 am","69.2","80.9","69.8","63.1","point"
"2024-04-08 08:00:00 am","69.9","79.5","70.7","63.2","point"
"2024-04-08 10:00:00 am","75.5","72.3","76.6","65.9","point"
"2024-04-08 12:00:00 pm","78.6","65.9","80.4","66.3","point"
"2024-04-08 02:00:00 pm","81.7","60.5","84.2","66.7","point"
"2024-04-08 04:00:00 pm","81.9","62.4","84.9","67.8","point"
"2024-04-08 06:00:00 pm","79.2","75.0","83.1","70.5","point"
"2024-04-08 08:00:00 pm","74.9","80.7","77.0","68.6","point"
"2024-04-08 10:00:00 pm","73.6","87.1","75.9","69.5","point"
"2024-04-09 12:00:00 am","71.2","88.9","72.7","67.7","point"
"2024-04-09 02:00:00 am","68.6","84.2","69.4","63.7","point"
"2024-04-09 04:00:00 am","69.0","83.5","69.8","63.8","point"
"2024-04-09 06:00:00 am","67.3","66.9","66.4","56.0","point"
"2024-04-09 08:00:00 am","69.8","75.9","70.3","61.8","point"
"2024-04-09 10:00:00 am","75.6","77.5","77.4","68.0","point"
"2024-04-09 12:00:00 pm","79.8","67.6","82.8","68.1","point"
"2024-04-09 02:00:00 pm","81.1","64.8","84.0","68.1","point"
"2024-04-09 04:00:00 pm","81.8","66.4","85.8","69.5","point"
"2024-04-09 06:00:00 pm","78.8","77.2","82.9","71.1","point"
"2024-04-09 08:00:00 pm","75.4","85.8","78.1","70.8","point"
"2024-04-09 10:00:00 pm","73.8","88.5","76.3","70.2","point"
"2024-04-10 12:00:00 am","71.8","89.6","73.8","68.6","point"
"2024-04-10 02:00:00 am","69.9","90.4","71.4","66.9","point"
"2024-04-10 04:00:00 am","68.5","89.8","69.4","65.4","point"
"2024-04-10 06:00:00 am","70.8","88.9","72.3","67.4","point"
"2024-04-10 08:00:00 am","73.4","84.6","75.4","68.5","point"
"2024-04-10 10:00:00 am","76.4","80.3","78.4","69.9","point"
"2024-04-10 12:00:00 pm","81.0","65.3","84.2","68.2","point"
"2024-04-10 02:00:00 pm","81.8","69.9","86.5","71.1","point"
"2024-04-10 04:00:00 pm","82.4","65.4","86.7","69.6","point"
"2024-04-10 06:00:00 pm","78.6","71.6","81.1","68.6","point"
"2024-04-10 08:00:00 pm","74.7","78.4","76.5","67.5","point"
"2024-04-10 10:00:00 pm","73.1","88.3","75.4","69.4","point"
"2024-04-11 12:00:00 am","71.1","89.9","72.7","67.9","point"
"2024-04-11 02:00:00 am","68.8","86.3","69.8","64.5","point"
"2024-04-11 04:00:00 am","69.2","78.6","69.6","62.2","point"
"2024-04-11 06:00:00 am","69.3","80.4","70.0","63.0","point"
"2024-04-11 08:00:00 am","69.6","84.7","70.7","64.8","point"
"2024-04-11 10:00:00 am","75.3","75.0","76.8","66.8","point"
"2024-04-11 12:00:00 pm","78.6","69.7","81.0","67.8","point"
"2024-04-11 02:00:00 pm","80.6","67.6","84.2","68.9","point"
"2024-04-11 04:00:00 pm","81.5","66.3","85.5","69.2","point"
"2024-04-11 06:00:00 pm","78.8","72.3","81.7","69.1","point"
"2024-04-11 08:00:00 pm","75.1","75.9","76.6","66.9","point"
"2024-04-11 10:00:00 pm","72.3","84.2","73.9","67.3","point"
"2024-04-12 12:00:00 am","70.3","76.9","71.1","62.7","point"
"2024-04-12 02:00:00 am","69.7","79.2","70.5","63.0","point"
"2024-04-12 04:00:00 am","69.6","81.3","70.3","63.6","point"
"2024-04-12 06:00:00 am","69.4","79.6","70.0","62.8","point"
"2024-04-12 08:00:00 am","71.5","81.3","72.7","65.4","point"
"2024-04-12 10:00:00 am","76.1","74.2","77.4","67.2","point"
"2024-04-12 12:00:00 pm","78.5","68.9","80.6","67.4","point"
"2024-04-12 02:00:00 pm","80.7","67.4","84.0","68.9","point"
"2024-04-12 04:00:00 pm","81.0","63.0","83.7","67.2","point"
"2024-04-12 06:00:00 pm","75.9","74.4","77.4","67.2","point"
"2024-04-12 08:00:00 pm","74.2","87.7","76.6","70.3","point"
"2024-04-12 10:00:00 pm","72.7","90.0","75.0","69.6","point"
"2024-04-13 12:00:00 am","71.3","91.4","73.2","68.6","point"
"2024-04-13 02:00:00 am","69.1","87.7","70.3","65.3","point"
"2024-04-13 04:00:00 am","67.6","80.3","67.6","61.3","point"
"2024-04-13 06:00:00 am","68.1","77.3","68.2","60.7","point"
"2024-04-13 08:00:00 am","69.8","83.6","70.9","64.6","point"
"2024-04-13 10:00:00 am","74.0","76.8","75.4","66.2","point"
"2024-04-13 12:00:00 pm","77.5","70.1","79.0","66.9","point"
"2024-04-13 02:00:00 pm","79.8","70.8","83.3","69.5","point"
"2024-04-13 04:00:00 pm","78.9","70.3","81.5","68.4","point"
"2024-04-13 06:00:00 pm","76.9","74.6","78.6","68.2","point"
"2024-04-13 08:00:00 pm","72.7","86.4","74.8","68.4","point"
"2024-04-13 10:00:00 pm","69.8","92.4","71.2","67.5","point"
"2024-04-14 12:00:00 am","69.8","91.7","71.4","67.3","point"
"2024-04-14 02:00:00 am","69.5","87.9","70.7","65.8","point"
"2024-04-14 04:00:00 am","68.8","85.3","69.6","64.2","point"
"2024-04-14 06:00:00 am","68.3","89.8","69.3","65.2","point"
"2024-04-14 08:00:00 am","71.3","89.5","73.0","68.0","point"
"2024-04-14 10:00:00 am","75.9","81.7","78.1","69.9","point"
"2024-04-14 12:00:00 pm","79.8","71.0","83.3","69.6","point"
"2024-04-14 02:00:00 pm","80.0","77.2","84.9","72.2","point"
"2024-04-14 04:00:00 pm","79.8","77.0","84.6","72.0","point"
"2024-04-14 06:00:00 pm","78.0","78.1","81.3","70.6","point"
"2024-04-14 08:00:00 pm","76.1","87.8","79.3","72.2","point"
"2024-04-14 10:00:00 pm","74.2","91.2","77.0","71.4","point"
"2024-04-15 12:00:00 am","72.1","91.9","74.1","69.6","point"
"2024-04-15 02:00:00 am","70.7","89.9","72.3","67.6","point"
"2024-04-15 04:00:00 am","71.2","85.2","72.5","66.5","point"
"2024-04-15 06:00:00 am","69.2","87.7","70.3","65.4","point"
"2024-04-15 08:00:00 am","70.4","87.0","71.8","66.3","point"
"2024-04-15 10:00:00 am","75.5","66.4","75.9","63.6","point"
"2024-04-15 12:00:00 pm","81.7","52.8","82.6","62.8","point"
"2024-04-15 02:00:00 pm","86.8","32.4","85.1","53.7","point"
"2024-04-15 04:00:00 pm","87.9","31.2","86.0","53.6","point"
"2024-04-15 06:00:00 pm","81.7","71.2","86.9","71.5","point"
"2024-04-15 08:00:00 pm","76.4","83.1","78.8","70.9","point"
"2024-04-15 10:00:00 pm","74.6","87.4","77.2","70.6","point"
"2024-04-16 12:00:00 am","71.0","86.7","72.5","66.8","point"
"2024-04-16 02:00:00 am","70.8","86.0","72.1","66.4","point"
"2024-04-16 04:00:00 am","69.8","83.4","70.7","64.5","point"
"2024-04-16 06:00:00 am","69.8","85.4","70.9","65.2","point"
"2024-04-16 08:00:00 am","71.9","86.6","73.6","67.7","point"
"2024-04-16 10:00:00 am","76.3","74.0","77.7","67.4","point"
"2024-04-16 12:00:00 pm","82.1","61.1","84.9","67.4","point"
"2024-04-16 02:00:00 pm","81.2","70.5","85.8","70.7","point"
"2024-04-16 04:00:00 pm","81.9","70.8","87.1","71.5","point"
"2024-04-16 06:00:00 pm","78.4","79.9","82.4","71.7","point"
"2024-04-16 08:00:00 pm","75.2","86.5","78.1","70.9","point"
"2024-04-16 10:00:00 pm","74.0","89.9","76.6","70.9","point"
"2024-04-17 12:00:00 am","72.3","90.8","74.7","69.5","point"
"2024-04-17 02:00:00 am","69.9","89.9","71.2","66.8","point"
"2024-04-17 04:00:00 am","70.4","85.2","71.6","65.7","point"
"2024-04-17 06:00:00 am","70.3","82.9","71.4","64.9","point"
"2024-04-17 08:00:00 am","71.7","77.3","72.7","64.2","point"
"2024-04-17 10:00:00 am","73.7","74.9","74.8","65.2","point"
"2024-04-17 12:00:00 pm","76.0","77.3","77.7","68.3","point"
"2024-04-17 02:00:00 pm","78.0","72.2","80.4","68.3","point"
"2024-04-17 04:00:00 pm","78.4","75.5","81.5","70.0","point"
"2024-04-17 06:00:00 pm","76.3","83.9","79.0","71.1","point"
"2024-04-17 08:00:00 pm","73.5","85.6","75.6","68.9","point"
"2024-04-17 10:00:00 pm","72.1","87.2","73.8","68.1","point"
"2024-04-18 12:00:00 am","71.3","90.5","73.2","68.3","point"
"2024-04-18 02:00:00 am","71.0","90.2","72.7","67.9","point"
"2024-04-18 04:00:00 am","69.8","84.1","70.7","64.8","point"
"2024-04-18 06:00:00 am","70.4","69.8","70.9","60.0","point"
"2024-04-18 08:00:00 am","71.8","69.4","72.5","61.2","point"
"2024-04-18 10:00:00 am","75.7","65.5","75.9","63.3","point"
"2024-04-18 12:00:00 pm","79.7","66.0","82.2","67.3","point"
"2024-04-18 02:00:00 pm","81.9","65.5","85.8","69.2","point"
"2024-04-18 04:00:00 pm","80.7","69.5","84.6","69.8","point"
"2024-04-18 06:00:00 pm","78.8","81.1","83.7","72.5","point"
"2024-04-18 08:00:00 pm","74.0","93.3","77.0","72.0","point"
"2024-04-18 10:00:00 pm","69.5","95.5","71.1","68.2","point"
"2024-04-19 12:00:00 am","70.8","96.6","72.7","69.7","point"
"2024-04-19 02:00:00 am","71.0","97.0","72.9","70.1","point"
"2024-04-19 04:00:00 am","71.7","97.2","73.9","70.9","point"
"2024-04-19 06:00:00 am","71.3","97.4","73.4","70.5","point"
"2024-04-19 08:00:00 am","71.8","97.5","74.3","71.0","point"
"2024-04-19 10:00:00 am","73.0","97.2","75.7","72.1","point"
"2024-04-19 12:00:00 pm","75.4","92.3","78.8","73.0","point"
"2024-04-19 02:00:00 pm","78.3","88.0","83.8","74.4","point"
"2024-04-19 04:00:00 pm","77.5","87.8","81.9","73.6","point"
"2024-04-19 06:00:00 pm","76.7","91.8","80.8","74.1","point"
"2024-04-19 08:00:00 pm","74.0","93.9","77.2","72.1","point"
"2024-04-19 10:00:00 pm","66.7","94.7","67.8","65.1","point"
"2024-04-20 12:00:00 am","71.4","97.1","73.4","70.5","point"
"2024-04-20 02:00:00 am","69.7","96.8","71.4","68.8","point"
"2024-04-20 04:00:00 am","68.3","97.2","69.8","67.5","point"
"2024-04-20 06:00:00 am","67.6","97.5","69.1","66.9","point"
"2024-04-20 08:00:00 am","68.1","97.6","69.8","67.4","point"
"2024-04-20 10:00:00 am","69.7","97.6","71.6","69.0","point"
"2024-04-20 12:00:00 pm","72.3","96.6","74.7","71.3","point"
"2024-04-20 02:00:00 pm","74.1","91.7","76.8","71.5","point"
"2024-04-20 04:00:00 pm","74.6","92.3","77.5","72.2","point"
"2024-04-20 06:00:00 pm","74.2","89.1","76.8","70.8","point"
"2024-04-20 08:00:00 pm","71.4","91.4","73.2","68.7","point"
"2024-04-20 10:00:00 pm","71.5","92.6","73.4","69.2","point"
"2024-04-21 12:00:00 am","71.3","88.6","72.9","67.7","point"
"2024-04-21 02:00:00 am","70.6","88.9","72.0","67.2","point"
"2024-04-21 04:00:00 am","70.0","90.9","71.6","67.2","point"
"2024-04-21 06:00:00 am","70.6","91.9","72.1","68.1","point"
"2024-04-21 08:00:00 am","72.3","89.9","74.5","69.2","point"
"2024-04-21 10:00:00 am","75.4","86.8","78.3","71.2","point"
"2024-04-21 12:00:00 pm","78.2","86.2","83.1","73.8","point"
"2024-04-21 02:00:00 pm","80.2","85.4","87.3","75.4","point"
"2024-04-21 04:00:00 pm","80.2","85.8","87.4","75.5","point"
"2024-04-21 06:00:00 pm","77.6","88.2","82.2","73.8","point"
"2024-04-21 08:00:00 pm","75.5","93.8","79.2","73.6","point"
"2024-04-21 10:00:00 pm","74.0","95.4","77.2","72.6","point"
"2024-04-22 12:00:00 am","73.3","96.0","76.3","72.1","point"
"2024-04-22 02:00:00 am","72.8","96.2","75.4","71.7","point"
"2024-04-22 04:00:00 am","70.6","92.7","72.1","68.3","point"
"2024-04-22 06:00:00 am","69.9","91.2","71.4","67.2","point"
"2024-04-22 08:00:00 am","70.8","92.1","72.5","68.4","point"
"2024-04-22 10:00:00 am","74.6","87.5","77.2","70.6","point"
"2024-04-22 12:00:00 pm","77.8","82.4","81.7","72.0","point"
"2024-04-22 02:00:00 pm","78.6","80.3","83.1","72.1","point"
"2024-04-22 04:00:00 pm","79.4","85.5","85.8","74.7","point"
"2024-04-22 06:00:00 pm","75.3","89.3","78.3","71.9","point"
"2024-04-22 08:00:00 pm","73.6","89.5","76.1","70.3","point"
"2024-04-22 10:00:00 pm","72.7","89.9","74.8","69.6","point"
"2024-04-23 12:00:00 am","71.3","93.3","73.2","69.3","point"
"2024-04-23 02:00:00 am","70.5","93.0","72.0","68.3","point"
"2024-04-23 04:00:00 am","68.9","86.8","70.0","64.8","point"
"2024-04-23 06:00:00 am","70.1","74.9","70.5","61.8","point"
"2024-04-23 08:00:00 am","72.3","85.1","73.9","67.6","point"
"2024-04-23 10:00:00 am","76.6","80.8","79.0","70.3","point"
"2024-04-23 12:00:00 pm","81.2","69.3","85.5","70.2","point"
"2024-04-23 02:00:00 pm","81.6","76.4","88.0","73.5","point"
"2024-04-23 04:00:00 pm","81.2","75.2","86.9","72.6","point"
"2024-04-23 06:00:00 pm","78.1","87.9","83.5","74.2","point"
"2024-04-23 08:00:00 pm","75.7","92.0","79.2","73.2","point"
"2024-04-23 10:00:00 pm","74.5","93.1","77.7","72.4","point"
"2024-04-24 12:00:00 am","73.6","94.0","76.6","71.8","point"
"2024-04-24 02:00:00 am","73.3","94.7","76.1","71.6","point"
"2024-04-24 04:00:00 am","72.8","94.9","75.4","71.2","point"
"2024-04-24 06:00:00 am","71.7","94.2","73.9","70.0","point"
"2024-04-24 08:00:00 am","72.3","94.3","74.8","70.6","point"
"2024-04-24 10:00:00 am","74.4","88.3","77.0","70.7","point"
"2024-04-24 12:00:00 pm","78.4","82.0","82.8","72.4","point"
"2024-04-24 02:00:00 pm","80.8","75.3","86.4","72.2","point"
"2024-04-24 04:00:00 pm","80.6","74.9","85.5","71.9","point"
"2024-04-24 06:00:00 pm","78.7","79.7","83.1","71.9","point"
"2024-04-24 08:00:00 pm","75.4","89.2","78.4","72.0","point"
"2024-04-24 10:00:00 pm","73.3","90.9","75.7","70.4","point"
"2024-04-25 12:00:00 am","72.3","91.8","74.7","69.8","point"
"2024-04-25 02:00:00 am","70.7","92.6","72.1","68.4","point"
"2024-04-25 04:00:00 am","69.5","89.0","70.7","66.1","point"
"2024-04-25 06:00:00 am","69.8","82.9","70.9","64.4","point"
"2024-04-25 08:00:00 am","71.5","84.4","73.0","66.6","point"
"2024-04-25 10:00:00 am","77.5","71.6","79.2","67.5","point"
"2024-04-25 12:00:00 pm","81.8","56.8","83.5","65.0","point"
"2024-04-25 02:00:00 pm","83.8","46.6","84.4","61.2","point"
"2024-04-25 04:00:00 pm","80.5","74.8","85.5","71.8","point"
"2024-04-25 06:00:00 pm","79.5","75.4","83.7","71.0","point"
"2024-04-25 08:00:00 pm","75.4","81.0","77.5","69.2","point"
"2024-04-25 10:00:00 pm","73.6","87.9","76.1","69.8","point"
"2024-04-26 12:00:00 am","72.7","90.6","75.0","69.8","point"
"2024-04-26 02:00:00 am","69.3","83.4","70.3","64.1","point"
"2024-04-26 04:00:00 am","69.1","80.5","69.8","62.8","point"
"2024-04-26 06:00:00 am","69.5","74.8","69.8","61.1","point"
"2024-04-26 08:00:00 am","71.5","74.7","72.3","63.1","point"
"2024-04-26 10:00:00 am","77.8","69.3","79.7","66.9","point"
"2024-04-26 12:00:00 pm","81.6","60.7","84.0","66.7","point"
"2024-04-26 02:00:00 pm","82.2","69.3","87.1","71.1","point"
"2024-04-26 04:00:00 pm","81.8","72.5","87.3","72.1","point"
"2024-04-26 06:00:00 pm","78.4","76.2","81.7","70.3","point"
"2024-04-26 08:00:00 pm","75.0","84.4","77.2","69.9","point"
"2024-04-26 10:00:00 pm","74.1","89.1","76.6","70.7","point"
"2024-04-27 12:00:00 am","72.9","91.1","75.4","70.1","point"
"2024-04-27 02:00:00 am","70.9","86.5","72.5","66.6","point"
"2024-04-27 04:00:00 am","71.7","70.4","72.3","61.6","point"
"2024-04-27 06:00:00 am","72.0","67.1","72.5","60.5","point"
"2024-04-27 08:00:00 am","73.6","75.6","75.0","65.4","point"
"2024-04-27 10:00:00 am","79.4","66.6","81.9","67.3","point"
"2024-04-27 12:00:00 pm","83.9","50.8","85.6","63.7","point"
"2024-04-27 02:00:00 pm","84.8","58.9","89.8","68.8","point"
"2024-04-27 04:00:00 pm","84.1","62.2","89.2","69.7","point"
"2024-04-27 06:00:00 pm","79.5","82.1","85.1","73.6","point"
"2024-04-27 08:00:00 pm","76.6","87.5","79.9","72.6","point"
"2024-04-27 10:00:00 pm","75.3","89.8","78.3","72.1","point"
"2024-04-28 12:00:00 am","74.2","92.0","77.2","71.7","point"
"2024-04-28 02:00:00 am","72.8","90.9","75.0","69.9","point"
"2024-04-28 04:00:00 am","71.6","93.2","73.8","69.5","point"
"2024-04-28 06:00:00 am","71.5","93.6","73.4","69.5","point"
"2024-04-28 08:00:00 am","71.4","92.8","73.2","69.2","point"
"2024-04-28 10:00:00 am","77.0","81.0","80.1","70.7","point"
"2024-04-28 12:00:00 pm","80.5","74.7","85.5","71.7","point"
"2024-04-28 02:00:00 pm","82.3","73.8","88.7","73.1","point"
"2024-04-28 04:00:00 pm","81.9","75.4","88.3","73.4","point"
"2024-04-28 06:00:00 pm","79.6","78.6","84.6","72.3","point"
"2024-04-28 08:00:00 pm","76.2","87.1","79.2","72.1","point"
"2024-04-28 10:00:00 pm","75.2","91.3","78.6","72.5","point"
"2024-04-29 12:00:00 am","73.7","89.8","76.1","70.5","point"
"2024-04-29 02:00:00 am","71.4","89.9","73.0","68.3","point"
"2024-04-29 04:00:00 am","72.0","92.4","74.1","69.7","point"
"2024-04-29 06:00:00 am","70.6","91.4","72.1","67.9","point"
"2024-04-29 08:00:00 am","71.6","89.7","73.4","68.4","point"
"2024-04-29 10:00:00 am","76.1","70.8","77.2","66.0","point"
"2024-04-29 12:00:00 pm","80.4","68.1","83.7","68.9","point"
"2024-04-29 02:00:00 pm","82.1","68.4","86.9","70.6","point"
"2024-04-29 04:00:00 pm","82.0","72.9","87.6","72.4","point"
"2024-04-29 06:00:00 pm","79.9","73.6","84.2","70.7","point"
"2024-04-29 08:00:00 pm","77.2","85.7","80.6","72.5","point"
"2024-04-29 10:00:00 pm","75.0","90.0","77.7","71.9","point"
"2024-04-30 12:00:00 am","73.7","90.8","76.3","70.9","point"
"2024-04-30 02:00:00 am","72.0","92.7","74.1","69.7","point"
"2024-04-30 04:00:00 am","70.7","84.3","72.1","65.8","point"
"2024-04-30 06:00:00 am","71.3","90.6","73.2","68.4","point"
"2024-04-30 08:00:00 am","71.7","89.9","73.4","68.6","point"
"2024-04-30 10:00:00 am","75.3","84.1","77.7","70.1","point"
"2024-04-30 12:00:00 pm","77.5","77.4","80.1","69.8","point"
"2024-04-30 02:00:00 pm","80.0","76.2","84.7","71.8","point"
"2024-04-30 04:00:00 pm","79.9","76.9","84.6","72.0","point"
"2024-04-30 06:00:00 pm","78.0","85.6","82.6","73.3","point"
"2024-04-30 08:00:00 pm","76.3","89.8","79.7","73.1","point"
"2024-04-30 10:00:00 pm","74.6","92.6","77.7","72.3","point"
"2024-05-01 12:00:00 am","73.4","92.7","76.3","71.2","point"
"2024-05-01 02:00:00 am","73.1","94.1","75.9","71.3","point"
"2024-05-01 04:00:00 am","72.8","94.0","75.4","70.9","point"
"2024-05-01 06:00:00 am","72.2","93.5","74.5","70.2","point"
"2024-05-01 08:00:00 am","72.7","92.9","75.2","70.5","point"
"2024-05-01 10:00:00 am","74.9","87.6","77.7","71.0","point"
"2024-05-01 12:00:00 pm","77.7","81.8","81.1","71.7","point"
"2024-05-01 02:00:00 pm","79.2","79.7","84.2","72.4","point"
"2024-05-01 04:00:00 pm","78.9","80.6","83.7","72.4","point"
"2024-05-01 06:00:00 pm","78.0","81.2","81.9","71.8","point"
"2024-05-01 08:00:00 pm","75.6","89.3","78.8","72.2","point"
"2024-05-01 10:00:00 pm","74.3","90.6","77.0","71.3","point"
"2024-05-02 12:00:00 am","73.1","90.3","75.6","70.1","point"
"2024-05-02 02:00:00 am","72.6","91.9","74.8","70.1","point"
"2024-05-02 04:00:00 am","71.7","91.5","73.6","69.1","point"
"2024-05-02 06:00:00 am","70.6","91.7","72.1","68.1","point"
"2024-05-02 08:00:00 am","72.3","92.2","74.7","69.9","point"
"2024-05-02 10:00:00 am","76.3","88.0","79.5","72.5","point"
"2024-05-02 12:00:00 pm","79.1","80.1","83.8","72.4","point"
"2024-05-02 02:00:00 pm","81.7","77.2","88.5","73.9","point"
"2024-05-02 04:00:00 pm","81.8","76.6","88.3","73.7","point"
"2024-05-02 06:00:00 pm","79.9","80.9","85.8","73.5","point"
"2024-05-02 08:00:00 pm","77.7","88.7","82.6","74.1","point"
"2024-05-02 10:00:00 pm","76.3","90.7","79.9","73.4","point"
"2024-05-03 12:00:00 am","74.9","92.3","78.1","72.5","point"
"2024-05-03 02:00:00 am","74.4","94.1","77.7","72.6","point"
"2024-05-03 04:00:00 am","72.0","83.6","73.6","66.8","point"
"2024-05-03 06:00:00 am","70.4","65.9","70.5","58.4","point"
"2024-05-03 08:00:00 am","71.5","68.4","72.0","60.5","point"
"2024-05-03 10:00:00 am","73.7","74.0","74.8","64.9","point"
"2024-05-03 12:00:00 pm","77.0","83.3","80.1","71.5","point"
"2024-05-03 02:00:00 pm","78.0","80.7","81.9","71.6","point"
"2024-05-03 04:00:00 pm","78.7","78.5","82.8","71.4","point"
"2024-05-03 06:00:00 pm","77.7","82.7","81.3","72.0","point"
"2024-05-03 08:00:00 pm","75.5","86.4","78.3","71.2","point"
"2024-05-03 10:00:00 pm","72.7","85.0","74.7","67.9","point"
"2024-05-04 12:00:00 am","71.6","87.7","73.2","67.7","point"
"2024-05-04 02:00:00 am","71.4","88.4","72.9","67.8","point"
"2024-05-04 04:00:00 am","71.5","86.6","73.2","67.3","point"
"2024-05-04 06:00:00 am","72.5","86.3","74.3","68.1","point"
"2024-05-04 08:00:00 am","72.1","89.7","73.9","68.9","point"
"2024-05-04 10:00:00 am","75.1","84.0","77.5","70.0","point"
"2024-05-04 12:00:00 pm","78.3","75.4","81.5","69.9","point"
"2024-05-04 02:00:00 pm","80.0","68.5","83.1","68.7","point"
"2024-05-04 04:00:00 pm","80.3","64.1","82.9","67.1","point"
"2024-05-04 06:00:00 pm","79.0","68.9","81.7","67.9","point"
"2024-05-04 08:00:00 pm","75.6","84.5","78.1","70.6","point"
"2024-05-04 10:00:00 pm","73.3","88.5","75.6","69.6","point"
"2024-05-05 12:00:00 am","70.7","90.9","72.5","67.9","point"
"2024-05-05 02:00:00 am","68.9","89.9","70.2","65.9","point"
"2024-05-05 04:00:00 am","68.3","91.4","69.4","65.7","point"
"2024-05-05 06:00:00 am","66.4","88.0","66.9","62.8","point"
"2024-05-05 08:00:00 am","69.1","90.4","70.3","66.1","point"
"2024-05-05 10:00:00 am","72.0","80.9","73.4","65.9","point"
"2024-05-05 12:00:00 pm","76.1","73.1","77.2","66.8","point"
"2024-05-05 02:00:00 pm","78.1","64.1","79.3","65.0","point"
"2024-05-05 04:00:00 pm","79.1","66.6","81.3","67.0","point"
"2024-05-05 06:00:00 pm","77.6","69.2","79.3","66.7","point"
"2024-05-05 08:00:00 pm","74.8","84.9","77.2","69.9","point"
"2024-05-05 10:00:00 pm","73.1","89.6","75.4","69.8","point"
"2024-05-06 12:00:00 am","71.7","89.6","73.4","68.4","point"
"2024-05-06 02:00:00 am","71.2","89.8","72.7","68.0","point"
"2024-05-06 04:00:00 am","71.2","91.5","72.9","68.6","point"
"2024-05-06 06:00:00 am","71.1","92.7","72.9","68.8","point"
"2024-05-06 08:00:00 am","71.2","89.3","72.7","67.9","point"
"2024-05-06 10:00:00 am","73.1","84.5","75.0","68.1","point"
"2024-05-06 12:00:00 pm","76.4","80.2","78.4","69.8","point"
"2024-05-06 02:00:00 pm","78.0","75.5","81.0","69.6","point"
"2024-05-06 04:00:00 pm","78.3","76.1","81.7","70.2","point"
"2024-05-06 06:00:00 pm","76.3","81.2","78.6","70.1","point"
"2024-05-06 08:00:00 pm","74.4","86.5","76.8","70.2","point"
"2024-05-06 10:00:00 pm","73.2","88.8","75.4","69.7","point"
"2024-05-07 12:00:00 am","72.9","91.8","75.4","70.4","point"
"2024-05-07 02:00:00 am","72.6","93.1","75.0","70.5","point"
"2024-05-07 04:00:00 am","72.2","93.1","74.5","70.1","point"
"2024-05-07 06:00:00 am","72.0","92.6","74.1","69.7","point"
"2024-05-07 08:00:00 am","68.9","92.5","70.3","66.7","point"
"2024-05-07 10:00:00 am","72.4","96.3","75.0","71.3","point"
"2024-05-07 12:00:00 pm","75.7","91.2","79.0","73.0","point"
"2024-05-07 02:00:00 pm","78.4","87.1","83.7","74.2","point"
"2024-05-07 04:00:00 pm","76.3","90.1","79.9","73.2","point"
"2024-05-07 06:00:00 pm","75.0","94.9","78.4","73.4","point"
"2024-05-07 08:00:00 pm","73.5","96.5","76.6","72.4","point"
"2024-05-07 10:00:00 pm","73.7","97.0","76.8","72.7","point"
"2024-05-08 12:00:00 am","72.6","97.4","75.2","71.8","point"
"2024-05-08 02:00:00 am","71.7","97.6","74.1","71.0","point"
"2024-05-08 04:00:00 am","71.1","97.7","73.2","70.4","point"
"2024-05-08 06:00:00 am","69.9","97.6","71.8","69.2","point"
"2024-05-08 08:00:00 am","71.5","97.7","73.8","70.7","point"
"2024-05-08 10:00:00 am","73.8","96.6","77.0","72.8","point"
"2024-05-08 12:00:00 pm","78.2","81.7","82.2","72.2","point"
"2024-05-08 02:00:00 pm","79.4","86.4","86.0","75.0","point"
"2024-05-08 04:00:00 pm","80.4","82.8","86.9","74.7","point"
"2024-05-08 06:00:00 pm","66.1","94.2","67.1","64.3","point"
"2024-05-08 08:00:00 pm","68.9","94.6","70.5","67.3","point"
"2024-05-08 10:00:00 pm","71.1","96.2","73.0","69.9","point"
"2024-05-09 12:00:00 am","71.4","96.5","73.4","70.3","point"
"2024-05-09 02:00:00 am","70.3","96.5","72.0","69.3","point"
"2024-05-09 04:00:00 am","70.1","96.6","71.8","69.1","point"
"2024-05-09 06:00:00 am","70.1","97.0","71.8","69.2","point"
"2024-05-09 08:00:00 am","71.1","96.8","73.0","70.1","point"
"2024-05-09 10:00:00 am","73.0","92.8","75.4","70.7","point"
"2024-05-09 12:00:00 pm","76.2","86.8","79.2","72.0","point"
"2024-05-09 02:00:00 pm","78.1","81.9","82.4","72.1","point"
"2024-05-09 04:00:00 pm","67.4","91.1","68.4","64.7","point"
"2024-05-09 06:00:00 pm","69.2","96.3","70.7","68.1","point"
"2024-05-09 08:00:00 pm","70.5","92.1","72.0","68.1","point"
"2024-05-09 10:00:00 pm","71.0","94.9","72.9","69.5","point"
"2024-05-10 12:00:00 am","71.4","96.3","73.4","70.3","point"
"2024-05-10 02:00:00 am","71.0","96.5","72.9","69.9","point"
"2024-05-10 04:00:00 am","70.2","96.7","72.0","69.2","point"
"2024-05-10 06:00:00 am","69.6","96.8","71.2","68.6","point"
"2024-05-10 08:00:00 am","70.5","97.1","72.3","69.6","point"
"2024-05-10 10:00:00 am","73.5","94.3","76.5","71.7","point"
"2024-05-10 12:00:00 pm","76.8","87.4","80.6","72.8","point"
"2024-05-10 02:00:00 pm","77.2","84.8","80.6","72.2","point"
"2024-05-10 04:00:00 pm","77.6","82.5","81.3","71.9","point"
"2024-05-10 06:00:00 pm","76.7","87.2","80.1","72.6","point"
"2024-05-10 08:00:00 pm","74.9","93.0","78.3","72.7","point"
"2024-05-10 10:00:00 pm","73.7","95.1","76.8","72.2","point"
"2024-05-11 12:00:00 am","72.7","95.5","75.4","71.3","point"
"2024-05-11 02:00:00 am","70.1","90.5","71.6","67.2","point"
"2024-05-11 04:00:00 am","70.0","91.3","71.6","67.4","point"
"2024-05-11 06:00:00 am","70.3","89.4","71.6","67.0","point"
"2024-05-11 08:00:00 am","70.9","90.3","72.7","67.9","point"
"2024-05-11 10:00:00 am","75.5","84.5","77.9","70.5","point"
"2024-05-11 12:00:00 pm","78.1","83.9","82.8","72.8","point"
"2024-05-11 02:00:00 pm","79.5","81.3","84.9","73.3","point"
"2024-05-11 04:00:00 pm","70.2","95.8","72.0","68.9","point"
"2024-05-11 06:00:00 pm","69.3","96.3","71.1","68.2","point"
"2024-05-11 08:00:00 pm","70.3","96.7","72.0","69.3","point"
"2024-05-11 10:00:00 pm","71.0","97.1","72.9","70.1","point"
"2024-05-12 12:00:00 am","70.9","97.4","72.9","70.1","point"
"2024-05-12 02:00:00 am","71.4","97.6","73.6","70.6","point"
"2024-05-12 04:00:00 am","70.9","97.7","73.0","70.2","point"
"2024-05-12 06:00:00 am","70.2","97.7","72.1","69.5","point"
"2024-05-12 08:00:00 am","71.3","97.8","73.6","70.7","point"
"2024-05-12 10:00:00 am","74.0","97.6","77.5","73.3","point"
"2024-05-12 12:00:00 pm","76.8","90.8","80.6","73.9","point"
"2024-05-12 02:00:00 pm","75.9","95.9","79.9","74.6","point"
"2024-05-12 04:00:00 pm","68.6","89.6","69.6","65.4","point"
"2024-05-12 06:00:00 pm","67.0","97.2","68.4","66.1","point"
"2024-05-12 08:00:00 pm","69.1","97.7","70.9","68.4","point"
"2024-05-12 10:00:00 pm","68.5","97.7","70.2","67.8","point"
"2024-05-13 12:00:00 am","69.9","97.9","71.8","69.2","point"
"2024-05-13 02:00:00 am","70.0","97.8","72.0","69.4","point"
"2024-05-13 04:00:00 am","69.1","97.9","70.7","68.5","point"
"2024-05-13 06:00:00 am","65.4","98.2","66.7","64.9","point"
"2024-05-13 08:00:00 am","66.0","98.3","67.3","65.5","point"
"2024-05-13 10:00:00 am","67.4","98.4","68.9","66.9","point"
"2024-05-13 12:00:00 pm","73.3","97.1","76.3","72.5","point"
"2024-05-13 02:00:00 pm","75.8","86.7","78.6","71.6","point"
"2024-05-13 04:00:00 pm","76.2","90.7","79.7","73.3","point"
"2024-05-13 06:00:00 pm","74.4","94.1","77.7","72.6","point"
"2024-05-13 08:00:00 pm","72.8","94.4","75.4","71.0","point"
"2024-05-13 10:00:00 pm","71.0","90.0","72.7","68.0","point"
"2024-05-14 12:00:00 am","70.9","93.9","72.9","69.0","point"
"2024-05-14 02:00:00 am","70.5","95.5","72.1","69.1","point"
"2024-05-14 04:00:00 am","69.7","96.4","71.4","68.6","point"
"2024-05-14 06:00:00 am","68.6","96.7","70.2","67.6","point"
"2024-05-14 08:00:00 am","69.4","97.3","71.1","68.5","point"
"2024-05-14 10:00:00 am","71.7","97.1","73.9","70.8","point"
"2024-05-14 12:00:00 pm","74.7","89.2","77.5","71.3","point"
"2024-05-14 02:00:00 pm","76.4","88.8","79.7","72.8","point"
"2024-05-14 04:00:00 pm","75.0","91.6","78.1","72.4","point"
"2024-05-14 06:00:00 pm","73.8","96.4","77.0","72.7","point"
"2024-05-14 08:00:00 pm","72.9","96.6","75.7","71.9","point"
"2024-05-14 10:00:00 pm","72.3","97.2","75.0","71.5","point"
"2024-05-15 12:00:00 am","72.0","97.5","74.5","71.2","point"
"2024-05-15 02:00:00 am","71.5","97.7","73.8","70.8","point"
"2024-05-15 04:00:00 am","71.2","97.8","73.2","70.6","point"
"2024-05-15 06:00:00 am","70.9","97.9","73.0","70.3","point"
"2024-05-15 08:00:00 am","67.2","97.5","68.7","66.5","point"
"2024-05-15 10:00:00 am","71.8","97.3","74.1","71.0","point"
"2024-05-15 12:00:00 pm","76.1","88.2","79.2","72.3","point"
"2024-05-15 02:00:00 pm","77.3","88.4","81.5","73.6","point"
"2024-05-15 04:00:00 pm","78.7","86.4","84.4","74.3","point"
"2024-05-15 06:00:00 pm","69.4","95.9","71.1","68.1","point"
"2024-05-15 08:00:00 pm","70.1","96.9","71.8","69.1","point"
"2024-05-15 10:00:00 pm","70.5","97.1","72.1","69.6","point"
"2024-05-16 12:00:00 am","71.8","97.5","74.1","71.1","point"
"2024-05-16 02:00:00 am","71.3","97.6","73.6","70.5","point"
"2024-05-16 04:00:00 am","69.8","97.7","71.6","69.1","point"
"2024-05-16 06:00:00 am","70.5","97.7","72.3","69.8","point"
"2024-05-16 08:00:00 am","71.3","97.8","73.6","70.6","point"
"2024-05-16 10:00:00 am","72.7","97.6","75.7","72.0","point"
"2024-05-16 12:00:00 pm","75.5","93.3","79.0","73.5","point"
"2024-05-16 02:00:00 pm","76.5","89.3","80.1","73.1","point"
"2024-05-16 04:00:00 pm","76.4","90.4","79.9","73.4","point"
"2024-05-16 06:00:00 pm","73.4","93.3","75.9","71.3","point"
"2024-05-16 08:00:00 pm","69.3","96.4","71.1","68.2","point"
"2024-05-16 10:00:00 pm","70.2","97.2","72.0","69.4","point"
"2024-05-17 12:00:00 am","69.4","97.4","71.1","68.6","point"
"2024-05-17 02:00:00 am","70.0","97.6","72.0","69.3","point"
"2024-05-17 04:00:00 am","70.4","97.7","72.3","69.7","point"
"2024-05-17 06:00:00 am","69.3","97.7","71.2","68.6","point"
"2024-05-17 08:00:00 am","69.9","97.6","71.8","69.2","point"
"2024-05-17 10:00:00 am","72.9","97.0","75.7","72.0","point"
"2024-05-17 12:00:00 pm","76.3","90.4","79.9","73.3","point"
"2024-05-17 02:00:00 pm","71.6","96.8","73.9","70.7","point"
"2024-05-17 04:00:00 pm","73.6","97.3","76.8","72.8","point"
"2024-05-17 06:00:00 pm","71.9","97.6","74.3","71.2","point"
"2024-05-17 08:00:00 pm","71.4","97.7","73.6","70.7","point"
"2024-05-17 10:00:00 pm","71.2","97.7","73.2","70.5","point"
"2024-05-18 12:00:00 am","68.9","97.9","70.7","68.3","point"
"2024-05-18 02:00:00 am","67.9","98.1","69.6","67.4","point"
"2024-05-18 04:00:00 am","68.1","98.1","69.8","67.6","point"
"2024-05-18 06:00:00 am","68.0","98.2","69.8","67.5","point"
"2024-05-18 08:00:00 am","69.5","98.2","71.4","69.0","point"
"2024-05-18 10:00:00 am","71.7","98.1","74.1","71.1","point"
"2024-05-18 12:00:00 pm","73.6","94.6","76.6","72.0","point"
"2024-05-18 02:00:00 pm","76.6","91.2","80.2","73.8","point"
"2024-05-18 04:00:00 pm","71.9","94.1","74.1","70.1","point"
"2024-05-18 06:00:00 pm","69.2","97.2","70.7","68.4","point"
"2024-05-18 08:00:00 pm","70.5","97.7","72.3","69.8","point"
"2024-05-18 10:00:00 pm","70.5","97.9","72.5","69.9","point"
"2024-05-19 12:00:00 am","70.5","98.1","72.5","69.9","point"
"2024-05-19 02:00:00 am","69.9","98.2","71.8","69.3","point"
"2024-05-19 04:00:00 am","68.5","98.1","70.2","68.0","point"
"2024-05-19 06:00:00 am","67.7","98.0","69.3","67.1","point"
"2024-05-19 08:00:00 am","69.7","97.8","71.6","69.0","point"
"2024-05-19 10:00:00 am","72.4","97.0","75.0","71.5","point"
"2024-05-19 12:00:00 pm","72.4","96.4","75.0","71.3","point"
"2024-05-19 02:00:00 pm","74.1","93.6","77.0","72.1","point"
"2024-05-19 04:00:00 pm","74.2","94.0","77.4","72.4","point"
"2024-05-19 06:00:00 pm","73.9","95.2","77.0","72.4","point"
"2024-05-19 08:00:00 pm","72.4","96.5","75.0","71.4","point"
"2024-05-19 10:00:00 pm","68.7","97.2","70.2","67.9","point"
"2024-05-20 12:00:00 am","69.3","97.7","71.2","68.6","point"
"2024-05-20 02:00:00 am","68.4","97.7","70.2","67.7","point"
"2024-05-20 04:00:00 am","69.2","97.9","70.9","68.6","point"
"2024-05-20 06:00:00 am","69.4","98.0","71.2","68.8","point"
"2024-05-20 08:00:00 am","69.7","98.1","71.6","69.1","point"
"2024-05-20 10:00:00 am","71.1","98.1","73.2","70.5","point"
"2024-05-20 12:00:00 pm","72.1","98.0","74.8","71.5","point"
"2024-05-20 02:00:00 pm","74.7","95.0","78.3","73.2","point"
"2024-05-20 04:00:00 pm","72.3","97.1","74.7","71.4","point"
"2024-05-20 06:00:00 pm","71.6","97.7","74.1","70.9","point"
"2024-05-20 08:00:00 pm","71.1","98.0","73.2","70.4","point"
"2024-05-20 10:00:00 pm","70.3","98.2","72.1","69.7","point"
"2024-05-21 12:00:00 am","70.0","98.3","72.0","69.5","point"
"2024-05-21 02:00:00 am","68.8","98.4","70.5","68.3","point"
"2024-05-21 04:00:00 am","68.3","98.4","70.0","67.9","point"
"2024-05-21 06:00:00 am","69.0","98.2","70.7","68.5","point"
"2024-05-21 08:00:00 am","69.6","97.8","71.6","69.0","point"
"2024-05-21 10:00:00 am","72.8","96.7","75.6","71.8","point"
"2024-05-21 12:00:00 pm","76.4","87.7","79.5","72.4","point"
"2024-05-21 02:00:00 pm","79.3","81.2","84.4","73.0","point"
"2024-05-21 04:00:00 pm","74.3","94.6","77.4","72.6","point"
"2024-05-21 06:00:00 pm","72.0","96.4","74.5","70.9","point"
"2024-05-21 08:00:00 pm","71.4","97.6","73.6","70.7","point"
"2024-05-21 10:00:00 pm","71.0","97.9","73.0","70.4","point"
"2024-05-22 12:00:00 am","70.7","98.1","72.5","70.1","point"
"2024-05-22 02:00:00 am","69.9","98.2","71.8","69.3","point"
"2024-05-22 04:00:00 am","69.9","98.3","71.8","69.4","point"
"2024-05-22 06:00:00 am","69.4","98.3","71.2","68.8","point"
"2024-05-22 08:00:00 am","70.5","98.3","72.5","70.0","point"
"2024-05-22 10:00:00 am","74.0","98.1","77.5","73.5","point"
"2024-05-22 12:00:00 pm","76.1","92.0","79.9","73.6","point"
"2024-05-22 02:00:00 pm","77.6","86.3","82.0","73.2","point"
"2024-05-22 04:00:00 pm","77.2","92.6","82.2","74.9","point"
"2024-05-22 06:00:00 pm","75.0","94.6","78.4","73.3","point"
"2024-05-22 08:00:00 pm","72.8","96.9","75.6","71.9","point"
"2024-05-22 10:00:00 pm","72.5","97.5","75.2","71.7","point"
"2024-05-23 12:00:00 am","72.9","97.6","75.9","72.1","point"
"2024-05-23 02:00:00 am","70.2","97.6","72.1","69.5","point"
"2024-05-23 04:00:00 am","68.4","95.3","69.8","67.0","point"
"2024-05-23 06:00:00 am","70.6","96.3","72.3","69.5","point"
"2024-05-23 08:00:00 am","72.8","96.9","75.6","71.9","point"
"2024-05-23 10:00:00 am","74.3","93.8","77.5","72.4","point"
"2024-05-23 12:00:00 pm","76.1","93.1","79.7","73.9","point"
"2024-05-23 02:00:00 pm","74.8","94.6","78.1","73.1","point"
"2024-05-23 04:00:00 pm","74.0","96.0","77.2","72.8","point"
"2024-05-23 06:00:00 pm","73.2","97.2","76.1","72.3","point"
"2024-05-23 08:00:00 pm","73.0","97.8","75.9","72.3","point"
"2024-05-23 10:00:00 pm","72.9","98.0","75.9","72.2","point"
"2024-05-24 12:00:00 am","71.8","98.1","74.3","71.2","point"
"2024-05-24 02:00:00 am","71.9","98.1","74.3","71.3","point"
"2024-05-24 04:00:00 am","72.1","98.1","74.7","71.5","point"
"2024-05-24 06:00:00 am","72.1","98.1","74.7","71.5","point"
"2024-05-24 08:00:00 am","70.9","98.3","73.0","70.4","point"
"2024-05-24 10:00:00 am","71.0","98.4","73.0","70.6","point"
"2024-05-24 12:00:00 pm","72.5","98.4","75.2","72.0","point"
"2024-05-24 02:00:00 pm","72.1","98.3","74.7","71.6","point"
"2024-05-24 04:00:00 pm","72.4","98.4","75.2","71.9","point"
"2024-05-24 06:00:00 pm","72.5","98.5","75.2","72.0","point"
"2024-05-24 08:00:00 pm","68.7","98.4","70.5","68.2","point"
"2024-05-24 10:00:00 pm","68.0","98.7","69.8","67.6","point"
"2024-05-25 12:00:00 am","67.7","98.7","69.3","67.4","point"
"2024-05-25 02:00:00 am","66.7","98.6","68.2","66.3","point"
"2024-05-25 04:00:00 am","66.0","98.8","67.3","65.6","point"
"2024-05-25 06:00:00 am","66.1","98.7","67.5","65.7","point"
"2024-05-25 08:00:00 am","66.3","98.6","67.6","65.9","point"
"2024-05-25 10:00:00 am","67.6","98.7","69.1","67.2","point"
"2024-05-25 12:00:00 pm","69.2","98.6","70.9","68.8","point"
"2024-05-25 02:00:00 pm","69.3","98.6","71.2","68.9","point"
"2024-05-25 04:00:00 pm","69.7","98.6","71.6","69.3","point"
"2024-05-25 06:00:00 pm","69.2","98.6","70.9","68.8","point"
"2024-05-25 08:00:00 pm","69.2","98.6","70.9","68.8","point"
"2024-05-25 10:00:00 pm","69.7","98.5","71.6","69.2","point"
"2024-05-26 12:00:00 am","70.0","98.4","72.0","69.5","point"
"2024-05-26 02:00:00 am","69.9","98.4","71.8","69.4","point"
"2024-05-26 04:00:00 am","69.9","98.2","71.8","69.4","point"
"2024-05-26 06:00:00 am","70.5","98.3","72.3","70.0","point"
"2024-05-26 08:00:00 am","71.0","98.3","73.0","70.4","point"
"2024-05-26 10:00:00 am","71.2","98.4","73.2","70.7","point"
"2024-05-26 12:00:00 pm","70.7","98.5","72.9","70.3","point"
"2024-05-26 02:00:00 pm","73.5","97.0","76.6","72.6","point"
"2024-05-26 04:00:00 pm","71.8","96.5","74.1","70.8","point"
"2024-05-26 06:00:00 pm","71.4","97.5","73.4","70.6","point"
"2024-05-26 08:00:00 pm","70.7","97.8","72.5","70.0","point"
"2024-05-26 10:00:00 pm","70.4","97.7","72.3","69.8","point"
"2024-05-27 12:00:00 am","70.4","97.7","72.3","69.7","point"
