"Device Name","D2 - 2822657"
"Device Model","Kestrel DROP 2"
"Serial Number","2822657"
"FORMATTED DATE_TIME","Temperature","Relative Humidity","Heat Index","Dew Point","Data Type","Record name","Start time","Duration (H:M:S)","Location description","Location address","Location coordinates","Notes"
"YYYY-MM-DD HH:MM:SS","°F","%","°F","°F"
"2024-01-09 07:00:00 pm","72.8","82.6","74.5","67.1","point"
"2024-01-09 09:00:00 pm","72.3","83.3","73.9","66.9","point"
"2024-01-09 11:00:00 pm","71.3","84.6","72.7","66.4","point"
"2024-01-10 01:00:00 am","70.8","83.2","72.1","65.4","point"
"2024-01-10 03:00:00 am","70.0","81.3","71.1","64.0","point"
"2024-01-10 05:00:00 am","69.4","81.3","70.2","63.4","point"
"2024-01-10 07:00:00 am","69.0","81.9","69.6","63.2","point"
"2024-01-10 09:00:00 am","69.2","82.3","69.8","63.6","point"
"2024-01-10 11:00:00 am","70.9","81.3","72.1","64.9","point"
"2024-01-10 01:00:00 pm","72.6","73.7","73.6","63.7","point"
"2024-01-10 03:00:00 pm","72.7","74.3","73.8","64.0","point"
"2024-01-10 05:00:00 pm","72.6","77.2","73.8","65.0","point"
"2024-01-10 07:00:00 pm","72.3","79.7","73.6","65.7","point"
"2024-01-10 09:00:00 pm","71.5","79.7","72.7","64.9","point"
"2024-01-10 11:00:00 pm","71.9","76.3","72.9","64.0","point"
"2024-01-11 01:00:00 am","70.4","78.2","71.2","63.3","point"
"2024-01-11 03:00:00 am","70.1","77.7","70.7","62.7","point"
"2024-01-11 05:00:00 am","69.2","78.2","69.6","62.1","point"
"2024-01-11 07:00:00 am","69.1","79.8","69.8","62.6","point"
"2024-01-11 09:00:00 am","68.3","78.3","68.5","61.3","point"
"2024-01-11 11:00:00 am","70.7","68.6","71.2","59.9","point"
"2024-01-11 01:00:00 pm","69.6","79.0","70.3","62.8","point"
"2024-01-11 03:00:00 pm","73.0","70.5","73.6","62.8","point"
"2024-01-11 05:00:00 pm","72.8","73.6","73.8","63.9","point"
"2024-01-11 07:00:00 pm","68.0","88.0","68.7","64.3","point"
"2024-01-11 09:00:00 pm","64.5","92.8","65.1","62.3","point"
"2024-01-11 11:00:00 pm","63.8","94.3","64.6","62.1","point"
"2024-01-12 01:00:00 am","64.0","94.2","64.8","62.3","point"
"2024-01-12 03:00:00 am","64.5","89.3","64.8","61.2","point"
"2024-01-12 05:00:00 am","64.2","90.3","64.6","61.3","point"
"2024-01-12 07:00:00 am","63.2","91.1","63.7","60.6","point"
"2024-01-12 09:00:00 am","64.1","87.9","64.2","60.4","point"
"2024-01-12 11:00:00 am","68.0","82.4","68.4","62.4","point"
"2024-01-12 01:00:00 pm","70.6","78.6","71.4","63.6","point"
"2024-01-12 03:00:00 pm","73.1","67.9","73.6","61.9","point"
"2024-01-12 05:00:00 pm","72.7","72.0","73.6","63.1","point"
"2024-01-12 07:00:00 pm","67.4","85.5","67.8","62.9","point"
"2024-01-12 09:00:00 pm","63.9","91.8","64.4","61.5","point"
"2024-01-12 11:00:00 pm","62.3","94.0","63.1","60.6","point"
"2024-01-13 01:00:00 am","62.5","94.9","63.3","61.0","point"
"2024-01-13 03:00:00 am","62.5","96.3","63.5","61.4","point"
"2024-01-13 05:00:00 am","61.7","95.6","62.4","60.4","point"
"2024-01-13 07:00:00 am","62.4","97.6","63.5","61.7","point"
"2024-01-13 09:00:00 am","64.6","95.4","65.3","63.2","point"
"2024-01-13 11:00:00 am","67.9","86.8","68.7","63.9","point"
"2024-01-13 01:00:00 pm","71.5","75.7","72.5","63.4","point"
"2024-01-13 03:00:00 pm","72.9","75.1","74.1","64.6","point"
"2024-01-13 05:00:00 pm","72.6","83.0","74.3","67.1","point"
"2024-01-13 07:00:00 pm","68.3","91.3","69.4","65.7","point"
"2024-01-13 09:00:00 pm","65.7","95.3","66.7","64.3","point"
"2024-01-13 11:00:00 pm","64.1","97.3","65.1","63.3","point"
"2024-01-14 01:00:00 am","65.0","95.7","66.2","63.8","point"
"2024-01-14 03:00:00 am","64.5","97.2","65.5","63.6","point"
"2024-01-14 05:00:00 am","63.5","95.6","64.4","62.3","point"
"2024-01-14 07:00:00 am","63.9","96.7","64.9","62.9","point"
"2024-01-14 09:00:00 am","65.5","96.4","66.7","64.5","point"
"2024-01-14 11:00:00 am","69.5","85.6","70.5","65.0","point"
"2024-01-14 01:00:00 pm","72.6","74.5","73.6","64.1","point"
"2024-01-14 03:00:00 pm","73.4","72.8","74.5","64.2","point"
"2024-01-14 05:00:00 pm","73.4","84.2","75.4","68.4","point"
"2024-01-14 07:00:00 pm","69.3","91.2","70.7","66.6","point"
"2024-01-14 09:00:00 pm","64.3","94.2","65.1","62.6","point"
"2024-01-14 11:00:00 pm","67.7","82.3","68.0","62.2","point"
"2024-01-15 01:00:00 am","67.2","85.0","67.6","62.5","point"
"2024-01-15 03:00:00 am","63.5","89.9","63.7","60.5","point"
"2024-01-15 05:00:00 am","64.0","92.0","64.6","61.6","point"
"2024-01-15 07:00:00 am","62.3","93.9","63.1","60.6","point"
"2024-01-15 09:00:00 am","64.2","96.1","65.1","63.1","point"
"2024-01-15 11:00:00 am","68.3","89.9","69.3","65.3","point"
"2024-01-15 01:00:00 pm","71.2","77.9","72.1","63.9","point"
"2024-01-15 03:00:00 pm","72.1","77.8","73.2","64.8","point"
"2024-01-15 05:00:00 pm","71.8","79.6","73.2","65.2","point"
"2024-01-15 07:00:00 pm","67.6","89.5","68.4","64.4","point"
"2024-01-15 09:00:00 pm","64.6","95.1","65.3","63.1","point"
"2024-01-15 11:00:00 pm","62.5","96.3","63.5","61.4","point"
"2024-01-16 01:00:00 am","61.0","97.0","61.9","60.1","point"
"2024-01-16 03:00:00 am","59.7","97.0","60.6","58.9","point"
"2024-01-16 05:00:00 am","59.0","97.4","59.9","58.3","point"
"2024-01-16 07:00:00 am","59.3","97.0","60.1","58.4","point"
"2024-01-16 09:00:00 am","62.2","99.3","63.3","62.0","point"
"2024-01-16 11:00:00 am","66.9","95.8","68.4","65.7","point"
"2024-01-16 01:00:00 pm","70.4","81.0","71.4","64.3","point"
"2024-01-16 03:00:00 pm","71.3","81.5","72.5","65.3","point"
"2024-01-16 05:00:00 pm","71.0","87.7","72.5","67.1","point"
"2024-01-16 07:00:00 pm","68.6","92.2","70.0","66.3","point"
"2024-01-16 09:00:00 pm","66.1","96.7","67.3","65.1","point"
"2024-01-16 11:00:00 pm","64.9","98.2","66.4","64.4","point"
"2024-01-17 01:00:00 am","64.2","98.5","65.3","63.8","point"
"2024-01-17 03:00:00 am","64.2","98.8","65.3","63.8","point"
"2024-01-17 05:00:00 am","64.3","99.0","65.5","64.0","point"
"2024-01-17 07:00:00 am","65.1","99.7","66.6","65.0","point"
"2024-01-17 09:00:00 am","65.4","99.8","66.9","65.4","point"
"2024-01-17 11:00:00 am","68.9","93.0","70.3","66.8","point"
"2024-01-17 01:00:00 pm","70.5","91.4","72.1","67.9","point"
"2024-01-17 03:00:00 pm","70.9","89.1","72.5","67.5","point"
"2024-01-17 05:00:00 pm","71.0","83.5","72.3","65.7","point"
"2024-01-17 07:00:00 pm","67.0","92.2","68.0","64.7","point"
"2024-01-17 09:00:00 pm","67.5","97.7","69.1","66.8","point"
"2024-01-17 11:00:00 pm","66.5","98.1","68.0","65.9","point"
"2024-01-18 01:00:00 am","67.1","99.2","68.7","66.8","point"
"2024-01-18 03:00:00 am","64.5","98.0","65.7","63.9","point"
"2024-01-18 05:00:00 am","63.5","99.1","64.8","63.2","point"
"2024-01-18 07:00:00 am","62.2","99.4","63.5","62.0","point"
"2024-01-18 09:00:00 am","66.0","100.0","67.5","66.0","point"
"2024-01-18 11:00:00 am","69.2","93.2","70.5","67.1","point"
"2024-01-18 01:00:00 pm","70.6","89.1","72.0","67.2","point"
"2024-01-18 03:00:00 pm","72.4","89.7","74.5","69.2","point"
"2024-01-18 05:00:00 pm","71.9","88.6","73.6","68.4","point"
"2024-01-18 07:00:00 pm","69.4","93.7","70.7","67.5","point"
"2024-01-18 09:00:00 pm","66.8","97.4","68.2","66.0","point"
"2024-01-18 11:00:00 pm","65.5","98.4","66.9","65.0","point"
"2024-01-19 01:00:00 am","65.1","99.1","66.4","64.9","point"
"2024-01-19 03:00:00 am","64.6","99.4","65.8","64.4","point"
"2024-01-19 05:00:00 am","63.9","99.9","65.3","63.9","point"
"2024-01-19 07:00:00 am","63.1","100.0","64.4","63.1","point"
"2024-01-19 09:00:00 am","65.2","100.0","66.7","65.2","point"
"2024-01-19 11:00:00 am","69.0","97.0","70.5","68.1","point"
"2024-01-19 01:00:00 pm","71.4","92.2","73.2","69.0","point"
"2024-01-19 03:00:00 pm","73.1","89.1","75.4","69.7","point"
"2024-01-19 05:00:00 pm","72.2","91.3","74.5","69.6","point"
"2024-01-19 07:00:00 pm","70.1","95.8","71.8","68.8","point"
"2024-01-19 09:00:00 pm","68.9","99.5","70.9","68.8","point"
"2024-01-19 11:00:00 pm","66.3","98.8","67.6","66.0","point"
"2024-01-20 01:00:00 am","63.9","99.7","65.3","63.8","point"
"2024-01-20 03:00:00 am","64.7","100.0","66.0","64.7","point"
"2024-01-20 05:00:00 am","64.6","99.6","65.8","64.5","point"
"2024-01-20 07:00:00 am","63.9","100.0","65.3","63.9","point"
"2024-01-20 09:00:00 am","65.4","99.9","66.9","65.4","point"
"2024-01-20 11:00:00 am","68.7","96.8","70.3","67.8","point"
"2024-01-20 01:00:00 pm","71.7","90.4","73.6","68.7","point"
"2024-01-20 03:00:00 pm","71.8","88.5","73.6","68.2","point"
"2024-01-20 05:00:00 pm","72.7","91.5","75.2","70.1","point"
"2024-01-20 07:00:00 pm","70.3","96.0","72.0","69.1","point"
"2024-01-20 09:00:00 pm","67.0","98.7","68.5","66.7","point"
"2024-01-20 11:00:00 pm","64.9","98.8","66.0","64.5","point"
"2024-01-21 01:00:00 am","65.3","100.0","66.9","65.3","point"
"2024-01-21 03:00:00 am","64.1","100.0","65.5","64.1","point"
"2024-01-21 05:00:00 am","65.4","100.0","66.9","65.4","point"
"2024-01-21 07:00:00 am","65.4","100.0","66.9","65.4","point"
"2024-01-21 09:00:00 am","66.1","100.0","67.6","66.1","point"
"2024-01-21 11:00:00 am","69.1","97.8","70.9","68.5","point"
"2024-01-21 01:00:00 pm","72.2","85.6","73.9","67.7","point"
"2024-01-21 03:00:00 pm","74.4","84.4","76.6","69.4","point"
"2024-01-21 05:00:00 pm","73.4","86.3","75.6","69.1","point"
"2024-01-21 07:00:00 pm","71.1","91.5","72.9","68.5","point"
"2024-01-21 09:00:00 pm","70.3","98.0","72.1","69.6","point"
"2024-01-21 11:00:00 pm","67.4","99.0","68.9","67.1","point"
"2024-01-22 01:00:00 am","65.9","99.1","67.3","65.6","point"
"2024-01-22 03:00:00 am","64.3","99.0","65.5","64.0","point"
"2024-01-22 05:00:00 am","63.7","100.0","65.1","63.7","point"
"2024-01-22 07:00:00 am","62.5","99.7","63.9","62.4","point"
"2024-01-22 09:00:00 am","65.4","100.0","66.9","65.4","point"
"2024-01-22 11:00:00 am","69.9","96.4","71.6","68.8","point"
"2024-01-22 01:00:00 pm","73.0","88.3","75.0","69.3","point"
"2024-01-22 03:00:00 pm","73.3","88.6","75.6","69.7","point"
"2024-01-22 05:00:00 pm","73.0","87.5","75.0","69.1","point"
"2024-01-22 07:00:00 pm","69.9","94.0","71.6","68.1","point"
"2024-01-22 09:00:00 pm","68.8","97.2","70.3","68.0","point"
"2024-01-22 11:00:00 pm","66.8","98.7","68.4","66.4","point"
"2024-01-23 01:00:00 am","64.5","98.9","65.7","64.1","point"
"2024-01-23 03:00:00 am","64.2","99.7","65.5","64.1","point"
"2024-01-23 05:00:00 am","62.9","100.0","64.2","62.9","point"
"2024-01-23 07:00:00 am","61.4","99.0","62.6","61.2","point"
"2024-01-23 09:00:00 am","66.1","100.0","67.6","66.0","point"
"2024-01-23 11:00:00 am","69.5","93.9","71.1","67.6","point"
"2024-01-23 01:00:00 pm","71.7","85.2","73.2","67.0","point"
"2024-01-23 03:00:00 pm","73.6","89.1","76.1","70.2","point"
"2024-01-23 05:00:00 pm","73.0","88.9","75.2","69.5","point"
"2024-01-23 07:00:00 pm","70.0","90.1","71.6","66.9","point"
"2024-01-23 09:00:00 pm","66.1","95.8","67.3","64.9","point"
"2024-01-23 11:00:00 pm","63.5","97.8","64.8","62.9","point"
"2024-01-24 01:00:00 am","61.7","98.2","63.0","61.2","point"
"2024-01-24 03:00:00 am","59.9","98.3","61.0","59.4","point"
"2024-01-24 05:00:00 am","58.4","98.0","59.4","57.8","point"
"2024-01-24 07:00:00 am","57.0","98.8","57.9","56.6","point"
"2024-01-24 09:00:00 am","60.9","100.0","62.1","60.9","point"
"2024-01-24 11:00:00 am","67.7","89.0","68.5","64.4","point"
"2024-01-24 01:00:00 pm","69.8","86.7","71.1","65.7","point"
"2024-01-24 03:00:00 pm","71.1","83.8","72.5","66.0","point"
"2024-01-24 05:00:00 pm","70.4","82.3","71.4","64.8","point"
"2024-01-24 07:00:00 pm","67.6","90.8","68.5","64.8","point"
"2024-01-24 09:00:00 pm","66.0","93.2","66.7","64.0","point"
"2024-01-24 11:00:00 pm","62.6","96.3","63.5","61.5","point"
"2024-01-25 01:00:00 am","60.5","97.6","61.5","59.8","point"
"2024-01-25 03:00:00 am","58.2","96.2","59.0","57.1","point"
"2024-01-25 05:00:00 am","56.6","97.4","57.4","55.9","point"
"2024-01-25 07:00:00 am","56.3","98.0","57.2","55.7","point"
"2024-01-25 09:00:00 am","60.6","100.0","61.7","60.6","point"
"2024-01-25 11:00:00 am","67.7","88.9","68.5","64.3","point"
"2024-01-25 01:00:00 pm","70.4","84.7","71.6","65.5","point"
"2024-01-25 03:00:00 pm","71.2","80.8","72.3","65.0","point"
"2024-01-25 05:00:00 pm","70.6","84.4","71.8","65.7","point"
"2024-01-25 07:00:00 pm","68.1","91.4","69.3","65.5","point"
"2024-01-25 09:00:00 pm","66.2","97.0","67.3","65.3","point"
"2024-01-25 11:00:00 pm","64.1","98.3","65.3","63.6","point"
"2024-01-26 01:00:00 am","62.4","98.9","63.5","62.1","point"
"2024-01-26 03:00:00 am","60.8","98.5","61.7","60.4","point"
"2024-01-26 05:00:00 am","63.2","100.0","64.6","63.2","point"
"2024-01-26 07:00:00 am","62.5","99.0","63.7","62.2","point"
"2024-01-26 09:00:00 am","64.1","99.7","65.5","64.0","point"
"2024-01-26 11:00:00 am","67.6","92.3","68.7","65.3","point"
"2024-01-26 01:00:00 pm","70.5","79.8","71.4","63.9","point"
"2024-01-26 03:00:00 pm","73.2","73.0","74.1","64.0","point"
"2024-01-26 05:00:00 pm","72.8","70.2","73.4","62.5","point"
"2024-01-26 07:00:00 pm","68.3","89.7","69.3","65.1","point"
"2024-01-26 09:00:00 pm","64.3","95.3","65.1","62.9","point"
"2024-01-26 11:00:00 pm","61.9","96.9","63.0","61.0","point"
"2024-01-27 01:00:00 am","59.3","97.2","60.1","58.5","point"
"2024-01-27 03:00:00 am","58.6","96.2","59.4","57.5","point"
"2024-01-27 05:00:00 am","59.9","96.3","60.8","58.9","point"
"2024-01-27 07:00:00 am","60.4","96.9","61.3","59.5","point"
"2024-01-27 09:00:00 am","62.4","98.3","63.5","61.9","point"
"2024-01-27 11:00:00 am","68.1","81.2","68.5","62.1","point"
"2024-01-27 01:00:00 pm","70.1","76.7","70.7","62.4","point"
"2024-01-27 03:00:00 pm","71.8","70.3","72.5","61.6","point"
"2024-01-27 05:00:00 pm","72.7","65.7","73.0","60.5","point"
"2024-01-27 07:00:00 pm","66.7","82.0","66.7","61.0","point"
"2024-01-27 09:00:00 pm","61.8","90.1","62.2","58.8","point"
"2024-01-27 11:00:00 pm","61.3","92.0","61.9","58.9","point"
"2024-01-28 01:00:00 am","60.5","93.9","61.3","58.7","point"
"2024-01-28 03:00:00 am","59.8","94.1","60.6","58.2","point"
"2024-01-28 05:00:00 am","60.6","94.5","61.3","59.0","point"
"2024-01-28 07:00:00 am","59.8","96.9","60.6","58.9","point"
"2024-01-28 09:00:00 am","62.7","98.5","63.9","62.2","point"
"2024-01-28 11:00:00 am","66.8","89.9","67.5","63.7","point"
"2024-01-28 01:00:00 pm","69.9","77.6","70.5","62.5","point"
"2024-01-28 03:00:00 pm","71.6","74.2","72.5","63.0","point"
"2024-01-28 05:00:00 pm","72.2","70.2","72.9","62.0","point"
"2024-01-28 07:00:00 pm","67.7","86.1","68.4","63.4","point"
"2024-01-28 09:00:00 pm","64.1","93.3","64.8","62.1","point"
"2024-01-28 11:00:00 pm","61.1","95.3","61.9","59.7","point"
"2024-01-29 01:00:00 am","59.5","96.7","60.3","58.6","point"
"2024-01-29 03:00:00 am","58.7","97.1","59.5","57.8","point"
"2024-01-29 05:00:00 am","60.7","95.7","61.7","59.5","point"
"2024-01-29 07:00:00 am","61.1","95.2","61.9","59.7","point"
"2024-01-29 09:00:00 am","63.1","95.9","64.0","61.8","point"
"2024-01-29 11:00:00 am","67.0","91.9","68.0","64.6","point"
"2024-01-29 01:00:00 pm","70.2","78.8","71.1","63.2","point"
"2024-01-29 03:00:00 pm","72.3","69.2","73.0","61.7","point"
"2024-01-29 05:00:00 pm","71.8","81.2","73.2","65.7","point"
"2024-01-29 07:00:00 pm","68.2","89.3","69.3","64.9","point"
"2024-01-29 09:00:00 pm","63.9","95.2","64.8","62.4","point"
"2024-01-29 11:00:00 pm","61.1","96.6","62.1","60.1","point"
"2024-01-30 01:00:00 am","58.3","96.8","59.0","57.3","point"
"2024-01-30 03:00:00 am","62.7","84.0","62.6","57.8","point"
"2024-01-30 05:00:00 am","61.6","86.1","61.5","57.4","point"
"2024-01-30 07:00:00 am","61.6","88.2","61.7","58.1","point"
"2024-01-30 09:00:00 am","62.6","91.6","63.1","60.1","point"
"2024-01-30 11:00:00 am","67.5","88.1","68.4","63.8","point"
"2024-01-30 01:00:00 pm","70.9","71.9","71.6","61.4","point"
"2024-01-30 03:00:00 pm","72.7","73.5","73.8","63.7","point"
"2024-01-30 05:00:00 pm","71.4","69.8","72.0","61.0","point"
"2024-01-30 07:00:00 pm","66.5","83.6","66.7","61.4","point"
"2024-01-30 09:00:00 pm","64.3","92.4","64.9","62.0","point"
"2024-01-30 11:00:00 pm","61.7","95.7","62.6","60.5","point"
"2024-01-31 01:00:00 am","60.0","96.7","60.8","59.1","point"
"2024-01-31 03:00:00 am","58.2","96.6","59.0","57.2","point"
"2024-01-31 05:00:00 am","56.7","97.2","57.6","55.9","point"
"2024-01-31 07:00:00 am","55.8","97.5","56.7","55.1","point"
"2024-01-31 09:00:00 am","60.6","100.0","61.9","60.6","point"
"2024-01-31 11:00:00 am","67.8","82.0","68.4","62.2","point"
"2024-01-31 01:00:00 pm","70.7","69.7","71.1","60.3","point"
"2024-01-31 03:00:00 pm","71.2","66.8","71.6","59.6","point"
"2024-01-31 05:00:00 pm","71.3","73.2","72.1","62.2","point"
"2024-01-31 07:00:00 pm","65.9","85.9","66.2","61.6","point"
"2024-01-31 09:00:00 pm","61.4","93.0","62.1","59.4","point"
"2024-01-31 11:00:00 pm","58.9","95.0","59.5","57.5","point"
"2024-02-01 01:00:00 am","57.5","96.1","58.3","56.4","point"
"2024-02-01 03:00:00 am","56.7","95.8","57.6","55.5","point"
"2024-02-01 05:00:00 am","56.1","97.1","56.8","55.3","point"
"2024-02-01 07:00:00 am","54.9","97.1","55.6","54.1","point"
"2024-02-01 09:00:00 am","59.1","99.3","60.1","58.9","point"
"2024-02-01 11:00:00 am","68.2","76.4","68.4","60.5","point"
"2024-02-01 01:00:00 pm","70.7","77.8","71.8","63.5","point"
"2024-02-01 03:00:00 pm","71.3","78.3","72.3","64.2","point"
"2024-02-01 05:00:00 pm","71.0","79.4","72.1","64.3","point"
"2024-02-01 07:00:00 pm","67.9","90.2","69.1","64.9","point"
"2024-02-01 09:00:00 pm","63.8","94.7","64.6","62.2","point"
"2024-02-01 11:00:00 pm","61.6","96.4","62.6","60.6","point"
"2024-02-02 01:00:00 am","59.2","96.3","60.1","58.1","point"
"2024-02-02 03:00:00 am","59.0","96.7","59.9","58.1","point"
"2024-02-02 05:00:00 am","57.2","97.3","58.1","56.4","point"
"2024-02-02 07:00:00 am","55.8","97.3","56.7","55.0","point"
"2024-02-02 09:00:00 am","60.6","100.0","61.7","60.6","point"
"2024-02-02 11:00:00 am","68.5","86.7","69.4","64.3","point"
"2024-02-02 01:00:00 pm","71.3","79.5","72.5","64.7","point"
"2024-02-02 03:00:00 pm","72.2","73.7","73.2","63.3","point"
"2024-02-02 05:00:00 pm","71.7","77.7","72.7","64.4","point"
"2024-02-02 07:00:00 pm","69.4","87.8","70.5","65.6","point"
"2024-02-02 09:00:00 pm","65.0","94.6","66.0","63.4","point"
"2024-02-02 11:00:00 pm","62.4","96.4","63.3","61.3","point"
"2024-02-03 01:00:00 am","60.1","96.7","61.0","59.1","point"
"2024-02-03 03:00:00 am","58.6","97.4","59.4","57.9","point"
"2024-02-03 05:00:00 am","57.1","97.9","58.1","56.5","point"
"2024-02-03 07:00:00 am","60.4","100.0","61.7","60.4","point"
"2024-02-03 09:00:00 am","64.6","96.2","65.5","63.4","point"
"2024-02-03 11:00:00 am","70.8","86.4","72.3","66.5","point"
"2024-02-03 01:00:00 pm","72.6","83.2","74.3","67.2","point"
"2024-02-03 03:00:00 pm","73.1","85.4","75.0","68.5","point"
"2024-02-03 05:00:00 pm","73.1","83.0","74.8","67.6","point"
"2024-02-03 07:00:00 pm","70.4","90.1","72.0","67.4","point"
"2024-02-03 09:00:00 pm","67.9","95.5","69.3","66.5","point"
"2024-02-03 11:00:00 pm","65.9","97.7","67.3","65.2","point"
"2024-02-04 01:00:00 am","64.6","98.2","65.8","64.1","point"
"2024-02-04 03:00:00 am","65.2","100.0","66.7","65.2","point"
"2024-02-04 05:00:00 am","66.5","97.2","67.8","65.6","point"
"2024-02-04 07:00:00 am","66.2","95.8","67.5","65.0","point"
"2024-02-04 09:00:00 am","66.8","95.9","68.2","65.6","point"
"2024-02-04 11:00:00 am","70.6","89.3","72.0","67.3","point"
"2024-02-04 01:00:00 pm","72.6","80.7","74.1","66.3","point"
"2024-02-04 03:00:00 pm","74.8","74.0","75.9","65.9","point"
"2024-02-04 05:00:00 pm","74.6","80.1","76.3","68.0","point"
"2024-02-04 07:00:00 pm","71.5","91.0","73.4","68.8","point"
"2024-02-04 09:00:00 pm","68.9","95.7","70.3","67.6","point"
"2024-02-04 11:00:00 pm","66.8","98.1","68.4","66.3","point"
"2024-02-05 01:00:00 am","64.6","99.4","65.8","64.5","point"
"2024-02-05 03:00:00 am","61.9","98.4","63.1","61.4","point"
"2024-02-05 05:00:00 am","60.9","99.4","61.9","60.7","point"
"2024-02-05 07:00:00 am","63.5","88.4","63.7","60.0","point"
"2024-02-05 09:00:00 am","64.5","92.5","65.1","62.2","point"
"2024-02-05 11:00:00 am","69.7","85.6","70.7","65.2","point"
"2024-02-05 01:00:00 pm","73.1","73.1","74.1","64.0","point"
"2024-02-05 03:00:00 pm","76.0","60.9","75.9","61.5","point"
"2024-02-05 05:00:00 pm","75.8","59.4","75.6","60.6","point"
"2024-02-05 07:00:00 pm","70.3","85.9","71.4","65.8","point"
"2024-02-05 09:00:00 pm","67.6","92.7","68.7","65.4","point"
"2024-02-05 11:00:00 pm","66.3","95.9","67.5","65.1","point"
"2024-02-06 01:00:00 am","63.9","96.4","64.9","62.9","point"
"2024-02-06 03:00:00 am","61.9","97.7","63.1","61.2","point"
"2024-02-06 05:00:00 am","64.0","89.7","64.2","60.9","point"
"2024-02-06 07:00:00 am","63.5","93.3","64.0","61.5","point"
"2024-02-06 09:00:00 am","64.7","92.0","65.3","62.3","point"
"2024-02-06 11:00:00 am","70.3","81.9","71.2","64.5","point"
"2024-02-06 01:00:00 pm","74.8","59.7","74.5","59.9","point"
"2024-02-06 03:00:00 pm","77.5","51.8","76.6","58.3","point"
"2024-02-06 05:00:00 pm","77.5","50.4","76.5","57.6","point"
"2024-02-06 07:00:00 pm","69.6","73.9","70.2","60.9","point"
"2024-02-06 09:00:00 pm","64.9","87.0","64.9","60.9","point"
"2024-02-06 11:00:00 pm","63.1","92.5","63.7","60.9","point"
"2024-02-07 01:00:00 am","61.4","94.6","62.2","59.8","point"
"2024-02-07 03:00:00 am","61.7","94.9","62.4","60.2","point"
"2024-02-07 05:00:00 am","63.1","91.1","63.5","60.4","point"
"2024-02-07 07:00:00 am","63.7","90.4","64.2","60.9","point"
"2024-02-07 09:00:00 am","65.9","86.0","66.2","61.6","point"
"2024-02-07 11:00:00 am","72.0","62.5","72.1","58.5","point"
"2024-02-07 01:00:00 pm","76.1","51.8","75.0","57.1","point"
"2024-02-07 03:00:00 pm","77.8","50.4","77.0","57.9","point"
"2024-02-07 05:00:00 pm","77.5","62.2","77.9","63.6","point"
"2024-02-07 07:00:00 pm","71.2","81.1","72.3","65.0","point"
"2024-02-07 09:00:00 pm","67.2","90.9","68.2","64.4","point"
"2024-02-07 11:00:00 pm","64.6","94.0","65.3","62.8","point"
"2024-02-08 01:00:00 am","61.9","94.8","62.8","60.4","point"
"2024-02-08 03:00:00 am","64.9","90.2","65.7","62.0","point"
"2024-02-08 05:00:00 am","64.1","81.7","63.9","58.4","point"
"2024-02-08 07:00:00 am","63.3","81.1","63.0","57.4","point"
"2024-02-08 09:00:00 am","66.3","79.0","66.0","59.5","point"
"2024-02-08 11:00:00 am","72.6","67.2","73.0","61.1","point"
"2024-02-08 01:00:00 pm","76.2","58.9","75.9","60.8","point"
"2024-02-08 03:00:00 pm","77.5","65.0","78.4","64.8","point"
"2024-02-08 05:00:00 pm","75.4","72.1","76.6","65.8","point"
"2024-02-08 07:00:00 pm","71.9","81.3","73.2","65.8","point"
"2024-02-08 09:00:00 pm","67.3","91.3","68.4","64.7","point"
"2024-02-08 11:00:00 pm","64.9","95.2","66.0","63.5","point"
"2024-02-09 01:00:00 am","61.8","95.3","62.6","60.4","point"
"2024-02-09 03:00:00 am","60.2","95.9","61.0","59.0","point"
"2024-02-09 05:00:00 am","58.5","96.6","59.4","57.5","point"
"2024-02-09 07:00:00 am","57.4","96.8","58.3","56.5","point"
"2024-02-09 09:00:00 am","62.1","99.3","63.3","61.9","point"
"2024-02-09 11:00:00 am","71.6","72.8","72.3","62.3","point"
"2024-02-09 01:00:00 pm","74.9","65.0","75.2","62.3","point"
"2024-02-09 03:00:00 pm","77.2","66.2","77.9","65.0","point"
"2024-02-09 05:00:00 pm","75.8","78.0","77.7","68.4","point"
"2024-02-09 07:00:00 pm","71.7","88.0","73.4","67.9","point"
"2024-02-09 09:00:00 pm","68.1","94.1","69.4","66.3","point"
"2024-02-09 11:00:00 pm","67.4","95.9","68.7","66.2","point"
"2024-02-10 01:00:00 am","67.6","96.9","68.9","66.7","point"
"2024-02-10 03:00:00 am","65.7","91.0","66.4","63.0","point"
"2024-02-10 05:00:00 am","64.9","90.4","65.7","62.0","point"
"2024-02-10 07:00:00 am","62.6","94.7","63.5","61.1","point"
"2024-02-10 09:00:00 am","64.2","94.4","64.9","62.5","point"
"2024-02-10 11:00:00 am","71.9","79.0","73.0","65.0","point"
"2024-02-10 01:00:00 pm","75.2","69.5","76.1","64.6","point"
"2024-02-10 03:00:00 pm","76.7","54.3","75.9","59.0","point"
"2024-02-10 05:00:00 pm","76.5","71.5","77.7","66.6","point"
"2024-02-10 07:00:00 pm","72.7","85.5","74.7","68.1","point"
"2024-02-10 09:00:00 pm","70.6","94.7","72.3","68.9","point"
"2024-02-10 11:00:00 pm","67.2","96.5","68.5","66.2","point"
"2024-02-11 01:00:00 am","65.5","97.9","66.9","64.9","point"
"2024-02-11 03:00:00 am","63.3","98.5","64.4","62.9","point"
"2024-02-11 05:00:00 am","61.9","97.6","63.1","61.2","point"
"2024-02-11 07:00:00 am","62.5","97.1","63.5","61.7","point"
"2024-02-11 09:00:00 am","64.6","98.4","65.8","64.1","point"
"2024-02-11 11:00:00 am","72.5","79.0","73.9","65.6","point"
"2024-02-11 01:00:00 pm","73.5","68.4","73.9","62.5","point"
"2024-02-11 03:00:00 pm","75.2","55.9","74.5","58.4","point"
"2024-02-11 05:00:00 pm","75.6","51.8","74.7","56.6","point"
"2024-02-11 07:00:00 pm","67.7","71.0","67.3","58.0","point"
"2024-02-11 09:00:00 pm","63.3","86.9","63.3","59.3","point"
"2024-02-11 11:00:00 pm","61.4","92.2","62.1","59.1","point"
"2024-02-12 01:00:00 am","59.9","94.5","60.8","58.3","point"
"2024-02-12 03:00:00 am","59.3","95.1","59.9","57.9","point"
"2024-02-12 05:00:00 am","61.7","92.7","62.2","59.5","point"
"2024-02-12 07:00:00 am","61.8","94.0","62.6","60.0","point"
"2024-02-12 09:00:00 am","63.3","93.1","63.9","61.3","point"
"2024-02-12 11:00:00 am","71.0","61.6","71.1","57.1","point"
"2024-02-12 01:00:00 pm","73.9","52.6","73.0","55.5","point"
"2024-02-12 03:00:00 pm","75.4","47.6","73.9","54.2","point"
"2024-02-12 05:00:00 pm","75.7","48.8","74.3","55.0","point"
"2024-02-12 07:00:00 pm","68.7","63.1","68.0","55.6","point"
"2024-02-12 09:00:00 pm","65.7","86.1","65.8","61.5","point"
"2024-02-12 11:00:00 pm","62.6","91.5","63.1","60.1","point"
"2024-02-13 01:00:00 am","60.3","93.5","61.0","58.4","point"
"2024-02-13 03:00:00 am","58.7","94.3","59.4","57.0","point"
"2024-02-13 05:00:00 am","59.1","93.3","59.7","57.1","point"
"2024-02-13 07:00:00 am","58.6","94.6","59.2","57.1","point"
"2024-02-13 09:00:00 am","62.6","94.2","63.5","60.9","point"
"2024-02-13 11:00:00 am","70.4","76.9","71.2","62.8","point"
"2024-02-13 01:00:00 pm","73.1","58.1","72.9","57.5","point"
"2024-02-13 03:00:00 pm","76.2","45.1","74.5","53.4","point"
"2024-02-13 05:00:00 pm","75.7","60.7","75.6","61.1","point"
"2024-02-13 07:00:00 pm","69.9","75.3","70.5","61.7","point"
"2024-02-13 09:00:00 pm","65.7","89.0","66.2","62.4","point"
"2024-02-13 11:00:00 pm","63.2","93.9","64.0","61.4","point"
"2024-02-14 01:00:00 am","61.4","94.5","62.2","59.8","point"
"2024-02-14 03:00:00 am","60.4","95.4","61.2","59.1","point"
"2024-02-14 05:00:00 am","60.6","95.5","61.3","59.3","point"
"2024-02-14 07:00:00 am","62.7","95.5","63.5","61.4","point"
"2024-02-14 09:00:00 am","65.2","94.8","66.2","63.6","point"
"2024-02-14 11:00:00 am","72.6","76.4","73.8","64.7","point"
"2024-02-14 01:00:00 pm","74.7","65.1","75.0","62.2","point"
"2024-02-14 03:00:00 pm","76.8","51.9","75.9","57.8","point"
"2024-02-14 05:00:00 pm","76.6","47.7","75.0","55.3","point"
"2024-02-14 07:00:00 pm","72.8","76.0","73.9","64.8","point"
"2024-02-14 09:00:00 pm","71.1","90.4","72.9","68.1","point"
"2024-02-14 11:00:00 pm","67.4","93.7","68.5","65.5","point"
"2024-02-15 01:00:00 am","64.7","95.1","65.5","63.3","point"
"2024-02-15 03:00:00 am","62.9","96.4","63.9","61.8","point"
"2024-02-15 05:00:00 am","63.8","96.5","64.8","62.8","point"
"2024-02-15 07:00:00 am","64.6","95.5","65.3","63.2","point"
"2024-02-15 09:00:00 am","65.6","93.3","66.4","63.6","point"
"2024-02-15 11:00:00 am","72.0","81.6","73.4","66.0","point"
"2024-02-15 01:00:00 pm","74.1","71.5","74.8","64.3","point"
"2024-02-15 03:00:00 pm","75.3","58.9","75.0","60.0","point"
"2024-02-15 05:00:00 pm","75.3","56.6","74.7","58.8","point"
"2024-02-15 07:00:00 pm","69.1","81.4","69.8","63.2","point"
"2024-02-15 09:00:00 pm","64.9","90.8","65.7","62.2","point"
"2024-02-15 11:00:00 pm","62.2","94.2","63.0","60.5","point"
"2024-02-16 01:00:00 am","62.0","95.0","62.8","60.6","point"
"2024-02-16 03:00:00 am","61.9","94.3","62.8","60.2","point"
"2024-02-16 05:00:00 am","63.0","91.6","63.5","60.5","point"
"2024-02-16 07:00:00 am","63.1","90.4","63.5","60.2","point"
"2024-02-16 09:00:00 am","64.1","90.9","64.6","61.4","point"
"2024-02-16 11:00:00 am","70.1","72.4","70.5","60.8","point"
"2024-02-16 01:00:00 pm","74.7","55.4","74.1","57.7","point"
"2024-02-16 03:00:00 pm","76.7","48.8","75.4","56.0","point"
"2024-02-16 05:00:00 pm","76.6","49.8","75.4","56.5","point"
"2024-02-16 07:00:00 pm","70.7","75.2","71.8","62.5","point"
"2024-02-16 09:00:00 pm","66.0","87.0","66.4","62.0","point"
"2024-02-16 11:00:00 pm","63.9","92.8","64.6","61.7","point"
"2024-02-17 01:00:00 am","62.3","94.3","63.1","60.6","point"
"2024-02-17 03:00:00 am","62.0","95.2","62.8","60.5","point"
"2024-02-17 05:00:00 am","63.1","94.4","63.9","61.4","point"
"2024-02-17 07:00:00 am","64.1","94.0","64.9","62.3","point"
"2024-02-17 09:00:00 am","65.5","93.5","66.4","63.6","point"
"2024-02-17 11:00:00 am","70.6","79.3","71.6","63.9","point"
"2024-02-17 01:00:00 pm","75.0","67.1","75.4","63.3","point"
"2024-02-17 03:00:00 pm","77.4","57.9","77.4","61.4","point"
"2024-02-17 05:00:00 pm","76.6","69.6","77.5","65.9","point"
"2024-02-17 07:00:00 pm","73.5","77.3","74.8","66.0","point"
"2024-02-17 09:00:00 pm","70.3","90.7","71.8","67.4","point"
"2024-02-17 11:00:00 pm","66.5","94.4","67.6","64.9","point"
"2024-02-18 01:00:00 am","64.6","95.4","65.5","63.3","point"
"2024-02-18 03:00:00 am","62.8","96.2","63.7","61.6","point"
"2024-02-18 05:00:00 am","61.2","96.8","62.2","60.2","point"
"2024-02-18 07:00:00 am","59.7","96.7","60.4","58.8","point"
"2024-02-18 09:00:00 am","64.4","98.9","65.5","64.0","point"
"2024-02-18 11:00:00 am","72.1","83.6","73.6","66.8","point"
"2024-02-18 01:00:00 pm","74.5","77.4","76.1","67.0","point"
"2024-02-18 03:00:00 pm","75.8","76.3","77.4","67.8","point"
"2024-02-18 05:00:00 pm","74.8","78.4","76.5","67.6","point"
"2024-02-18 07:00:00 pm","72.6","83.5","74.3","67.3","point"
"2024-02-18 09:00:00 pm","67.7","93.9","69.1","65.9","point"
"2024-02-18 11:00:00 pm","66.3","96.3","67.5","65.2","point"
"2024-02-19 01:00:00 am","66.9","98.7","68.4","66.5","point"
"2024-02-19 03:00:00 am","66.4","99.9","68.0","66.4","point"
"2024-02-19 05:00:00 am","64.1","98.8","65.3","63.7","point"
"2024-02-19 07:00:00 am","65.9","97.5","67.3","65.2","point"
"2024-02-19 09:00:00 am","66.1","95.7","67.3","64.9","point"
"2024-02-19 11:00:00 am","70.9","88.2","72.5","67.2","point"
"2024-02-19 01:00:00 pm","74.5","76.8","76.1","66.8","point"
"2024-02-19 03:00:00 pm","76.2","73.5","77.4","67.1","point"
"2024-02-19 05:00:00 pm","75.7","73.9","77.0","66.8","point"
"2024-02-19 07:00:00 pm","72.9","79.9","74.5","66.3","point"
"2024-02-19 09:00:00 pm","69.2","91.7","70.5","66.7","point"
"2024-02-19 11:00:00 pm","66.8","95.5","68.0","65.5","point"
"2024-02-20 01:00:00 am","65.1","96.4","66.4","64.1","point"
"2024-02-20 03:00:00 am","64.8","97.0","65.8","63.9","point"
"2024-02-20 05:00:00 am","62.5","97.4","63.5","61.7","point"
"2024-02-20 07:00:00 am","61.0","98.0","61.9","60.4","point"
"2024-02-20 09:00:00 am","65.5","100.0","67.1","65.5","point"
"2024-02-20 10:00:00 am","67.8","97.7","69.6","67.2","point"
"2024-02-20 12:00:00 pm","73.2","83.0","75.2","67.7","point"
"2024-02-20 02:00:00 pm","74.7","82.0","76.8","68.8","point"
"2024-02-20 04:00:00 pm","75.9","81.8","78.1","69.9","point"
"2024-02-20 06:00:00 pm","74.0","82.9","75.9","68.5","point"
"2024-02-20 08:00:00 pm","72.9","92.5","75.4","70.5","point"
"2024-02-20 10:00:00 pm","69.4","96.4","71.1","68.3","point"
"2024-02-21 12:00:00 am","67.0","97.4","68.4","66.2","point"
"2024-02-21 02:00:00 am","67.1","98.5","68.7","66.7","point"
"2024-02-21 04:00:00 am","67.5","99.6","69.3","67.4","point"
"2024-02-21 06:00:00 am","66.0","98.4","67.3","65.5","point"
"2024-02-21 08:00:00 am","66.4","99.8","68.0","66.3","point"
"2024-02-21 10:00:00 am","69.5","94.8","71.1","67.9","point"
"2024-02-21 12:00:00 pm","73.5","78.7","74.8","66.4","point"
"2024-02-21 02:00:00 pm","76.3","83.6","79.0","70.9","point"
"2024-02-21 04:00:00 pm","76.0","83.7","78.6","70.7","point"
"2024-02-21 06:00:00 pm","74.0","81.9","75.7","68.1","point"
"2024-02-21 08:00:00 pm","70.8","89.2","72.3","67.4","point"
"2024-02-21 10:00:00 pm","67.1","94.8","68.4","65.6","point"
"2024-02-22 12:00:00 am","64.5","96.4","65.5","63.4","point"
"2024-02-22 02:00:00 am","62.1","97.1","63.1","61.2","point"
"2024-02-22 04:00:00 am","60.3","98.1","61.3","59.7","point"
"2024-02-22 06:00:00 am","60.3","98.5","61.3","59.9","point"
"2024-02-22 08:00:00 am","62.8","98.9","63.9","62.4","point"
"2024-02-22 10:00:00 am","66.9","93.8","68.2","65.1","point"
"2024-02-22 12:00:00 pm","72.3","72.5","73.2","63.0","point"
"2024-02-22 02:00:00 pm","74.8","72.9","75.9","65.5","point"
"2024-02-22 04:00:00 pm","74.5","73.8","75.7","65.6","point"
"2024-02-22 06:00:00 pm","73.3","73.2","74.3","64.1","point"
"2024-02-22 08:00:00 pm","70.3","88.6","71.6","66.7","point"
"2024-02-22 10:00:00 pm","66.0","93.9","66.9","64.1","point"
"2024-02-23 12:00:00 am","62.7","95.8","63.7","61.5","point"
"2024-02-23 02:00:00 am","60.4","96.3","61.3","59.3","point"
"2024-02-23 04:00:00 am","58.1","96.5","59.0","57.1","point"
"2024-02-23 06:00:00 am","56.2","96.2","57.0","55.1","point"
"2024-02-23 08:00:00 am","56.7","97.2","57.6","55.9","point"
"2024-02-23 10:00:00 am","66.7","75.2","66.2","58.6","point"
"2024-02-23 12:00:00 pm","72.8","63.1","73.0","59.5","point"
"2024-02-23 02:00:00 pm","74.3","58.9","74.1","59.0","point"
"2024-02-23 04:00:00 pm","74.4","62.1","74.5","60.6","point"
"2024-02-23 06:00:00 pm","72.9","67.5","73.4","61.5","point"
"2024-02-23 08:00:00 pm","69.3","84.1","70.3","64.3","point"
"2024-02-23 10:00:00 pm","65.2","92.0","66.0","62.8","point"
"2024-02-24 12:00:00 am","62.6","94.8","63.5","61.1","point"
"2024-02-24 02:00:00 am","61.0","96.0","62.1","59.8","point"
"2024-02-24 04:00:00 am","59.3","96.9","60.1","58.4","point"
"2024-02-24 06:00:00 am","57.5","96.1","58.3","56.4","point"
"2024-02-24 08:00:00 am","57.2","97.5","58.3","56.5","point"
"2024-02-24 10:00:00 am","67.8","84.4","68.4","62.9","point"
"2024-02-24 12:00:00 pm","71.8","66.9","72.3","60.2","point"
"2024-02-24 02:00:00 pm","73.6","62.7","73.8","60.1","point"
"2024-02-24 04:00:00 pm","73.3","65.8","73.6","61.2","point"
"2024-02-24 06:00:00 pm","72.4","77.1","73.6","64.8","point"
"2024-02-24 08:00:00 pm","69.0","90.4","70.3","66.0","point"
"2024-02-24 10:00:00 pm","66.7","94.4","67.8","65.0","point"
"2024-02-25 12:00:00 am","64.1","95.8","65.1","62.9","point"
"2024-02-25 02:00:00 am","61.8","96.7","62.8","60.8","point"
"2024-02-25 04:00:00 am","59.7","96.0","60.4","58.6","point"
"2024-02-25 06:00:00 am","58.5","97.2","59.4","57.7","point"
"2024-02-25 08:00:00 am","60.3","98.2","61.3","59.8","point"
"2024-02-25 10:00:00 am","67.7","93.6","68.9","65.8","point"
"2024-02-25 12:00:00 pm","72.5","87.8","74.7","68.7","point"
"2024-02-25 02:00:00 pm","75.3","83.6","77.7","69.9","point"
"2024-02-25 04:00:00 pm","75.5","85.4","78.1","70.8","point"
"2024-02-25 06:00:00 pm","74.2","86.1","76.5","69.7","point"
"2024-02-25 08:00:00 pm","70.1","90.6","71.6","67.2","point"
"2024-02-25 10:00:00 pm","66.7","95.4","67.8","65.3","point"
"2024-02-26 12:00:00 am","65.2","96.7","66.4","64.2","point"
"2024-02-26 02:00:00 am","64.2","98.0","65.3","63.6","point"
"2024-02-26 04:00:00 am","63.9","98.1","65.1","63.4","point"
"2024-02-26 06:00:00 am","64.1","97.4","65.1","63.4","point"
"2024-02-26 08:00:00 am","64.7","97.8","65.8","64.1","point"
"2024-02-26 10:00:00 am","67.6","93.2","68.7","65.6","point"
"2024-02-26 12:00:00 pm","72.7","81.0","74.3","66.5","point"
"2024-02-26 02:00:00 pm","76.2","63.0","76.5","62.7","point"
"2024-02-26 04:00:00 pm","77.2","58.8","77.0","61.6","point"
"2024-02-26 06:00:00 pm","75.6","63.0","75.7","62.1","point"
"2024-02-26 08:00:00 pm","70.7","83.8","71.8","65.5","point"
"2024-02-26 10:00:00 pm","67.5","93.2","68.7","65.5","point"
"2024-02-27 12:00:00 am","65.1","96.4","66.4","64.1","point"
"2024-02-27 02:00:00 am","63.5","96.3","64.6","62.4","point"
"2024-02-27 04:00:00 am","63.2","96.3","64.2","62.2","point"
"2024-02-27 06:00:00 am","63.9","96.5","64.9","62.9","point"
"2024-02-27 08:00:00 am","65.3","96.0","66.6","64.1","point"
"2024-02-27 10:00:00 am","70.2","85.8","71.4","65.7","point"
"2024-02-27 12:00:00 pm","74.8","72.2","75.9","65.2","point"
"2024-02-27 02:00:00 pm","77.5","61.2","77.7","63.0","point"
"2024-02-27 04:00:00 pm","78.3","56.7","78.4","61.7","point"
"2024-02-27 06:00:00 pm","76.9","72.7","78.4","67.4","point"
"2024-02-27 08:00:00 pm","73.0","85.8","74.8","68.5","point"
"2024-02-27 10:00:00 pm","69.8","92.4","71.2","67.5","point"
"2024-02-28 12:00:00 am","67.3","95.6","68.7","66.0","point"
"2024-02-28 02:00:00 am","65.1","96.4","66.4","64.1","point"
"2024-02-28 04:00:00 am","65.6","96.1","66.7","64.4","point"
"2024-02-28 06:00:00 am","65.2","94.3","66.2","63.5","point"
"2024-02-28 08:00:00 am","66.3","93.7","67.3","64.4","point"
"2024-02-28 10:00:00 am","70.1","88.1","71.4","66.4","point"
"2024-02-28 12:00:00 pm","75.2","76.2","76.6","67.2","point"
"2024-02-28 02:00:00 pm","78.1","55.8","78.1","61.0","point"
"2024-02-28 04:00:00 pm","78.7","68.6","81.0","67.5","point"
"2024-02-28 06:00:00 pm","76.1","78.2","78.1","68.9","point"
"2024-02-28 08:00:00 pm","72.7","89.7","74.8","69.5","point"
"2024-02-28 10:00:00 pm","69.1","94.5","70.7","67.4","point"
"2024-02-29 12:00:00 am","68.5","98.9","70.2","68.2","point"
"2024-02-29 02:00:00 am","65.6","91.1","66.2","62.9","point"
"2024-02-29 04:00:00 am","64.7","88.5","64.9","61.2","point"
"2024-02-29 06:00:00 am","63.7","90.4","64.2","60.9","point"
"2024-02-29 08:00:00 am","64.1","91.2","64.6","61.5","point"
"2024-02-29 10:00:00 am","69.5","83.0","70.5","64.1","point"
"2024-02-29 12:00:00 pm","74.8","62.4","74.8","61.1","point"
"2024-02-29 02:00:00 pm","78.1","47.4","77.0","56.5","point"
"2024-02-29 04:00:00 pm","78.9","48.9","78.1","58.1","point"
"2024-02-29 06:00:00 pm","75.9","80.5","78.3","69.5","point"
"2024-02-29 08:00:00 pm","72.7","92.0","75.2","70.2","point"
"2024-02-29 10:00:00 pm","70.6","96.2","72.3","69.4","point"
"2024-03-01 12:00:00 am","67.7","96.1","69.1","66.5","point"
"2024-03-01 02:00:00 am","66.4","95.2","67.6","65.0","point"
"2024-03-01 04:00:00 am","65.7","91.0","66.4","63.0","point"
"2024-03-01 06:00:00 am","65.3","88.1","65.7","61.7","point"
"2024-03-01 08:00:00 am","63.8","94.4","64.6","62.2","point"
"2024-03-01 10:00:00 am","68.2","89.3","69.3","64.9","point"
"2024-03-01 12:00:00 pm","73.9","69.4","74.7","63.2","point"
"2024-03-01 02:00:00 pm","77.8","52.6","77.2","59.1","point"
"2024-03-01 04:00:00 pm","78.4","46.6","77.0","56.2","point"
"2024-03-01 06:00:00 pm","76.0","67.1","76.5","64.3","point"
"2024-03-01 08:00:00 pm","72.7","89.7","74.8","69.5","point"
"2024-03-01 10:00:00 pm","71.5","94.8","73.6","69.9","point"
"2024-03-02 12:00:00 am","68.7","96.1","70.3","67.6","point"
"2024-03-02 02:00:00 am","66.8","96.4","68.2","65.8","point"
"2024-03-02 04:00:00 am","64.8","95.9","65.8","63.6","point"
"2024-03-02 06:00:00 am","63.5","94.0","64.2","61.7","point"
"2024-03-02 08:00:00 am","63.1","96.0","64.0","62.0","point"
"2024-03-02 10:00:00 am","68.3","83.7","68.9","63.2","point"
"2024-03-02 12:00:00 pm","73.7","69.0","74.3","62.9","point"
"2024-03-02 02:00:00 pm","76.8","62.7","76.8","63.1","point"
"2024-03-02 04:00:00 pm","76.2","67.2","76.6","64.5","point"
"2024-03-02 06:00:00 pm","74.4","75.3","75.7","66.0","point"
"2024-03-02 08:00:00 pm","72.4","89.8","74.5","69.2","point"
"2024-03-02 10:00:00 pm","70.8","93.6","72.5","68.8","point"
"2024-03-03 12:00:00 am","69.6","95.8","71.4","68.4","point"
"2024-03-03 02:00:00 am","68.8","96.6","70.3","67.8","point"
"2024-03-03 04:00:00 am","65.7","97.0","66.9","64.8","point"
"2024-03-03 06:00:00 am","65.4","94.0","66.4","63.6","point"
"2024-03-03 08:00:00 am","66.9","97.8","68.4","66.3","point"
"2024-03-03 10:00:00 am","70.6","90.7","72.1","67.8","point"
"2024-03-03 12:00:00 pm","74.6","83.2","76.8","69.1","point"
"2024-03-03 02:00:00 pm","77.3","79.5","80.2","70.5","point"
"2024-03-03 04:00:00 pm","76.8","79.2","79.0","69.8","point"
"2024-03-03 06:00:00 pm","75.1","81.0","77.2","68.8","point"
"2024-03-03 08:00:00 pm","71.8","90.0","73.9","68.7","point"
"2024-03-03 10:00:00 pm","68.5","95.3","69.8","67.1","point"
"2024-03-04 12:00:00 am","66.1","96.7","67.3","65.2","point"
"2024-03-04 02:00:00 am","64.7","97.5","65.7","64.0","point"
"2024-03-04 04:00:00 am","63.2","97.8","64.4","62.6","point"
"2024-03-04 06:00:00 am","62.2","97.9","63.3","61.6","point"
"2024-03-04 08:00:00 am","62.6","98.5","63.7","62.1","point"
"2024-03-04 10:00:00 am","70.4","83.9","71.6","65.3","point"
"2024-03-04 12:00:00 pm","73.9","83.0","75.7","68.4","point"
"2024-03-04 02:00:00 pm","77.1","77.0","79.3","69.3","point"
"2024-03-04 04:00:00 pm","76.8","78.0","78.8","69.4","point"
"2024-03-04 06:00:00 pm","74.7","82.5","76.8","69.0","point"
"2024-03-04 08:00:00 pm","71.2","92.2","72.9","68.8","point"
"2024-03-04 10:00:00 pm","68.7","95.1","70.2","67.2","point"
"2024-03-05 12:00:00 am","66.7","97.4","68.0","65.9","point"
"2024-03-05 02:00:00 am","65.6","99.3","66.9","65.4","point"
"2024-03-05 04:00:00 am","65.1","99.6","66.7","65.0","point"
"2024-03-05 06:00:00 am","63.0","99.1","64.2","62.7","point"
"2024-03-05 08:00:00 am","62.9","99.4","64.2","62.7","point"
"2024-03-05 10:00:00 am","70.3","93.9","72.0","68.5","point"
"2024-03-05 12:00:00 pm","74.9","86.2","77.5","70.4","point"
"2024-03-05 02:00:00 pm","77.6","83.4","81.5","72.2","point"
"2024-03-05 04:00:00 pm","77.3","81.9","80.4","71.3","point"
"2024-03-05 06:00:00 pm","75.3","86.1","77.9","70.8","point"
"2024-03-05 08:00:00 pm","71.2","92.7","72.9","69.0","point"
"2024-03-05 10:00:00 pm","69.3","96.1","71.1","68.1","point"
"2024-03-06 12:00:00 am","67.7","98.4","69.3","67.2","point"
"2024-03-06 02:00:00 am","66.8","98.2","68.4","66.3","point"
"2024-03-06 04:00:00 am","65.6","98.3","66.9","65.0","point"
"2024-03-06 06:00:00 am","62.3","96.6","63.3","61.3","point"
"2024-03-06 08:00:00 am","62.3","98.4","63.5","61.8","point"
"2024-03-06 10:00:00 am","70.5","82.8","71.6","65.0","point"
"2024-03-06 12:00:00 pm","75.5","78.0","77.2","68.2","point"
"2024-03-06 02:00:00 pm","77.0","78.6","79.3","69.8","point"
"2024-03-06 04:00:00 pm","76.6","76.9","78.6","68.8","point"
"2024-03-06 06:00:00 pm","75.0","77.6","76.5","67.5","point"
"2024-03-06 08:00:00 pm","72.0","88.7","73.9","68.5","point"
"2024-03-06 10:00:00 pm","68.4","93.6","69.6","66.4","point"
"2024-03-07 12:00:00 am","65.4","95.4","66.4","64.1","point"
"2024-03-07 02:00:00 am","63.2","96.5","64.2","62.2","point"
"2024-03-07 04:00:00 am","62.0","97.2","63.0","61.2","point"
"2024-03-07 06:00:00 am","61.0","97.1","61.9","60.1","point"
"2024-03-07 08:00:00 am","65.6","92.1","66.4","63.2","point"
"2024-03-07 10:00:00 am","70.7","84.5","71.8","65.8","point"
"2024-03-07 12:00:00 pm","75.4","72.3","76.6","65.9","point"
"2024-03-07 02:00:00 pm","76.3","76.4","77.9","68.3","point"
"2024-03-07 04:00:00 pm","77.2","72.4","79.2","67.7","point"
"2024-03-07 06:00:00 pm","75.8","74.7","77.2","67.2","point"
"2024-03-07 08:00:00 pm","72.7","83.6","74.5","67.5","point"
"2024-03-07 10:00:00 pm","68.3","93.0","69.4","66.1","point"
"2024-03-08 12:00:00 am","66.4","95.1","67.6","65.0","point"
"2024-03-08 02:00:00 am","64.2","94.7","64.9","62.6","point"
"2024-03-08 04:00:00 am","64.1","88.6","64.4","60.6","point"
"2024-03-08 06:00:00 am","60.5","90.2","61.0","57.7","point"
"2024-03-08 08:00:00 am","60.0","94.0","60.8","58.2","point"
"2024-03-08 10:00:00 am","71.0","66.4","71.4","59.2","point"
"2024-03-08 12:00:00 pm","76.4","56.8","75.9","59.9","point"
"2024-03-08 02:00:00 pm","77.5","65.4","78.4","65.0","point"
"2024-03-08 04:00:00 pm","77.2","71.5","78.6","67.2","point"
"2024-03-08 06:00:00 pm","75.2","70.7","76.1","65.0","point"
"2024-03-08 08:00:00 pm","72.0","87.6","73.9","68.1","point"
"2024-03-08 10:00:00 pm","68.2","92.8","69.4","66.0","point"
"2024-03-09 12:00:00 am","65.1","94.9","66.2","63.6","point"
"2024-03-09 02:00:00 am","63.8","95.8","64.8","62.6","point"
"2024-03-09 04:00:00 am","62.2","96.6","63.1","61.2","point"
"2024-03-09 06:00:00 am","60.8","96.9","61.9","59.9","point"
"2024-03-09 08:00:00 am","61.8","98.4","63.0","61.4","point"
"2024-03-09 10:00:00 am","69.6","78.8","70.3","62.7","point"
"2024-03-09 12:00:00 pm","75.5","68.4","76.1","64.3","point"
"2024-03-09 02:00:00 pm","77.6","72.6","79.7","68.1","point"
"2024-03-09 04:00:00 pm","77.3","69.8","78.8","66.7","point"
"2024-03-09 06:00:00 pm","75.6","67.9","76.3","64.2","point"
"2024-03-09 08:00:00 pm","73.2","89.9","75.6","70.1","point"
"2024-03-09 10:00:00 pm","71.4","93.1","73.2","69.3","point"
"2024-03-10 12:00:00 am","70.6","94.9","72.3","69.0","point"
"2024-03-10 02:00:00 am","69.7","96.1","71.4","68.6","point"
"2024-03-10 04:00:00 am","68.7","97.6","70.3","68.0","point"
"2024-03-10 06:00:00 am","67.7","95.2","69.1","66.3","point"
"2024-03-10 08:00:00 am","65.5","84.6","65.7","60.7","point"
"2024-03-10 10:00:00 am","70.8","77.4","71.8","63.4","point"
"2024-03-10 12:00:00 pm","75.0","77.3","76.5","67.4","point"
"2024-03-10 02:00:00 pm","76.7","73.7","78.3","67.6","point"
"2024-03-10 04:00:00 pm","77.2","72.9","78.8","67.8","point"
"2024-03-10 06:00:00 pm","75.3","80.5","77.4","68.9","point"
"2024-03-10 08:00:00 pm","73.6","92.6","76.5","71.3","point"
"2024-03-10 10:00:00 pm","72.2","95.3","74.7","70.8","point"
"2024-03-11 12:00:00 am","71.5","97.5","73.8","70.8","point"
"2024-03-11 02:00:00 am","71.0","97.9","73.0","70.4","point"
"2024-03-11 04:00:00 am","69.6","96.1","71.2","68.4","point"
"2024-03-11 06:00:00 am","68.7","98.1","70.3","68.1","point"
"2024-03-11 08:00:00 am","68.7","98.1","70.5","68.2","point"
"2024-03-11 10:00:00 am","72.5","87.8","74.7","68.7","point"
"2024-03-11 12:00:00 pm","76.0","84.6","78.6","71.0","point"
"2024-03-11 02:00:00 pm","77.6","78.7","80.8","70.4","point"
"2024-03-11 04:00:00 pm","77.2","76.0","79.2","69.0","point"
"2024-03-11 06:00:00 pm","75.8","81.4","78.1","69.7","point"
"2024-03-11 08:00:00 pm","73.6","91.2","76.3","70.9","point"
"2024-03-11 10:00:00 pm","71.8","95.2","74.1","70.4","point"
"2024-03-12 12:00:00 am","71.3","96.1","73.4","70.1","point"
"2024-03-12 02:00:00 am","71.1","96.3","73.0","69.9","point"
"2024-03-12 04:00:00 am","70.0","97.9","72.0","69.4","point"
"2024-03-12 06:00:00 am","67.7","98.3","69.3","67.2","point"
"2024-03-12 08:00:00 am","67.2","99.1","68.7","66.9","point"
"2024-03-12 10:00:00 am","72.6","94.4","75.2","70.9","point"
"2024-03-12 12:00:00 pm","76.5","82.6","79.2","70.8","point"
"2024-03-12 02:00:00 pm","78.4","80.0","82.4","71.7","point"
"2024-03-12 04:00:00 pm","77.7","79.8","81.3","71.0","point"
"2024-03-12 06:00:00 pm","75.8","86.6","78.6","71.6","point"
"2024-03-12 08:00:00 pm","73.3","92.6","75.9","71.0","point"
"2024-03-12 10:00:00 pm","71.7","95.3","73.9","70.3","point"
"2024-03-13 12:00:00 am","70.8","90.4","72.5","67.8","point"
"2024-03-13 02:00:00 am","67.5","96.5","68.9","66.4","point"
"2024-03-13 04:00:00 am","66.0","97.6","67.3","65.3","point"
"2024-03-13 06:00:00 am","65.0","97.9","66.4","64.4","point"
"2024-03-13 08:00:00 am","65.3","98.8","66.7","65.0","point"
"2024-03-13 10:00:00 am","70.7","84.8","72.1","65.9","point"
"2024-03-13 12:00:00 pm","74.2","86.8","76.6","70.1","point"
"2024-03-13 02:00:00 pm","76.0","85.3","78.8","71.3","point"
"2024-03-13 04:00:00 pm","76.5","83.6","79.3","71.2","point"
"2024-03-13 06:00:00 pm","74.9","88.7","77.7","71.3","point"
"2024-03-13 08:00:00 pm","73.0","93.3","75.4","70.9","point"
"2024-03-13 10:00:00 pm","71.4","95.8","73.4","70.1","point"
"2024-03-14 12:00:00 am","70.0","96.4","71.8","68.9","point"
"2024-03-14 02:00:00 am","69.4","98.0","71.2","68.8","point"
"2024-03-14 04:00:00 am","68.3","97.8","70.0","67.6","point"
"2024-03-14 06:00:00 am","67.3","98.3","68.9","66.8","point"
"2024-03-14 08:00:00 am","67.0","93.2","68.0","65.0","point"
"2024-03-14 10:00:00 am","71.4","87.6","72.9","67.5","point"
"2024-03-14 12:00:00 pm","74.5","87.4","77.2","70.5","point"
"2024-03-14 02:00:00 pm","75.8","82.2","78.3","70.0","point"
"2024-03-14 04:00:00 pm","75.9","82.7","78.4","70.3","point"
"2024-03-14 06:00:00 pm","74.3","86.3","76.8","70.0","point"
"2024-03-14 08:00:00 pm","72.5","93.0","75.0","70.4","point"
"2024-03-14 10:00:00 pm","69.4","95.3","70.9","67.9","point"
"2024-03-15 12:00:00 am","66.7","97.1","68.0","65.8","point"
"2024-03-15 02:00:00 am","65.1","97.8","66.4","64.4","point"
"2024-03-15 04:00:00 am","63.8","98.2","64.9","63.3","point"
"2024-03-15 06:00:00 am","62.7","98.4","63.9","62.3","point"
"2024-03-15 08:00:00 am","63.8","99.1","64.9","63.6","point"
"2024-03-15 10:00:00 am","71.3","85.0","72.7","66.5","point"
"2024-03-15 12:00:00 pm","75.4","80.0","77.4","68.8","point"
"2024-03-15 02:00:00 pm","77.4","77.5","80.1","69.8","point"
"2024-03-15 04:00:00 pm","77.4","79.0","80.4","70.3","point"
"2024-03-15 06:00:00 pm","75.7","78.7","77.5","68.6","point"
"2024-03-15 08:00:00 pm","72.3","93.1","74.5","70.2","point"
"2024-03-15 10:00:00 pm","70.1","96.8","71.8","69.2","point"
"2024-03-16 12:00:00 am","69.3","98.6","71.2","68.9","point"
"2024-03-16 02:00:00 am","69.0","99.4","70.7","68.8","point"
"2024-03-16 04:00:00 am","67.0","99.9","68.7","67.0","point"
"2024-03-16 06:00:00 am","63.5","93.2","64.0","61.5","point"
"2024-03-16 08:00:00 am","64.6","97.2","65.7","63.8","point"
"2024-03-16 10:00:00 am","71.5","80.3","72.7","65.2","point"
"2024-03-16 12:00:00 pm","76.4","74.1","77.7","67.5","point"
"2024-03-16 02:00:00 pm","78.0","79.3","81.7","71.0","point"
"2024-03-16 04:00:00 pm","77.1","79.4","79.9","70.2","point"
"2024-03-16 06:00:00 pm","75.4","82.0","77.7","69.5","point"
"2024-03-16 08:00:00 pm","72.5","93.8","75.2","70.6","point"
"2024-03-16 10:00:00 pm","70.6","97.1","72.3","69.7","point"
"2024-03-17 12:00:00 am","68.4","98.1","70.2","67.8","point"
"2024-03-17 02:00:00 am","66.7","98.6","68.2","66.3","point"
"2024-03-17 04:00:00 am","65.1","98.5","66.4","64.7","point"
"2024-03-17 06:00:00 am","65.5","99.1","66.9","65.2","point"
"2024-03-17 08:00:00 am","69.4","85.6","70.3","64.9","point"
"2024-03-17 10:00:00 am","73.6","83.2","75.6","68.2","point"
"2024-03-17 12:00:00 pm","77.2","73.8","79.3","68.2","point"
"2024-03-17 02:00:00 pm","79.1","80.9","84.0","72.7","point"
"2024-03-17 04:00:00 pm","78.7","76.2","82.4","70.6","point"
"2024-03-17 06:00:00 pm","76.0","86.1","79.0","71.5","point"
"2024-03-17 08:00:00 pm","73.2","91.6","75.6","70.6","point"
"2024-03-17 10:00:00 pm","71.5","93.7","73.4","69.5","point"
"2024-03-18 12:00:00 am","70.2","95.4","72.0","68.8","point"
"2024-03-18 02:00:00 am","68.9","97.1","70.5","68.0","point"
"2024-03-18 04:00:00 am","66.8","97.7","68.4","66.1","point"
"2024-03-18 06:00:00 am","64.5","97.8","65.7","63.8","point"
"2024-03-18 08:00:00 am","65.2","96.7","66.4","64.2","point"
"2024-03-18 10:00:00 am","72.4","84.3","74.1","67.4","point"
"2024-03-18 12:00:00 pm","76.3","69.7","77.2","65.7","point"
"2024-03-18 02:00:00 pm","78.1","76.0","81.3","69.9","point"
"2024-03-18 04:00:00 pm","77.8","80.2","81.3","71.2","point"
"2024-03-18 06:00:00 pm","76.2","86.1","79.2","71.7","point"
"2024-03-18 08:00:00 pm","72.5","92.1","74.8","70.1","point"
"2024-03-18 10:00:00 pm","69.3","91.6","70.7","66.7","point"
"2024-03-19 12:00:00 am","66.3","96.0","67.5","65.1","point"
"2024-03-19 02:00:00 am","66.1","97.3","67.3","65.3","point"
"2024-03-19 04:00:00 am","64.5","96.7","65.5","63.6","point"
"2024-03-19 06:00:00 am","64.8","96.7","65.8","63.8","point"
"2024-03-19 08:00:00 am","67.7","82.9","68.2","62.4","point"
"2024-03-19 10:00:00 am","72.8","70.6","73.6","62.7","point"
"2024-03-19 12:00:00 pm","77.6","58.0","77.5","61.7","point"
"2024-03-19 02:00:00 pm","79.3","75.4","83.3","70.8","point"
"2024-03-19 04:00:00 pm","78.6","75.7","81.9","70.3","point"
"2024-03-19 06:00:00 pm","76.9","81.3","79.7","70.7","point"
"2024-03-19 08:00:00 pm","73.1","90.1","75.6","70.0","point"
"2024-03-19 10:00:00 pm","69.6","93.5","70.9","67.6","point"
"2024-03-20 12:00:00 am","67.0","95.9","68.4","65.8","point"
"2024-03-20 02:00:00 am","65.4","96.2","66.6","64.3","point"
"2024-03-20 04:00:00 am","63.9","97.0","64.9","63.0","point"
"2024-03-20 06:00:00 am","62.1","96.9","63.1","61.2","point"
"2024-03-20 08:00:00 am","62.5","98.3","63.7","62.0","point"
"2024-03-20 10:00:00 am","71.7","85.9","73.2","67.2","point"
"2024-03-20 12:00:00 pm","75.8","79.5","77.9","69.0","point"
"2024-03-20 02:00:00 pm","77.4","78.5","80.2","70.1","point"
"2024-03-20 04:00:00 pm","77.0","79.8","79.5","70.3","point"
"2024-03-20 06:00:00 pm","75.5","85.3","78.1","70.8","point"
"2024-03-20 08:00:00 pm","73.5","92.6","76.3","71.2","point"
"2024-03-20 10:00:00 pm","71.9","95.1","74.1","70.4","point"
"2024-03-21 12:00:00 am","69.4","96.5","71.1","68.3","point"
"2024-03-21 02:00:00 am","68.2","98.2","70.0","67.7","point"
"2024-03-21 04:00:00 am","68.6","99.3","70.3","68.5","point"
"2024-03-21 06:00:00 am","67.4","99.7","69.1","67.3","point"
"2024-03-21 08:00:00 am","69.4","100.0","71.2","69.4","point"
"2024-03-21 10:00:00 am","71.5","94.0","73.6","69.6","point"
"2024-03-21 12:00:00 pm","74.8","85.1","77.2","70.0","point"
"2024-03-21 02:00:00 pm","76.5","80.5","79.0","70.0","point"
"2024-03-21 04:00:00 pm","77.6","77.2","80.4","69.9","point"
"2024-03-21 06:00:00 pm","76.4","81.5","78.6","70.3","point"
"2024-03-21 08:00:00 pm","74.5","93.4","77.7","72.5","point"
"2024-03-21 10:00:00 pm","72.9","96.6","75.7","71.8","point"
"2024-03-22 12:00:00 am","71.7","98.0","74.1","71.1","point"
"2024-03-22 02:00:00 am","70.6","98.0","72.5","70.0","point"
"2024-03-22 04:00:00 am","69.0","98.5","70.7","68.6","point"
"2024-03-22 06:00:00 am","67.4","98.5","68.9","67.0","point"
"2024-03-22 08:00:00 am","67.5","99.3","69.1","67.3","point"
"2024-03-22 10:00:00 am","71.8","97.2","74.1","71.0","point"
"2024-03-22 12:00:00 pm","75.8","89.0","79.0","72.3","point"
"2024-03-22 02:00:00 pm","77.7","86.4","82.0","73.3","point"
"2024-03-22 04:00:00 pm","77.8","85.6","82.2","73.1","point"
"2024-03-22 06:00:00 pm","75.7","92.6","79.2","73.3","point"
"2024-03-22 08:00:00 pm","73.4","96.2","76.5","72.3","point"
"2024-03-22 10:00:00 pm","72.7","98.8","75.7","72.3","point"
"2024-03-23 12:00:00 am","72.3","99.1","75.0","72.0","point"
"2024-03-23 02:00:00 am","71.7","99.4","74.1","71.5","point"
"2024-03-23 04:00:00 am","69.7","98.9","71.6","69.4","point"
"2024-03-23 06:00:00 am","69.2","99.4","70.9","69.0","point"
"2024-03-23 08:00:00 am","70.3","97.6","72.1","69.5","point"
"2024-03-23 10:00:00 am","73.4","94.3","76.1","71.6","point"
"2024-03-23 12:00:00 pm","76.1","87.1","79.2","72.0","point"
"2024-03-23 02:00:00 pm","78.2","87.9","83.5","74.4","point"
"2024-03-23 04:00:00 pm","78.8","82.5","84.0","73.0","point"
"2024-03-23 06:00:00 pm","77.6","87.4","82.2","73.6","point"
"2024-03-23 08:00:00 pm","74.7","94.3","78.1","72.9","point"
"2024-03-23 10:00:00 pm","73.0","96.0","75.7","71.7","point"
"2024-03-24 12:00:00 am","72.6","97.4","75.2","71.8","point"
"2024-03-24 02:00:00 am","71.2","97.8","73.2","70.5","point"
"2024-03-24 04:00:00 am","69.1","98.9","70.9","68.8","point"
"2024-03-24 06:00:00 am","67.5","99.0","69.1","67.2","point"
"2024-03-24 08:00:00 am","67.5","99.9","69.3","67.5","point"
"2024-03-24 10:00:00 am","73.8","94.7","76.8","72.2","point"
"2024-03-24 12:00:00 pm","76.6","85.4","79.5","71.9","point"
"2024-03-24 02:00:00 pm","79.1","82.0","84.2","73.1","point"
"2024-03-24 04:00:00 pm","79.4","79.9","84.6","72.6","point"
"2024-03-24 06:00:00 pm","77.4","86.0","81.5","72.8","point"
"2024-03-24 08:00:00 pm","74.9","93.9","78.4","73.1","point"
"2024-03-24 10:00:00 pm","73.0","97.1","75.7","72.1","point"
"2024-03-25 12:00:00 am","72.5","98.7","75.4","72.1","point"
"2024-03-25 02:00:00 am","69.7","98.0","71.6","69.1","point"
"2024-03-25 04:00:00 am","69.5","99.8","71.4","69.4","point"
"2024-03-25 06:00:00 am","67.2","100.0","68.9","67.2","point"
"2024-03-25 08:00:00 am","66.9","100.0","68.7","66.9","point"
"2024-03-25 10:00:00 am","73.2","84.6","75.0","68.3","point"
"2024-03-25 12:00:00 pm","77.0","68.1","78.3","65.7","point"
"2024-03-25 02:00:00 pm","79.8","71.4","83.5","69.7","point"
"2024-03-25 04:00:00 pm","79.4","74.3","83.3","70.5","point"
"2024-03-25 06:00:00 pm","78.0","75.1","81.0","69.5","point"
"2024-03-25 08:00:00 pm","75.1","91.4","78.4","72.4","point"
"2024-03-25 10:00:00 pm","73.9","95.5","77.0","72.5","point"
"2024-03-26 12:00:00 am","71.6","97.0","73.9","70.7","point"
"2024-03-26 02:00:00 am","67.4","93.2","68.5","65.4","point"
"2024-03-26 04:00:00 am","65.1","96.7","66.2","64.1","point"
"2024-03-26 06:00:00 am","64.1","97.8","65.3","63.5","point"
"2024-03-26 08:00:00 am","65.2","98.2","66.6","64.7","point"
"2024-03-26 10:00:00 am","73.6","89.8","76.1","70.4","point"
"2024-03-26 12:00:00 pm","77.6","80.8","81.1","71.2","point"
"2024-03-26 02:00:00 pm","78.8","77.6","82.6","71.2","point"
"2024-03-26 04:00:00 pm","78.5","80.5","82.8","72.0","point"
"2024-03-26 06:00:00 pm","76.9","87.7","80.6","73.0","point"
"2024-03-26 08:00:00 pm","74.9","93.9","78.4","73.0","point"
"2024-03-26 10:00:00 pm","73.7","96.8","76.8","72.8","point"
"2024-03-27 12:00:00 am","72.2","96.9","74.7","71.3","point"
"2024-03-27 02:00:00 am","71.7","98.1","74.1","71.2","point"
"2024-03-27 04:00:00 am","71.1","97.2","73.0","70.3","point"
"2024-03-27 06:00:00 am","70.3","97.9","72.1","69.6","point"
"2024-03-27 08:00:00 am","68.3","95.6","69.6","67.0","point"
"2024-03-27 10:00:00 am","73.7","82.0","75.6","67.9","point"
"2024-03-27 12:00:00 pm","78.9","67.7","81.1","67.3","point"
"2024-03-27 02:00:00 pm","79.8","77.9","84.7","72.3","point"
"2024-03-27 04:00:00 pm","79.4","80.5","84.7","72.9","point"
"2024-03-27 06:00:00 pm","77.6","88.2","82.2","73.9","point"
"2024-03-27 08:00:00 pm","75.1","94.2","78.6","73.3","point"
"2024-03-27 10:00:00 pm","73.6","96.5","76.8","72.5","point"
"2024-03-28 12:00:00 am","71.5","97.4","73.6","70.7","point"
"2024-03-28 02:00:00 am","68.7","97.7","70.5","68.1","point"
"2024-03-28 04:00:00 am","66.1","97.9","67.5","65.5","point"
"2024-03-28 06:00:00 am","64.2","98.3","65.3","63.7","point"
"2024-03-28 08:00:00 am","65.1","99.1","66.4","64.8","point"
"2024-03-28 10:00:00 am","73.9","92.8","76.6","71.7","point"
"2024-03-28 12:00:00 pm","77.5","74.7","79.7","68.8","point"
"2024-03-28 02:00:00 pm","80.7","72.4","85.3","71.0","point"
"2024-03-28 04:00:00 pm","79.9","80.8","85.8","73.5","point"
"2024-03-28 06:00:00 pm","77.8","88.8","82.8","74.2","point"
"2024-03-28 08:00:00 pm","75.5","93.9","79.2","73.6","point"
"2024-03-28 10:00:00 pm","74.2","95.9","77.5","73.0","point"
"2024-03-29 12:00:00 am","73.0","97.0","75.7","72.0","point"
"2024-03-29 02:00:00 am","72.2","97.7","74.8","71.5","point"
"2024-03-29 04:00:00 am","70.0","98.2","72.0","69.4","point"
"2024-03-29 06:00:00 am","67.6","98.0","69.1","67.0","point"
"2024-03-29 08:00:00 am","67.7","99.0","69.3","67.4","point"
"2024-03-29 10:00:00 am","73.0","88.3","75.0","69.3","point"
"2024-03-29 12:00:00 pm","77.6","82.8","81.3","72.0","point"
"2024-03-29 02:00:00 pm","78.8","80.6","83.7","72.3","point"
"2024-03-29 04:00:00 pm","79.2","82.8","84.7","73.5","point"
"2024-03-29 06:00:00 pm","76.5","86.2","79.7","72.1","point"
"2024-03-29 08:00:00 pm","74.2","92.0","77.2","71.7","point"
"2024-03-29 10:00:00 pm","72.6","93.7","75.0","70.6","point"
"2024-03-30 12:00:00 am","70.3","96.0","72.0","69.0","point"
"2024-03-30 02:00:00 am","69.1","92.4","70.3","66.8","point"
"2024-03-30 04:00:00 am","65.4","93.7","66.2","63.6","point"
"2024-03-30 06:00:00 am","63.8","96.4","64.8","62.8","point"
"2024-03-30 08:00:00 am","64.6","97.7","65.7","63.9","point"
"2024-03-30 10:00:00 am","73.5","85.6","75.6","68.9","point"
"2024-03-30 12:00:00 pm","77.1","78.6","79.7","70.0","point"
"2024-03-30 02:00:00 pm","79.2","75.4","83.3","70.8","point"
"2024-03-30 04:00:00 pm","79.4","75.6","83.7","71.0","point"
"2024-03-30 06:00:00 pm","78.2","83.7","82.8","72.8","point"
"2024-03-30 08:00:00 pm","74.4","89.7","77.0","71.2","point"
"2024-03-30 10:00:00 pm","73.1","93.7","75.7","71.2","point"
"2024-03-31 12:00:00 am","72.1","95.4","74.7","70.7","point"
"2024-03-31 02:00:00 am","70.7","96.3","72.3","69.5","point"
"2024-03-31 04:00:00 am","67.9","97.1","69.4","67.0","point"
"2024-03-31 06:00:00 am","65.8","97.7","67.1","65.1","point"
"2024-03-31 08:00:00 am","65.4","95.7","66.6","64.1","point"
"2024-03-31 10:00:00 am","72.6","84.5","74.3","67.6","point"
"2024-03-31 12:00:00 pm","77.8","79.5","81.3","70.9","point"
"2024-03-31 02:00:00 pm","79.3","77.6","83.7","71.7","point"
"2024-03-31 04:00:00 pm","79.4","77.6","84.0","71.8","point"
"2024-03-31 06:00:00 pm","77.3","83.9","80.8","72.1","point"
"2024-03-31 08:00:00 pm","75.7","93.9","79.3","73.8","point"
"2024-03-31 10:00:00 pm","73.9","96.1","77.0","72.6","point"
"2024-04-01 12:00:00 am","72.8","96.8","75.6","71.8","point"
"2024-04-01 02:00:00 am","72.0","98.5","74.7","71.5","point"
"2024-04-01 04:00:00 am","71.5","98.6","73.8","71.1","point"
"2024-04-01 06:00:00 am","70.9","99.4","73.0","70.7","point"
"2024-04-01 08:00:00 am","71.6","99.1","73.9","71.3","point"
"2024-04-01 10:00:00 am","74.4","94.3","77.7","72.7","point"
"2024-04-01 12:00:00 pm","77.4","87.8","81.9","73.5","point"
"2024-04-01 02:00:00 pm","79.2","83.6","84.9","73.8","point"
"2024-04-01 04:00:00 pm","79.6","79.3","84.9","72.6","point"
"2024-04-01 06:00:00 pm","77.7","84.8","81.7","72.7","point"
"2024-04-01 08:00:00 pm","75.9","94.7","79.9","74.3","point"
"2024-04-01 10:00:00 pm","74.7","96.7","78.4","73.6","point"
"2024-04-02 12:00:00 am","73.9","97.7","77.2","73.2","point"
"2024-04-02 02:00:00 am","72.9","97.5","75.9","72.1","point"
"2024-04-02 04:00:00 am","70.4","97.9","72.3","69.7","point"
"2024-04-02 06:00:00 am","68.3","98.4","70.0","67.8","point"
"2024-04-02 08:00:00 am","68.3","99.6","70.0","68.2","point"
"2024-04-02 10:00:00 am","73.9","89.2","76.3","70.5","point"
"2024-04-02 12:00:00 pm","77.6","81.6","81.1","71.5","point"
"2024-04-02 02:00:00 pm","80.0","81.9","86.2","74.0","point"
"2024-04-02 04:00:00 pm","79.8","82.6","85.8","74.0","point"
"2024-04-02 06:00:00 pm","78.0","89.4","83.3","74.6","point"
"2024-04-02 08:00:00 pm","75.7","94.4","79.3","74.0","point"
"2024-04-02 10:00:00 pm","74.2","97.7","77.7","73.4","point"
"2024-04-03 12:00:00 am","73.5","98.8","76.8","73.1","point"
"2024-04-03 02:00:00 am","72.9","100.0","76.1","72.9","point"
"2024-04-03 04:00:00 am","72.3","100.0","75.2","72.3","point"
"2024-04-03 06:00:00 am","71.4","100.0","73.6","71.4","point"
"2024-04-03 08:00:00 am","71.0","98.3","73.0","70.4","point"
"2024-04-03 10:00:00 am","73.4","89.8","75.9","70.2","point"
"2024-04-03 12:00:00 pm","77.2","84.8","80.6","72.2","point"
"2024-04-03 02:00:00 pm","79.1","81.6","84.2","73.0","point"
"2024-04-03 04:00:00 pm","79.5","81.1","84.9","73.1","point"
"2024-04-03 06:00:00 pm","78.0","88.4","83.1","74.2","point"
"2024-04-03 08:00:00 pm","75.3","93.4","78.8","73.3","point"
"2024-04-03 10:00:00 pm","73.7","95.5","76.8","72.4","point"
"2024-04-04 12:00:00 am","71.8","97.8","74.3","71.1","point"
"2024-04-04 02:00:00 am","70.4","97.8","72.3","69.8","point"
"2024-04-04 04:00:00 am","68.1","98.5","69.8","67.7","point"
"2024-04-04 06:00:00 am","66.5","98.6","68.0","66.0","point"
"2024-04-04 08:00:00 am","67.6","98.7","69.1","67.2","point"
"2024-04-04 10:00:00 am","74.1","86.4","76.5","69.8","point"
"2024-04-04 12:00:00 pm","78.5","76.7","82.0","70.5","point"
"2024-04-04 02:00:00 pm","80.0","78.6","85.3","72.8","point"
"2024-04-04 04:00:00 pm","80.2","81.0","86.2","73.8","point"
"2024-04-04 06:00:00 pm","78.6","83.5","83.8","73.2","point"
"2024-04-04 08:00:00 pm","76.0","93.8","79.9","74.1","point"
"2024-04-04 10:00:00 pm","73.9","96.1","77.0","72.7","point"
"2024-04-05 12:00:00 am","73.1","97.2","76.1","72.2","point"
"2024-04-05 02:00:00 am","71.6","98.1","73.8","71.0","point"
"2024-04-05 04:00:00 am","70.2","97.8","72.1","69.5","point"
"2024-04-05 06:00:00 am","67.4","98.3","68.9","66.9","point"
"2024-04-05 08:00:00 am","67.7","97.4","69.1","66.9","point"
"2024-04-05 10:00:00 am","74.8","86.0","77.2","70.3","point"
"2024-04-05 12:00:00 pm","79.0","80.0","83.8","72.3","point"
"2024-04-05 02:00:00 pm","80.1","83.7","86.9","74.7","point"
"2024-04-05 04:00:00 pm","79.9","85.6","86.5","75.1","point"
"2024-04-05 06:00:00 pm","78.4","87.5","83.8","74.3","point"
"2024-04-05 08:00:00 pm","75.7","93.5","79.2","73.7","point"
"2024-04-05 10:00:00 pm","74.4","96.0","77.7","73.1","point"
"2024-04-06 12:00:00 am","72.9","96.8","75.7","71.9","point"
"2024-04-06 02:00:00 am","71.0","98.6","73.0","70.6","point"
"2024-04-06 04:00:00 am","69.4","98.7","71.2","69.0","point"
"2024-04-06 06:00:00 am","68.1","98.9","69.8","67.7","point"
"2024-04-06 08:00:00 am","68.5","98.3","70.2","68.0","point"
"2024-04-06 10:00:00 am","76.5","85.3","79.5","71.7","point"
"2024-04-06 12:00:00 pm","80.5","80.0","86.7","73.8","point"
"2024-04-06 02:00:00 pm","82.4","80.0","90.5","75.6","point"
"2024-04-06 04:00:00 pm","82.3","78.3","90.0","74.8","point"
"2024-04-06 06:00:00 pm","80.1","83.5","86.9","74.6","point"
"2024-04-06 08:00:00 pm","76.7","93.5","81.0","74.7","point"
"2024-04-06 10:00:00 pm","75.3","95.5","79.0","73.9","point"
"2024-04-07 12:00:00 am","74.1","97.8","77.5","73.4","point"
"2024-04-07 02:00:00 am","73.7","99.0","77.2","73.3","point"
"2024-04-07 04:00:00 am","73.2","99.5","76.3","73.0","point"
"2024-04-07 06:00:00 am","72.3","99.3","75.2","72.1","point"
"2024-04-07 08:00:00 am","72.6","98.3","75.4","72.1","point"
"2024-04-07 10:00:00 am","74.3","94.5","77.4","72.6","point"
"2024-04-07 12:00:00 pm","77.6","86.2","82.0","73.1","point"
"2024-04-07 02:00:00 pm","80.1","82.0","86.5","74.1","point"
"2024-04-07 04:00:00 pm","80.1","81.9","86.4","74.0","point"
"2024-04-07 06:00:00 pm","77.5","86.5","81.7","73.2","point"
"2024-04-07 08:00:00 pm","74.3","89.4","77.0","71.0","point"
"2024-04-07 10:00:00 pm","73.9","94.8","76.8","72.3","point"
"2024-04-08 12:00:00 am","71.8","95.0","74.1","70.3","point"
"2024-04-08 02:00:00 am","70.5","97.2","72.1","69.7","point"
"2024-04-08 04:00:00 am","68.1","97.0","69.6","67.3","point"
"2024-04-08 06:00:00 am","65.5","97.4","66.7","64.7","point"
"2024-04-08 08:00:00 am","66.4","97.8","68.0","65.8","point"
"2024-04-08 10:00:00 am","74.1","83.4","76.1","68.8","point"
"2024-04-08 12:00:00 pm","78.4","72.2","81.0","68.7","point"
"2024-04-08 02:00:00 pm","80.5","70.6","84.6","70.1","point"
"2024-04-08 04:00:00 pm","81.2","70.4","85.8","70.6","point"
"2024-04-08 06:00:00 pm","79.0","81.4","84.0","72.9","point"
"2024-04-08 08:00:00 pm","75.0","87.7","77.7","71.1","point"
"2024-04-08 10:00:00 pm","73.9","93.9","76.8","72.0","point"
"2024-04-09 12:00:00 am","71.1","96.0","73.0","69.9","point"
"2024-04-09 02:00:00 am","68.6","95.8","70.2","67.4","point"
"2024-04-09 04:00:00 am","65.4","95.4","66.4","64.1","point"
"2024-04-09 06:00:00 am","63.2","93.6","63.9","61.4","point"
"2024-04-09 08:00:00 am","64.5","93.8","65.1","62.7","point"
"2024-04-09 10:00:00 am","74.2","87.0","76.6","70.1","point"
"2024-04-09 12:00:00 pm","78.9","76.3","82.8","70.8","point"
"2024-04-09 02:00:00 pm","80.5","73.5","85.1","71.2","point"
"2024-04-09 04:00:00 pm","80.7","75.7","86.0","72.3","point"
"2024-04-09 06:00:00 pm","79.1","83.9","84.6","73.8","point"
"2024-04-09 08:00:00 pm","75.7","91.4","79.2","73.0","point"
"2024-04-09 10:00:00 pm","74.0","94.4","77.2","72.3","point"
"2024-04-10 12:00:00 am","72.2","95.6","74.7","70.9","point"
"2024-04-10 02:00:00 am","69.5","97.2","71.2","68.7","point"
"2024-04-10 04:00:00 am","67.1","97.3","68.5","66.3","point"
"2024-04-10 06:00:00 am","65.6","97.9","66.9","64.9","point"
"2024-04-10 08:00:00 am","70.0","100.0","72.0","70.0","point"
"2024-04-10 10:00:00 am","75.0","92.3","78.1","72.6","point"
"2024-04-10 12:00:00 pm","79.1","77.3","83.3","71.4","point"
"2024-04-10 02:00:00 pm","81.0","78.7","87.6","73.8","point"
"2024-04-10 04:00:00 pm","81.6","74.6","87.4","72.7","point"
"2024-04-10 06:00:00 pm","78.6","78.7","82.9","71.4","point"
"2024-04-10 08:00:00 pm","74.8","85.4","77.2","70.1","point"
"2024-04-10 10:00:00 pm","72.8","93.8","75.2","70.8","point"
"2024-04-11 12:00:00 am","70.4","96.1","72.1","69.2","point"
"2024-04-11 02:00:00 am","68.5","97.3","70.0","67.7","point"
"2024-04-11 04:00:00 am","66.2","97.3","67.3","65.4","point"
"2024-04-11 06:00:00 am","64.5","97.6","65.7","63.8","point"
"2024-04-11 08:00:00 am","66.8","99.1","68.4","66.5","point"
"2024-04-11 10:00:00 am","74.2","85.4","76.5","69.6","point"
"2024-04-11 12:00:00 pm","78.2","76.4","81.3","70.2","point"
"2024-04-11 02:00:00 pm","80.2","75.1","84.9","71.6","point"
"2024-04-11 04:00:00 pm","80.6","74.8","85.5","71.8","point"
"2024-04-11 06:00:00 pm","78.2","79.9","82.0","71.5","point"
"2024-04-11 08:00:00 pm","74.8","83.9","77.0","69.6","point"
"2024-04-11 10:00:00 pm","72.3","91.5","74.5","69.6","point"
"2024-04-12 12:00:00 am","69.0","95.2","70.5","67.6","point"
"2024-04-12 02:00:00 am","67.2","96.3","68.5","66.1","point"
"2024-04-12 04:00:00 am","65.7","97.1","66.9","64.9","point"
"2024-04-12 06:00:00 am","65.1","97.8","66.4","64.4","point"
"2024-04-12 08:00:00 am","67.0","98.7","68.5","66.6","point"
"2024-04-12 10:00:00 am","74.3","87.1","76.8","70.2","point"
"2024-04-12 12:00:00 pm","77.5","79.2","80.6","70.5","point"
"2024-04-12 02:00:00 pm","80.1","76.7","85.3","72.1","point"
"2024-04-12 04:00:00 pm","80.2","71.7","84.2","70.2","point"
"2024-04-12 06:00:00 pm","76.5","80.9","79.0","70.2","point"
"2024-04-12 08:00:00 pm","74.5","93.6","77.7","72.6","point"
"2024-04-12 10:00:00 pm","72.9","96.1","75.7","71.7","point"
"2024-04-13 12:00:00 am","71.6","97.2","73.9","70.8","point"
"2024-04-13 02:00:00 am","69.6","98.0","71.6","69.0","point"
"2024-04-13 04:00:00 am","66.7","94.2","67.8","65.0","point"
"2024-04-13 06:00:00 am","64.8","96.5","65.8","63.8","point"
"2024-04-13 08:00:00 am","66.2","97.5","67.5","65.4","point"
"2024-04-13 10:00:00 am","73.6","87.6","76.1","69.7","point"
"2024-04-13 12:00:00 pm","77.3","76.9","79.7","69.5","point"
"2024-04-13 02:00:00 pm","79.5","78.3","84.2","72.1","point"
"2024-04-13 04:00:00 pm","78.9","77.6","82.9","71.3","point"
"2024-04-13 06:00:00 pm","76.5","82.0","79.2","70.6","point"
"2024-04-13 08:00:00 pm","73.0","91.8","75.4","70.5","point"
"2024-04-13 10:00:00 pm","69.9","99.6","71.8","69.8","point"
"2024-04-14 12:00:00 am","69.4","100.0","71.2","69.4","point"
"2024-04-14 02:00:00 am","67.7","100.0","69.4","67.7","point"
"2024-04-14 04:00:00 am","66.6","100.0","68.2","66.6","point"
"2024-04-14 06:00:00 am","66.6","100.0","68.2","66.6","point"
"2024-04-14 08:00:00 am","68.1","100.0","69.8","68.1","point"
"2024-04-14 10:00:00 am","73.7","96.3","76.8","72.6","point"
"2024-04-14 12:00:00 pm","78.0","85.4","82.6","73.2","point"
"2024-04-14 02:00:00 pm","79.1","85.9","85.1","74.5","point"
"2024-04-14 04:00:00 pm","79.8","84.7","86.4","74.8","point"
"2024-04-14 06:00:00 pm","78.0","84.7","82.6","73.0","point"
"2024-04-14 08:00:00 pm","75.7","93.9","79.3","73.8","point"
"2024-04-14 10:00:00 pm","74.4","97.5","77.9","73.7","point"
"2024-04-15 12:00:00 am","72.2","98.1","74.8","71.6","point"
"2024-04-15 02:00:00 am","69.9","98.9","71.8","69.6","point"
"2024-04-15 04:00:00 am","67.5","99.0","69.1","67.2","point"
"2024-04-15 06:00:00 am","65.9","98.5","67.3","65.4","point"
"2024-04-15 08:00:00 am","67.8","100.0","69.4","67.8","point"
"2024-04-15 10:00:00 am","73.9","88.4","76.3","70.2","point"
"2024-04-15 12:00:00 pm","78.7","68.5","81.0","67.5","point"
"2024-04-15 02:00:00 pm","82.5","50.0","83.1","62.0","point"
"2024-04-15 04:00:00 pm","84.1","44.9","84.4","60.4","point"
"2024-04-15 06:00:00 pm","81.1","74.8","86.4","72.3","point"
"2024-04-15 08:00:00 pm","76.5","89.5","80.1","73.2","point"
"2024-04-15 10:00:00 pm","74.7","93.8","78.1","72.8","point"
"2024-04-16 12:00:00 am","71.2","94.2","73.0","69.4","point"
"2024-04-16 02:00:00 am","69.8","95.1","71.6","68.3","point"
"2024-04-16 04:00:00 am","67.4","96.9","68.7","66.4","point"
"2024-04-16 06:00:00 am","65.8","97.2","66.9","64.9","point"
"2024-04-16 08:00:00 am","67.7","98.4","69.3","67.2","point"
"2024-04-16 10:00:00 am","75.0","86.8","77.5","70.8","point"
"2024-04-16 12:00:00 pm","79.8","74.8","84.0","71.1","point"
"2024-04-16 02:00:00 pm","80.9","79.9","87.4","74.1","point"
"2024-04-16 04:00:00 pm","81.2","79.9","88.2","74.4","point"
"2024-04-16 06:00:00 pm","78.6","86.4","84.4","74.2","point"
"2024-04-16 08:00:00 pm","75.7","92.6","79.2","73.4","point"
"2024-04-16 10:00:00 pm","74.4","95.5","77.7","73.0","point"
"2024-04-17 12:00:00 am","72.6","97.2","75.2","71.7","point"
"2024-04-17 02:00:00 am","71.2","97.0","73.0","70.3","point"
"2024-04-17 04:00:00 am","68.6","97.3","70.2","67.8","point"
"2024-04-17 06:00:00 am","67.4","97.8","68.9","66.7","point"
"2024-04-17 08:00:00 am","69.3","96.9","71.1","68.4","point"
"2024-04-17 10:00:00 am","73.3","85.2","75.2","68.6","point"
"2024-04-17 12:00:00 pm","76.3","85.5","79.2","71.6","point"
"2024-04-17 02:00:00 pm","78.2","80.3","82.0","71.6","point"
"2024-04-17 04:00:00 pm","78.4","82.5","82.8","72.6","point"
"2024-04-17 06:00:00 pm","76.6","90.4","80.6","73.6","point"
"2024-04-17 08:00:00 pm","74.3","91.5","77.4","71.7","point"
"2024-04-17 10:00:00 pm","72.0","94.6","74.3","70.4","point"
"2024-04-18 12:00:00 am","70.3","97.1","72.0","69.4","point"
"2024-04-18 02:00:00 am","69.6","97.7","71.6","68.9","point"
"2024-04-18 04:00:00 am","68.1","98.2","69.8","67.6","point"
"2024-04-18 06:00:00 am","65.9","97.2","67.1","65.0","point"
"2024-04-18 08:00:00 am","66.5","97.6","68.0","65.9","point"
"2024-04-18 10:00:00 am","74.3","78.8","75.7","67.3","point"
"2024-04-18 12:00:00 pm","78.8","74.2","82.2","69.9","point"
"2024-04-18 02:00:00 pm","81.2","73.2","86.4","71.7","point"
"2024-04-18 04:00:00 pm","80.1","78.1","85.6","72.6","point"
"2024-04-18 06:00:00 pm","78.8","87.3","84.9","74.7","point"
"2024-04-18 08:00:00 pm","74.5","99.8","78.4","74.4","point"
"2024-04-18 10:00:00 pm","69.5","100.0","71.4","69.5","point"
"2024-04-19 12:00:00 am","71.0","100.0","73.0","71.0","point"
"2024-04-19 02:00:00 am","73.9","100.0","77.5","73.9","point"
"2024-04-19 04:00:00 am","74.6","100.0","78.6","74.6","point"
"2024-04-19 06:00:00 am","74.0","100.0","77.7","74.0","point"
"2024-04-19 08:00:00 am","74.4","100.0","78.3","74.4","point"
"2024-04-19 10:00:00 am","75.6","100.0","80.2","75.6","point"
"2024-04-19 12:00:00 pm","77.2","100.0","83.5","77.2","point"
"2024-04-19 02:00:00 pm","80.5","100.0","92.1","80.5","point"
"2024-04-19 04:00:00 pm","79.8","95.7","89.1","78.5","point"
"2024-04-19 06:00:00 pm","78.8","99.5","87.6","78.6","point"
"2024-04-19 08:00:00 pm","75.5","100.0","79.9","75.5","point"
"2024-04-19 10:00:00 pm","68.4","100.0","70.2","68.4","point"
"2024-04-20 12:00:00 am","70.7","100.0","72.5","70.7","point"
"2024-04-20 02:00:00 am","71.2","100.0","73.4","71.2","point"
"2024-04-20 04:00:00 am","70.6","100.0","72.5","70.6","point"
"2024-04-20 06:00:00 am","70.5","100.0","72.5","70.5","point"
"2024-04-20 08:00:00 am","70.3","100.0","72.1","70.3","point"
"2024-04-20 10:00:00 am","71.9","100.0","74.5","71.9","point"
"2024-04-20 12:00:00 pm","74.3","100.0","78.1","74.3","point"
"2024-04-20 02:00:00 pm","75.4","100.0","79.9","75.4","point"
"2024-04-20 04:00:00 pm","75.6","100.0","80.2","75.6","point"
"2024-04-20 06:00:00 pm","74.8","100.0","78.8","74.8","point"
"2024-04-20 08:00:00 pm","72.3","100.0","75.2","72.3","point"
"2024-04-20 10:00:00 pm","70.6","100.0","72.5","70.6","point"
"2024-04-21 12:00:00 am","69.5","100.0","71.4","69.5","point"
"2024-04-21 02:00:00 am","68.3","100.0","70.0","68.2","point"
"2024-04-21 04:00:00 am","67.4","100.0","69.1","67.4","point"
"2024-04-21 06:00:00 am","66.7","100.0","68.2","66.7","point"
"2024-04-21 08:00:00 am","68.9","100.0","70.9","68.9","point"
"2024-04-21 10:00:00 am","74.7","100.0","78.8","74.7","point"
"2024-04-21 12:00:00 pm","77.9","98.6","84.6","77.4","point"
"2024-04-21 02:00:00 pm","79.9","95.4","89.1","78.4","point"
"2024-04-21 04:00:00 pm","79.6","96.7","88.9","78.6","point"
"2024-04-21 06:00:00 pm","77.5","97.7","83.5","76.7","point"
"2024-04-21 08:00:00 pm","76.1","100.0","81.0","76.1","point"
"2024-04-21 10:00:00 pm","74.7","100.0","78.8","74.7","point"
"2024-04-22 12:00:00 am","74.1","100.0","77.7","74.1","point"
"2024-04-22 02:00:00 am","73.4","100.0","76.6","73.4","point"
"2024-04-22 04:00:00 am","71.7","100.0","74.1","71.7","point"
"2024-04-22 06:00:00 am","70.5","100.0","72.5","70.5","point"
"2024-04-22 08:00:00 am","71.0","100.0","73.0","71.0","point"
"2024-04-22 10:00:00 am","74.9","96.5","78.6","73.8","point"
"2024-04-22 12:00:00 pm","77.8","92.7","83.5","75.5","point"
"2024-04-22 02:00:00 pm","78.7","88.3","84.7","74.9","point"
"2024-04-22 04:00:00 pm","79.3","93.2","87.1","77.1","point"
"2024-04-22 06:00:00 pm","74.9","99.9","79.0","74.9","point"
"2024-04-22 08:00:00 pm","73.9","98.3","77.2","73.3","point"
"2024-04-22 10:00:00 pm","73.2","100.0","76.3","73.2","point"
"2024-04-23 12:00:00 am","71.5","100.0","73.9","71.5","point"
"2024-04-23 02:00:00 am","70.1","100.0","72.0","70.1","point"
"2024-04-23 04:00:00 am","68.5","100.0","70.2","68.5","point"
"2024-04-23 06:00:00 am","65.9","100.0","67.5","65.9","point"
"2024-04-23 08:00:00 am","69.3","100.0","71.2","69.3","point"
"2024-04-23 10:00:00 am","75.8","91.5","79.3","73.1","point"
"2024-04-23 12:00:00 pm","79.6","85.9","86.2","75.0","point"
"2024-04-23 02:00:00 pm","80.7","87.7","89.1","76.7","point"
"2024-04-23 04:00:00 pm","81.1","85.0","89.1","76.1","point"
"2024-04-23 06:00:00 pm","78.3","95.8","85.5","77.0","point"
"2024-04-23 08:00:00 pm","76.1","99.0","81.0","75.8","point"
"2024-04-23 10:00:00 pm","75.3","100.0","79.7","75.3","point"
"2024-04-24 12:00:00 am","74.2","100.0","78.1","74.2","point"
"2024-04-24 02:00:00 am","73.7","100.0","77.2","73.7","point"
"2024-04-24 04:00:00 am","73.0","100.0","76.1","73.0","point"
"2024-04-24 06:00:00 am","72.2","100.0","75.0","72.2","point"
"2024-04-24 08:00:00 am","72.8","100.0","75.7","72.8","point"
"2024-04-24 10:00:00 am","74.9","95.2","78.6","73.4","point"
"2024-04-24 12:00:00 pm","78.4","90.2","84.4","75.3","point"
"2024-04-24 02:00:00 pm","80.3","83.0","87.1","74.7","point"
"2024-04-24 04:00:00 pm","80.1","84.4","87.1","74.9","point"
"2024-04-24 06:00:00 pm","78.5","88.2","84.2","74.7","point"
"2024-04-24 08:00:00 pm","75.9","95.7","79.9","74.6","point"
"2024-04-24 10:00:00 pm","73.7","98.0","77.0","73.1","point"
"2024-04-25 12:00:00 am","73.0","98.6","75.9","72.5","point"
"2024-04-25 02:00:00 am","70.7","99.8","72.5","70.6","point"
"2024-04-25 04:00:00 am","68.5","100.0","70.2","68.5","point"
"2024-04-25 06:00:00 am","66.8","100.0","68.4","66.8","point"
"2024-04-25 08:00:00 am","68.3","100.0","70.0","68.2","point"
"2024-04-25 10:00:00 am","75.5","89.3","78.4","72.1","point"
"2024-04-25 12:00:00 pm","79.0","74.6","82.8","70.2","point"
"2024-04-25 02:00:00 pm","81.4","65.1","84.7","68.5","point"
"2024-04-25 04:00:00 pm","80.0","85.4","86.9","75.2","point"
"2024-04-25 06:00:00 pm","78.9","85.8","84.6","74.2","point"
"2024-04-25 08:00:00 pm","75.3","91.3","78.6","72.6","point"
"2024-04-25 10:00:00 pm","73.5","96.0","76.5","72.2","point"
"2024-04-26 12:00:00 am","73.0","98.2","75.9","72.4","point"
"2024-04-26 02:00:00 am","70.1","94.7","71.8","68.5","point"
"2024-04-26 04:00:00 am","67.2","98.0","68.7","66.6","point"
"2024-04-26 06:00:00 am","65.1","98.6","66.4","64.7","point"
"2024-04-26 08:00:00 am","67.3","99.5","69.1","67.1","point"
"2024-04-26 10:00:00 am","76.2","85.6","79.0","71.6","point"
"2024-04-26 12:00:00 pm","79.5","75.2","83.7","71.0","point"
"2024-04-26 02:00:00 pm","81.0","79.7","87.8","74.1","point"
"2024-04-26 04:00:00 pm","81.4","83.0","89.4","75.8","point"
"2024-04-26 06:00:00 pm","78.5","84.7","83.7","73.5","point"
"2024-04-26 08:00:00 pm","75.3","92.1","78.6","72.9","point"
"2024-04-26 10:00:00 pm","74.6","96.2","78.1","73.4","point"
"2024-04-27 12:00:00 am","73.0","98.5","75.9","72.6","point"
"2024-04-27 02:00:00 am","70.9","99.0","73.0","70.6","point"
"2024-04-27 04:00:00 am","67.5","96.3","68.9","66.4","point"
"2024-04-27 06:00:00 am","66.3","97.0","67.5","65.4","point"
"2024-04-27 08:00:00 am","68.4","98.6","70.2","67.9","point"
"2024-04-27 10:00:00 am","77.2","84.9","80.6","72.2","point"
"2024-04-27 12:00:00 pm","80.9","67.1","84.4","68.9","point"
"2024-04-27 02:00:00 pm","83.1","72.5","90.1","73.3","point"
"2024-04-27 04:00:00 pm","82.8","73.2","89.8","73.4","point"
"2024-04-27 06:00:00 pm","79.7","89.3","86.9","76.2","point"
"2024-04-27 08:00:00 pm","76.9","94.1","81.5","75.1","point"
"2024-04-27 10:00:00 pm","75.5","97.1","79.5","74.6","point"
"2024-04-28 12:00:00 am","74.3","98.8","78.3","74.0","point"
"2024-04-28 02:00:00 am","73.4","98.5","76.8","73.0","point"
"2024-04-28 04:00:00 am","71.3","99.5","73.6","71.1","point"
"2024-04-28 06:00:00 am","71.2","100.0","73.4","71.2","point"
"2024-04-28 08:00:00 am","72.0","99.9","74.7","72.0","point"
"2024-04-28 10:00:00 am","76.6","91.3","80.6","73.9","point"
"2024-04-28 12:00:00 pm","80.6","83.6","87.6","75.1","point"
"2024-04-28 02:00:00 pm","82.2","83.1","90.9","76.6","point"
"2024-04-28 04:00:00 pm","82.0","83.3","90.5","76.4","point"
"2024-04-28 06:00:00 pm","79.9","86.2","86.7","75.3","point"
"2024-04-28 08:00:00 pm","76.6","93.9","80.8","74.7","point"
"2024-04-28 10:00:00 pm","75.8","97.7","80.2","75.1","point"
"2024-04-29 12:00:00 am","74.3","95.9","77.7","73.1","point"
"2024-04-29 02:00:00 am","71.1","98.2","73.2","70.6","point"
"2024-04-29 04:00:00 am","69.9","99.4","71.8","69.8","point"
"2024-04-29 06:00:00 am","69.0","99.6","70.9","68.9","point"
"2024-04-29 08:00:00 am","71.6","100.0","73.9","71.6","point"
"2024-04-29 10:00:00 am","75.2","83.9","77.7","70.0","point"
"2024-04-29 12:00:00 pm","80.3","75.6","85.5","71.9","point"
"2024-04-29 02:00:00 pm","81.5","79.7","88.9","74.6","point"
"2024-04-29 04:00:00 pm","81.7","81.2","89.6","75.4","point"
"2024-04-29 06:00:00 pm","79.7","83.1","85.6","74.0","point"
"2024-04-29 08:00:00 pm","77.0","93.1","81.9","74.9","point"
"2024-04-29 10:00:00 pm","75.1","96.8","79.0","74.1","point"
"2024-04-30 12:00:00 am","73.8","97.3","77.0","73.0","point"
"2024-04-30 02:00:00 am","72.6","100.0","75.6","72.6","point"
"2024-04-30 04:00:00 am","70.6","98.8","72.5","70.3","point"
"2024-04-30 06:00:00 am","67.8","99.2","69.3","67.6","point"
"2024-04-30 08:00:00 am","70.3","100.0","72.1","70.3","point"
"2024-04-30 10:00:00 am","74.7","95.1","78.3","73.2","point"
"2024-04-30 12:00:00 pm","78.4","85.2","83.3","73.6","point"
"2024-04-30 02:00:00 pm","80.4","84.5","87.4","75.3","point"
"2024-04-30 04:00:00 pm","79.8","85.0","86.4","74.8","point"
"2024-04-30 06:00:00 pm","78.3","92.8","84.9","76.0","point"
"2024-04-30 08:00:00 pm","76.7","96.2","81.3","75.6","point"
"2024-04-30 10:00:00 pm","75.5","98.6","79.7","75.1","point"
"2024-05-01 12:00:00 am","74.2","98.6","77.7","73.8","point"
"2024-05-01 02:00:00 am","74.0","99.5","77.7","73.9","point"
"2024-05-01 04:00:00 am","73.6","99.7","77.2","73.5","point"
"2024-05-01 06:00:00 am","73.0","99.6","76.1","72.9","point"
"2024-05-01 08:00:00 am","73.6","99.0","77.2","73.3","point"
"2024-05-01 10:00:00 am","75.9","94.0","79.9","74.1","point"
"2024-05-01 12:00:00 pm","78.5","88.1","84.2","74.7","point"
"2024-05-01 02:00:00 pm","80.2","87.0","87.8","76.0","point"
"2024-05-01 04:00:00 pm","79.5","87.3","86.5","75.4","point"
"2024-05-01 06:00:00 pm","78.5","88.1","84.2","74.7","point"
"2024-05-01 08:00:00 pm","76.4","95.2","80.6","74.9","point"
"2024-05-01 10:00:00 pm","75.1","96.4","79.0","74.0","point"
"2024-05-02 12:00:00 am","73.9","96.9","77.0","72.9","point"
"2024-05-02 02:00:00 am","73.4","98.1","76.8","72.8","point"
"2024-05-02 04:00:00 am","72.1","98.0","74.8","71.5","point"
"2024-05-02 06:00:00 am","71.0","99.6","73.0","70.8","point"
"2024-05-02 08:00:00 am","72.9","99.5","76.1","72.7","point"
"2024-05-02 10:00:00 am","76.6","95.4","81.3","75.2","point"
"2024-05-02 12:00:00 pm","79.6","87.2","86.5","75.5","point"
"2024-05-02 02:00:00 pm","81.8","84.9","90.7","76.8","point"
"2024-05-02 04:00:00 pm","81.8","84.5","90.5","76.6","point"
"2024-05-02 06:00:00 pm","80.3","88.0","88.3","76.4","point"
"2024-05-02 08:00:00 pm","77.6","95.8","83.7","76.3","point"
"2024-05-02 10:00:00 pm","76.6","97.1","81.1","75.7","point"
"2024-05-03 12:00:00 am","75.3","99.1","79.5","75.1","point"
"2024-05-03 02:00:00 am","75.1","100.0","79.3","75.1","point"
"2024-05-03 04:00:00 am","72.5","88.1","74.7","68.8","point"
"2024-05-03 06:00:00 am","70.0","83.1","71.2","64.7","point"
"2024-05-03 08:00:00 am","71.5","80.2","72.7","65.1","point"
"2024-05-03 10:00:00 am","73.3","83.8","75.2","68.1","point"
"2024-05-03 12:00:00 pm","77.7","89.1","82.8","74.3","point"
"2024-05-03 02:00:00 pm","78.7","88.3","84.7","74.9","point"
"2024-05-03 04:00:00 pm","79.1","86.5","85.3","74.7","point"
"2024-05-03 06:00:00 pm","78.0","90.2","83.5","74.9","point"
"2024-05-03 08:00:00 pm","75.6","94.1","79.3","73.7","point"
"2024-05-03 10:00:00 pm","73.3","91.9","75.9","70.8","point"
"2024-05-04 12:00:00 am","71.1","97.1","73.0","70.3","point"
"2024-05-04 02:00:00 am","69.5","98.2","71.4","69.0","point"
"2024-05-04 04:00:00 am","68.2","98.6","70.0","67.8","point"
"2024-05-04 06:00:00 am","69.9","99.9","71.8","69.9","point"
"2024-05-04 08:00:00 am","71.8","99.4","74.5","71.6","point"
"2024-05-04 10:00:00 am","75.2","91.3","78.6","72.5","point"
"2024-05-04 12:00:00 pm","78.4","83.9","83.1","73.1","point"
"2024-05-04 02:00:00 pm","80.1","76.9","85.3","72.2","point"
"2024-05-04 04:00:00 pm","79.9","74.0","84.4","70.8","point"
"2024-05-04 06:00:00 pm","78.8","77.8","83.1","71.3","point"
"2024-05-04 08:00:00 pm","76.1","91.3","79.9","73.4","point"
"2024-05-04 10:00:00 pm","73.7","94.9","76.6","72.1","point"
"2024-05-05 12:00:00 am","71.1","97.5","73.0","70.3","point"
"2024-05-05 02:00:00 am","69.6","96.9","71.4","68.7","point"
"2024-05-05 04:00:00 am","68.8","98.0","70.5","68.2","point"
"2024-05-05 06:00:00 am","67.0","98.4","68.5","66.5","point"
"2024-05-05 08:00:00 am","69.3","98.7","71.2","68.9","point"
"2024-05-05 10:00:00 am","72.4","89.9","74.5","69.3","point"
"2024-05-05 12:00:00 pm","76.8","79.2","79.5","69.9","point"
"2024-05-05 02:00:00 pm","78.7","75.4","82.2","70.3","point"
"2024-05-05 04:00:00 pm","78.8","75.8","82.6","70.5","point"
"2024-05-05 06:00:00 pm","77.7","77.9","81.0","70.3","point"
"2024-05-05 08:00:00 pm","74.7","93.4","77.9","72.6","point"
"2024-05-05 10:00:00 pm","73.6","96.5","76.8","72.6","point"
"2024-05-06 12:00:00 am","72.4","96.0","74.8","71.2","point"
"2024-05-06 02:00:00 am","72.2","96.4","74.7","71.2","point"
"2024-05-06 04:00:00 am","71.9","97.8","74.3","71.2","point"
"2024-05-06 06:00:00 am","72.0","98.6","74.7","71.5","point"
"2024-05-06 08:00:00 am","72.1","95.9","74.5","70.8","point"
"2024-05-06 10:00:00 am","74.0","91.4","76.8","71.4","point"
"2024-05-06 12:00:00 pm","77.3","87.0","81.1","73.1","point"
"2024-05-06 02:00:00 pm","78.8","81.4","83.3","72.6","point"
"2024-05-06 04:00:00 pm","78.9","83.3","84.2","73.4","point"
"2024-05-06 06:00:00 pm","77.3","87.6","81.5","73.3","point"
"2024-05-06 08:00:00 pm","75.2","92.4","78.4","72.8","point"
"2024-05-06 10:00:00 pm","74.1","95.0","77.2","72.6","point"
"2024-05-07 12:00:00 am","73.7","97.5","76.8","72.9","point"
"2024-05-07 02:00:00 am","73.5","98.6","76.8","73.1","point"
"2024-05-07 04:00:00 am","73.0","98.9","76.1","72.6","point"
"2024-05-07 06:00:00 am","72.5","99.3","75.2","72.2","point"
"2024-05-07 08:00:00 am","69.1","100.0","71.1","69.1","point"
"2024-05-07 10:00:00 am","73.0","100.0","76.1","73.0","point"
"2024-05-07 12:00:00 pm","76.0","100.0","80.8","76.0","point"
"2024-05-07 02:00:00 pm","78.6","97.5","86.4","77.8","point"
"2024-05-07 04:00:00 pm","76.4","98.3","81.0","75.9","point"
"2024-05-07 06:00:00 pm","75.7","100.0","80.2","75.7","point"
"2024-05-07 08:00:00 pm","74.3","100.0","78.3","74.3","point"
"2024-05-07 10:00:00 pm","74.1","100.0","77.7","74.1","point"
"2024-05-08 12:00:00 am","73.5","100.0","76.8","73.5","point"
"2024-05-08 02:00:00 am","72.7","100.0","75.7","72.7","point"
"2024-05-08 04:00:00 am","72.3","100.0","75.0","72.3","point"
"2024-05-08 06:00:00 am","70.9","100.0","73.0","70.9","point"
"2024-05-08 08:00:00 am","72.3","100.0","75.0","72.3","point"
"2024-05-08 10:00:00 am","74.4","100.0","78.3","74.4","point"
"2024-05-08 12:00:00 pm","77.1","97.8","82.6","76.4","point"
"2024-05-08 02:00:00 pm","79.1","96.2","87.3","77.9","point"
"2024-05-08 04:00:00 pm","80.1","93.9","89.4","78.2","point"
"2024-05-08 06:00:00 pm","67.6","100.0","69.3","67.6","point"
"2024-05-08 08:00:00 pm","69.4","100.0","71.2","69.4","point"
"2024-05-08 10:00:00 pm","71.7","100.0","74.1","71.7","point"
"2024-05-09 12:00:00 am","72.0","100.0","74.7","72.0","point"
"2024-05-09 02:00:00 am","70.4","100.0","72.3","70.4","point"
"2024-05-09 04:00:00 am","69.6","100.0","71.4","69.6","point"
"2024-05-09 06:00:00 am","69.2","100.0","71.1","69.2","point"
"2024-05-09 08:00:00 am","71.3","100.0","73.6","71.3","point"
"2024-05-09 10:00:00 am","73.2","100.0","76.3","73.2","point"
"2024-05-09 12:00:00 pm","76.4","100.0","81.3","76.4","point"
"2024-05-09 02:00:00 pm","77.8","96.8","84.2","76.8","point"
"2024-05-09 04:00:00 pm","68.3","99.9","70.0","68.3","point"
"2024-05-09 06:00:00 pm","69.4","100.0","71.2","69.4","point"
"2024-05-09 08:00:00 pm","70.4","100.0","72.3","70.4","point"
"2024-05-09 10:00:00 pm","71.3","100.0","73.6","71.3","point"
"2024-05-10 12:00:00 am","71.3","100.0","73.6","71.3","point"
"2024-05-10 02:00:00 am","71.5","100.0","73.9","71.4","point"
"2024-05-10 04:00:00 am","70.6","100.0","72.5","70.6","point"
"2024-05-10 06:00:00 am","70.5","100.0","72.5","70.5","point"
"2024-05-10 08:00:00 am","71.2","100.0","73.4","71.2","point"
"2024-05-10 10:00:00 am","73.3","100.0","76.6","73.3","point"
"2024-05-10 12:00:00 pm","76.5","99.8","81.5","76.5","point"
"2024-05-10 02:00:00 pm","77.2","96.0","82.2","75.9","point"
"2024-05-10 04:00:00 pm","77.1","94.8","82.0","75.5","point"
"2024-05-10 06:00:00 pm","76.8","97.5","81.7","76.0","point"
"2024-05-10 08:00:00 pm","75.5","100.0","79.9","75.5","point"
"2024-05-10 10:00:00 pm","74.4","100.0","78.3","74.4","point"
"2024-05-11 12:00:00 am","73.4","100.0","76.6","73.4","point"
"2024-05-11 02:00:00 am","71.0","100.0","73.0","71.0","point"
"2024-05-11 04:00:00 am","70.6","100.0","72.5","70.5","point"
"2024-05-11 06:00:00 am","69.4","100.0","71.2","69.4","point"
"2024-05-11 08:00:00 am","70.3","100.0","72.1","70.3","point"
"2024-05-11 10:00:00 am","74.9","97.3","78.6","74.0","point"
"2024-05-11 12:00:00 pm","77.6","94.4","83.3","75.8","point"
"2024-05-11 02:00:00 pm","79.4","92.8","87.4","77.1","point"
"2024-05-11 04:00:00 pm","70.7","100.0","72.9","70.7","point"
"2024-05-11 06:00:00 pm","70.2","100.0","72.1","70.2","point"
"2024-05-11 08:00:00 pm","70.4","100.0","72.3","70.4","point"
"2024-05-11 10:00:00 pm","71.8","100.0","74.5","71.8","point"
"2024-05-12 12:00:00 am","71.3","100.0","73.6","71.3","point"
"2024-05-12 02:00:00 am","71.9","100.0","74.5","71.9","point"
"2024-05-12 04:00:00 am","71.2","100.0","73.4","71.2","point"
"2024-05-12 06:00:00 am","70.3","100.0","72.1","70.3","point"
"2024-05-12 08:00:00 am","71.7","100.0","74.1","71.7","point"
"2024-05-12 10:00:00 am","74.5","100.0","78.6","74.5","point"
"2024-05-12 12:00:00 pm","76.5","100.0","81.7","76.5","point"
"2024-05-12 02:00:00 pm","76.3","100.0","81.3","76.3","point"
"2024-05-12 04:00:00 pm","70.2","100.0","72.1","70.2","point"
"2024-05-12 06:00:00 pm","67.7","100.0","69.4","67.7","point"
"2024-05-12 08:00:00 pm","69.6","100.0","71.4","69.6","point"
"2024-05-12 10:00:00 pm","68.5","100.0","70.2","68.5","point"
"2024-05-13 12:00:00 am","68.3","100.0","70.0","68.3","point"
"2024-05-13 02:00:00 am","68.8","100.0","70.5","68.8","point"
"2024-05-13 04:00:00 am","69.5","100.0","71.4","69.5","point"
"2024-05-13 06:00:00 am","65.7","100.0","67.3","65.7","point"
"2024-05-13 08:00:00 am","66.7","100.0","68.2","66.7","point"
"2024-05-13 10:00:00 am","67.8","100.0","69.4","67.8","point"
"2024-05-13 12:00:00 pm","72.5","100.0","75.2","72.5","point"
"2024-05-13 02:00:00 pm","74.4","100.0","78.3","74.4","point"
"2024-05-13 04:00:00 pm","75.5","100.0","79.9","75.5","point"
"2024-05-13 06:00:00 pm","74.1","100.0","77.7","74.1","point"
"2024-05-13 08:00:00 pm","72.3","100.0","75.0","72.3","point"
"2024-05-13 10:00:00 pm","71.0","100.0","73.0","71.0","point"
"2024-05-14 12:00:00 am","69.3","100.0","71.2","69.3","point"
"2024-05-14 02:00:00 am","70.6","100.0","72.5","70.5","point"
"2024-05-14 04:00:00 am","70.0","100.0","72.0","70.0","point"
"2024-05-14 06:00:00 am","69.2","100.0","71.1","69.2","point"
"2024-05-14 08:00:00 am","70.0","100.0","72.0","70.0","point"
"2024-05-14 10:00:00 am","71.9","100.0","74.5","71.9","point"
"2024-05-14 12:00:00 pm","74.2","100.0","78.1","74.1","point"
"2024-05-14 02:00:00 pm","75.8","100.0","80.4","75.8","point"
"2024-05-14 04:00:00 pm","75.9","100.0","80.4","75.9","point"
"2024-05-14 06:00:00 pm","74.3","100.0","78.3","74.3","point"
"2024-05-14 08:00:00 pm","73.3","100.0","76.6","73.3","point"
"2024-05-14 10:00:00 pm","73.1","100.0","76.3","73.1","point"
"2024-05-15 12:00:00 am","72.2","100.0","75.0","72.2","point"
"2024-05-15 02:00:00 am","72.2","100.0","75.0","72.2","point"
"2024-05-15 04:00:00 am","72.1","100.0","74.7","72.1","point"
"2024-05-15 06:00:00 am","71.5","100.0","73.9","71.5","point"
"2024-05-15 08:00:00 am","68.0","100.0","69.8","68.0","point"
"2024-05-15 10:00:00 am","72.6","100.0","75.6","72.6","point"
"2024-05-15 12:00:00 pm","75.7","100.0","80.2","75.7","point"
"2024-05-15 02:00:00 pm","77.4","100.0","84.0","77.4","point"
"2024-05-15 04:00:00 pm","78.4","98.5","86.0","77.9","point"
"2024-05-15 06:00:00 pm","69.9","100.0","71.8","69.9","point"
"2024-05-15 08:00:00 pm","70.6","100.0","72.5","70.6","point"
"2024-05-15 10:00:00 pm","70.8","100.0","72.9","70.8","point"
"2024-05-16 12:00:00 am","72.4","100.0","75.2","72.4","point"
"2024-05-16 02:00:00 am","71.6","100.0","73.9","71.6","point"
"2024-05-16 04:00:00 am","70.2","100.0","72.1","70.2","point"
"2024-05-16 06:00:00 am","70.1","100.0","72.0","70.1","point"
"2024-05-16 08:00:00 am","71.4","100.0","73.6","71.4","point"
"2024-05-16 10:00:00 am","73.2","100.0","76.3","73.2","point"
"2024-05-16 12:00:00 pm","75.3","100.0","79.7","75.3","point"
"2024-05-16 02:00:00 pm","76.1","100.0","81.0","76.1","point"
"2024-05-16 04:00:00 pm","76.1","100.0","81.0","76.1","point"
"2024-05-16 06:00:00 pm","73.9","100.0","77.5","73.9","point"
"2024-05-16 08:00:00 pm","69.8","100.0","71.6","69.8","point"
"2024-05-16 10:00:00 pm","70.3","100.0","72.1","70.3","point"
"2024-05-17 12:00:00 am","70.0","100.0","72.0","70.0","point"
"2024-05-17 02:00:00 am","70.7","100.0","72.5","70.7","point"
"2024-05-17 04:00:00 am","70.6","100.0","72.5","70.6","point"
"2024-05-17 06:00:00 am","69.9","100.0","71.8","69.9","point"
"2024-05-17 08:00:00 am","70.5","100.0","72.3","70.5","point"
"2024-05-17 10:00:00 am","73.1","100.0","76.3","73.1","point"
"2024-05-17 12:00:00 pm","75.8","100.0","80.4","75.8","point"
"2024-05-17 02:00:00 pm","72.0","100.0","74.7","72.0","point"
"2024-05-17 04:00:00 pm","73.9","100.0","77.5","73.9","point"
"2024-05-17 06:00:00 pm","72.5","100.0","75.6","72.5","point"
"2024-05-17 08:00:00 pm","71.7","100.0","74.1","71.7","point"
"2024-05-17 10:00:00 pm","71.8","100.0","74.5","71.8","point"
"2024-05-18 12:00:00 am","69.3","100.0","71.2","69.3","point"
"2024-05-18 02:00:00 am","68.7","100.0","70.5","68.7","point"
"2024-05-18 04:00:00 am","68.2","100.0","70.0","68.2","point"
"2024-05-18 06:00:00 am","67.3","100.0","69.1","67.3","point"
"2024-05-18 08:00:00 am","69.9","100.0","71.8","69.9","point"
"2024-05-18 10:00:00 am","72.2","100.0","75.0","72.2","point"
"2024-05-18 12:00:00 pm","73.5","100.0","76.8","73.5","point"
"2024-05-18 02:00:00 pm","76.5","100.0","81.7","76.5","point"
"2024-05-18 04:00:00 pm","72.2","100.0","75.0","72.2","point"
"2024-05-18 06:00:00 pm","69.7","100.0","71.6","69.6","point"
"2024-05-18 08:00:00 pm","70.8","100.0","72.9","70.8","point"
"2024-05-18 10:00:00 pm","70.9","100.0","73.0","70.9","point"
"2024-05-19 12:00:00 am","70.9","100.0","73.0","70.9","point"
"2024-05-19 02:00:00 am","70.4","100.0","72.3","70.4","point"
"2024-05-19 04:00:00 am","69.0","100.0","70.9","69.0","point"
"2024-05-19 06:00:00 am","68.3","100.0","70.0","68.3","point"
"2024-05-19 08:00:00 am","70.0","100.0","72.0","70.0","point"
"2024-05-19 10:00:00 am","72.3","100.0","75.0","72.3","point"
"2024-05-19 12:00:00 pm","72.8","100.0","75.7","72.8","point"
"2024-05-19 02:00:00 pm","74.2","100.0","78.1","74.1","point"
"2024-05-19 04:00:00 pm","74.2","100.0","78.1","74.1","point"
"2024-05-19 06:00:00 pm","74.0","100.0","77.7","74.0","point"
"2024-05-19 08:00:00 pm","72.8","100.0","75.7","72.8","point"
"2024-05-19 10:00:00 pm","69.1","100.0","71.1","69.1","point"
"2024-05-20 12:00:00 am","69.1","100.0","70.9","69.1","point"
"2024-05-20 02:00:00 am","68.5","100.0","70.2","68.5","point"
"2024-05-20 04:00:00 am","69.1","100.0","71.1","69.1","point"
"2024-05-20 06:00:00 am","69.0","100.0","70.9","69.0","point"
"2024-05-20 08:00:00 am","70.0","100.0","72.0","70.0","point"
"2024-05-20 10:00:00 am","71.5","100.0","73.9","71.5","point"
"2024-05-20 12:00:00 pm","72.5","100.0","75.6","72.5","point"
"2024-05-20 02:00:00 pm","74.4","100.0","78.3","74.4","point"
"2024-05-20 04:00:00 pm","72.3","100.0","75.2","72.3","point"
"2024-05-20 06:00:00 pm","72.0","100.0","74.7","72.0","point"
"2024-05-20 08:00:00 pm","71.5","100.0","73.9","71.5","point"
"2024-05-20 10:00:00 pm","70.6","100.0","72.5","70.6","point"
"2024-05-21 12:00:00 am","70.4","100.0","72.3","70.4","point"
"2024-05-21 02:00:00 am","69.4","100.0","71.2","69.4","point"
"2024-05-21 04:00:00 am","69.0","100.0","70.9","69.0","point"
"2024-05-21 06:00:00 am","69.2","100.0","71.1","69.2","point"
"2024-05-21 08:00:00 am","69.9","100.0","71.8","69.9","point"
"2024-05-21 10:00:00 am","72.7","100.0","75.7","72.7","point"
"2024-05-21 12:00:00 pm","75.1","100.0","79.3","75.0","point"
"2024-05-21 02:00:00 pm","76.0","100.0","80.8","76.0","point"
"2024-05-21 04:00:00 pm","74.2","100.0","78.1","74.2","point"
"2024-05-21 06:00:00 pm","73.7","100.0","77.2","73.7","point"
"2024-05-21 08:00:00 pm","71.5","100.0","73.9","71.5","point"
"2024-05-21 10:00:00 pm","71.3","100.0","73.6","71.3","point"
"2024-05-22 12:00:00 am","71.0","100.0","73.0","70.9","point"
"2024-05-22 02:00:00 am","70.2","100.0","72.1","70.2","point"
"2024-05-22 04:00:00 am","70.3","100.0","72.1","70.3","point"
"2024-05-22 06:00:00 am","69.7","100.0","71.6","69.6","point"
"2024-05-22 08:00:00 am","70.9","100.0","73.0","70.9","point"
"2024-05-22 10:00:00 am","74.1","100.0","77.7","74.1","point"
"2024-05-22 12:00:00 pm","75.5","100.0","79.9","75.5","point"
"2024-05-22 02:00:00 pm","76.1","100.0","81.0","76.1","point"
"2024-05-22 04:00:00 pm","76.8","100.0","82.6","76.8","point"
"2024-05-22 06:00:00 pm","75.3","100.0","79.7","75.3","point"
"2024-05-22 08:00:00 pm","73.1","100.0","76.3","73.1","point"
"2024-05-22 10:00:00 pm","72.8","100.0","75.7","72.8","point"
"2024-05-23 12:00:00 am","72.2","100.0","75.0","72.2","point"
"2024-05-23 02:00:00 am","70.9","100.0","73.0","70.9","point"
"2024-05-23 04:00:00 am","68.9","100.0","70.9","68.9","point"
"2024-05-23 06:00:00 am","68.9","100.0","70.9","68.9","point"
"2024-05-23 08:00:00 am","72.6","100.0","75.6","72.6","point"
"2024-05-23 10:00:00 am","74.0","100.0","77.7","74.0","point"
"2024-05-23 12:00:00 pm","75.8","100.0","80.4","75.8","point"
"2024-05-23 02:00:00 pm","75.4","100.0","79.9","75.4","point"
"2024-05-23 04:00:00 pm","74.5","100.0","78.6","74.5","point"
"2024-05-23 06:00:00 pm","73.6","100.0","77.2","73.6","point"
"2024-05-23 08:00:00 pm","73.3","100.0","76.6","73.3","point"
"2024-05-23 10:00:00 pm","73.2","100.0","76.3","73.2","point"
"2024-05-24 12:00:00 am","72.4","100.0","75.2","72.4","point"
"2024-05-24 02:00:00 am","72.5","100.0","75.2","72.5","point"
"2024-05-24 04:00:00 am","72.6","100.0","75.6","72.6","point"
"2024-05-24 06:00:00 am","72.5","100.0","75.2","72.5","point"
"2024-05-24 08:00:00 am","71.5","100.0","73.9","71.5","point"
"2024-05-24 10:00:00 am","71.5","100.0","73.9","71.5","point"
"2024-05-24 12:00:00 pm","73.2","100.0","76.6","73.2","point"
"2024-05-24 02:00:00 pm","72.7","100.0","75.7","72.7","point"
"2024-05-24 04:00:00 pm","72.9","100.0","76.1","72.9","point"
"2024-05-24 06:00:00 pm","72.9","100.0","76.1","72.9","point"
"2024-05-24 08:00:00 pm","70.2","100.0","72.1","70.2","point"
"2024-05-24 10:00:00 pm","67.3","100.0","69.1","67.3","point"
"2024-05-25 12:00:00 am","68.1","100.0","69.8","68.1","point"
"2024-05-25 02:00:00 am","67.4","100.0","69.1","67.4","point"
"2024-05-25 04:00:00 am","66.8","100.0","68.4","66.8","point"
"2024-05-25 06:00:00 am","66.7","100.0","68.2","66.7","point"
"2024-05-25 08:00:00 am","66.9","100.0","68.7","66.9","point"
"2024-05-25 10:00:00 am","68.1","100.0","69.8","68.1","point"
"2024-05-25 12:00:00 pm","69.7","100.0","71.6","69.7","point"
"2024-05-25 02:00:00 pm","69.7","100.0","71.6","69.7","point"
"2024-05-25 04:00:00 pm","70.4","100.0","72.3","70.4","point"
"2024-05-25 06:00:00 pm","69.9","100.0","71.8","69.9","point"
"2024-05-25 08:00:00 pm","69.9","100.0","71.8","69.9","point"
"2024-05-25 10:00:00 pm","70.1","100.0","72.0","70.1","point"
"2024-05-26 12:00:00 am","70.6","100.0","72.5","70.5","point"
"2024-05-26 02:00:00 am","70.3","100.0","72.1","70.3","point"
"2024-05-26 04:00:00 am","70.5","100.0","72.5","70.5","point"
"2024-05-26 06:00:00 am","71.0","100.0","73.0","70.9","point"
"2024-05-26 08:00:00 am","71.2","100.0","73.4","71.2","point"
"2024-05-26 10:00:00 am","71.6","100.0","74.1","71.6","point"
"2024-05-26 12:00:00 pm","71.5","100.0","73.9","71.5","point"
"2024-05-26 02:00:00 pm","73.5","100.0","76.8","73.5","point"
"2024-05-26 04:00:00 pm","72.3","100.0","75.0","72.3","point"
"2024-05-26 06:00:00 pm","71.8","100.0","74.5","71.8","point"
"2024-05-26 08:00:00 pm","71.1","100.0","73.4","71.1","point"
"2024-05-26 10:00:00 pm","71.0","100.0","73.0","71.0","point"
"2024-05-27 12:06:54 am","71.2","--","--","--","point"
