"Device Name","D2 - 2815030"
"Device Model","Kestrel DROP 2"
"Serial Number","2815030"
"FORMATTED DATE_TIME","Temperature","Relative Humidity","Heat Index","Dew Point","Data Type","Record name","Start time","Duration (H:M:S)","Location description","Location address","Location coordinates","Notes"
"YYYY-MM-DD HH:MM:SS","°F","%","°F","°F"
"2000-01-01 12:10:00 am","72.5","16.4","68.4","24.4","point"
"2000-01-01 12:20:00 am","72.3","16.5","68.0","24.3","point"
"2000-01-01 12:30:00 am","72.1","16.5","68.0","24.3","point"
"2000-01-01 12:40:00 am","72.0","16.6","67.8","24.3","point"
"2023-02-07 12:30:00 pm","73.4","53.2","72.5","55.3","point"
"2024-01-11 09:00:00 pm","71.5","75.4","72.5","63.3","point"
"2024-01-11 11:00:00 pm","70.5","75.5","71.2","62.3","point"
"2024-01-12 01:00:00 am","70.1","75.8","70.7","62.1","point"
"2024-01-12 03:00:00 am","69.8","75.8","70.5","61.8","point"
"2024-01-12 05:00:00 am","69.4","76.0","69.8","61.5","point"
"2024-01-12 07:00:00 am","68.9","76.1","69.1","61.0","point"
"2024-01-12 09:00:00 am","70.2","72.3","70.7","60.9","point"
"2024-01-12 11:00:00 am","70.9","63.3","71.2","57.8","point"
"2024-01-12 01:00:00 pm","74.8","55.9","74.1","58.0","point"
"2024-01-12 03:00:00 pm","77.0","55.3","76.6","59.8","point"
"2024-01-12 05:00:00 pm","76.5","54.5","75.7","58.9","point"
"2024-01-12 07:00:00 pm","68.8","78.0","69.1","61.6","point"
"2024-01-12 09:00:00 pm","66.2","79.5","66.0","59.7","point"
"2024-01-12 11:00:00 pm","65.8","83.2","65.8","60.5","point"
"2024-01-13 01:00:00 am","64.8","80.6","64.4","58.7","point"
"2024-01-13 03:00:00 am","64.3","85.6","64.2","59.9","point"
"2024-01-13 05:00:00 am","62.8","91.1","63.3","60.2","point"
"2024-01-13 07:00:00 am","62.5","94.6","63.3","60.9","point"
"2024-01-13 09:00:00 am","64.8","91.9","65.5","62.4","point"
"2024-01-13 11:00:00 am","71.2","70.8","71.8","61.2","point"
"2024-01-13 01:00:00 pm","75.0","61.5","75.0","60.9","point"
"2024-01-13 03:00:00 pm","76.7","54.8","75.9","59.2","point"
"2024-01-13 05:00:00 pm","75.7","69.4","76.5","65.0","point"
"2024-01-13 07:00:00 pm","68.9","87.4","70.0","65.0","point"
"2024-01-13 09:00:00 pm","67.3","93.2","68.5","65.3","point"
"2024-01-13 11:00:00 pm","65.4","94.9","66.4","63.9","point"
"2024-01-14 01:00:00 am","64.6","94.2","65.3","62.9","point"
"2024-01-14 03:00:00 am","66.0","85.5","66.2","61.5","point"
"2024-01-14 05:00:00 am","65.3","88.5","65.8","61.8","point"
"2024-01-14 07:00:00 am","65.0","89.0","65.5","61.7","point"
"2024-01-14 09:00:00 am","67.0","88.5","67.8","63.5","point"
"2024-01-14 11:00:00 am","72.8","72.3","73.8","63.4","point"
"2024-01-14 01:00:00 pm","76.6","58.1","76.3","60.8","point"
"2024-01-14 03:00:00 pm","78.7","51.7","78.4","59.5","point"
"2024-01-14 05:00:00 pm","76.6","76.0","78.3","68.4","point"
"2024-01-14 07:00:00 pm","70.1","88.3","71.4","66.5","point"
"2024-01-14 09:00:00 pm","64.7","85.1","64.6","60.1","point"
"2024-01-14 11:00:00 pm","69.5","70.1","69.6","59.3","point"
"2024-01-15 01:00:00 am","68.3","70.5","68.0","58.3","point"
"2024-01-15 03:00:00 am","65.6","77.3","64.9","58.3","point"
"2024-01-15 05:00:00 am","63.1","87.6","63.1","59.3","point"
"2024-01-15 07:00:00 am","63.0","89.6","63.3","59.9","point"
"2024-01-15 09:00:00 am","65.3","91.1","66.0","62.7","point"
"2024-01-15 11:00:00 am","71.2","78.9","72.3","64.3","point"
"2024-01-15 01:00:00 pm","75.3","60.1","75.2","60.5","point"
"2024-01-15 03:00:00 pm","76.2","62.7","76.3","62.5","point"
"2024-01-15 05:00:00 pm","74.0","68.5","74.7","63.0","point"
"2024-01-15 07:00:00 pm","67.8","85.5","68.5","63.3","point"
"2024-01-15 09:00:00 pm","65.7","90.8","66.4","62.9","point"
"2024-01-15 11:00:00 pm","64.5","93.2","65.1","62.5","point"
"2024-01-16 01:00:00 am","62.8","95.6","63.5","61.5","point"
"2024-01-16 03:00:00 am","62.7","93.4","63.3","60.7","point"
"2024-01-16 05:00:00 am","62.5","94.9","63.3","61.0","point"
"2024-01-16 07:00:00 am","61.6","94.1","62.4","59.9","point"
"2024-01-16 09:00:00 am","63.6","95.1","64.4","62.1","point"
"2024-01-16 11:00:00 am","70.2","83.8","71.4","65.0","point"
"2024-01-16 01:00:00 pm","74.6","64.4","74.8","61.7","point"
"2024-01-16 03:00:00 pm","74.8","72.3","75.9","65.2","point"
"2024-01-16 05:00:00 pm","72.6","84.1","74.3","67.5","point"
"2024-01-16 07:00:00 pm","68.8","89.1","69.8","65.4","point"
"2024-01-16 09:00:00 pm","66.9","94.3","68.0","65.2","point"
"2024-01-16 11:00:00 pm","65.4","96.5","66.6","64.4","point"
"2024-01-17 01:00:00 am","66.0","97.2","67.1","65.1","point"
"2024-01-17 03:00:00 am","66.1","98.1","67.5","65.5","point"
"2024-01-17 05:00:00 am","65.9","98.5","67.3","65.4","point"
"2024-01-17 07:00:00 am","65.5","98.1","66.9","65.0","point"
"2024-01-17 09:00:00 am","66.3","98.1","67.6","65.8","point"
"2024-01-17 11:00:00 am","71.3","80.5","72.5","65.0","point"
"2024-01-17 01:00:00 pm","73.6","80.8","75.4","67.3","point"
"2024-01-17 03:00:00 pm","75.0","72.0","76.1","65.4","point"
"2024-01-17 05:00:00 pm","73.9","73.8","75.0","65.0","point"
"2024-01-17 07:00:00 pm","67.6","87.7","68.4","63.8","point"
"2024-01-17 09:00:00 pm","68.3","93.5","69.4","66.4","point"
"2024-01-17 11:00:00 pm","67.7","96.9","69.1","66.8","point"
"2024-01-18 01:00:00 am","67.1","97.5","68.5","66.3","point"
"2024-01-18 03:00:00 am","65.1","96.8","66.2","64.1","point"
"2024-01-18 05:00:00 am","64.1","97.4","65.1","63.3","point"
"2024-01-18 07:00:00 am","63.3","98.4","64.6","62.9","point"
"2024-01-18 09:00:00 am","66.8","98.6","68.4","66.4","point"
"2024-01-18 11:00:00 am","71.0","84.5","72.3","66.1","point"
"2024-01-18 01:00:00 pm","73.5","78.7","74.8","66.4","point"
"2024-01-18 03:00:00 pm","75.2","77.3","76.8","67.6","point"
"2024-01-18 05:00:00 pm","73.4","81.3","75.0","67.3","point"
"2024-01-18 07:00:00 pm","69.3","91.7","70.7","66.8","point"
"2024-01-18 09:00:00 pm","67.7","95.7","69.1","66.4","point"
"2024-01-18 11:00:00 pm","66.6","96.8","68.0","65.7","point"
"2024-01-19 01:00:00 am","66.2","97.6","67.5","65.5","point"
"2024-01-19 03:00:00 am","66.3","97.4","67.5","65.5","point"
"2024-01-19 05:00:00 am","65.1","99.0","66.4","64.8","point"
"2024-01-19 07:00:00 am","63.1","98.7","64.2","62.8","point"
"2024-01-19 09:00:00 am","66.2","99.5","67.8","66.1","point"
"2024-01-19 11:00:00 am","71.4","89.3","73.0","68.1","point"
"2024-01-19 01:00:00 pm","73.8","78.6","75.4","66.7","point"
"2024-01-19 03:00:00 pm","75.2","80.7","77.4","68.9","point"
"2024-01-19 05:00:00 pm","73.8","83.5","75.9","68.5","point"
"2024-01-19 07:00:00 pm","69.8","93.2","71.4","67.7","point"
"2024-01-19 09:00:00 pm","69.4","97.7","71.2","68.7","point"
"2024-01-19 11:00:00 pm","66.5","97.2","67.8","65.7","point"
"2024-01-20 01:00:00 am","64.6","98.0","65.8","64.1","point"
"2024-01-20 03:00:00 am","65.8","98.4","67.1","65.3","point"
"2024-01-20 05:00:00 am","64.6","96.6","65.7","63.6","point"
"2024-01-20 07:00:00 am","64.2","97.6","65.5","63.5","point"
"2024-01-20 09:00:00 am","66.3","95.5","67.5","65.0","point"
"2024-01-20 11:00:00 am","71.0","88.3","72.5","67.4","point"
"2024-01-20 01:00:00 pm","73.3","76.4","74.5","65.5","point"
"2024-01-20 03:00:00 pm","74.1","78.9","75.6","67.1","point"
"2024-01-20 05:00:00 pm","74.4","85.3","76.6","69.7","point"
"2024-01-20 07:00:00 pm","70.3","93.1","71.8","68.2","point"
"2024-01-20 09:00:00 pm","67.7","96.0","69.1","66.6","point"
"2024-01-20 11:00:00 pm","66.0","96.9","67.1","65.1","point"
"2024-01-21 01:00:00 am","65.4","98.0","66.7","64.9","point"
"2024-01-21 03:00:00 am","64.6","98.4","65.8","64.1","point"
"2024-01-21 05:00:00 am","65.9","99.6","67.5","65.8","point"
"2024-01-21 07:00:00 am","65.1","99.7","66.6","65.0","point"
"2024-01-21 09:00:00 am","66.8","97.5","68.2","66.1","point"
"2024-01-21 11:00:00 am","71.7","88.9","73.4","68.2","point"
"2024-01-21 01:00:00 pm","76.4","67.3","76.8","64.8","point"
"2024-01-21 03:00:00 pm","78.2","70.6","80.4","67.8","point"
"2024-01-21 05:00:00 pm","76.1","75.5","77.5","67.7","point"
"2024-01-21 07:00:00 pm","71.4","84.6","72.7","66.5","point"
"2024-01-21 09:00:00 pm","70.6","96.4","72.3","69.5","point"
"2024-01-21 11:00:00 pm","67.9","96.6","69.4","66.8","point"
"2024-01-22 01:00:00 am","66.7","97.4","68.0","65.9","point"
"2024-01-22 03:00:00 am","66.0","98.1","67.3","65.4","point"
"2024-01-22 05:00:00 am","65.1","99.1","66.6","64.9","point"
"2024-01-22 07:00:00 am","63.4","98.8","64.6","63.1","point"
"2024-01-22 09:00:00 am","67.0","99.3","68.5","66.8","point"
"2024-01-22 11:00:00 am","72.7","86.8","74.8","68.5","point"
"2024-01-22 01:00:00 pm","76.0","72.0","77.0","66.3","point"
"2024-01-22 03:00:00 pm","77.3","73.7","79.3","68.3","point"
"2024-01-22 05:00:00 pm","75.3","76.9","76.8","67.6","point"
"2024-01-22 07:00:00 pm","70.2","89.2","71.6","66.8","point"
"2024-01-22 09:00:00 pm","70.6","96.1","72.3","69.4","point"
"2024-01-22 11:00:00 pm","67.9","96.5","69.4","66.9","point"
"2024-01-23 01:00:00 am","65.8","96.9","66.9","64.9","point"
"2024-01-23 03:00:00 am","64.6","97.5","65.8","63.9","point"
"2024-01-23 05:00:00 am","64.0","99.1","65.1","63.7","point"
"2024-01-23 07:00:00 am","63.4","96.2","64.4","62.3","point"
"2024-01-23 09:00:00 am","67.6","91.8","68.5","65.1","point"
"2024-01-23 11:00:00 am","71.3","83.1","72.7","65.9","point"
"2024-01-23 01:00:00 pm","74.1","71.2","74.8","64.1","point"
"2024-01-23 03:00:00 pm","76.1","80.2","78.3","69.6","point"
"2024-01-23 05:00:00 pm","74.2","84.3","76.3","69.2","point"
"2024-01-23 07:00:00 pm","69.5","88.1","70.7","65.8","point"
"2024-01-23 09:00:00 pm","66.4","93.4","67.5","64.4","point"
"2024-01-23 11:00:00 pm","64.5","96.0","65.5","63.3","point"
"2024-01-24 01:00:00 am","62.6","96.8","63.5","61.6","point"
"2024-01-24 03:00:00 am","61.4","96.6","62.4","60.4","point"
"2024-01-24 05:00:00 am","60.4","96.5","61.3","59.4","point"
"2024-01-24 07:00:00 am","58.7","96.7","59.5","57.8","point"
"2024-01-24 09:00:00 am","62.2","97.7","63.3","61.6","point"
"2024-01-24 11:00:00 am","71.9","71.3","72.5","62.1","point"
"2024-01-24 01:00:00 pm","73.6","69.9","74.5","63.2","point"
"2024-01-24 03:00:00 pm","74.3","67.4","74.8","62.8","point"
"2024-01-24 05:00:00 pm","72.6","74.7","73.6","64.1","point"
"2024-01-24 07:00:00 pm","67.6","84.0","68.0","62.6","point"
"2024-01-24 09:00:00 pm","66.2","91.0","67.1","63.5","point"
"2024-01-24 11:00:00 pm","63.4","94.1","64.2","61.7","point"
"2024-01-25 01:00:00 am","61.8","95.6","62.6","60.5","point"
"2024-01-25 03:00:00 am","59.1","89.0","59.4","55.9","point"
"2024-01-25 05:00:00 am","58.8","92.3","59.4","56.5","point"
"2024-01-25 07:00:00 am","59.5","93.7","60.1","57.7","point"
"2024-01-25 09:00:00 am","63.1","95.1","63.9","61.6","point"
"2024-01-25 11:00:00 am","71.1","77.0","72.1","63.5","point"
"2024-01-25 01:00:00 pm","73.4","73.8","74.5","64.5","point"
"2024-01-25 03:00:00 pm","74.0","72.5","75.0","64.6","point"
"2024-01-25 05:00:00 pm","72.5","76.2","73.8","64.6","point"
"2024-01-25 07:00:00 pm","68.1","86.6","68.9","64.0","point"
"2024-01-25 09:00:00 pm","66.3","94.8","67.5","64.8","point"
"2024-01-25 11:00:00 pm","64.2","96.1","65.3","63.1","point"
"2024-01-26 01:00:00 am","62.8","96.7","63.9","61.8","point"
"2024-01-26 03:00:00 am","62.2","97.7","63.3","61.5","point"
"2024-01-26 05:00:00 am","65.3","93.7","66.2","63.5","point"
"2024-01-26 07:00:00 am","62.9","95.8","63.9","61.7","point"
"2024-01-26 09:00:00 am","65.6","91.7","66.2","63.1","point"
"2024-01-26 11:00:00 am","70.4","78.2","71.2","63.3","point"
"2024-01-26 01:00:00 pm","74.2","65.1","74.5","61.7","point"
"2024-01-26 03:00:00 pm","76.6","57.7","76.1","60.5","point"
"2024-01-26 05:00:00 pm","75.7","52.8","74.7","57.2","point"
"2024-01-26 07:00:00 pm","69.1","83.5","70.0","63.9","point"
"2024-01-26 09:00:00 pm","65.5","91.7","66.2","63.0","point"
"2024-01-26 11:00:00 pm","62.8","94.3","63.7","61.1","point"
"2024-01-27 01:00:00 am","63.6","78.9","63.1","56.9","point"
"2024-01-27 03:00:00 am","64.6","64.2","62.8","52.2","point"
"2024-01-27 05:00:00 am","62.6","77.7","62.1","55.5","point"
"2024-01-27 07:00:00 am","61.6","87.9","61.7","57.9","point"
"2024-01-27 09:00:00 am","63.5","91.6","64.0","61.1","point"
"2024-01-27 11:00:00 am","69.1","77.1","69.4","61.6","point"
"2024-01-27 01:00:00 pm","73.5","61.9","73.6","59.6","point"
"2024-01-27 03:00:00 pm","75.5","50.1","74.3","55.7","point"
"2024-01-27 05:00:00 pm","75.4","52.1","74.5","56.6","point"
"2024-01-27 07:00:00 pm","68.7","72.2","68.9","59.4","point"
"2024-01-27 09:00:00 pm","64.2","74.9","63.1","56.1","point"
"2024-01-27 11:00:00 pm","65.9","71.7","64.9","56.5","point"
"2024-01-28 01:00:00 am","65.1","68.3","63.5","54.4","point"
"2024-01-28 03:00:00 am","63.7","78.2","63.1","56.8","point"
"2024-01-28 05:00:00 am","62.6","84.6","62.6","57.9","point"
"2024-01-28 07:00:00 am","61.5","92.2","62.1","59.2","point"
"2024-01-28 09:00:00 am","64.0","91.8","64.4","61.6","point"
"2024-01-28 11:00:00 am","70.1","68.9","70.2","59.4","point"
"2024-01-28 01:00:00 pm","74.0","55.7","73.4","57.2","point"
"2024-01-28 03:00:00 pm","75.7","53.2","74.7","57.5","point"
"2024-01-28 05:00:00 pm","74.9","54.1","74.1","57.2","point"
"2024-01-28 07:00:00 pm","68.8","79.6","69.3","62.2","point"
"2024-01-28 09:00:00 pm","64.1","87.6","64.2","60.3","point"
"2024-01-28 11:00:00 pm","62.8","93.1","63.5","60.8","point"
"2024-01-29 01:00:00 am","60.9","93.5","61.5","59.0","point"
"2024-01-29 03:00:00 am","64.0","77.2","63.3","56.7","point"
"2024-01-29 05:00:00 am","64.2","77.1","63.7","56.9","point"
"2024-01-29 07:00:00 am","62.9","82.2","62.6","57.3","point"
"2024-01-29 09:00:00 am","64.1","87.9","64.2","60.5","point"
"2024-01-29 11:00:00 am","68.6","81.9","69.3","62.9","point"
"2024-01-29 01:00:00 pm","74.0","66.6","74.5","62.2","point"
"2024-01-29 03:00:00 pm","77.1","53.2","76.3","58.7","point"
"2024-01-29 05:00:00 pm","73.9","70.6","74.7","63.8","point"
"2024-01-29 07:00:00 pm","68.2","85.0","68.9","63.5","point"
"2024-01-29 09:00:00 pm","64.9","90.4","65.7","62.0","point"
"2024-01-29 11:00:00 pm","62.4","92.4","63.0","60.2","point"
"2024-01-30 01:00:00 am","62.1","79.9","61.7","55.8","point"
"2024-01-30 03:00:00 am","64.8","67.6","63.3","53.8","point"
"2024-01-30 05:00:00 am","64.4","69.9","63.0","54.3","point"
"2024-01-30 07:00:00 am","62.8","78.4","62.2","56.0","point"
"2024-01-30 09:00:00 am","64.1","86.4","64.2","60.0","point"
"2024-01-30 11:00:00 am","70.8","73.8","71.6","62.0","point"
"2024-01-30 01:00:00 pm","74.9","54.6","74.1","57.4","point"
"2024-01-30 03:00:00 pm","75.9","56.4","75.2","59.3","point"
"2024-01-30 05:00:00 pm","74.4","59.2","74.1","59.2","point"
"2024-01-30 07:00:00 pm","66.9","77.6","66.9","59.7","point"
"2024-01-30 09:00:00 pm","65.6","88.5","66.0","62.1","point"
"2024-01-30 11:00:00 pm","64.1","93.4","64.8","62.1","point"
"2024-01-31 01:00:00 am","61.8","92.3","62.4","59.5","point"
"2024-01-31 03:00:00 am","60.8","93.5","61.3","58.9","point"
"2024-01-31 05:00:00 am","59.8","95.4","60.6","58.5","point"
"2024-01-31 07:00:00 am","59.2","94.4","59.9","57.6","point"
"2024-01-31 09:00:00 am","64.1","92.1","64.8","61.8","point"
"2024-01-31 11:00:00 am","71.7","66.1","72.1","59.7","point"
"2024-01-31 01:00:00 pm","75.3","50.7","74.1","55.8","point"
"2024-01-31 03:00:00 pm","75.2","55.3","74.5","58.0","point"
"2024-01-31 05:00:00 pm","74.2","60.2","74.1","59.5","point"
"2024-01-31 07:00:00 pm","66.9","77.8","66.6","59.7","point"
"2024-01-31 09:00:00 pm","62.6","87.2","62.8","58.7","point"
"2024-01-31 11:00:00 pm","62.2","89.6","62.4","59.1","point"
"2024-02-01 01:00:00 am","61.5","92.0","62.2","59.2","point"
"2024-02-01 03:00:00 am","62.3","96.6","63.3","61.3","point"
"2024-02-01 05:00:00 am","61.0","96.0","62.1","59.8","point"
"2024-02-01 07:00:00 am","58.9","94.4","59.5","57.3","point"
"2024-02-01 09:00:00 am","62.2","91.8","62.6","59.8","point"
"2024-02-01 11:00:00 am","71.5","62.9","71.6","58.2","point"
"2024-02-01 01:00:00 pm","73.6","71.7","74.5","63.9","point"
"2024-02-01 03:00:00 pm","74.6","64.2","74.8","61.7","point"
"2024-02-01 05:00:00 pm","73.5","70.4","74.1","63.3","point"
"2024-02-01 07:00:00 pm","68.6","84.0","69.4","63.6","point"
"2024-02-01 09:00:00 pm","65.2","91.3","65.8","62.6","point"
"2024-02-01 11:00:00 pm","62.9","93.6","63.5","61.1","point"
"2024-02-02 01:00:00 am","62.2","95.2","63.0","60.8","point"
"2024-02-02 03:00:00 am","62.4","96.8","63.3","61.5","point"
"2024-02-02 05:00:00 am","59.9","96.1","60.6","58.7","point"
"2024-02-02 07:00:00 am","58.9","95.1","59.5","57.5","point"
"2024-02-02 09:00:00 am","63.1","97.5","64.2","62.4","point"
"2024-02-02 11:00:00 am","71.2","76.4","72.1","63.4","point"
"2024-02-02 01:00:00 pm","75.8","63.7","76.1","62.6","point"
"2024-02-02 03:00:00 pm","75.9","58.0","75.4","60.1","point"
"2024-02-02 05:00:00 pm","74.7","65.2","75.0","62.2","point"
"2024-02-02 07:00:00 pm","68.9","83.9","69.6","63.8","point"
"2024-02-02 09:00:00 pm","66.7","92.3","67.6","64.4","point"
"2024-02-02 11:00:00 pm","63.9","93.9","64.8","62.1","point"
"2024-02-03 01:00:00 am","62.8","95.2","63.5","61.4","point"
"2024-02-03 03:00:00 am","60.8","94.7","61.7","59.3","point"
"2024-02-03 05:00:00 am","59.0","95.2","59.5","57.6","point"
"2024-02-03 07:00:00 am","62.1","93.5","62.8","60.2","point"
"2024-02-03 09:00:00 am","67.6","86.2","68.2","63.3","point"
"2024-02-03 11:00:00 am","72.6","78.0","73.8","65.4","point"
"2024-02-03 01:00:00 pm","77.4","65.4","78.4","64.9","point"
"2024-02-03 03:00:00 pm","76.9","73.8","78.6","67.9","point"
"2024-02-03 05:00:00 pm","75.4","75.0","76.8","66.9","point"
"2024-02-03 07:00:00 pm","71.2","85.3","72.5","66.6","point"
"2024-02-03 09:00:00 pm","68.4","92.6","69.6","66.1","point"
"2024-02-03 11:00:00 pm","66.9","95.2","68.2","65.5","point"
"2024-02-04 01:00:00 am","65.5","95.6","66.6","64.2","point"
"2024-02-04 03:00:00 am","67.0","90.8","68.0","64.2","point"
"2024-02-04 05:00:00 am","67.9","88.9","68.9","64.6","point"
"2024-02-04 07:00:00 am","67.1","88.5","68.0","63.6","point"
"2024-02-04 09:00:00 am","69.0","84.7","69.8","64.2","point"
"2024-02-04 11:00:00 am","73.4","75.7","74.7","65.3","point"
"2024-02-04 01:00:00 pm","75.8","63.5","76.1","62.5","point"
"2024-02-04 03:00:00 pm","77.8","57.9","77.9","61.8","point"
"2024-02-04 05:00:00 pm","77.8","70.3","79.7","67.3","point"
"2024-02-04 07:00:00 pm","72.4","88.7","74.5","68.9","point"
"2024-02-04 09:00:00 pm","69.8","93.9","71.6","68.0","point"
"2024-02-04 11:00:00 pm","67.5","95.4","68.9","66.1","point"
"2024-02-05 01:00:00 am","64.2","97.1","65.3","63.4","point"
"2024-02-05 03:00:00 am","63.2","95.6","64.0","62.0","point"
"2024-02-05 05:00:00 am","61.7","93.1","62.4","59.7","point"
"2024-02-05 07:00:00 am","62.0","89.4","62.2","58.8","point"
"2024-02-05 09:00:00 am","65.7","83.8","65.8","60.7","point"
"2024-02-05 11:00:00 am","72.0","70.5","72.7","61.9","point"
"2024-02-05 01:00:00 pm","77.9","50.3","77.2","57.9","point"
"2024-02-05 03:00:00 pm","80.7","41.9","79.2","55.4","point"
"2024-02-05 05:00:00 pm","80.4","40.9","78.6","54.5","point"
"2024-02-05 07:00:00 pm","71.8","78.5","73.0","64.8","point"
"2024-02-05 09:00:00 pm","69.9","90.2","71.4","66.9","point"
"2024-02-05 11:00:00 pm","68.8","94.6","70.3","67.2","point"
"2024-02-06 01:00:00 am","65.6","95.0","66.6","64.1","point"
"2024-02-06 03:00:00 am","64.5","96.0","65.5","63.3","point"
"2024-02-06 05:00:00 am","62.0","92.4","62.6","59.7","point"
"2024-02-06 07:00:00 am","61.8","91.2","62.2","59.2","point"
"2024-02-06 09:00:00 am","67.6","77.9","67.5","60.5","point"
"2024-02-06 11:00:00 am","74.3","59.0","74.1","59.1","point"
"2024-02-06 01:00:00 pm","79.7","44.5","78.4","56.2","point"
"2024-02-06 03:00:00 pm","82.4","37.0","80.6","53.6","point"
"2024-02-06 05:00:00 pm","82.4","34.0","79.7","51.2","point"
"2024-02-06 07:00:00 pm","71.7","62.2","71.8","58.1","point"
"2024-02-06 09:00:00 pm","69.3","80.5","70.0","63.1","point"
"2024-02-06 11:00:00 pm","66.2","89.0","66.7","62.8","point"
"2024-02-07 01:00:00 am","64.6","85.2","64.4","60.0","point"
"2024-02-07 03:00:00 am","67.8","61.6","66.7","54.2","point"
"2024-02-07 05:00:00 am","67.4","69.4","66.7","57.0","point"
"2024-02-07 07:00:00 am","67.2","73.0","66.7","58.2","point"
"2024-02-07 09:00:00 am","69.4","66.2","69.3","57.7","point"
"2024-02-07 11:00:00 am","76.0","48.9","74.7","55.4","point"
"2024-02-07 01:00:00 pm","81.1","35.2","78.6","51.0","point"
"2024-02-07 03:00:00 pm","82.6","29.3","79.3","47.4","point"
"2024-02-07 05:00:00 pm","81.2","50.7","81.5","61.2","point"
"2024-02-07 07:00:00 pm","72.3","74.0","73.2","63.5","point"
"2024-02-07 09:00:00 pm","69.2","84.5","70.2","64.3","point"
"2024-02-07 11:00:00 pm","66.1","90.8","66.9","63.4","point"
"2024-02-08 01:00:00 am","64.9","84.5","65.1","60.1","point"
"2024-02-08 03:00:00 am","65.3","82.2","65.1","59.8","point"
"2024-02-08 05:00:00 am","66.3","69.6","65.3","56.0","point"
"2024-02-08 07:00:00 am","63.1","76.2","62.2","55.5","point"
"2024-02-08 09:00:00 am","69.3","62.6","68.9","56.0","point"
"2024-02-08 11:00:00 am","75.1","55.9","74.5","58.3","point"
"2024-02-08 01:00:00 pm","81.7","41.0","80.2","55.7","point"
"2024-02-08 03:00:00 pm","80.6","56.5","81.9","63.7","point"
"2024-02-08 05:00:00 pm","77.6","60.7","78.1","63.0","point"
"2024-02-08 07:00:00 pm","71.7","78.4","72.7","64.6","point"
"2024-02-08 09:00:00 pm","68.5","89.4","69.4","65.3","point"
"2024-02-08 11:00:00 pm","65.3","92.4","66.2","63.1","point"
"2024-02-09 01:00:00 am","63.6","90.9","64.0","60.9","point"
"2024-02-09 03:00:00 am","63.2","88.9","63.5","59.9","point"
"2024-02-09 05:00:00 am","61.1","92.4","61.7","58.8","point"
"2024-02-09 07:00:00 am","61.3","92.2","61.9","59.0","point"
"2024-02-09 09:00:00 am","67.0","79.5","67.1","60.5","point"
"2024-02-09 11:00:00 am","74.4","54.3","73.6","56.8","point"
"2024-02-09 01:00:00 pm","78.7","50.3","78.1","58.7","point"
"2024-02-09 03:00:00 pm","80.4","60.1","82.0","65.3","point"
"2024-02-09 05:00:00 pm","77.9","70.6","80.2","67.6","point"
"2024-02-09 07:00:00 pm","72.1","84.6","73.6","67.2","point"
"2024-02-09 09:00:00 pm","70.2","92.0","71.8","67.7","point"
"2024-02-09 11:00:00 pm","69.2","93.6","70.5","67.2","point"
"2024-02-10 01:00:00 am","67.4","94.4","68.7","65.7","point"
"2024-02-10 03:00:00 am","63.8","91.7","64.2","61.3","point"
"2024-02-10 05:00:00 am","63.6","91.9","64.2","61.2","point"
"2024-02-10 07:00:00 am","64.2","88.4","64.6","60.7","point"
"2024-02-10 09:00:00 am","66.3","85.7","66.6","61.9","point"
"2024-02-10 11:00:00 am","73.1","72.3","74.1","63.7","point"
"2024-02-10 01:00:00 pm","78.0","58.1","78.1","62.1","point"
"2024-02-10 03:00:00 pm","80.8","38.4","78.8","53.2","point"
"2024-02-10 05:00:00 pm","78.5","66.6","80.4","66.5","point"
"2024-02-10 07:00:00 pm","73.6","85.8","75.7","69.0","point"
"2024-02-10 09:00:00 pm","70.8","92.6","72.5","68.5","point"
"2024-02-10 11:00:00 pm","68.1","94.9","69.4","66.5","point"
"2024-02-11 01:00:00 am","65.6","95.4","66.6","64.2","point"
"2024-02-11 03:00:00 am","63.5","96.4","64.4","62.4","point"
"2024-02-11 05:00:00 am","63.8","94.8","64.6","62.3","point"
"2024-02-11 07:00:00 am","64.3","92.3","64.9","62.0","point"
"2024-02-11 09:00:00 am","65.5","93.0","66.4","63.4","point"
"2024-02-11 11:00:00 am","72.4","81.7","73.8","66.5","point"
"2024-02-11 01:00:00 pm","77.2","53.0","76.3","58.7","point"
"2024-02-11 03:00:00 pm","79.4","39.5","77.4","52.6","point"
"2024-02-11 05:00:00 pm","79.5","34.5","76.8","49.2","point"
"2024-02-11 07:00:00 pm","69.4","62.4","68.9","56.0","point"
"2024-02-11 09:00:00 pm","65.6","81.4","65.3","59.7","point"
"2024-02-11 11:00:00 pm","64.2","89.5","64.4","61.1","point"
"2024-02-12 01:00:00 am","64.6","80.7","64.4","58.6","point"
"2024-02-12 03:00:00 am","63.0","83.9","63.0","58.0","point"
"2024-02-12 05:00:00 am","65.1","77.2","64.4","57.8","point"
"2024-02-12 07:00:00 am","64.0","83.7","63.9","58.9","point"
"2024-02-12 09:00:00 am","65.0","76.3","64.2","57.4","point"
"2024-02-12 11:00:00 am","74.3","47.1","73.0","52.9","point"
"2024-02-12 01:00:00 pm","79.2","32.3","76.1","47.1","point"
"2024-02-12 03:00:00 pm","80.8","26.7","77.2","43.5","point"
"2024-02-12 05:00:00 pm","80.8","25.8","77.0","42.5","point"
"2024-02-12 07:00:00 pm","69.9","52.8","68.9","51.9","point"
"2024-02-12 09:00:00 pm","68.6","82.3","69.3","63.0","point"
"2024-02-12 11:00:00 pm","65.4","87.5","65.7","61.6","point"
"2024-02-13 01:00:00 am","62.6","90.3","63.0","59.7","point"
"2024-02-13 03:00:00 am","62.4","84.5","62.4","57.7","point"
"2024-02-13 05:00:00 am","62.9","75.9","62.1","55.1","point"
"2024-02-13 07:00:00 am","61.7","85.0","61.5","57.1","point"
"2024-02-13 09:00:00 am","64.2","88.0","64.2","60.6","point"
"2024-02-13 11:00:00 am","73.3","62.0","73.4","59.5","point"
"2024-02-13 01:00:00 pm","77.4","38.5","75.0","50.1","point"
"2024-02-13 03:00:00 pm","80.0","29.2","76.5","45.1","point"
"2024-02-13 05:00:00 pm","78.5","54.1","78.4","60.6","point"
"2024-02-13 07:00:00 pm","70.5","68.5","70.9","59.6","point"
"2024-02-13 09:00:00 pm","68.0","84.8","68.5","63.2","point"
"2024-02-13 11:00:00 pm","64.9","91.1","65.3","62.2","point"
"2024-02-14 01:00:00 am","63.7","93.2","64.2","61.7","point"
"2024-02-14 03:00:00 am","64.4","88.9","64.8","61.1","point"
"2024-02-14 05:00:00 am","65.0","85.7","65.1","60.6","point"
"2024-02-14 07:00:00 am","64.9","85.3","64.8","60.4","point"
"2024-02-14 09:00:00 am","67.0","86.9","67.6","63.0","point"
"2024-02-14 11:00:00 am","74.9","67.5","75.4","63.4","point"
"2024-02-14 01:00:00 pm","78.7","50.4","78.1","58.7","point"
"2024-02-14 03:00:00 pm","80.4","35.3","78.1","50.5","point"
"2024-02-14 05:00:00 pm","80.4","33.8","77.5","49.3","point"
"2024-02-14 07:00:00 pm","73.4","73.8","74.5","64.5","point"
"2024-02-14 09:00:00 pm","71.0","88.4","72.5","67.3","point"
"2024-02-14 11:00:00 pm","68.4","92.3","69.6","66.0","point"
"2024-02-15 01:00:00 am","65.7","94.1","66.7","64.0","point"
"2024-02-15 03:00:00 am","65.4","94.5","66.4","63.8","point"
"2024-02-15 05:00:00 am","64.2","93.0","64.8","62.1","point"
"2024-02-15 07:00:00 am","65.8","86.0","65.8","61.5","point"
"2024-02-15 09:00:00 am","67.6","84.4","68.0","62.7","point"
"2024-02-15 11:00:00 am","74.3","71.9","75.0","64.6","point"
"2024-02-15 01:00:00 pm","77.9","52.5","77.2","59.1","point"
"2024-02-15 03:00:00 pm","78.7","46.4","77.5","56.4","point"
"2024-02-15 05:00:00 pm","77.5","45.8","75.9","55.0","point"
"2024-02-15 07:00:00 pm","70.6","75.7","71.4","62.6","point"
"2024-02-15 09:00:00 pm","66.7","86.4","67.1","62.5","point"
"2024-02-15 11:00:00 pm","63.9","90.9","64.4","61.2","point"
"2024-02-16 01:00:00 am","64.8","89.3","65.1","61.6","point"
"2024-02-16 03:00:00 am","65.4","72.5","64.2","56.4","point"
"2024-02-16 05:00:00 am","65.1","79.1","64.6","58.4","point"
"2024-02-16 07:00:00 am","63.5","83.4","63.5","58.4","point"
"2024-02-16 09:00:00 am","66.8","74.3","66.4","58.4","point"
"2024-02-16 11:00:00 am","73.7","54.7","73.0","56.3","point"
"2024-02-16 01:00:00 pm","78.6","40.4","76.5","52.6","point"
"2024-02-16 03:00:00 pm","80.4","35.9","77.7","50.9","point"
"2024-02-16 05:00:00 pm","80.5","33.9","77.7","49.5","point"
"2024-02-16 07:00:00 pm","71.9","67.7","72.3","60.6","point"
"2024-02-16 09:00:00 pm","68.3","82.4","68.7","62.8","point"
"2024-02-16 11:00:00 pm","66.1","89.6","66.7","62.9","point"
"2024-02-17 01:00:00 am","65.4","90.7","66.0","62.6","point"
"2024-02-17 03:00:00 am","64.5","89.9","64.8","61.4","point"
"2024-02-17 05:00:00 am","64.9","86.5","65.3","60.8","point"
"2024-02-17 07:00:00 am","64.6","90.3","65.1","61.7","point"
"2024-02-17 09:00:00 am","67.3","81.7","67.6","61.5","point"
"2024-02-17 11:00:00 am","73.8","68.6","74.5","62.8","point"
"2024-02-17 01:00:00 pm","78.9","53.2","78.6","60.5","point"
"2024-02-17 03:00:00 pm","81.9","40.2","80.4","55.3","point"
"2024-02-17 05:00:00 pm","79.2","61.9","80.6","65.0","point"
"2024-02-17 07:00:00 pm","72.9","78.2","74.3","65.7","point"
"2024-02-17 09:00:00 pm","70.6","88.3","72.0","66.9","point"
"2024-02-17 11:00:00 pm","67.5","92.1","68.7","65.1","point"
"2024-02-18 01:00:00 am","66.0","95.0","66.9","64.5","point"
"2024-02-18 03:00:00 am","63.9","94.8","64.8","62.4","point"
"2024-02-18 05:00:00 am","63.0","95.9","64.0","61.8","point"
"2024-02-18 07:00:00 am","62.8","95.8","63.7","61.6","point"
"2024-02-18 09:00:00 am","66.3","94.8","67.5","64.7","point"
"2024-02-18 11:00:00 am","74.4","70.8","75.2","64.3","point"
"2024-02-18 01:00:00 pm","76.9","68.6","77.9","65.8","point"
"2024-02-18 03:00:00 pm","78.5","66.9","80.4","66.6","point"
"2024-02-18 05:00:00 pm","77.1","69.1","78.4","66.2","point"
"2024-02-18 07:00:00 pm","72.1","82.9","73.8","66.7","point"
"2024-02-18 09:00:00 pm","69.4","91.1","70.7","66.7","point"
"2024-02-18 11:00:00 pm","67.9","93.1","69.1","65.8","point"
"2024-02-19 01:00:00 am","67.2","96.8","68.5","66.3","point"
"2024-02-19 03:00:00 am","66.5","98.3","68.0","66.0","point"
"2024-02-19 05:00:00 am","64.6","94.4","65.5","63.0","point"
"2024-02-19 07:00:00 am","66.3","95.8","67.5","65.1","point"
"2024-02-19 09:00:00 am","67.4","87.3","68.0","63.5","point"
"2024-02-19 11:00:00 am","73.2","79.3","74.8","66.4","point"
"2024-02-19 01:00:00 pm","78.5","60.0","79.2","63.4","point"
"2024-02-19 03:00:00 pm","79.4","65.2","81.7","66.7","point"
"2024-02-19 05:00:00 pm","78.1","68.0","80.1","66.7","point"
"2024-02-19 07:00:00 pm","71.8","80.2","73.2","65.4","point"
"2024-02-19 09:00:00 pm","70.0","90.4","71.6","67.1","point"
"2024-02-19 11:00:00 pm","68.6","93.6","70.0","66.7","point"
"2024-02-20 01:00:00 am","66.7","94.9","67.8","65.2","point"
"2024-02-20 03:00:00 am","65.7","96.0","66.9","64.5","point"
"2024-02-20 05:00:00 am","63.8","96.9","64.8","62.9","point"
"2024-02-20 07:00:00 am","62.3","96.3","63.3","61.2","point"
"2024-02-20 09:00:00 am","67.8","97.0","69.4","67.0","point"
"2024-02-20 11:00:00 am","73.7","79.7","75.4","67.0","point"
"2024-02-20 01:00:00 pm","78.6","62.0","79.9","64.5","point"
"2024-02-20 03:00:00 pm","78.8","72.6","81.7","69.2","point"
"2024-02-20 05:00:00 pm","76.8","76.8","79.0","69.0","point"
"2024-02-20 07:00:00 pm","72.7","84.0","74.5","67.6","point"
"2024-02-20 09:00:00 pm","71.1","93.2","72.9","69.0","point"
"2024-02-20 11:00:00 pm","68.9","94.9","70.3","67.3","point"
"2024-02-21 01:00:00 am","67.8","95.1","69.1","66.3","point"
"2024-02-21 03:00:00 am","67.9","97.8","69.6","67.3","point"
"2024-02-21 05:00:00 am","67.6","97.6","69.1","66.9","point"
"2024-02-21 07:00:00 am","66.1","98.0","67.5","65.5","point"
"2024-02-21 09:00:00 am","68.3","98.2","70.0","67.8","point"
"2024-02-21 11:00:00 am","73.8","77.4","75.2","66.3","point"
"2024-02-21 01:00:00 pm","78.6","67.0","80.4","66.7","point"
"2024-02-21 03:00:00 pm","78.3","76.5","81.9","70.3","point"
"2024-02-21 05:00:00 pm","76.8","76.3","78.8","68.8","point"
"2024-02-21 07:00:00 pm","72.6","85.4","74.3","68.0","point"
"2024-02-21 09:00:00 pm","68.9","90.9","70.0","66.1","point"
"2024-02-21 11:00:00 pm","66.3","93.8","67.5","64.5","point"
"2024-02-22 01:00:00 am","64.0","96.0","64.9","62.8","point"
"2024-02-22 03:00:00 am","62.3","95.5","63.1","61.0","point"
"2024-02-22 05:00:00 am","61.5","96.0","62.4","60.3","point"
"2024-02-22 07:00:00 am","63.9","97.5","64.9","63.2","point"
"2024-02-22 09:00:00 am","64.7","98.4","65.8","64.3","point"
"2024-02-22 11:00:00 am","73.9","52.1","72.9","55.2","point"
"2024-02-22 01:00:00 pm","77.0","65.3","77.5","64.4","point"
"2024-02-22 03:00:00 pm","77.1","68.4","78.3","65.9","point"
"2024-02-22 05:00:00 pm","76.1","60.7","75.9","61.5","point"
"2024-02-22 07:00:00 pm","71.7","72.5","72.5","62.3","point"
"2024-02-22 09:00:00 pm","68.6","89.7","69.6","65.4","point"
"2024-02-22 11:00:00 pm","65.3","93.4","66.2","63.3","point"
"2024-02-23 01:00:00 am","62.4","94.9","63.3","61.0","point"
"2024-02-23 03:00:00 am","61.1","94.5","61.9","59.5","point"
"2024-02-23 05:00:00 am","58.1","90.8","58.6","55.4","point"
"2024-02-23 07:00:00 am","59.4","84.3","59.4","54.7","point"
"2024-02-23 09:00:00 am","64.5","74.6","63.5","56.3","point"
"2024-02-23 11:00:00 am","74.7","43.5","73.0","51.1","point"
"2024-02-23 01:00:00 pm","76.2","57.1","75.7","59.9","point"
"2024-02-23 03:00:00 pm","77.9","47.7","76.5","56.4","point"
"2024-02-23 05:00:00 pm","76.3","58.0","75.9","60.5","point"
"2024-02-23 07:00:00 pm","70.1","70.7","70.3","60.2","point"
"2024-02-23 09:00:00 pm","67.9","87.2","68.7","63.9","point"
"2024-02-23 11:00:00 pm","65.5","92.1","66.4","63.2","point"
"2024-02-24 01:00:00 am","63.2","94.4","64.0","61.6","point"
"2024-02-24 03:00:00 am","62.0","93.7","62.6","60.1","point"
"2024-02-24 05:00:00 am","60.0","93.9","60.8","58.2","point"
"2024-02-24 07:00:00 am","58.6","92.8","59.2","56.4","point"
"2024-02-24 09:00:00 am","63.5","91.8","63.9","61.0","point"
"2024-02-24 11:00:00 am","74.4","63.4","74.7","61.2","point"
"2024-02-24 01:00:00 pm","75.0","55.4","74.3","57.9","point"
"2024-02-24 03:00:00 pm","76.6","55.7","75.9","59.5","point"
"2024-02-24 05:00:00 pm","75.1","59.8","74.8","60.2","point"
"2024-02-24 07:00:00 pm","70.8","83.8","72.1","65.6","point"
"2024-02-24 09:00:00 pm","67.8","92.4","69.1","65.5","point"
"2024-02-24 11:00:00 pm","66.4","93.6","67.5","64.5","point"
"2024-02-25 01:00:00 am","63.5","94.3","64.4","61.8","point"
"2024-02-25 03:00:00 am","61.6","90.5","62.1","58.7","point"
"2024-02-25 05:00:00 am","59.7","91.0","60.1","57.1","point"
"2024-02-25 07:00:00 am","62.2","92.6","62.8","60.0","point"
"2024-02-25 09:00:00 am","67.4","86.9","68.0","63.3","point"
"2024-02-25 11:00:00 am","72.6","84.8","74.3","67.7","point"
"2024-02-25 01:00:00 pm","78.3","71.2","80.8","68.2","point"
"2024-02-25 03:00:00 pm","76.7","78.7","79.0","69.6","point"
"2024-02-25 05:00:00 pm","76.6","80.2","78.8","70.0","point"
"2024-02-25 07:00:00 pm","72.5","84.8","74.3","67.7","point"
"2024-02-25 09:00:00 pm","68.6","90.8","69.8","65.8","point"
"2024-02-25 11:00:00 pm","65.7","94.5","66.7","64.1","point"
"2024-02-26 01:00:00 am","65.3","96.1","66.6","64.1","point"
"2024-02-26 03:00:00 am","66.1","97.1","67.3","65.2","point"
"2024-02-26 05:00:00 am","66.8","90.8","67.6","64.0","point"
"2024-02-26 07:00:00 am","66.4","89.5","67.1","63.2","point"
"2024-02-26 09:00:00 am","67.9","86.2","68.5","63.6","point"
"2024-02-26 11:00:00 am","73.7","65.8","73.9","61.6","point"
"2024-02-26 01:00:00 pm","78.3","57.4","78.6","62.0","point"
"2024-02-26 03:00:00 pm","80.6","48.5","80.2","59.4","point"
"2024-02-26 05:00:00 pm","80.5","40.9","78.8","54.6","point"
"2024-02-26 07:00:00 pm","72.6","66.9","73.0","61.0","point"
"2024-02-26 09:00:00 pm","70.8","88.0","72.3","67.1","point"
"2024-02-26 11:00:00 pm","67.6","92.4","68.7","65.3","point"
"2024-02-27 01:00:00 am","65.8","92.9","66.6","63.7","point"
"2024-02-27 03:00:00 am","66.1","88.1","66.6","62.4","point"
"2024-02-27 05:00:00 am","65.7","88.5","66.2","62.2","point"
"2024-02-27 07:00:00 am","65.1","90.8","65.7","62.3","point"
"2024-02-27 09:00:00 am","68.1","89.3","69.1","64.9","point"
"2024-02-27 11:00:00 am","74.9","70.7","75.9","64.8","point"
"2024-02-27 01:00:00 pm","79.9","49.7","79.5","59.4","point"
"2024-02-27 03:00:00 pm","82.2","43.1","81.1","57.5","point"
"2024-02-27 05:00:00 pm","81.4","60.7","83.8","66.5","point"
"2024-02-27 07:00:00 pm","75.5","76.3","77.0","67.5","point"
"2024-02-27 09:00:00 pm","71.4","87.9","72.9","67.6","point"
"2024-02-27 11:00:00 pm","68.7","92.9","70.2","66.6","point"
"2024-02-28 01:00:00 am","67.1","94.9","68.4","65.6","point"
"2024-02-28 03:00:00 am","66.7","92.7","67.6","64.6","point"
"2024-02-28 05:00:00 am","66.4","90.1","67.3","63.4","point"
"2024-02-28 07:00:00 am","63.8","93.8","64.6","62.0","point"
"2024-02-28 09:00:00 am","68.5","89.5","69.4","65.3","point"
"2024-02-28 11:00:00 am","76.1","68.2","76.8","64.9","point"
"2024-02-28 01:00:00 pm","80.7","50.2","80.8","60.5","point"
"2024-02-28 03:00:00 pm","81.4","59.3","83.5","65.9","point"
"2024-02-28 05:00:00 pm","80.1","63.9","82.4","66.8","point"
"2024-02-28 07:00:00 pm","74.8","82.3","76.8","69.0","point"
"2024-02-28 09:00:00 pm","71.2","90.6","72.9","68.3","point"
"2024-02-28 11:00:00 pm","69.5","94.9","71.1","67.9","point"
"2024-02-29 01:00:00 am","67.2","80.6","67.3","61.1","point"
"2024-02-29 03:00:00 am","67.6","73.0","67.1","58.6","point"
"2024-02-29 05:00:00 am","66.5","78.9","66.4","59.8","point"
"2024-02-29 07:00:00 am","65.5","82.8","65.5","60.2","point"
"2024-02-29 09:00:00 am","68.8","81.0","69.4","62.7","point"
"2024-02-29 11:00:00 am","75.9","57.7","75.6","60.0","point"
"2024-02-29 01:00:00 pm","80.9","39.9","79.0","54.2","point"
"2024-02-29 03:00:00 pm","83.6","24.2","79.7","43.3","point"
"2024-02-29 05:00:00 pm","80.4","54.2","81.1","62.4","point"
"2024-02-29 07:00:00 pm","74.4","87.4","77.0","70.4","point"
"2024-02-29 09:00:00 pm","72.1","93.4","74.5","70.1","point"
"2024-02-29 11:00:00 pm","70.0","94.7","71.8","68.4","point"
"2024-03-01 01:00:00 am","67.8","94.4","69.1","66.1","point"
"2024-03-01 03:00:00 am","65.5","93.5","66.4","63.6","point"
"2024-03-01 05:00:00 am","62.9","94.1","63.7","61.2","point"
"2024-03-01 07:00:00 am","63.1","90.1","63.5","60.2","point"
"2024-03-01 09:00:00 am","67.2","85.2","67.6","62.6","point"
"2024-03-01 11:00:00 am","74.5","57.1","74.1","58.3","point"
"2024-03-01 01:00:00 pm","77.9","40.7","75.9","52.1","point"
"2024-03-01 03:00:00 pm","83.5","32.2","81.0","50.7","point"
"2024-03-01 05:00:00 pm","81.3","36.6","79.0","52.2","point"
"2024-03-01 07:00:00 pm","73.9","74.3","75.0","65.2","point"
"2024-03-01 09:00:00 pm","72.3","92.1","74.5","69.9","point"
"2024-03-01 11:00:00 pm","70.5","94.6","72.1","68.8","point"
"2024-03-02 01:00:00 am","68.0","95.6","69.3","66.7","point"
"2024-03-02 03:00:00 am","66.2","92.4","67.3","64.0","point"
"2024-03-02 05:00:00 am","65.1","90.1","65.7","62.1","point"
"2024-03-02 07:00:00 am","62.9","92.4","63.5","60.6","point"
"2024-03-02 09:00:00 am","67.2","82.2","67.5","61.6","point"
"2024-03-02 11:00:00 am","75.1","61.1","75.0","60.8","point"
"2024-03-02 01:00:00 pm","79.9","44.9","78.8","56.6","point"
"2024-03-02 03:00:00 pm","79.0","54.7","79.2","61.3","point"
"2024-03-02 05:00:00 pm","77.0","62.1","77.4","63.0","point"
"2024-03-02 07:00:00 pm","73.5","84.6","75.4","68.6","point"
"2024-03-02 09:00:00 pm","71.8","92.5","73.9","69.5","point"
"2024-03-02 11:00:00 pm","70.1","93.9","71.8","68.2","point"
"2024-03-03 01:00:00 am","69.8","95.2","71.4","68.3","point"
"2024-03-03 03:00:00 am","66.9","95.5","68.2","65.6","point"
"2024-03-03 05:00:00 am","66.7","96.9","68.0","65.8","point"
"2024-03-03 07:00:00 am","65.9","96.5","67.1","64.8","point"
"2024-03-03 09:00:00 am","69.3","89.2","70.5","66.0","point"
"2024-03-03 11:00:00 am","76.7","71.4","77.9","66.8","point"
"2024-03-03 01:00:00 pm","77.2","74.2","79.3","68.3","point"
"2024-03-03 03:00:00 pm","79.2","70.2","82.2","68.7","point"
"2024-03-03 05:00:00 pm","77.9","72.8","80.4","68.5","point"
"2024-03-03 07:00:00 pm","73.6","82.7","75.6","68.0","point"
"2024-03-03 09:00:00 pm","69.9","91.0","71.4","67.2","point"
"2024-03-03 11:00:00 pm","67.6","94.1","68.9","65.9","point"
"2024-03-04 01:00:00 am","66.3","96.0","67.5","65.1","point"
"2024-03-04 03:00:00 am","64.8","95.8","65.8","63.6","point"
"2024-03-04 05:00:00 am","64.4","96.0","65.5","63.2","point"
"2024-03-04 07:00:00 am","63.7","94.9","64.4","62.2","point"
"2024-03-04 09:00:00 am","67.2","92.5","68.2","64.9","point"
"2024-03-04 11:00:00 am","76.5","69.2","77.5","65.6","point"
"2024-03-04 01:00:00 pm","77.6","74.8","80.1","69.0","point"
"2024-03-04 03:00:00 pm","78.7","71.9","81.5","68.9","point"
"2024-03-04 05:00:00 pm","77.5","74.6","79.7","68.8","point"
"2024-03-04 07:00:00 pm","73.1","86.8","75.2","68.9","point"
"2024-03-04 09:00:00 pm","70.0","92.3","71.6","67.6","point"
"2024-03-04 11:00:00 pm","67.9","95.3","69.3","66.5","point"
"2024-03-05 01:00:00 am","66.0","96.5","67.1","65.0","point"
"2024-03-05 03:00:00 am","65.1","97.3","66.4","64.4","point"
"2024-03-05 05:00:00 am","63.9","97.4","64.9","63.2","point"
"2024-03-05 07:00:00 am","63.1","97.8","64.2","62.5","point"
"2024-03-05 09:00:00 am","68.8","99.2","70.5","68.6","point"
"2024-03-05 11:00:00 am","76.1","79.0","77.9","69.1","point"
"2024-03-05 01:00:00 pm","78.6","78.0","82.8","71.2","point"
"2024-03-05 03:00:00 pm","79.0","76.0","82.9","70.8","point"
"2024-03-05 05:00:00 pm","77.5","74.7","79.7","68.8","point"
"2024-03-05 07:00:00 pm","73.5","85.5","75.6","68.9","point"
"2024-03-05 09:00:00 pm","70.5","93.9","72.1","68.6","point"
"2024-03-05 11:00:00 pm","68.0","95.1","69.4","66.6","point"
"2024-03-06 01:00:00 am","67.2","96.2","68.5","66.1","point"
"2024-03-06 03:00:00 am","66.7","97.5","68.2","66.0","point"
"2024-03-06 05:00:00 am","64.0","95.7","64.9","62.8","point"
"2024-03-06 07:00:00 am","61.7","94.2","62.6","60.0","point"
"2024-03-06 09:00:00 am","67.4","84.2","67.8","62.4","point"
"2024-03-06 11:00:00 am","78.4","60.9","79.2","63.8","point"
"2024-03-06 01:00:00 pm","78.3","66.9","80.1","66.4","point"
"2024-03-06 03:00:00 pm","78.9","68.9","81.3","67.8","point"
"2024-03-06 05:00:00 pm","77.6","69.6","79.3","66.8","point"
"2024-03-06 07:00:00 pm","74.0","81.1","75.7","67.8","point"
"2024-03-06 09:00:00 pm","70.1","89.8","71.4","67.0","point"
"2024-03-06 11:00:00 pm","67.0","92.1","68.0","64.6","point"
"2024-03-07 01:00:00 am","64.8","93.0","65.5","62.7","point"
"2024-03-07 03:00:00 am","62.9","94.9","63.7","61.4","point"
"2024-03-07 05:00:00 am","62.8","96.0","63.9","61.6","point"
"2024-03-07 07:00:00 am","64.7","89.8","64.9","61.6","point"
"2024-03-07 09:00:00 am","68.3","88.6","69.3","64.8","point"
"2024-03-07 11:00:00 am","78.5","61.1","79.3","64.0","point"
"2024-03-07 01:00:00 pm","81.1","59.1","82.8","65.4","point"
"2024-03-07 03:00:00 pm","80.2","60.8","81.9","65.4","point"
"2024-03-07 05:00:00 pm","79.4","63.7","81.3","66.0","point"
"2024-03-07 07:00:00 pm","74.0","74.8","75.2","65.5","point"
"2024-03-07 09:00:00 pm","70.3","87.0","71.6","66.2","point"
"2024-03-07 11:00:00 pm","67.9","91.1","69.1","65.2","point"
"2024-03-08 01:00:00 am","66.3","85.3","66.6","61.7","point"
"2024-03-08 03:00:00 am","67.2","75.8","66.9","59.3","point"
"2024-03-08 05:00:00 am","65.6","63.8","63.9","53.0","point"
"2024-03-08 07:00:00 am","62.9","72.0","61.7","53.7","point"
"2024-03-08 09:00:00 am","68.3","66.5","67.6","56.7","point"
"2024-03-08 11:00:00 am","79.2","36.6","76.6","50.4","point"
"2024-03-08 01:00:00 pm","78.5","58.2","79.0","62.6","point"
"2024-03-08 03:00:00 pm","79.6","66.2","82.0","67.3","point"
"2024-03-08 05:00:00 pm","78.6","60.4","79.7","63.8","point"
"2024-03-08 07:00:00 pm","73.7","78.5","75.2","66.6","point"
"2024-03-08 09:00:00 pm","70.1","89.3","71.4","66.8","point"
"2024-03-08 11:00:00 pm","67.2","92.4","68.2","64.9","point"
"2024-03-09 01:00:00 am","66.6","93.1","67.6","64.5","point"
"2024-03-09 03:00:00 am","64.6","93.7","65.1","62.7","point"
"2024-03-09 05:00:00 am","63.7","94.1","64.6","61.9","point"
"2024-03-09 07:00:00 am","63.2","95.8","64.2","62.0","point"
"2024-03-09 09:00:00 am","67.3","93.2","68.5","65.2","point"
"2024-03-09 11:00:00 am","77.8","50.5","77.0","58.0","point"
"2024-03-09 01:00:00 pm","79.2","58.8","80.2","63.6","point"
"2024-03-09 03:00:00 pm","80.0","62.6","81.9","66.0","point"
"2024-03-09 05:00:00 pm","78.0","59.1","78.3","62.5","point"
"2024-03-09 07:00:00 pm","74.9","82.2","77.0","69.1","point"
"2024-03-09 09:00:00 pm","72.2","93.6","74.5","70.3","point"
"2024-03-09 11:00:00 pm","70.9","94.1","72.9","69.1","point"
"2024-03-10 01:00:00 am","70.1","95.2","71.8","68.7","point"
"2024-03-10 03:00:00 am","68.9","95.9","70.5","67.7","point"
"2024-03-10 05:00:00 am","68.4","97.6","70.2","67.6","point"
"2024-03-10 07:00:00 am","66.7","95.4","67.8","65.4","point"
"2024-03-10 09:00:00 am","67.8","83.3","68.2","62.5","point"
"2024-03-10 11:00:00 am","76.2","62.1","76.3","62.3","point"
"2024-03-10 01:00:00 pm","78.2","65.6","79.5","65.7","point"
"2024-03-10 03:00:00 pm","79.5","60.8","81.1","64.8","point"
"2024-03-10 05:00:00 pm","77.6","70.6","79.5","67.3","point"
"2024-03-10 07:00:00 pm","74.1","91.2","76.8","71.4","point"
"2024-03-10 09:00:00 pm","72.7","94.6","75.4","71.0","point"
"2024-03-10 11:00:00 pm","71.6","96.6","73.6","70.5","point"
"2024-03-11 01:00:00 am","71.1","97.2","73.0","70.2","point"
"2024-03-11 03:00:00 am","70.2","97.0","72.0","69.3","point"
"2024-03-11 05:00:00 am","68.8","96.1","70.3","67.6","point"
"2024-03-11 07:00:00 am","69.0","96.8","70.5","68.1","point"
"2024-03-11 09:00:00 am","72.5","87.8","74.7","68.7","point"
"2024-03-11 11:00:00 am","76.6","72.8","77.9","67.2","point"
"2024-03-11 01:00:00 pm","78.9","76.6","82.8","71.0","point"
"2024-03-11 03:00:00 pm","79.4","71.2","82.8","69.3","point"
"2024-03-11 05:00:00 pm","78.0","71.6","80.2","68.1","point"
"2024-03-11 07:00:00 pm","74.9","88.8","77.7","71.4","point"
"2024-03-11 09:00:00 pm","72.1","92.2","74.5","69.7","point"
"2024-03-11 11:00:00 pm","71.4","95.6","73.4","70.0","point"
"2024-03-12 01:00:00 am","71.2","96.0","73.0","70.0","point"
"2024-03-12 03:00:00 am","70.3","96.0","72.0","69.1","point"
"2024-03-12 05:00:00 am","68.9","96.8","70.3","67.9","point"
"2024-03-12 07:00:00 am","67.0","97.2","68.4","66.2","point"
"2024-03-12 09:00:00 am","71.0","95.9","72.9","69.8","point"
"2024-03-12 11:00:00 am","77.3","69.9","78.8","66.7","point"
"2024-03-12 01:00:00 pm","79.8","75.0","84.2","71.2","point"
"2024-03-12 03:00:00 pm","80.1","71.5","84.0","70.1","point"
"2024-03-12 05:00:00 pm","78.4","75.6","81.7","70.0","point"
"2024-03-12 07:00:00 pm","74.6","87.3","77.0","70.6","point"
"2024-03-12 09:00:00 pm","71.9","92.1","73.9","69.4","point"
"2024-03-12 11:00:00 pm","71.3","95.2","73.4","69.8","point"
"2024-03-13 01:00:00 am","68.9","93.8","70.3","67.0","point"
"2024-03-13 03:00:00 am","66.7","95.7","67.8","65.4","point"
"2024-03-13 05:00:00 am","66.1","95.3","67.1","64.7","point"
"2024-03-13 07:00:00 am","64.8","96.0","65.8","63.7","point"
"2024-03-13 09:00:00 am","70.2","86.5","71.6","66.0","point"
"2024-03-13 11:00:00 am","73.1","81.9","74.7","67.2","point"
"2024-03-13 01:00:00 pm","75.8","79.9","77.9","69.2","point"
"2024-03-13 03:00:00 pm","77.6","78.2","80.6","70.3","point"
"2024-03-13 05:00:00 pm","76.8","80.9","79.7","70.5","point"
"2024-03-13 07:00:00 pm","74.0","90.7","76.8","71.1","point"
"2024-03-13 09:00:00 pm","71.9","94.2","74.1","70.1","point"
"2024-03-13 11:00:00 pm","70.3","95.5","72.0","68.9","point"
"2024-03-14 01:00:00 am","69.0","96.5","70.5","68.0","point"
"2024-03-14 03:00:00 am","68.5","97.0","70.0","67.6","point"
"2024-03-14 05:00:00 am","67.8","97.6","69.6","67.1","point"
"2024-03-14 07:00:00 am","67.2","97.3","68.5","66.4","point"
"2024-03-14 09:00:00 am","68.7","94.9","70.3","67.2","point"
"2024-03-14 11:00:00 am","73.3","80.3","74.8","66.9","point"
"2024-03-14 01:00:00 pm","76.7","79.5","79.2","69.9","point"
"2024-03-14 03:00:00 pm","77.4","76.4","80.1","69.4","point"
"2024-03-14 05:00:00 pm","76.5","77.1","78.4","68.8","point"
"2024-03-14 07:00:00 pm","73.4","88.9","75.9","69.9","point"
"2024-03-14 09:00:00 pm","70.8","91.2","72.5","68.1","point"
"2024-03-14 11:00:00 pm","67.9","94.9","69.3","66.4","point"
"2024-03-15 01:00:00 am","66.1","95.8","67.3","64.8","point"
"2024-03-15 03:00:00 am","65.9","96.0","67.1","64.7","point"
"2024-03-15 05:00:00 am","64.1","96.3","65.1","63.1","point"
"2024-03-15 07:00:00 am","63.4","97.2","64.4","62.6","point"
"2024-03-15 09:00:00 am","67.5","94.1","68.9","65.8","point"
"2024-03-15 11:00:00 am","77.1","66.5","77.9","65.1","point"
"2024-03-15 01:00:00 pm","78.6","73.0","81.5","69.2","point"
"2024-03-15 03:00:00 pm","78.9","74.6","82.4","70.1","point"
"2024-03-15 05:00:00 pm","77.6","75.8","80.2","69.4","point"
"2024-03-15 07:00:00 pm","74.4","85.6","76.6","69.8","point"
"2024-03-15 09:00:00 pm","71.2","93.9","73.0","69.3","point"
"2024-03-15 11:00:00 pm","69.6","96.7","71.2","68.6","point"
"2024-03-16 01:00:00 am","68.7","97.9","70.5","68.1","point"
"2024-03-16 03:00:00 am","67.7","98.3","69.3","67.2","point"
"2024-03-16 05:00:00 am","65.4","96.1","66.6","64.3","point"
"2024-03-16 07:00:00 am","63.8","92.5","64.4","61.6","point"
"2024-03-16 09:00:00 am","70.3","90.5","71.8","67.3","point"
"2024-03-16 11:00:00 am","76.4","61.3","76.3","62.1","point"
"2024-03-16 01:00:00 pm","79.5","67.5","82.0","67.7","point"
"2024-03-16 03:00:00 pm","79.2","73.4","82.8","70.0","point"
"2024-03-16 05:00:00 pm","78.2","75.5","81.1","69.9","point"
"2024-03-16 07:00:00 pm","74.1","87.9","76.5","70.3","point"
"2024-03-16 09:00:00 pm","71.4","94.0","73.4","69.6","point"
"2024-03-16 11:00:00 pm","69.2","95.7","70.7","67.9","point"
"2024-03-17 01:00:00 am","67.7","96.3","69.1","66.7","point"
"2024-03-17 03:00:00 am","66.1","96.5","67.3","65.0","point"
"2024-03-17 05:00:00 am","64.5","95.9","65.5","63.2","point"
"2024-03-17 07:00:00 am","70.1","71.8","70.3","60.6","point"
"2024-03-17 09:00:00 am","73.3","69.2","73.9","62.6","point"
"2024-03-17 11:00:00 am","77.5","71.6","79.2","67.6","point"
"2024-03-17 01:00:00 pm","80.9","66.9","84.2","68.9","point"
"2024-03-17 03:00:00 pm","80.9","73.2","85.8","71.6","point"
"2024-03-17 05:00:00 pm","79.5","74.4","83.5","70.7","point"
"2024-03-17 07:00:00 pm","73.9","86.7","76.1","69.6","point"
"2024-03-17 09:00:00 pm","72.0","92.0","74.1","69.5","point"
"2024-03-17 11:00:00 pm","70.5","94.0","72.1","68.7","point"
"2024-03-18 01:00:00 am","69.8","95.1","71.6","68.3","point"
"2024-03-18 03:00:00 am","68.0","95.6","69.3","66.7","point"
"2024-03-18 05:00:00 am","65.5","94.6","66.6","64.0","point"
"2024-03-18 07:00:00 am","64.1","95.8","65.1","62.9","point"
"2024-03-18 09:00:00 am","71.2","66.0","71.4","59.2","point"
"2024-03-18 11:00:00 am","78.0","53.1","77.5","59.5","point"
"2024-03-18 01:00:00 pm","78.1","75.9","81.3","69.9","point"
"2024-03-18 03:00:00 pm","79.8","74.7","84.0","71.0","point"
"2024-03-18 05:00:00 pm","78.0","73.7","80.6","69.0","point"
"2024-03-18 07:00:00 pm","74.1","87.5","76.5","70.1","point"
"2024-03-18 09:00:00 pm","70.8","89.2","72.3","67.4","point"
"2024-03-18 11:00:00 pm","67.9","92.8","69.1","65.7","point"
"2024-03-19 01:00:00 am","66.3","95.1","67.5","64.8","point"
"2024-03-19 03:00:00 am","65.5","95.3","66.6","64.1","point"
"2024-03-19 05:00:00 am","64.6","91.2","65.1","62.0","point"
"2024-03-19 07:00:00 am","66.2","85.6","66.6","61.8","point"
"2024-03-19 09:00:00 am","72.3","61.2","72.3","58.2","point"
"2024-03-19 11:00:00 am","78.1","52.1","77.7","59.1","point"
"2024-03-19 01:00:00 pm","82.2","42.7","81.3","57.3","point"
"2024-03-19 02:00:00 pm","80.5","69.5","84.2","69.6","point"
"2024-03-19 04:00:00 pm","80.5","69.0","84.2","69.4","point"
"2024-03-19 06:00:00 pm","77.6","78.3","80.6","70.3","point"
"2024-03-19 08:00:00 pm","73.0","88.9","75.2","69.5","point"
"2024-03-19 10:00:00 pm","69.4","91.1","70.7","66.7","point"
"2024-03-20 12:00:00 am","67.7","94.1","69.1","65.9","point"
"2024-03-20 02:00:00 am","66.2","95.1","67.5","64.8","point"
"2024-03-20 04:00:00 am","64.5","93.8","65.3","62.7","point"
"2024-03-20 06:00:00 am","63.6","92.6","64.2","61.4","point"
"2024-03-20 08:00:00 am","64.1","94.4","64.9","62.5","point"
"2024-03-20 10:00:00 am","74.3","74.3","75.6","65.6","point"
"2024-03-20 12:00:00 pm","77.6","71.6","79.5","67.7","point"
"2024-03-20 02:00:00 pm","79.1","71.4","82.0","69.0","point"
"2024-03-20 04:00:00 pm","78.5","71.2","81.1","68.5","point"
"2024-03-20 06:00:00 pm","76.2","82.0","78.6","70.3","point"
"2024-03-20 08:00:00 pm","73.3","91.1","75.7","70.6","point"
"2024-03-20 10:00:00 pm","71.7","93.8","73.9","69.8","point"
"2024-03-21 12:00:00 am","69.6","95.0","71.1","68.1","point"
"2024-03-21 02:00:00 am","68.5","96.7","70.0","67.5","point"
"2024-03-21 04:00:00 am","68.4","97.7","70.2","67.7","point"
"2024-03-21 06:00:00 am","66.8","97.5","68.4","66.1","point"
"2024-03-21 08:00:00 am","69.7","97.7","71.6","69.0","point"
"2024-03-21 10:00:00 am","72.1","85.0","73.6","67.3","point"
"2024-03-21 12:00:00 pm","76.5","74.2","78.1","67.6","point"
"2024-03-21 02:00:00 pm","79.8","65.7","82.2","67.3","point"
"2024-03-21 04:00:00 pm","79.3","67.9","81.9","67.8","point"
"2024-03-21 06:00:00 pm","77.6","75.6","80.2","69.3","point"
"2024-03-21 08:00:00 pm","74.6","93.5","77.7","72.6","point"
"2024-03-21 10:00:00 pm","73.0","95.5","75.7","71.7","point"
"2024-03-22 12:00:00 am","71.7","96.2","73.9","70.6","point"
"2024-03-22 02:00:00 am","70.6","96.0","72.3","69.4","point"
"2024-03-22 04:00:00 am","69.2","96.7","70.7","68.2","point"
"2024-03-22 06:00:00 am","67.9","97.1","69.4","67.0","point"
"2024-03-22 08:00:00 am","68.5","98.2","70.2","68.0","point"
"2024-03-22 10:00:00 am","72.8","92.1","75.2","70.4","point"
"2024-03-22 12:00:00 pm","77.3","83.6","80.8","71.9","point"
"2024-03-22 02:00:00 pm","79.2","80.1","84.2","72.6","point"
"2024-03-22 04:00:00 pm","78.6","81.5","83.3","72.5","point"
"2024-03-22 06:00:00 pm","76.2","89.5","79.5","72.9","point"
"2024-03-22 08:00:00 pm","73.4","94.5","76.5","71.7","point"
"2024-03-22 10:00:00 pm","72.9","96.5","75.7","71.8","point"
"2024-03-23 12:00:00 am","72.3","96.5","75.0","71.3","point"
"2024-03-23 02:00:00 am","71.1","97.0","73.0","70.2","point"
"2024-03-23 04:00:00 am","69.5","96.6","71.2","68.5","point"
"2024-03-23 06:00:00 am","69.5","95.9","71.2","68.3","point"
"2024-03-23 08:00:00 am","70.5","92.6","72.1","68.3","point"
"2024-03-23 10:00:00 am","74.8","85.5","77.2","70.2","point"
"2024-03-23 12:00:00 pm","77.7","77.4","80.4","70.1","point"
"2024-03-23 02:00:00 pm","80.6","75.7","86.0","72.2","point"
"2024-03-23 04:00:00 pm","81.4","71.4","86.4","71.3","point"
"2024-03-23 06:00:00 pm","78.1","83.1","82.6","72.5","point"
"2024-03-23 08:00:00 pm","74.8","92.8","77.9","72.6","point"
"2024-03-23 10:00:00 pm","72.7","94.8","75.4","71.1","point"
"2024-03-24 12:00:00 am","72.1","95.4","74.7","70.8","point"
"2024-03-24 02:00:00 am","71.2","96.1","73.0","70.0","point"
"2024-03-24 04:00:00 am","68.9","96.6","70.5","67.9","point"
"2024-03-24 06:00:00 am","67.7","97.1","69.1","66.8","point"
"2024-03-24 08:00:00 am","68.6","97.0","70.2","67.7","point"
"2024-03-24 10:00:00 am","75.1","89.9","78.1","71.9","point"
"2024-03-24 12:00:00 pm","80.5","71.6","84.7","70.5","point"
"2024-03-24 02:00:00 pm","80.9","75.4","86.4","72.4","point"
"2024-03-24 04:00:00 pm","81.5","72.2","86.7","71.7","point"
"2024-03-24 06:00:00 pm","78.3","82.2","82.8","72.4","point"
"2024-03-24 08:00:00 pm","74.8","91.9","77.9","72.2","point"
"2024-03-24 10:00:00 pm","73.3","95.7","76.3","72.0","point"
"2024-03-25 12:00:00 am","72.4","96.6","75.0","71.4","point"
"2024-03-25 02:00:00 am","69.9","96.3","71.6","68.8","point"
"2024-03-25 04:00:00 am","69.0","97.6","70.7","68.3","point"
"2024-03-25 06:00:00 am","66.6","97.2","68.0","65.8","point"
"2024-03-25 08:00:00 am","67.6","97.2","68.9","66.8","point"
"2024-03-25 10:00:00 am","74.0","75.3","75.4","65.7","point"
"2024-03-25 12:00:00 pm","81.5","47.7","81.1","59.7","point"
"2024-03-25 02:00:00 pm","82.7","61.6","86.2","68.2","point"
"2024-03-25 04:00:00 pm","82.5","61.5","85.8","67.9","point"
"2024-03-25 06:00:00 pm","79.4","74.0","83.3","70.4","point"
"2024-03-25 08:00:00 pm","75.3","90.1","78.4","72.2","point"
"2024-03-25 10:00:00 pm","73.7","93.7","76.5","71.8","point"
"2024-03-26 12:00:00 am","71.4","94.6","73.4","69.7","point"
"2024-03-26 02:00:00 am","66.8","91.2","67.6","64.1","point"
"2024-03-26 04:00:00 am","65.7","93.0","66.6","63.6","point"
"2024-03-26 06:00:00 am","65.3","94.7","66.4","63.7","point"
"2024-03-26 08:00:00 am","68.4","96.8","70.0","67.4","point"
"2024-03-26 10:00:00 am","75.8","77.0","77.5","68.1","point"
"2024-03-26 12:00:00 pm","79.4","70.6","82.8","69.0","point"
"2024-03-26 02:00:00 pm","81.0","69.9","85.3","70.3","point"
"2024-03-26 04:00:00 pm","80.2","72.6","84.4","70.6","point"
"2024-03-26 06:00:00 pm","77.3","85.7","81.0","72.7","point"
"2024-03-26 08:00:00 pm","74.7","93.3","77.9","72.6","point"
"2024-03-26 10:00:00 pm","73.6","94.4","76.6","71.9","point"
"2024-03-27 12:00:00 am","71.9","94.8","74.1","70.3","point"
"2024-03-27 02:00:00 am","71.7","96.1","73.9","70.5","point"
"2024-03-27 04:00:00 am","71.1","95.8","73.0","69.8","point"
"2024-03-27 06:00:00 am","70.1","95.5","71.8","68.8","point"
"2024-03-27 08:00:00 am","68.5","95.1","69.8","67.0","point"
"2024-03-27 10:00:00 am","77.2","74.0","79.3","68.3","point"
"2024-03-27 12:00:00 pm","81.9","54.5","83.3","63.9","point"
"2024-03-27 02:00:00 pm","81.5","70.3","86.4","70.9","point"
"2024-03-27 04:00:00 pm","81.8","71.5","86.9","71.7","point"
"2024-03-27 06:00:00 pm","77.9","86.1","82.4","73.4","point"
"2024-03-27 08:00:00 pm","74.9","93.1","78.3","72.8","point"
"2024-03-27 10:00:00 pm","73.3","95.1","76.3","71.8","point"
"2024-03-28 12:00:00 am","71.3","95.0","73.4","69.8","point"
"2024-03-28 02:00:00 am","69.1","95.1","70.5","67.6","point"
"2024-03-28 04:00:00 am","67.0","95.8","68.4","65.8","point"
"2024-03-28 06:00:00 am","65.4","95.9","66.6","64.2","point"
"2024-03-28 08:00:00 am","66.4","96.1","67.8","65.3","point"
"2024-03-28 10:00:00 am","75.8","74.4","77.2","67.1","point"
"2024-03-28 12:00:00 pm","81.6","53.0","82.4","62.8","point"
"2024-03-28 02:00:00 pm","84.8","59.8","90.0","69.3","point"
"2024-03-28 04:00:00 pm","81.6","71.9","86.7","71.6","point"
"2024-03-28 06:00:00 pm","78.1","87.5","83.3","74.1","point"
"2024-03-28 08:00:00 pm","75.2","93.1","78.4","73.0","point"
"2024-03-28 10:00:00 pm","73.8","94.2","76.8","72.0","point"
"2024-03-29 12:00:00 am","72.9","94.9","75.6","71.3","point"
"2024-03-29 02:00:00 am","72.2","95.8","74.7","70.9","point"
"2024-03-29 04:00:00 am","70.0","95.5","71.8","68.6","point"
"2024-03-29 06:00:00 am","67.8","95.1","69.1","66.3","point"
"2024-03-29 08:00:00 am","68.5","95.8","70.0","67.2","point"
"2024-03-29 10:00:00 am","74.2","78.7","75.7","67.1","point"
"2024-03-29 12:00:00 pm","79.3","72.4","82.8","69.6","point"
"2024-03-29 02:00:00 pm","80.5","74.0","85.3","71.5","point"
"2024-03-29 04:00:00 pm","80.0","77.9","85.1","72.4","point"
"2024-03-29 06:00:00 pm","76.6","82.5","79.2","70.9","point"
"2024-03-29 08:00:00 pm","73.6","89.8","76.1","70.4","point"
"2024-03-29 10:00:00 pm","72.1","92.4","74.5","69.8","point"
"2024-03-30 12:00:00 am","70.1","94.4","71.8","68.4","point"
"2024-03-30 02:00:00 am","68.6","94.3","70.2","66.9","point"
"2024-03-30 04:00:00 am","65.1","88.6","65.7","61.7","point"
"2024-03-30 06:00:00 am","66.0","88.4","66.4","62.5","point"
"2024-03-30 08:00:00 am","66.6","91.3","67.5","64.0","point"
"2024-03-30 10:00:00 am","76.3","76.1","77.9","68.2","point"
"2024-03-30 12:00:00 pm","80.2","67.1","83.1","68.2","point"
"2024-03-30 02:00:00 pm","81.9","64.6","85.5","68.8","point"
"2024-03-30 04:00:00 pm","81.7","66.7","85.8","69.6","point"
"2024-03-30 06:00:00 pm","79.0","78.0","83.5","71.6","point"
"2024-03-30 08:00:00 pm","74.2","86.5","76.6","69.9","point"
"2024-03-30 10:00:00 pm","72.3","92.4","74.7","70.0","point"
"2024-03-31 12:00:00 am","71.4","92.6","73.2","69.1","point"
"2024-03-31 02:00:00 am","70.5","93.5","72.0","68.5","point"
"2024-03-31 04:00:00 am","68.0","94.0","69.4","66.2","point"
"2024-03-31 06:00:00 am","66.3","95.4","67.5","64.9","point"
"2024-03-31 08:00:00 am","66.0","94.7","66.9","64.4","point"
"2024-03-31 10:00:00 am","75.5","74.8","76.8","66.9","point"
"2024-03-31 12:00:00 pm","79.9","70.7","83.7","69.5","point"
"2024-03-31 02:00:00 pm","81.2","71.6","86.0","71.1","point"
"2024-03-31 04:00:00 pm","81.0","71.6","85.6","71.0","point"
"2024-03-31 06:00:00 pm","77.9","79.4","81.7","71.0","point"
"2024-03-31 08:00:00 pm","74.9","93.8","78.4","73.0","point"
"2024-03-31 10:00:00 pm","73.1","96.2","75.9","71.9","point"
"2024-04-01 12:00:00 am","72.3","96.2","74.7","71.2","point"
"2024-04-01 02:00:00 am","71.6","96.8","73.6","70.6","point"
"2024-04-01 04:00:00 am","71.3","96.2","73.4","70.2","point"
"2024-04-01 06:00:00 am","70.4","96.5","72.1","69.3","point"
"2024-04-01 08:00:00 am","71.5","97.0","73.6","70.5","point"
"2024-04-01 10:00:00 am","74.0","89.9","76.6","70.8","point"
"2024-04-01 12:00:00 pm","78.2","78.4","81.7","70.9","point"
"2024-04-01 02:00:00 pm","80.9","73.4","85.8","71.6","point"
"2024-04-01 04:00:00 pm","81.1","74.8","86.4","72.3","point"
"2024-04-01 06:00:00 pm","78.2","81.1","82.2","71.9","point"
"2024-04-01 08:00:00 pm","75.5","93.8","79.0","73.5","point"
"2024-04-01 10:00:00 pm","74.4","95.2","77.7","72.9","point"
"2024-04-02 12:00:00 am","73.6","95.6","76.8","72.3","point"
"2024-04-02 02:00:00 am","72.2","94.9","74.7","70.6","point"
"2024-04-02 04:00:00 am","70.1","95.5","71.8","68.8","point"
"2024-04-02 06:00:00 am","68.2","95.7","69.6","66.9","point"
"2024-04-02 08:00:00 am","68.8","96.5","70.3","67.7","point"
"2024-04-02 10:00:00 am","75.4","78.4","77.2","68.2","point"
"2024-04-02 12:00:00 pm","79.2","74.7","83.1","70.4","point"
"2024-04-02 02:00:00 pm","82.0","73.4","87.8","72.6","point"
"2024-04-02 04:00:00 pm","81.2","75.9","87.1","72.8","point"
"2024-04-02 06:00:00 pm","78.0","86.6","82.8","73.6","point"
"2024-04-02 08:00:00 pm","75.6","92.7","79.2","73.3","point"
"2024-04-02 10:00:00 pm","73.9","95.9","77.0","72.6","point"
"2024-04-03 12:00:00 am","73.0","97.1","75.7","72.1","point"
"2024-04-03 02:00:00 am","72.6","97.7","75.4","71.9","point"
"2024-04-03 04:00:00 am","72.0","98.0","74.7","71.4","point"
"2024-04-03 06:00:00 am","70.5","97.7","72.3","69.8","point"
"2024-04-03 08:00:00 am","70.5","94.9","72.1","69.0","point"
"2024-04-03 10:00:00 am","73.7","85.4","75.7","69.1","point"
"2024-04-03 12:00:00 pm","78.3","74.9","81.3","69.7","point"
"2024-04-03 02:00:00 pm","80.9","74.3","86.0","72.0","point"
"2024-04-03 04:00:00 pm","80.5","75.7","85.6","72.1","point"
"2024-04-03 06:00:00 pm","78.1","85.3","82.9","73.3","point"
"2024-04-03 08:00:00 pm","75.0","90.2","77.9","71.9","point"
"2024-04-03 10:00:00 pm","73.5","93.0","76.3","71.3","point"
"2024-04-04 12:00:00 am","71.6","94.7","73.6","70.0","point"
"2024-04-04 02:00:00 am","70.3","94.7","72.0","68.7","point"
"2024-04-04 04:00:00 am","68.5","95.2","69.8","67.1","point"
"2024-04-04 06:00:00 am","67.3","94.7","68.7","65.8","point"
"2024-04-04 08:00:00 am","68.5","95.8","70.0","67.2","point"
"2024-04-04 10:00:00 am","76.8","73.0","78.1","67.5","point"
"2024-04-04 12:00:00 pm","80.2","63.5","82.4","66.7","point"
"2024-04-04 02:00:00 pm","82.1","68.9","87.1","70.9","point"
"2024-04-04 04:00:00 pm","81.7","70.5","86.7","71.2","point"
"2024-04-04 06:00:00 pm","79.1","80.3","83.8","72.5","point"
"2024-04-04 08:00:00 pm","75.6","91.5","79.2","72.9","point"
"2024-04-04 10:00:00 pm","73.3","94.3","76.1","71.6","point"
"2024-04-05 12:00:00 am","72.4","95.0","74.8","70.9","point"
"2024-04-05 02:00:00 am","71.2","95.0","73.0","69.6","point"
"2024-04-05 04:00:00 am","69.5","94.8","71.1","68.0","point"
"2024-04-05 06:00:00 am","67.7","95.3","69.1","66.3","point"
"2024-04-05 08:00:00 am","68.8","95.7","70.3","67.5","point"
"2024-04-05 10:00:00 am","77.7","73.0","80.1","68.4","point"
"2024-04-05 12:00:00 pm","80.4","71.1","84.4","70.2","point"
"2024-04-05 02:00:00 pm","81.6","76.2","88.0","73.4","point"
"2024-04-05 04:00:00 pm","81.2","79.1","88.0","74.0","point"
"2024-04-05 06:00:00 pm","78.8","83.6","83.8","73.4","point"
"2024-04-05 08:00:00 pm","75.7","91.1","79.0","72.9","point"
"2024-04-05 10:00:00 pm","73.9","93.8","76.8","71.9","point"
"2024-04-06 12:00:00 am","72.4","93.7","74.7","70.5","point"
"2024-04-06 02:00:00 am","70.6","94.6","72.3","69.0","point"
"2024-04-06 04:00:00 am","68.6","96.2","70.2","67.5","point"
"2024-04-06 06:00:00 am","67.2","95.5","68.4","65.9","point"
"2024-04-06 08:00:00 am","68.4","94.2","69.8","66.7","point"
"2024-04-06 10:00:00 am","77.0","82.8","80.2","71.4","point"
"2024-04-06 12:00:00 pm","82.2","72.2","88.2","72.4","point"
"2024-04-06 02:00:00 pm","84.9","69.3","93.4","73.7","point"
"2024-04-06 04:00:00 pm","84.2","71.4","92.8","73.9","point"
"2024-04-06 06:00:00 pm","80.3","81.0","86.7","73.9","point"
"2024-04-06 08:00:00 pm","76.1","92.5","79.7","73.7","point"
"2024-04-06 10:00:00 pm","74.6","93.5","77.7","72.5","point"
"2024-04-07 12:00:00 am","73.7","96.3","76.8","72.5","point"
"2024-04-07 02:00:00 am","73.2","97.3","76.1","72.4","point"
"2024-04-07 04:00:00 am","72.8","97.3","75.6","72.0","point"
"2024-04-07 06:00:00 am","72.2","96.5","74.7","71.2","point"
"2024-04-07 08:00:00 am","72.3","94.7","74.7","70.7","point"
"2024-04-07 10:00:00 am","74.2","87.9","76.6","70.4","point"
"2024-04-07 12:00:00 pm","78.8","77.6","82.6","71.2","point"
"2024-04-07 02:00:00 pm","81.0","76.1","86.7","72.8","point"
"2024-04-07 04:00:00 pm","81.2","76.2","87.1","73.0","point"
"2024-04-07 06:00:00 pm","77.5","81.4","80.8","71.3","point"
"2024-04-07 08:00:00 pm","74.0","86.3","76.3","69.6","point"
"2024-04-07 10:00:00 pm","73.5","91.5","76.1","70.8","point"
"2024-04-08 12:00:00 am","72.0","92.3","74.1","69.6","point"
"2024-04-08 02:00:00 am","70.5","94.0","72.1","68.7","point"
"2024-04-08 04:00:00 am","68.2","94.2","69.6","66.5","point"
"2024-04-08 06:00:00 am","65.6","92.0","66.4","63.2","point"
"2024-04-08 08:00:00 am","67.5","93.3","68.7","65.5","point"
"2024-04-08 10:00:00 am","77.1","67.3","78.1","65.4","point"
"2024-04-08 12:00:00 pm","81.1","57.6","82.6","64.7","point"
"2024-04-08 02:00:00 pm","84.0","56.0","87.6","66.7","point"
"2024-04-08 04:00:00 pm","83.5","60.2","87.6","68.2","point"
"2024-04-08 06:00:00 pm","79.4","78.0","84.2","71.9","point"
"2024-04-08 08:00:00 pm","75.1","83.8","77.5","69.8","point"
"2024-04-08 10:00:00 pm","73.8","90.8","76.5","71.0","point"
"2024-04-09 12:00:00 am","71.1","92.5","72.9","68.8","point"
"2024-04-09 02:00:00 am","68.2","91.8","69.4","65.7","point"
"2024-04-09 04:00:00 am","65.7","90.8","66.4","62.9","point"
"2024-04-09 06:00:00 am","63.2","85.5","63.1","58.7","point"
"2024-04-09 08:00:00 am","66.2","88.0","66.6","62.5","point"
"2024-04-09 10:00:00 am","76.1","79.0","77.9","69.1","point"
"2024-04-09 12:00:00 pm","80.7","69.4","84.6","69.7","point"
"2024-04-09 02:00:00 pm","82.9","63.7","87.1","69.3","point"
"2024-04-09 04:00:00 pm","83.3","66.2","88.9","70.8","point"
"2024-04-09 06:00:00 pm","79.0","81.2","84.0","72.8","point"
"2024-04-09 08:00:00 pm","75.1","89.2","78.1","71.7","point"
"2024-04-09 10:00:00 pm","73.9","91.8","76.6","71.3","point"
"2024-04-10 12:00:00 am","72.2","92.5","74.5","69.9","point"
"2024-04-10 02:00:00 am","69.7","93.0","71.2","67.6","point"
"2024-04-10 04:00:00 am","67.0","93.6","68.0","65.1","point"
"2024-04-10 06:00:00 am","66.3","93.9","67.5","64.5","point"
"2024-04-10 08:00:00 am","70.2","96.5","72.0","69.1","point"
"2024-04-10 10:00:00 am","76.9","76.7","79.0","69.0","point"
"2024-04-10 12:00:00 pm","81.4","64.3","84.6","68.1","point"
"2024-04-10 02:00:00 pm","83.4","68.7","89.8","72.0","point"
"2024-04-10 04:00:00 pm","84.0","66.3","90.7","71.6","point"
"2024-04-10 06:00:00 pm","78.8","74.0","82.2","69.8","point"
"2024-04-10 08:00:00 pm","74.7","81.6","76.6","68.6","point"
"2024-04-10 10:00:00 pm","72.9","90.5","75.4","70.0","point"
"2024-04-11 12:00:00 am","71.2","92.2","72.9","68.8","point"
"2024-04-11 02:00:00 am","69.3","93.6","70.7","67.3","point"
"2024-04-11 04:00:00 am","66.4","90.5","67.3","63.5","point"
"2024-04-11 06:00:00 am","65.2","92.1","66.0","62.8","point"
"2024-04-11 08:00:00 am","67.4","93.3","68.5","65.4","point"
"2024-04-11 10:00:00 am","75.7","72.9","76.8","66.4","point"
"2024-04-11 12:00:00 pm","79.8","69.6","83.1","69.0","point"
"2024-04-11 02:00:00 pm","82.0","67.2","86.5","70.1","point"
"2024-04-11 04:00:00 pm","82.8","65.6","87.6","70.0","point"
"2024-04-11 06:00:00 pm","79.5","73.0","83.5","70.1","point"
"2024-04-11 08:00:00 pm","74.9","80.0","76.8","68.3","point"
"2024-04-11 10:00:00 pm","71.5","87.5","73.2","67.6","point"
"2024-04-12 12:00:00 am","69.5","91.3","70.9","66.9","point"
"2024-04-12 02:00:00 am","67.3","89.4","68.2","64.1","point"
"2024-04-12 04:00:00 am","67.0","92.0","68.0","64.6","point"
"2024-04-12 06:00:00 am","66.1","93.4","66.9","64.1","point"
"2024-04-12 08:00:00 am","68.5","93.6","69.6","66.5","point"
"2024-04-12 10:00:00 am","76.0","78.5","77.9","68.8","point"
"2024-04-12 12:00:00 pm","79.2","71.4","82.4","69.1","point"
"2024-04-12 02:00:00 pm","82.5","65.2","86.7","69.6","point"
"2024-04-12 04:00:00 pm","82.2","65.6","86.2","69.5","point"
"2024-04-12 06:00:00 pm","75.7","78.6","77.5","68.5","point"
"2024-04-12 08:00:00 pm","74.3","90.4","77.0","71.3","point"
"2024-04-12 10:00:00 pm","72.5","92.8","75.0","70.3","point"
"2024-04-13 12:00:00 am","71.4","93.4","73.2","69.4","point"
"2024-04-13 02:00:00 am","69.8","94.3","71.4","68.1","point"
"2024-04-13 04:00:00 am","66.4","91.5","67.3","63.8","point"
"2024-04-13 06:00:00 am","64.9","91.9","65.5","62.5","point"
"2024-04-13 08:00:00 am","67.7","93.9","69.1","65.9","point"
"2024-04-13 10:00:00 am","75.2","74.3","76.5","66.4","point"
"2024-04-13 12:00:00 pm","78.8","66.9","80.6","66.8","point"
"2024-04-13 02:00:00 pm","81.0","72.1","85.8","71.2","point"
"2024-04-13 04:00:00 pm","79.3","72.8","82.8","69.8","point"
"2024-04-13 06:00:00 pm","77.3","79.3","80.2","70.4","point"
"2024-04-13 08:00:00 pm","72.5","89.6","74.5","69.2","point"
"2024-04-13 10:00:00 pm","70.0","95.2","71.8","68.6","point"
"2024-04-14 12:00:00 am","69.5","96.2","71.2","68.4","point"
"2024-04-14 02:00:00 am","68.2","95.8","69.8","66.9","point"
"2024-04-14 04:00:00 am","67.2","96.2","68.5","66.1","point"
"2024-04-14 06:00:00 am","67.2","96.6","68.5","66.2","point"
"2024-04-14 08:00:00 am","70.1","97.7","72.0","69.4","point"
"2024-04-14 10:00:00 am","75.9","85.3","78.4","71.2","point"
"2024-04-14 12:00:00 pm","80.6","71.8","85.1","70.6","point"
"2024-04-14 02:00:00 pm","81.4","77.2","87.8","73.6","point"
"2024-04-14 04:00:00 pm","82.5","73.5","88.9","73.2","point"
"2024-04-14 06:00:00 pm","78.0","82.6","82.0","72.2","point"
"2024-04-14 08:00:00 pm","76.2","90.8","79.7","73.3","point"
"2024-04-14 10:00:00 pm","74.5","93.8","77.7","72.6","point"
"2024-04-15 12:00:00 am","72.3","93.7","74.5","70.4","point"
"2024-04-15 02:00:00 am","70.1","93.9","71.8","68.3","point"
"2024-04-15 04:00:00 am","68.5","93.2","69.6","66.4","point"
"2024-04-15 06:00:00 am","67.9","94.1","69.3","66.1","point"
"2024-04-15 08:00:00 am","69.2","94.5","70.7","67.5","point"
"2024-04-15 10:00:00 am","75.9","74.6","77.4","67.3","point"
"2024-04-15 12:00:00 pm","81.8","52.8","82.6","62.9","point"
"2024-04-15 02:00:00 pm","86.4","36.9","85.8","57.0","point"
"2024-04-15 04:00:00 pm","88.8","30.1","87.1","53.4","point"
"2024-04-15 06:00:00 pm","81.4","74.2","86.9","72.3","point"
"2024-04-15 08:00:00 pm","76.0","88.2","79.2","72.2","point"
"2024-04-15 10:00:00 pm","74.2","91.7","77.2","71.7","point"
"2024-04-16 12:00:00 am","71.1","91.2","72.9","68.4","point"
"2024-04-16 02:00:00 am","69.6","91.5","71.1","67.0","point"
"2024-04-16 04:00:00 am","68.1","92.4","69.3","65.8","point"
"2024-04-16 06:00:00 am","67.2","92.2","68.2","64.9","point"
"2024-04-16 08:00:00 am","70.3","96.3","72.0","69.2","point"
"2024-04-16 10:00:00 am","76.5","77.9","78.6","69.1","point"
"2024-04-16 12:00:00 pm","82.4","67.4","87.3","70.5","point"
"2024-04-16 02:00:00 pm","83.1","70.2","89.8","72.4","point"
"2024-04-16 04:00:00 pm","82.8","69.9","88.9","72.0","point"
"2024-04-16 06:00:00 pm","78.5","83.0","83.3","72.9","point"
"2024-04-16 08:00:00 pm","75.3","89.6","78.3","72.0","point"
"2024-04-16 10:00:00 pm","74.0","92.5","76.8","71.7","point"
"2024-04-17 12:00:00 am","72.7","93.1","75.2","70.6","point"
"2024-04-17 02:00:00 am","70.9","92.9","72.7","68.7","point"
"2024-04-17 04:00:00 am","68.9","93.1","70.3","66.8","point"
"2024-04-17 06:00:00 am","68.1","93.1","69.3","66.0","point"
"2024-04-17 08:00:00 am","70.4","88.8","71.8","67.0","point"
"2024-04-17 10:00:00 am","73.9","81.1","75.6","67.8","point"
"2024-04-17 12:00:00 pm","76.5","82.1","79.2","70.7","point"
"2024-04-17 02:00:00 pm","79.6","74.3","83.7","70.7","point"
"2024-04-17 04:00:00 pm","79.1","77.6","83.3","71.5","point"
"2024-04-17 06:00:00 pm","76.5","87.1","79.7","72.3","point"
"2024-04-17 08:00:00 pm","73.8","89.4","76.3","70.5","point"
"2024-04-17 10:00:00 pm","71.8","90.3","73.9","68.8","point"
"2024-04-18 12:00:00 am","70.4","92.9","72.0","68.2","point"
"2024-04-18 02:00:00 am","70.6","94.5","72.3","69.0","point"
"2024-04-18 04:00:00 am","68.8","94.4","70.3","67.1","point"
"2024-04-18 06:00:00 am","65.8","90.9","66.4","63.1","point"
"2024-04-18 08:00:00 am","67.9","88.5","68.9","64.3","point"
"2024-04-18 10:00:00 am","76.6","65.6","77.0","64.2","point"
"2024-04-18 12:00:00 pm","81.0","66.3","84.6","68.7","point"
"2024-04-18 02:00:00 pm","83.4","66.3","89.1","71.0","point"
"2024-04-18 04:00:00 pm","81.3","71.9","86.2","71.3","point"
"2024-04-18 06:00:00 pm","78.8","83.8","83.8","73.4","point"
"2024-04-18 08:00:00 pm","74.8","93.3","77.9","72.7","point"
"2024-04-18 10:00:00 pm","69.1","97.3","70.5","68.3","point"
"2024-04-19 12:00:00 am","71.0","98.2","73.0","70.5","point"
"2024-04-19 02:00:00 am","71.2","98.3","73.2","70.7","point"
"2024-04-19 04:00:00 am","71.9","98.4","74.3","71.4","point"
"2024-04-19 06:00:00 am","71.5","98.6","73.8","71.0","point"
"2024-04-19 08:00:00 am","72.0","98.5","74.7","71.6","point"
"2024-04-19 10:00:00 am","73.7","97.2","76.8","72.9","point"
"2024-04-19 12:00:00 pm","76.5","92.2","80.4","74.1","point"
"2024-04-19 02:00:00 pm","79.5","83.3","85.3","74.0","point"
"2024-04-19 04:00:00 pm","78.8","85.5","84.6","74.1","point"
"2024-04-19 06:00:00 pm","77.2","91.4","81.7","74.5","point"
"2024-04-19 08:00:00 pm","74.2","94.0","77.4","72.3","point"
"2024-04-19 10:00:00 pm","66.4","97.2","67.8","65.6","point"
"2024-04-20 12:00:00 am","69.7","98.2","71.6","69.2","point"
"2024-04-20 02:00:00 am","69.9","98.4","71.8","69.5","point"
"2024-04-20 04:00:00 am","68.5","98.6","70.2","68.1","point"
"2024-04-20 06:00:00 am","68.3","98.9","70.0","68.0","point"
"2024-04-20 08:00:00 am","67.4","98.9","68.9","67.1","point"
"2024-04-20 10:00:00 am","69.7","98.9","71.6","69.4","point"
"2024-04-20 12:00:00 pm","72.3","98.6","74.8","71.9","point"
"2024-04-20 02:00:00 pm","75.5","92.1","78.8","73.1","point"
"2024-04-20 04:00:00 pm","75.9","93.3","79.7","73.9","point"
"2024-04-20 06:00:00 pm","74.7","92.1","77.9","72.2","point"
"2024-04-20 08:00:00 pm","71.5","96.3","73.6","70.4","point"
"2024-04-20 10:00:00 pm","69.8","96.8","71.6","68.9","point"
"2024-04-21 12:00:00 am","68.7","97.0","70.2","67.8","point"
"2024-04-21 02:00:00 am","68.6","97.5","70.2","67.8","point"
"2024-04-21 04:00:00 am","68.0","97.6","69.6","67.3","point"
"2024-04-21 06:00:00 am","67.6","97.5","69.1","66.9","point"
"2024-04-21 08:00:00 am","69.9","98.2","71.8","69.3","point"
"2024-04-21 10:00:00 am","76.2","86.3","79.2","71.8","point"
"2024-04-21 12:00:00 pm","78.1","87.1","83.3","73.9","point"
"2024-04-21 02:00:00 pm","81.2","82.2","88.9","75.2","point"
"2024-04-21 04:00:00 pm","80.6","86.0","88.3","76.0","point"
"2024-04-21 06:00:00 pm","77.9","89.0","83.3","74.4","point"
"2024-04-21 08:00:00 pm","75.8","94.8","79.7","74.2","point"
"2024-04-21 10:00:00 pm","74.2","96.8","77.5","73.3","point"
"2024-04-22 12:00:00 am","73.4","97.3","76.3","72.5","point"
"2024-04-22 02:00:00 am","73.0","97.2","75.7","72.1","point"
"2024-04-22 04:00:00 am","71.3","95.6","73.4","70.0","point"
"2024-04-22 06:00:00 am","70.5","95.7","72.3","69.2","point"
"2024-04-22 08:00:00 am","70.5","94.7","72.1","68.9","point"
"2024-04-22 10:00:00 am","75.5","86.8","78.3","71.3","point"
"2024-04-22 12:00:00 pm","78.6","83.3","83.8","73.1","point"
"2024-04-22 02:00:00 pm","80.2","78.5","85.6","72.8","point"
"2024-04-22 04:00:00 pm","80.1","83.0","86.7","74.5","point"
"2024-04-22 06:00:00 pm","75.9","89.1","79.0","72.4","point"
"2024-04-22 08:00:00 pm","72.7","93.8","75.4","70.8","point"
"2024-04-22 10:00:00 pm","72.8","90.9","75.0","70.0","point"
"2024-04-23 12:00:00 am","71.9","94.8","74.1","70.3","point"
"2024-04-23 02:00:00 am","70.1","95.2","71.8","68.6","point"
"2024-04-23 04:00:00 am","68.6","95.1","70.2","67.1","point"
"2024-04-23 06:00:00 am","65.1","91.6","65.7","62.6","point"
"2024-04-23 08:00:00 am","72.6","79.5","73.9","65.9","point"
"2024-04-23 10:00:00 am","78.2","76.4","81.3","70.1","point"
"2024-04-23 12:00:00 pm","82.9","70.3","88.9","72.2","point"
"2024-04-23 02:00:00 pm","82.8","73.2","89.8","73.3","point"
"2024-04-23 04:00:00 pm","81.6","75.8","87.8","73.2","point"
"2024-04-23 06:00:00 pm","78.4","89.2","84.0","75.0","point"
"2024-04-23 08:00:00 pm","76.0","93.2","79.7","73.9","point"
"2024-04-23 10:00:00 pm","74.7","94.7","78.1","73.1","point"
"2024-04-24 12:00:00 am","73.9","95.0","77.0","72.3","point"
"2024-04-24 02:00:00 am","73.4","95.0","76.5","71.9","point"
"2024-04-24 04:00:00 am","72.8","95.9","75.4","71.5","point"
"2024-04-24 06:00:00 am","71.9","95.3","74.1","70.5","point"
"2024-04-24 08:00:00 am","72.7","95.5","75.4","71.3","point"
"2024-04-24 10:00:00 am","75.4","84.2","77.9","70.3","point"
"2024-04-24 12:00:00 pm","79.6","75.4","83.8","71.1","point"
"2024-04-24 02:00:00 pm","82.1","73.0","88.2","72.6","point"
"2024-04-24 04:00:00 pm","81.6","72.4","86.9","71.9","point"
"2024-04-24 06:00:00 pm","79.3","78.2","83.8","71.9","point"
"2024-04-24 08:00:00 pm","75.2","87.8","78.1","71.3","point"
"2024-04-24 10:00:00 pm","73.4","92.2","76.1","71.0","point"
"2024-04-25 12:00:00 am","72.9","92.6","75.4","70.6","point"
"2024-04-25 02:00:00 am","70.8","93.4","72.5","68.8","point"
"2024-04-25 04:00:00 am","68.7","93.4","70.2","66.7","point"
"2024-04-25 06:00:00 am","66.9","92.2","68.0","64.6","point"
"2024-04-25 08:00:00 am","69.3","94.0","70.9","67.4","point"
"2024-04-25 10:00:00 am","78.4","70.2","80.6","67.8","point"
"2024-04-25 12:00:00 pm","82.1","57.1","84.0","65.4","point"
"2024-04-25 02:00:00 pm","86.1","38.2","85.8","57.7","point"
"2024-04-25 04:00:00 pm","81.7","74.2","87.6","72.7","point"
"2024-04-25 06:00:00 pm","79.9","75.6","84.7","71.5","point"
"2024-04-25 08:00:00 pm","75.4","80.5","77.5","69.0","point"
"2024-04-25 10:00:00 pm","73.9","89.7","76.3","70.6","point"
"2024-04-26 12:00:00 am","72.8","91.6","75.2","70.2","point"
"2024-04-26 02:00:00 am","70.1","92.3","71.6","67.8","point"
"2024-04-26 04:00:00 am","67.9","92.0","69.1","65.5","point"
"2024-04-26 06:00:00 am","65.7","87.9","66.0","62.0","point"
"2024-04-26 08:00:00 am","69.3","87.3","70.5","65.3","point"
"2024-04-26 10:00:00 am","78.5","71.5","81.1","68.5","point"
"2024-04-26 12:00:00 pm","82.5","65.5","86.7","69.8","point"
"2024-04-26 02:00:00 pm","83.1","67.5","88.5","71.2","point"
"2024-04-26 04:00:00 pm","83.1","71.7","90.3","73.0","point"
"2024-04-26 06:00:00 pm","78.6","78.7","82.9","71.4","point"
"2024-04-26 08:00:00 pm","75.2","85.5","77.9","70.6","point"
"2024-04-26 10:00:00 pm","74.2","90.4","77.0","71.2","point"
"2024-04-27 12:00:00 am","73.0","92.4","75.4","70.7","point"
"2024-04-27 02:00:00 am","71.1","92.2","72.9","68.7","point"
"2024-04-27 04:00:00 am","68.3","85.6","68.9","63.8","point"
"2024-04-27 06:00:00 am","68.2","85.0","68.9","63.5","point"
"2024-04-27 08:00:00 am","71.2","85.7","72.5","66.7","point"
"2024-04-27 10:00:00 am","79.5","64.6","81.9","66.6","point"
"2024-04-27 12:00:00 pm","84.1","54.3","87.1","65.8","point"
"2024-04-27 02:00:00 pm","86.5","57.1","92.3","69.5","point"
"2024-04-27 04:00:00 pm","85.0","62.4","91.2","70.7","point"
"2024-04-27 06:00:00 pm","79.6","84.4","85.8","74.5","point"
"2024-04-27 08:00:00 pm","76.6","89.9","80.1","73.4","point"
"2024-04-27 10:00:00 pm","75.4","92.1","78.8","72.9","point"
"2024-04-28 12:00:00 am","74.4","93.7","77.5","72.5","point"
"2024-04-28 02:00:00 am","73.0","92.6","75.4","70.6","point"
"2024-04-28 04:00:00 am","71.2","93.9","73.0","69.4","point"
"2024-04-28 06:00:00 am","71.1","94.8","73.0","69.5","point"
"2024-04-28 08:00:00 am","71.9","94.4","74.1","70.2","point"
"2024-04-28 10:00:00 am","78.8","69.4","81.5","68.0","point"
"2024-04-28 12:00:00 pm","82.2","73.2","88.5","72.8","point"
"2024-04-28 02:00:00 pm","83.4","73.1","91.2","73.9","point"
"2024-04-28 04:00:00 pm","82.9","72.9","89.6","73.3","point"
"2024-04-28 06:00:00 pm","79.8","79.6","85.3","73.0","point"
"2024-04-28 08:00:00 pm","76.3","88.7","79.5","72.7","point"
"2024-04-28 10:00:00 pm","75.0","93.8","78.4","73.1","point"
"2024-04-29 12:00:00 am","73.7","90.5","76.3","70.7","point"
"2024-04-29 02:00:00 am","71.3","92.3","73.2","69.0","point"
"2024-04-29 04:00:00 am","70.3","92.9","71.8","68.1","point"
"2024-04-29 06:00:00 am","70.1","94.3","71.8","68.3","point"
"2024-04-29 08:00:00 am","71.8","95.1","74.1","70.3","point"
"2024-04-29 10:00:00 am","77.4","68.1","78.8","66.1","point"
"2024-04-29 12:00:00 pm","81.1","67.0","84.7","69.1","point"
"2024-04-29 02:00:00 pm","83.4","68.6","89.8","72.0","point"
"2024-04-29 04:00:00 pm","82.9","71.6","89.4","72.7","point"
"2024-04-29 06:00:00 pm","80.5","73.3","85.1","71.2","point"
"2024-04-29 08:00:00 pm","77.4","88.1","81.9","73.6","point"
"2024-04-29 10:00:00 pm","75.0","91.6","78.1","72.3","point"
"2024-04-30 12:00:00 am","73.5","92.0","76.1","71.1","point"
"2024-04-30 02:00:00 am","72.0","93.5","74.1","70.1","point"
"2024-04-30 04:00:00 am","70.3","93.9","72.0","68.5","point"
"2024-04-30 06:00:00 am","69.5","93.4","70.9","67.6","point"
"2024-04-30 08:00:00 am","70.7","94.9","72.3","69.1","point"
"2024-04-30 10:00:00 am","74.9","87.0","77.5","70.7","point"
"2024-04-30 12:00:00 pm","78.4","78.9","82.2","71.3","point"
"2024-04-30 02:00:00 pm","81.2","76.2","87.1","73.0","point"
"2024-04-30 04:00:00 pm","80.7","77.8","86.5","73.1","point"
"2024-04-30 06:00:00 pm","78.3","86.9","83.7","74.0","point"
"2024-04-30 08:00:00 pm","76.5","91.2","80.2","73.7","point"
"2024-04-30 10:00:00 pm","74.7","94.3","78.1","73.0","point"
"2024-05-01 12:00:00 am","73.6","92.6","76.5","71.3","point"
"2024-05-01 02:00:00 am","73.3","95.5","76.3","71.9","point"
"2024-05-01 04:00:00 am","72.8","95.6","75.4","71.4","point"
"2024-05-01 06:00:00 am","72.3","94.5","74.8","70.7","point"
"2024-05-01 08:00:00 am","73.1","93.4","75.7","71.0","point"
"2024-05-01 10:00:00 am","75.7","87.2","78.4","71.6","point"
"2024-05-01 12:00:00 pm","78.4","82.2","82.8","72.5","point"
"2024-05-01 02:00:00 pm","81.1","75.2","86.5","72.5","point"
"2024-05-01 04:00:00 pm","80.7","77.5","86.5","73.0","point"
"2024-05-01 06:00:00 pm","78.4","83.1","82.9","72.9","point"
"2024-05-01 08:00:00 pm","75.9","90.7","79.3","73.0","point"
"2024-05-01 10:00:00 pm","74.5","91.9","77.5","72.0","point"
"2024-05-02 12:00:00 am","73.6","92.2","76.5","71.2","point"
"2024-05-02 02:00:00 am","72.9","92.7","75.4","70.7","point"
"2024-05-02 04:00:00 am","72.0","92.6","74.1","69.7","point"
"2024-05-02 06:00:00 am","70.7","93.5","72.5","68.8","point"
"2024-05-02 08:00:00 am","72.5","93.5","75.0","70.5","point"
"2024-05-02 10:00:00 am","76.3","86.8","79.3","72.1","point"
"2024-05-02 12:00:00 pm","80.2","78.4","85.6","72.9","point"
"2024-05-02 02:00:00 pm","83.5","73.5","91.6","74.1","point"
"2024-05-02 04:00:00 pm","83.4","75.3","91.8","74.8","point"
"2024-05-02 06:00:00 pm","80.2","81.1","86.4","73.8","point"
"2024-05-02 08:00:00 pm","77.9","89.8","82.9","74.6","point"
"2024-05-02 10:00:00 pm","76.3","92.6","80.2","74.0","point"
"2024-05-03 12:00:00 am","75.3","93.8","79.0","73.4","point"
"2024-05-03 02:00:00 am","74.6","95.2","78.1","73.1","point"
"2024-05-03 04:00:00 am","72.4","86.3","74.3","68.1","point"
"2024-05-03 06:00:00 am","69.7","83.0","70.7","64.3","point"
"2024-05-03 08:00:00 am","71.2","75.6","72.1","63.1","point"
"2024-05-03 10:00:00 am","73.9","74.8","75.0","65.4","point"
"2024-05-03 12:00:00 pm","76.7","85.9","79.9","72.2","point"
"2024-05-03 02:00:00 pm","78.4","82.6","82.8","72.6","point"
"2024-05-03 04:00:00 pm","79.6","78.5","84.6","72.3","point"
"2024-05-03 06:00:00 pm","78.2","83.0","82.6","72.6","point"
"2024-05-03 08:00:00 pm","75.5","85.8","78.1","71.0","point"
"2024-05-03 10:00:00 pm","73.1","87.1","75.2","69.0","point"
"2024-05-04 12:00:00 am","70.6","90.6","72.1","67.7","point"
"2024-05-04 02:00:00 am","69.9","92.2","71.4","67.5","point"
"2024-05-04 04:00:00 am","69.7","93.1","71.2","67.6","point"
"2024-05-04 06:00:00 am","70.9","92.2","72.7","68.5","point"
"2024-05-04 08:00:00 am","71.9","91.3","73.9","69.2","point"
"2024-05-04 10:00:00 am","75.1","84.1","77.5","69.9","point"
"2024-05-04 12:00:00 pm","78.6","77.3","82.6","70.9","point"
"2024-05-04 02:00:00 pm","81.4","69.6","85.8","70.5","point"
"2024-05-04 04:00:00 pm","81.7","64.6","85.3","68.6","point"
"2024-05-04 06:00:00 pm","79.0","72.6","82.4","69.4","point"
"2024-05-04 08:00:00 pm","75.7","86.4","78.4","71.3","point"
"2024-05-04 10:00:00 pm","73.0","89.1","75.2","69.5","point"
"2024-05-05 12:00:00 am","71.0","92.9","72.7","68.9","point"
"2024-05-05 02:00:00 am","69.2","90.6","70.5","66.3","point"
"2024-05-05 04:00:00 am","68.4","92.1","69.6","66.0","point"
"2024-05-05 06:00:00 am","67.0","92.9","68.0","64.9","point"
"2024-05-05 08:00:00 am","68.8","93.0","70.2","66.7","point"
"2024-05-05 10:00:00 am","72.1","79.8","73.4","65.5","point"
"2024-05-05 12:00:00 pm","76.4","71.8","77.4","66.6","point"
"2024-05-05 02:00:00 pm","79.5","62.0","81.3","65.4","point"
"2024-05-05 04:00:00 pm","80.5","67.7","84.0","68.8","point"
"2024-05-05 06:00:00 pm","77.7","72.6","80.1","68.2","point"
"2024-05-05 08:00:00 pm","74.5","85.6","76.8","69.9","point"
"2024-05-05 10:00:00 pm","73.3","91.9","75.9","70.7","point"
"2024-05-06 12:00:00 am","71.8","90.4","73.9","68.9","point"
"2024-05-06 02:00:00 am","71.3","91.7","73.2","68.7","point"
"2024-05-06 04:00:00 am","71.3","92.7","73.2","69.0","point"
"2024-05-06 06:00:00 am","71.2","93.5","72.9","69.2","point"
"2024-05-06 08:00:00 am","71.7","89.7","73.4","68.5","point"
"2024-05-06 10:00:00 am","73.7","85.1","75.7","68.9","point"
"2024-05-06 12:00:00 pm","76.9","80.0","79.5","70.3","point"
"2024-05-06 02:00:00 pm","79.9","74.0","84.0","70.8","point"
"2024-05-06 04:00:00 pm","79.9","74.1","84.0","70.9","point"
"2024-05-06 06:00:00 pm","76.8","81.7","79.7","70.8","point"
"2024-05-06 08:00:00 pm","74.7","87.3","77.4","70.7","point"
"2024-05-06 10:00:00 pm","73.6","90.6","76.3","70.7","point"
"2024-05-07 12:00:00 am","73.1","93.3","75.7","71.0","point"
"2024-05-07 02:00:00 am","72.9","94.4","75.6","71.2","point"
"2024-05-07 04:00:00 am","72.6","94.0","75.2","70.7","point"
"2024-05-07 06:00:00 am","71.8","93.7","73.9","69.9","point"
"2024-05-07 08:00:00 am","69.3","94.0","70.9","67.4","point"
"2024-05-07 10:00:00 am","72.7","97.3","75.6","71.9","point"
"2024-05-07 12:00:00 pm","76.7","88.7","80.2","73.1","point"
"2024-05-07 02:00:00 pm","80.2","82.6","86.5","74.4","point"
"2024-05-07 04:00:00 pm","76.7","89.4","80.4","73.4","point"
"2024-05-07 06:00:00 pm","75.5","95.3","79.3","74.0","point"
"2024-05-07 08:00:00 pm","74.3","96.8","77.9","73.3","point"
"2024-05-07 10:00:00 pm","74.0","97.4","77.4","73.2","point"
"2024-05-08 12:00:00 am","73.1","97.7","76.3","72.4","point"
"2024-05-08 02:00:00 am","72.0","97.9","74.7","71.4","point"
"2024-05-08 04:00:00 am","71.4","97.9","73.6","70.8","point"
"2024-05-08 06:00:00 am","70.4","97.9","72.3","69.8","point"
"2024-05-08 08:00:00 am","72.0","98.0","74.7","71.4","point"
"2024-05-08 10:00:00 am","74.4","92.3","77.4","72.0","point"
"2024-05-08 12:00:00 pm","79.4","81.1","84.9","73.1","point"
"2024-05-08 02:00:00 pm","82.9","76.6","90.9","74.8","point"
"2024-05-08 04:00:00 pm","83.1","76.3","91.8","74.9","point"
"2024-05-08 06:00:00 pm","67.2","95.9","68.5","66.0","point"
"2024-05-08 08:00:00 pm","67.9","97.3","69.4","67.2","point"
"2024-05-08 10:00:00 pm","70.7","97.5","72.9","70.0","point"
"2024-05-09 12:00:00 am","71.4","97.8","73.6","70.7","point"
"2024-05-09 02:00:00 am","69.7","98.0","71.6","69.0","point"
"2024-05-09 04:00:00 am","68.6","98.1","70.3","68.1","point"
"2024-05-09 06:00:00 am","69.5","98.2","71.4","68.9","point"
"2024-05-09 08:00:00 am","71.3","98.2","73.6","70.7","point"
"2024-05-09 10:00:00 am","72.8","97.8","75.7","72.2","point"
"2024-05-09 12:00:00 pm","77.6","79.6","81.0","70.8","point"
"2024-05-09 02:00:00 pm","79.1","82.8","84.4","73.4","point"
"2024-05-09 04:00:00 pm","67.1","90.1","68.2","64.1","point"
"2024-05-09 06:00:00 pm","68.5","96.6","70.0","67.5","point"
"2024-05-09 08:00:00 pm","69.9","97.2","71.6","69.0","point"
"2024-05-09 10:00:00 pm","71.0","97.5","73.0","70.2","point"
"2024-05-10 12:00:00 am","70.8","97.7","72.9","70.1","point"
"2024-05-10 02:00:00 am","71.0","97.8","73.0","70.3","point"
"2024-05-10 04:00:00 am","70.0","97.9","72.0","69.4","point"
"2024-05-10 06:00:00 am","69.9","97.9","71.8","69.3","point"
"2024-05-10 08:00:00 am","71.0","98.0","73.0","70.4","point"
"2024-05-10 10:00:00 am","72.8","96.9","75.6","71.8","point"
"2024-05-10 12:00:00 pm","77.6","83.1","81.3","72.0","point"
"2024-05-10 02:00:00 pm","78.7","81.5","83.3","72.5","point"
"2024-05-10 04:00:00 pm","79.5","77.7","84.4","72.0","point"
"2024-05-10 06:00:00 pm","77.6","84.9","81.7","72.7","point"
"2024-05-10 08:00:00 pm","75.3","92.3","78.6","72.9","point"
"2024-05-10 10:00:00 pm","73.9","94.9","76.8","72.3","point"
"2024-05-11 12:00:00 am","73.1","94.8","75.9","71.5","point"
"2024-05-11 02:00:00 am","70.2","91.0","71.8","67.4","point"
"2024-05-11 04:00:00 am","70.4","90.9","72.0","67.6","point"
"2024-05-11 06:00:00 am","69.3","93.3","70.7","67.3","point"
"2024-05-11 08:00:00 am","70.4","91.6","72.0","67.8","point"
"2024-05-11 10:00:00 am","76.1","80.8","78.4","69.8","point"
"2024-05-11 12:00:00 pm","78.4","81.1","82.6","72.1","point"
"2024-05-11 02:00:00 pm","80.7","76.3","86.2","72.6","point"
"2024-05-11 04:00:00 pm","71.1","95.7","73.0","69.8","point"
"2024-05-11 06:00:00 pm","70.3","96.6","72.0","69.3","point"
"2024-05-11 08:00:00 pm","70.0","97.0","71.8","69.1","point"
"2024-05-11 10:00:00 pm","70.4","97.3","72.1","69.6","point"
"2024-05-12 12:00:00 am","70.9","97.5","72.9","70.1","point"
"2024-05-12 02:00:00 am","71.4","97.7","73.6","70.7","point"
"2024-05-12 04:00:00 am","71.0","97.7","73.0","70.3","point"
"2024-05-12 06:00:00 am","70.1","97.8","72.0","69.4","point"
"2024-05-12 08:00:00 am","71.8","97.8","74.3","71.2","point"
"2024-05-12 10:00:00 am","74.5","97.0","78.1","73.6","point"
"2024-05-12 12:00:00 pm","78.7","85.2","84.2","73.9","point"
"2024-05-12 02:00:00 pm","77.2","89.1","81.1","73.7","point"
"2024-05-12 04:00:00 pm","69.2","82.1","69.8","63.5","point"
"2024-05-12 06:00:00 pm","67.6","96.5","68.9","66.6","point"
"2024-05-12 08:00:00 pm","69.0","97.2","70.5","68.1","point"
"2024-05-12 10:00:00 pm","68.1","97.4","69.6","67.3","point"
"2024-05-13 12:00:00 am","69.1","97.7","70.9","68.5","point"
"2024-05-13 02:00:00 am","69.8","97.8","71.8","69.2","point"
"2024-05-13 04:00:00 am","69.4","97.9","71.2","68.7","point"
"2024-05-13 06:00:00 am","65.3","98.2","66.7","64.8","point"
"2024-05-13 08:00:00 am","66.1","98.4","67.5","65.6","point"
"2024-05-13 10:00:00 am","67.2","98.4","68.7","66.7","point"
"2024-05-13 12:00:00 pm","73.6","94.8","76.6","72.0","point"
"2024-05-13 02:00:00 pm","77.6","82.0","81.3","71.7","point"
"2024-05-13 04:00:00 pm","78.3","85.7","83.3","73.7","point"
"2024-05-13 06:00:00 pm","75.1","91.6","78.4","72.5","point"
"2024-05-13 08:00:00 pm","72.4","95.2","74.8","71.0","point"
"2024-05-13 10:00:00 pm","71.1","96.0","73.0","69.9","point"
"2024-05-14 12:00:00 am","69.7","95.4","71.4","68.3","point"
"2024-05-14 02:00:00 am","70.0","96.4","71.8","69.0","point"
"2024-05-14 04:00:00 am","69.9","96.4","71.6","68.8","point"
"2024-05-14 06:00:00 am","69.3","96.5","71.1","68.2","point"
"2024-05-14 08:00:00 am","69.5","97.1","71.2","68.7","point"
"2024-05-14 10:00:00 am","72.3","94.2","74.7","70.5","point"
"2024-05-14 12:00:00 pm","76.2","85.5","79.0","71.5","point"
"2024-05-14 02:00:00 pm","77.7","81.5","81.1","71.6","point"
"2024-05-14 04:00:00 pm","75.7","91.5","79.2","73.1","point"
"2024-05-14 06:00:00 pm","74.2","93.8","77.2","72.3","point"
"2024-05-14 08:00:00 pm","73.1","96.4","76.1","72.1","point"
"2024-05-14 10:00:00 pm","72.9","96.8","75.7","72.0","point"
"2024-05-15 12:00:00 am","72.2","97.2","74.7","71.3","point"
"2024-05-15 02:00:00 am","71.9","97.4","74.1","71.1","point"
"2024-05-15 04:00:00 am","71.5","97.5","73.6","70.8","point"
"2024-05-15 06:00:00 am","71.2","97.5","73.0","70.4","point"
"2024-05-15 08:00:00 am","67.2","97.3","68.5","66.4","point"
"2024-05-15 10:00:00 am","72.1","97.1","74.5","71.2","point"
"2024-05-15 12:00:00 pm","77.6","84.5","81.5","72.6","point"
"2024-05-15 02:00:00 pm","80.6","80.8","86.9","74.1","point"
"2024-05-15 04:00:00 pm","81.7","77.3","88.5","73.9","point"
"2024-05-15 06:00:00 pm","71.2","95.3","73.0","69.8","point"
"2024-05-15 08:00:00 pm","70.6","96.6","72.3","69.5","point"
"2024-05-15 10:00:00 pm","70.7","97.0","72.7","69.8","point"
"2024-05-16 12:00:00 am","71.8","97.3","74.1","71.0","point"
"2024-05-16 02:00:00 am","71.7","97.4","73.9","71.0","point"
"2024-05-16 04:00:00 am","70.1","97.6","72.0","69.3","point"
"2024-05-16 06:00:00 am","69.7","97.6","71.6","68.9","point"
"2024-05-16 08:00:00 am","71.6","97.7","74.1","70.9","point"
"2024-05-16 10:00:00 am","72.8","97.0","75.6","71.9","point"
"2024-05-16 12:00:00 pm","76.4","89.4","79.7","73.0","point"
"2024-05-16 02:00:00 pm","76.8","85.8","80.2","72.2","point"
"2024-05-16 04:00:00 pm","78.1","85.1","82.9","73.2","point"
"2024-05-16 06:00:00 pm","74.0","90.6","76.8","71.0","point"
"2024-05-16 08:00:00 pm","69.4","96.2","71.1","68.3","point"
"2024-05-16 10:00:00 pm","70.1","96.9","71.8","69.2","point"
"2024-05-17 12:00:00 am","69.7","97.2","71.4","68.9","point"
"2024-05-17 02:00:00 am","70.1","97.4","71.8","69.3","point"
"2024-05-17 04:00:00 am","70.4","97.5","72.3","69.7","point"
"2024-05-17 06:00:00 am","69.5","97.7","71.4","68.8","point"
"2024-05-17 08:00:00 am","70.3","97.7","72.1","69.6","point"
"2024-05-17 10:00:00 am","73.6","88.0","76.1","69.8","point"
"2024-05-17 12:00:00 pm","78.3","83.8","83.1","73.0","point"
"2024-05-17 02:00:00 pm","71.4","96.5","73.4","70.3","point"
"2024-05-17 04:00:00 pm","74.2","97.1","77.5","73.3","point"
"2024-05-17 06:00:00 pm","72.2","97.0","74.7","71.3","point"
"2024-05-17 08:00:00 pm","71.2","97.3","73.0","70.4","point"
"2024-05-17 10:00:00 pm","71.6","97.5","73.8","70.8","point"
"2024-05-18 12:00:00 am","69.3","97.7","71.2","68.6","point"
"2024-05-18 02:00:00 am","68.5","97.9","70.2","67.8","point"
"2024-05-18 04:00:00 am","67.9","98.1","69.6","67.3","point"
"2024-05-18 06:00:00 am","67.4","98.1","68.9","66.8","point"
"2024-05-18 08:00:00 am","70.3","98.1","72.1","69.8","point"
"2024-05-18 10:00:00 am","71.6","98.0","74.1","71.0","point"
"2024-05-18 12:00:00 pm","74.3","96.2","77.5","73.1","point"
"2024-05-18 02:00:00 pm","78.4","84.0","83.1","73.1","point"
"2024-05-18 04:00:00 pm","73.0","91.6","75.4","70.4","point"
"2024-05-18 06:00:00 pm","70.4","96.8","72.1","69.4","point"
"2024-05-18 08:00:00 pm","70.8","97.3","72.7","70.0","point"
"2024-05-18 10:00:00 pm","71.1","97.5","73.0","70.3","point"
"2024-05-19 12:00:00 am","70.6","97.7","72.5","69.9","point"
"2024-05-19 02:00:00 am","70.5","97.8","72.5","69.9","point"
"2024-05-19 04:00:00 am","68.9","97.9","70.5","68.2","point"
"2024-05-19 06:00:00 am","68.3","98.0","70.0","67.6","point"
"2024-05-19 08:00:00 am","70.2","98.0","72.1","69.6","point"
"2024-05-19 10:00:00 am","72.5","97.1","75.2","71.7","point"
"2024-05-19 12:00:00 pm","72.7","95.5","75.4","71.3","point"
"2024-05-19 02:00:00 pm","75.0","89.8","77.7","71.8","point"
"2024-05-19 04:00:00 pm","75.3","91.7","78.6","72.7","point"
"2024-05-19 06:00:00 pm","74.5","93.4","77.7","72.5","point"
"2024-05-19 08:00:00 pm","73.0","96.0","75.7","71.8","point"
"2024-05-19 10:00:00 pm","68.9","96.7","70.5","67.9","point"
"2024-05-20 12:00:00 am","69.3","97.3","71.1","68.5","point"
"2024-05-20 02:00:00 am","68.5","97.5","70.0","67.7","point"
"2024-05-20 04:00:00 am","69.3","97.7","71.2","68.6","point"
"2024-05-20 06:00:00 am","69.3","97.7","71.2","68.6","point"
"2024-05-20 08:00:00 am","69.9","97.8","71.8","69.2","point"
"2024-05-20 10:00:00 am","71.7","97.8","74.1","71.0","point"
"2024-05-20 12:00:00 pm","72.8","97.1","75.6","71.9","point"
"2024-05-20 02:00:00 pm","75.3","92.2","78.6","72.9","point"
"2024-05-20 04:00:00 pm","72.8","96.6","75.6","71.7","point"
"2024-05-20 06:00:00 pm","72.0","97.2","74.5","71.1","point"
"2024-05-20 08:00:00 pm","71.5","97.5","73.8","70.7","point"
"2024-05-20 10:00:00 pm","70.6","97.7","72.5","69.9","point"
"2024-05-21 12:00:00 am","70.4","97.9","72.3","69.8","point"
"2024-05-21 02:00:00 am","69.3","98.0","71.2","68.7","point"
"2024-05-21 04:00:00 am","68.7","98.1","70.3","68.1","point"
"2024-05-21 06:00:00 am","68.6","98.1","70.3","68.1","point"
"2024-05-21 08:00:00 am","69.7","98.0","71.6","69.1","point"
"2024-05-21 10:00:00 am","73.1","96.5","76.1","72.1","point"
"2024-05-21 12:00:00 pm","75.6","87.6","78.6","71.7","point"
"2024-05-21 02:00:00 pm","78.7","81.4","83.3","72.5","point"
"2024-05-21 04:00:00 pm","76.5","89.8","80.1","73.3","point"
"2024-05-21 06:00:00 pm","74.0","95.3","77.2","72.5","point"
"2024-05-21 08:00:00 pm","71.9","97.1","74.1","71.0","point"
"2024-05-21 10:00:00 pm","71.4","97.4","73.4","70.6","point"
"2024-05-22 12:00:00 am","71.0","97.5","73.0","70.3","point"
"2024-05-22 02:00:00 am","70.0","97.7","72.0","69.3","point"
"2024-05-22 04:00:00 am","70.0","97.8","72.0","69.4","point"
"2024-05-22 06:00:00 am","69.5","97.8","71.4","68.8","point"
"2024-05-22 08:00:00 am","70.8","97.9","72.9","70.2","point"
"2024-05-22 10:00:00 am","74.5","96.8","78.1","73.5","point"
"2024-05-22 12:00:00 pm","77.5","82.8","81.0","71.8","point"
"2024-05-22 02:00:00 pm","80.4","71.8","84.6","70.5","point"
"2024-05-22 04:00:00 pm","79.2","87.4","85.8","75.1","point"
"2024-05-22 06:00:00 pm","74.9","92.9","78.3","72.7","point"
"2024-05-22 08:00:00 pm","72.9","96.1","75.7","71.7","point"
"2024-05-22 10:00:00 pm","72.8","96.8","75.6","71.9","point"
"2024-05-23 12:00:00 am","72.3","96.7","75.0","71.4","point"
"2024-05-23 02:00:00 am","70.6","95.8","72.3","69.4","point"
"2024-05-23 04:00:00 am","68.9","94.4","70.3","67.2","point"
"2024-05-23 06:00:00 am","69.7","95.7","71.4","68.5","point"
"2024-05-23 08:00:00 am","73.4","96.2","76.3","72.2","point"
"2024-05-23 10:00:00 am","75.2","91.2","78.3","72.4","point"
"2024-05-23 12:00:00 pm","76.5","90.7","80.2","73.5","point"
"2024-05-23 02:00:00 pm","75.5","92.8","79.0","73.3","point"
"2024-05-23 04:00:00 pm","74.8","93.8","78.1","72.9","point"
"2024-05-23 06:00:00 pm","73.6","96.4","76.8","72.5","point"
"2024-05-23 08:00:00 pm","73.4","97.0","76.3","72.5","point"
"2024-05-23 10:00:00 pm","73.1","97.3","76.1","72.3","point"
"2024-05-24 12:00:00 am","72.2","97.4","74.7","71.5","point"
"2024-05-24 02:00:00 am","72.3","96.9","74.7","71.3","point"
"2024-05-24 04:00:00 am","72.3","97.0","75.0","71.4","point"
"2024-05-24 06:00:00 am","72.5","97.3","75.0","71.7","point"
"2024-05-24 08:00:00 am","71.2","97.5","73.2","70.4","point"
"2024-05-24 10:00:00 am","71.2","97.7","73.2","70.5","point"
"2024-05-24 12:00:00 pm","72.7","97.5","75.6","71.9","point"
"2024-05-24 02:00:00 pm","72.3","97.5","74.8","71.6","point"
"2024-05-24 04:00:00 pm","72.9","97.6","75.9","72.2","point"
"2024-05-24 06:00:00 pm","72.8","97.7","75.7","72.1","point"
"2024-05-24 08:00:00 pm","68.6","97.5","70.2","67.9","point"
"2024-05-24 10:00:00 pm","67.5","98.0","69.1","66.9","point"
"2024-05-25 12:00:00 am","68.1","98.0","69.8","67.5","point"
"2024-05-25 02:00:00 am","67.4","98.0","68.9","66.8","point"
"2024-05-25 04:00:00 am","66.6","98.2","68.2","66.1","point"
"2024-05-25 06:00:00 am","66.0","98.2","67.3","65.5","point"
"2024-05-25 08:00:00 am","67.0","98.1","68.5","66.4","point"
"2024-05-25 10:00:00 am","67.8","98.0","69.6","67.3","point"
"2024-05-25 12:00:00 pm","69.7","98.0","71.6","69.1","point"
"2024-05-25 02:00:00 pm","69.4","97.9","71.2","68.8","point"
"2024-05-25 04:00:00 pm","70.3","97.7","72.1","69.6","point"
"2024-05-25 06:00:00 pm","69.7","97.7","71.6","69.0","point"
"2024-05-25 08:00:00 pm","69.5","97.6","71.4","68.8","point"
"2024-05-25 10:00:00 pm","70.1","96.4","71.8","69.0","point"
"2024-05-26 12:00:00 am","70.4","96.7","72.1","69.4","point"
"2024-05-26 02:00:00 am","70.3","95.9","72.0","69.1","point"
"2024-05-26 04:00:00 am","70.6","96.5","72.3","69.5","point"
"2024-05-26 06:00:00 am","71.2","96.9","73.0","70.2","point"
"2024-05-26 08:00:00 am","71.5","97.2","73.6","70.7","point"
"2024-05-26 10:00:00 am","71.6","97.5","73.8","70.8","point"
"2024-05-26 12:00:00 pm","70.9","97.6","73.0","70.2","point"
"2024-05-26 02:00:00 pm","73.6","94.3","76.6","71.9","point"
"2024-05-26 04:00:00 pm","72.5","95.1","75.2","71.0","point"
"2024-05-26 06:00:00 pm","71.7","96.3","73.9","70.6","point"
"2024-05-26 08:00:00 pm","71.2","95.5","73.0","69.9","point"
"2024-05-26 10:00:00 pm","71.2","95.2","73.0","69.7","point"
"2024-05-27 12:00:00 am","71.1","95.1","73.0","69.6","point"
"2024-05-27 02:00:00 am","69.9","90.5","71.4","67.0","point"
"2024-05-27 04:00:00 am","70.0","94.6","71.8","68.4","point"
"2024-05-27 06:00:00 am","70.2","95.5","72.0","68.9","point"
"2024-05-27 08:00:00 am","71.1","96.0","73.0","69.9","point"
"2024-05-27 10:00:00 am","71.6","96.0","73.9","70.4","point"
"2024-05-27 12:00:00 pm","73.7","91.9","76.5","71.2","point"
"2024-05-27 02:00:00 pm","74.7","89.5","77.5","71.4","point"
"2024-05-27 04:00:00 pm","74.9","89.1","77.7","71.5","point"
"2024-05-27 06:00:00 pm","73.3","91.4","75.9","70.6","point"
"2024-05-27 08:00:00 pm","72.2","94.9","74.7","70.6","point"
"2024-05-27 10:00:00 pm","71.6","94.6","73.6","69.9","point"
"2024-05-28 12:00:00 am","71.3","94.2","73.4","69.6","point"
"2024-05-28 02:00:00 am","71.2","95.3","73.0","69.7","point"
"2024-05-28 04:00:00 am","70.8","96.1","72.7","69.7","point"
"2024-05-28 06:00:00 am","71.4","96.7","73.4","70.4","point"
"2024-05-28 08:00:00 am","71.8","95.8","74.1","70.6","point"
"2024-05-28 10:00:00 am","72.8","94.0","75.4","71.0","point"
"2024-05-28 12:00:00 pm","74.4","91.3","77.2","71.7","point"
"2024-05-28 02:00:00 pm","74.4","91.2","77.2","71.7","point"
"2024-05-28 04:00:00 pm","72.3","95.8","74.7","71.0","point"
"2024-05-28 06:00:00 pm","70.3","96.9","72.0","69.4","point"
"2024-05-28 08:00:00 pm","69.6","97.1","71.4","68.8","point"
"2024-05-28 10:00:00 pm","70.5","97.4","72.3","69.7","point"
"2024-05-29 12:00:00 am","70.9","97.5","73.0","70.2","point"
"2024-05-29 02:00:00 am","71.3","97.7","73.6","70.6","point"
"2024-05-29 04:00:00 am","71.6","97.8","73.8","70.9","point"
"2024-05-29 06:00:00 am","71.8","97.8","74.3","71.2","point"
"2024-05-29 08:00:00 am","72.1","97.9","74.7","71.4","point"
"2024-05-29 10:00:00 am","72.8","97.9","75.7","72.2","point"
"2024-05-29 12:00:00 pm","73.4","98.0","76.5","72.8","point"
"2024-05-29 02:00:00 pm","73.2","97.9","76.3","72.5","point"
"2024-05-29 04:00:00 pm","73.1","97.8","76.3","72.5","point"
"2024-05-29 06:00:00 pm","72.3","97.8","75.2","71.7","point"
"2024-05-29 08:00:00 pm","72.0","--","--","--","point"
