"Device Name","D2 - 2815045"
"Device Model","Kestrel DROP 2"
"Serial Number","2815045"
"FORMATTED DATE_TIME","Temperature","Relative Humidity","Heat Index","Dew Point","Data Type","Record name","Start time","Duration (H:M:S)","Location description","Location address","Location coordinates","Notes"
"YYYY-MM-DD HH:MM:SS","°F","%","°F","°F"
"2000-01-01 12:10:00 am","73.5","16.0","69.1","24.6","point"
"2000-01-01 12:20:00 am","72.8","16.5","68.5","24.7","point"
"2000-01-01 12:30:00 am","75.0","18.3","70.5","29.1","point"
"2023-02-06 11:40:00 am","73.7","54.0","73.0","56.0","point"
"2023-02-06 12:00:00 pm","76.4","74.1","77.7","67.6","point"
"2023-02-06 02:00:00 pm","71.5","79.9","72.7","65.0","point"
"2023-02-06 04:00:00 pm","71.0","79.7","72.1","64.4","point"
"2023-02-06 06:00:00 pm","70.3","79.9","71.2","63.8","point"
"2023-02-06 08:00:00 pm","70.0","80.6","70.9","63.7","point"
"2023-02-06 10:00:00 pm","69.4","79.8","70.0","62.8","point"
"2023-02-07 12:00:00 am","68.5","79.1","68.9","61.8","point"
"2023-02-07 02:00:00 am","75.2","76.3","76.6","67.2","point"
"2023-02-07 04:00:00 am","74.6","69.9","75.4","64.1","point"
"2023-02-07 06:00:00 am","73.8","74.0","75.0","65.0","point"
"2023-02-07 08:00:00 am","74.0","73.8","75.2","65.1","point"
"2023-02-07 10:00:00 am","73.5","85.2","75.6","68.8","point"
"2023-02-07 12:00:00 pm","68.1","91.0","69.3","65.4","point"
"2023-02-07 02:00:00 pm","63.1","91.5","63.5","60.6","point"
"2023-02-07 04:00:00 pm","66.8","82.9","67.1","61.5","point"
"2023-02-07 06:00:00 pm","66.2","83.8","66.4","61.2","point"
"2023-02-07 08:00:00 pm","64.4","84.7","64.4","59.7","point"
"2023-02-07 10:00:00 pm","63.9","88.7","64.2","60.5","point"
"2023-02-08 12:00:00 am","63.2","91.4","63.7","60.7","point"
"2023-02-08 02:00:00 am","66.0","92.7","66.7","63.8","point"
"2023-02-08 04:00:00 am","70.6","80.4","71.6","64.3","point"
"2023-02-08 06:00:00 am","73.7","70.9","74.5","63.7","point"
"2023-02-08 08:00:00 am","73.7","80.5","75.4","67.4","point"
"2023-02-08 10:00:00 am","71.7","81.8","73.0","65.9","point"
"2023-02-08 12:00:00 pm","67.0","89.2","67.8","63.7","point"
"2023-02-08 02:00:00 pm","64.3","93.6","64.9","62.4","point"
"2023-02-08 04:00:00 pm","62.2","94.8","63.0","60.6","point"
"2023-02-08 06:00:00 pm","60.9","95.2","61.7","59.6","point"
"2023-02-08 08:00:00 pm","59.9","96.2","60.8","58.8","point"
"2023-02-08 10:00:00 pm","59.5","96.8","60.3","58.6","point"
"2023-02-09 12:00:00 am","60.3","96.7","61.3","59.4","point"
"2023-02-09 02:00:00 am","64.0","97.7","65.1","63.3","point"
"2023-02-09 04:00:00 am","69.6","90.8","70.9","66.8","point"
"2023-02-09 06:00:00 am","73.1","76.5","74.5","65.3","point"
"2023-02-09 08:00:00 am","73.4","81.2","75.2","67.3","point"
"2023-02-09 10:00:00 am","71.6","87.2","73.2","67.6","point"
"2023-02-09 12:00:00 pm","67.7","92.9","68.9","65.6","point"
"2023-02-09 02:00:00 pm","65.8","95.2","66.7","64.4","point"
"2023-02-09 04:00:00 pm","64.6","96.7","65.5","63.6","point"
"2023-02-09 06:00:00 pm","64.4","97.3","65.5","63.6","point"
"2023-02-09 08:00:00 pm","64.8","98.0","66.0","64.2","point"
"2023-02-09 10:00:00 pm","64.9","98.3","66.0","64.4","point"
"2023-02-10 12:00:00 am","64.8","98.4","66.0","64.3","point"
"2023-02-10 02:00:00 am","66.8","98.7","68.4","66.4","point"
"2023-02-10 04:00:00 am","70.8","92.0","72.5","68.3","point"
"2023-02-10 06:00:00 am","73.5","84.0","75.4","68.4","point"
"2023-02-10 08:00:00 am","73.7","80.0","75.4","67.1","point"
"2023-02-10 10:00:00 am","71.7","84.2","73.2","66.6","point"
"2023-02-10 12:00:00 pm","66.5","90.6","67.3","63.7","point"
"2023-02-10 02:00:00 pm","67.7","95.4","69.1","66.3","point"
"2023-02-10 04:00:00 pm","66.7","96.6","68.0","65.7","point"
"2023-02-10 06:00:00 pm","66.7","97.9","68.2","66.1","point"
"2023-02-10 08:00:00 pm","64.5","97.5","65.5","63.7","point"
"2023-02-10 10:00:00 pm","63.2","97.8","64.4","62.6","point"
"2023-02-11 12:00:00 am","62.8","97.8","64.0","62.2","point"
"2023-02-11 02:00:00 am","66.9","98.8","68.5","66.6","point"
"2023-02-11 04:00:00 am","70.4","89.6","71.8","67.2","point"
"2023-02-11 06:00:00 am","73.7","81.6","75.4","67.7","point"
"2023-02-11 08:00:00 am","74.2","81.6","76.1","68.1","point"
"2023-02-11 10:00:00 am","72.5","86.4","74.3","68.2","point"
"2023-02-11 12:00:00 pm","68.5","94.0","69.8","66.7","point"
"2023-02-11 02:00:00 pm","66.4","96.5","67.8","65.4","point"
"2023-02-11 04:00:00 pm","65.3","97.5","66.7","64.6","point"
"2023-02-11 06:00:00 pm","65.2","98.1","66.6","64.7","point"
"2023-02-11 08:00:00 pm","65.0","98.5","66.4","64.6","point"
"2023-02-11 10:00:00 pm","64.3","98.6","65.5","63.9","point"
"2023-02-12 12:00:00 am","62.4","98.4","63.7","62.0","point"
"2023-02-12 02:00:00 am","66.3","99.7","67.8","66.2","point"
"2023-02-12 04:00:00 am","70.8","94.3","72.7","69.1","point"
"2023-02-12 06:00:00 am","72.0","86.6","73.8","67.7","point"
"2023-02-12 08:00:00 am","74.7","84.1","77.0","69.6","point"
"2023-02-12 10:00:00 am","73.0","88.4","75.0","69.3","point"
"2023-02-12 12:00:00 pm","69.1","95.2","70.7","67.6","point"
"2023-02-12 02:00:00 pm","69.4","97.9","71.2","68.7","point"
"2023-02-12 04:00:00 pm","65.9","97.1","67.1","65.1","point"
"2023-02-12 06:00:00 pm","63.1","97.5","64.2","62.3","point"
"2023-02-12 08:00:00 pm","65.1","98.8","66.6","64.8","point"
"2023-02-12 10:00:00 pm","64.3","98.2","65.5","63.8","point"
"2023-02-13 12:00:00 am","63.9","98.2","65.1","63.4","point"
"2023-02-13 02:00:00 am","66.4","98.4","68.0","65.9","point"
"2023-02-13 04:00:00 am","71.3","93.0","73.2","69.2","point"
"2023-02-13 06:00:00 am","73.0","87.8","75.0","69.1","point"
"2023-02-13 08:00:00 am","73.3","89.6","75.6","70.0","point"
"2023-02-13 10:00:00 am","73.2","89.2","75.6","69.9","point"
"2023-02-13 12:00:00 pm","69.5","95.7","71.1","68.2","point"
"2023-02-13 02:00:00 pm","66.6","97.1","68.0","65.7","point"
"2023-02-13 04:00:00 pm","64.4","97.2","65.3","63.5","point"
"2023-02-13 06:00:00 pm","64.1","98.1","65.3","63.5","point"
"2023-02-13 08:00:00 pm","64.1","98.7","65.3","63.8","point"
"2023-02-13 10:00:00 pm","65.3","99.8","66.7","65.2","point"
"2023-02-14 12:00:00 am","65.5","100.0","67.1","65.5","point"
"2023-02-14 02:00:00 am","67.3","99.3","68.9","67.1","point"
"2023-02-14 04:00:00 am","71.8","92.2","73.9","69.4","point"
"2023-02-14 06:00:00 am","74.4","84.1","76.6","69.3","point"
"2023-02-14 08:00:00 am","76.6","78.3","78.6","69.3","point"
"2023-02-14 10:00:00 am","74.1","84.3","76.1","69.0","point"
"2023-02-14 12:00:00 pm","70.9","90.7","72.7","68.0","point"
"2023-02-14 02:00:00 pm","70.1","96.7","71.8","69.2","point"
"2023-02-14 04:00:00 pm","66.8","96.9","68.2","65.9","point"
"2023-02-14 06:00:00 pm","65.3","97.3","66.6","64.5","point"
"2023-02-14 08:00:00 pm","64.1","97.5","65.1","63.4","point"
"2023-02-14 10:00:00 pm","64.3","99.1","65.5","64.0","point"
"2023-02-15 12:00:00 am","62.9","98.7","64.0","62.5","point"
"2023-02-15 02:00:00 am","67.1","99.9","68.9","67.1","point"
"2023-02-15 04:00:00 am","71.6","93.2","73.4","69.5","point"
"2023-02-15 06:00:00 am","73.0","85.5","74.8","68.3","point"
"2023-02-15 08:00:00 am","75.7","82.2","77.9","69.9","point"
"2023-02-15 10:00:00 am","73.6","86.3","75.9","69.2","point"
"2023-02-15 12:00:00 pm","69.7","92.9","71.2","67.6","point"
"2023-02-15 02:00:00 pm","68.7","96.0","70.2","67.5","point"
"2023-02-15 04:00:00 pm","66.2","96.8","67.3","65.2","point"
"2023-02-15 06:00:00 pm","64.4","97.5","65.3","63.6","point"
"2023-02-15 08:00:00 pm","63.6","97.9","64.8","63.0","point"
"2023-02-15 10:00:00 pm","62.6","98.1","63.7","62.0","point"
"2023-02-16 12:00:00 am","63.2","99.5","64.6","63.1","point"
"2023-02-16 02:00:00 am","66.6","98.7","68.2","66.2","point"
"2023-02-16 04:00:00 am","71.5","89.8","73.2","68.4","point"
"2023-02-16 06:00:00 am","73.9","82.9","75.7","68.4","point"
"2023-02-16 08:00:00 am","75.1","83.7","77.5","69.8","point"
"2023-02-16 10:00:00 am","73.5","87.8","75.7","69.6","point"
"2023-02-16 12:00:00 pm","68.6","90.9","69.8","65.8","point"
"2023-02-16 02:00:00 pm","65.6","94.7","66.6","64.0","point"
"2023-02-16 04:00:00 pm","63.1","96.4","64.0","62.1","point"
"2023-02-16 06:00:00 pm","61.2","96.5","62.2","60.2","point"
"2023-02-16 08:00:00 pm","59.7","96.8","60.4","58.7","point"
"2023-02-16 10:00:00 pm","58.2","97.0","59.0","57.3","point"
"2023-02-17 12:00:00 am","56.9","97.0","57.7","56.1","point"
"2023-02-17 02:00:00 am","62.3","98.2","63.5","61.8","point"
"2023-02-17 04:00:00 am","69.7","82.0","70.5","64.0","point"
"2023-02-17 06:00:00 am","72.8","76.7","73.9","65.0","point"
"2023-02-17 08:00:00 am","73.5","73.2","74.5","64.4","point"
"2023-02-17 10:00:00 am","72.0","77.4","73.2","64.5","point"
"2023-02-17 12:00:00 pm","67.7","86.7","68.5","63.6","point"
"2023-02-17 02:00:00 pm","65.2","91.8","65.8","62.7","point"
"2023-02-17 04:00:00 pm","62.3","94.9","63.1","60.8","point"
"2023-02-17 06:00:00 pm","60.0","95.6","60.8","58.7","point"
"2023-02-17 08:00:00 pm","57.7","94.6","58.3","56.2","point"
"2023-02-17 10:00:00 pm","56.8","96.1","57.6","55.7","point"
"2023-02-18 12:00:00 am","56.2","96.7","57.0","55.3","point"
"2023-02-18 02:00:00 am","62.8","96.2","63.7","61.7","point"
"2023-02-18 04:00:00 am","69.7","87.3","70.9","65.8","point"
"2023-02-18 06:00:00 am","73.6","76.3","75.0","65.6","point"
"2023-02-18 08:00:00 am","73.3","74.6","74.3","64.8","point"
"2023-02-18 10:00:00 am","71.4","83.4","72.7","66.1","point"
"2023-02-18 12:00:00 pm","68.3","91.9","69.4","65.8","point"
"2023-02-18 02:00:00 pm","65.7","95.7","66.9","64.5","point"
"2023-02-18 04:00:00 pm","63.4","96.5","64.4","62.3","point"
"2023-02-18 06:00:00 pm","62.4","97.2","63.3","61.6","point"
"2023-02-18 08:00:00 pm","61.0","97.4","61.9","60.2","point"
"2023-02-18 10:00:00 pm","63.8","98.3","64.9","63.3","point"
"2023-02-19 12:00:00 am","63.2","97.2","64.2","62.4","point"
"2023-02-19 02:00:00 am","65.6","95.6","66.6","64.3","point"
"2023-02-19 04:00:00 am","70.6","79.3","71.6","63.8","point"
"2023-02-19 06:00:00 am","73.3","74.5","74.3","64.7","point"
"2023-02-19 08:00:00 am","73.3","72.5","74.3","64.0","point"
"2023-02-19 10:00:00 am","72.2","72.8","73.0","63.0","point"
"2023-02-19 12:00:00 pm","67.4","89.7","68.2","64.3","point"
"2023-02-19 02:00:00 pm","63.4","93.8","64.0","61.6","point"
"2023-02-19 04:00:00 pm","60.9","95.4","61.7","59.5","point"
"2023-02-19 06:00:00 pm","59.5","93.4","60.1","57.6","point"
"2023-02-19 08:00:00 pm","61.9","77.1","61.3","54.6","point"
"2023-02-19 10:00:00 pm","61.8","85.8","61.7","57.5","point"
"2023-02-20 12:00:00 am","61.7","91.2","62.1","59.1","point"
"2023-02-20 02:00:00 am","64.5","93.1","65.1","62.5","point"
"2023-02-20 04:00:00 am","69.1","77.1","69.6","61.6","point"
"2023-02-20 06:00:00 am","72.4","73.1","73.2","63.3","point"
"2023-02-20 08:00:00 am","73.7","69.3","74.5","63.0","point"
"2023-02-20 10:00:00 am","72.0","69.8","72.7","61.6","point"
"2023-02-20 12:00:00 pm","65.9","79.3","65.7","59.3","point"
"2023-02-20 02:00:00 pm","61.4","88.6","61.7","58.0","point"
"2023-02-20 04:00:00 pm","64.0","82.7","63.9","58.7","point"
"2023-02-20 06:00:00 pm","63.1","80.6","62.6","57.0","point"
"2023-02-20 08:00:00 pm","63.0","84.1","63.0","58.1","point"
"2023-02-20 10:00:00 pm","62.4","89.0","62.6","59.1","point"
"2023-02-21 12:00:00 am","61.6","93.3","62.2","59.7","point"
"2023-02-21 02:00:00 am","65.1","92.8","65.8","62.9","point"
"2023-02-21 04:00:00 am","69.7","79.1","70.5","62.9","point"
"2023-02-21 06:00:00 am","73.8","63.9","74.1","60.8","point"
"2023-02-21 08:00:00 am","74.5","67.6","75.2","63.1","point"
"2023-02-21 10:00:00 am","72.2","69.7","72.9","61.8","point"
"2023-02-21 12:00:00 pm","67.0","86.7","67.6","62.9","point"
"2023-02-21 02:00:00 pm","63.2","91.7","63.7","60.8","point"
"2023-02-21 04:00:00 pm","60.7","93.9","61.5","59.0","point"
"2023-02-21 06:00:00 pm","59.4","95.0","60.1","58.0","point"
"2023-02-21 08:00:00 pm","61.2","88.6","61.5","57.8","point"
"2023-02-21 10:00:00 pm","61.9","87.5","62.1","58.2","point"
"2023-02-22 12:00:00 am","61.3","89.3","61.5","58.1","point"
"2023-02-22 02:00:00 am","64.7","91.6","65.1","62.2","point"
"2023-02-22 04:00:00 am","68.3","86.0","68.9","63.9","point"
"2023-02-22 06:00:00 am","71.7","77.0","72.7","64.1","point"
"2023-02-22 08:00:00 am","73.8","73.9","75.0","64.9","point"
"2023-02-22 10:00:00 am","72.1","82.0","73.4","66.3","point"
"2023-02-22 12:00:00 pm","66.8","89.2","67.5","63.6","point"
"2023-02-22 02:00:00 pm","63.1","93.6","63.7","61.2","point"
"2023-02-22 04:00:00 pm","60.3","94.8","61.2","58.8","point"
"2023-02-22 06:00:00 pm","58.7","93.2","59.4","56.7","point"
"2023-02-22 08:00:00 pm","62.6","81.8","62.2","56.9","point"
"2023-02-22 10:00:00 pm","62.2","82.8","62.1","56.9","point"
"2023-02-23 12:00:00 am","61.4","87.5","61.5","57.7","point"
"2023-02-23 02:00:00 am","64.1","90.1","64.6","61.1","point"
"2023-02-23 04:00:00 am","70.6","81.2","71.6","64.5","point"
"2023-02-23 06:00:00 am","73.0","74.4","73.9","64.3","point"
"2023-02-23 08:00:00 am","74.7","63.9","75.0","61.7","point"
"2023-02-23 10:00:00 am","71.9","71.6","72.5","62.2","point"
"2023-02-23 12:00:00 pm","65.4","83.5","65.3","60.3","point"
"2023-02-23 02:00:00 pm","63.5","91.0","63.9","60.8","point"
"2023-02-23 04:00:00 pm","62.0","94.5","62.8","60.4","point"
"2023-02-23 06:00:00 pm","59.5","94.7","60.1","58.0","point"
"2023-02-23 08:00:00 pm","57.8","95.5","58.5","56.5","point"
"2023-02-23 10:00:00 pm","56.8","95.9","57.6","55.6","point"
"2023-02-24 12:00:00 am","56.1","96.3","57.0","55.1","point"
"2023-02-24 02:00:00 am","63.1","98.3","64.2","62.6","point"
"2023-02-24 04:00:00 am","69.5","78.4","70.2","62.5","point"
"2023-02-24 06:00:00 am","73.7","62.7","73.8","60.2","point"
"2023-02-24 08:00:00 am","74.0","62.6","74.1","60.5","point"
"2023-02-24 10:00:00 am","71.9","72.6","72.7","62.6","point"
"2023-02-24 12:00:00 pm","64.8","85.6","64.8","60.4","point"
"2023-02-24 02:00:00 pm","60.4","91.2","61.0","57.8","point"
"2023-02-24 04:00:00 pm","58.7","93.2","59.4","56.8","point"
"2023-02-24 06:00:00 pm","57.7","94.5","58.3","56.1","point"
"2023-02-24 08:00:00 pm","58.0","95.2","58.6","56.6","point"
"2023-02-24 10:00:00 pm","56.6","95.4","57.2","55.2","point"
"2023-02-25 12:00:00 am","55.7","96.0","56.5","54.6","point"
"2023-02-25 02:00:00 am","61.5","88.8","61.7","58.2","point"
"2023-02-25 04:00:00 am","70.1","76.0","70.7","62.2","point"
"2023-02-25 06:00:00 am","73.1","76.6","74.5","65.3","point"
"2023-02-25 08:00:00 am","74.1","70.1","74.8","63.7","point"
"2023-02-25 10:00:00 am","72.5","76.6","73.8","64.7","point"
"2023-02-25 12:00:00 pm","66.6","89.2","67.3","63.3","point"
"2023-02-25 02:00:00 pm","63.2","93.5","63.9","61.3","point"
"2023-02-25 04:00:00 pm","61.1","95.1","61.9","59.6","point"
"2023-02-25 06:00:00 pm","60.4","96.2","61.3","59.3","point"
"2023-02-25 08:00:00 pm","59.3","96.1","60.1","58.2","point"
"2023-02-25 10:00:00 pm","57.3","96.2","58.1","56.3","point"
"2023-02-26 12:00:00 am","55.9","96.5","56.7","54.9","point"
"2023-02-26 02:00:00 am","62.7","99.3","63.9","62.5","point"
"2023-02-26 04:00:00 am","70.5","86.0","71.6","66.1","point"
"2023-02-26 06:00:00 am","73.9","72.0","74.7","64.3","point"
"2023-02-26 08:00:00 am","74.7","63.2","75.0","61.3","point"
"2023-02-26 10:00:00 am","72.7","75.0","73.9","64.3","point"
"2023-02-26 12:00:00 pm","68.6","87.0","69.6","64.6","point"
"2023-02-26 02:00:00 pm","64.3","92.9","64.9","62.2","point"
"2023-02-26 04:00:00 pm","61.8","94.6","62.6","60.3","point"
"2023-02-26 06:00:00 pm","60.0","95.3","60.8","58.6","point"
"2023-02-26 08:00:00 pm","58.2","95.8","59.0","57.0","point"
"2023-02-26 10:00:00 pm","56.8","96.1","57.6","55.7","point"
"2023-02-27 12:00:00 am","61.5","98.4","62.6","61.0","point"
"2023-02-27 02:00:00 am","65.4","95.6","66.4","64.1","point"
"2023-02-27 04:00:00 am","71.8","86.4","73.6","67.6","point"
"2023-02-27 06:00:00 am","75.6","73.0","76.8","66.4","point"
"2023-02-27 08:00:00 am","76.2","76.8","77.9","68.3","point"
"2023-02-27 10:00:00 am","73.5","82.6","75.4","67.9","point"
"2023-02-27 12:00:00 pm","70.3","89.4","71.6","67.0","point"
"2023-02-27 02:00:00 pm","67.7","94.4","69.1","66.1","point"
"2023-02-27 04:00:00 pm","66.1","96.1","67.3","65.0","point"
"2023-02-27 06:00:00 pm","64.5","96.8","65.5","63.5","point"
"2023-02-27 08:00:00 pm","65.9","95.8","67.1","64.7","point"
"2023-02-27 10:00:00 pm","66.8","95.7","68.0","65.5","point"
"2023-02-28 12:00:00 am","66.2","94.0","67.1","64.4","point"
"2023-02-28 02:00:00 am","68.0","93.1","69.3","65.9","point"
"2023-02-28 04:00:00 am","72.4","82.6","73.9","66.8","point"
"2023-02-28 06:00:00 am","74.8","78.5","76.5","67.6","point"
"2023-02-28 08:00:00 am","75.5","73.9","76.8","66.5","point"
"2023-02-28 10:00:00 am","74.7","80.7","76.6","68.3","point"
"2023-02-28 12:00:00 pm","71.7","91.9","73.6","69.2","point"
"2023-02-28 02:00:00 pm","68.2","95.0","69.6","66.7","point"
"2023-02-28 04:00:00 pm","66.6","96.7","68.0","65.6","point"
"2023-02-28 06:00:00 pm","63.4","96.8","64.4","62.5","point"
"2023-02-28 08:00:00 pm","61.5","96.3","62.6","60.4","point"
"2023-02-28 10:00:00 pm","61.8","90.5","62.2","59.0","point"
"2023-03-01 12:00:00 am","61.9","90.5","62.4","59.1","point"
"2023-03-01 02:00:00 am","65.0","92.0","65.8","62.7","point"
"2023-03-01 04:00:00 am","71.2","82.3","72.3","65.5","point"
"2023-03-01 06:00:00 am","75.8","69.8","76.6","65.2","point"
"2023-03-01 08:00:00 am","76.6","64.9","77.2","64.0","point"
"2023-03-01 10:00:00 am","75.3","62.3","75.4","61.5","point"
"2023-03-01 12:00:00 pm","69.1","86.8","70.0","65.0","point"
"2023-03-01 02:00:00 pm","67.6","90.4","68.5","64.7","point"
"2023-03-01 04:00:00 pm","66.3","93.6","67.3","64.4","point"
"2023-03-01 06:00:00 pm","63.5","95.1","64.2","62.0","point"
"2023-03-01 08:00:00 pm","61.5","95.8","62.6","60.3","point"
"2023-03-01 10:00:00 pm","61.4","93.7","62.1","59.5","point"
"2023-03-02 12:00:00 am","62.2","93.0","62.8","60.1","point"
"2023-03-02 02:00:00 am","65.4","91.4","66.0","62.9","point"
"2023-03-02 04:00:00 am","72.1","73.3","72.9","63.1","point"
"2023-03-02 06:00:00 am","76.8","60.5","76.6","62.1","point"
"2023-03-02 08:00:00 am","78.3","52.8","77.9","59.6","point"
"2023-03-02 10:00:00 am","76.6","53.8","75.7","58.6","point"
"2023-03-02 12:00:00 pm","68.4","73.7","68.4","59.6","point"
"2023-03-02 02:00:00 pm","64.8","86.0","64.8","60.5","point"
"2023-03-02 04:00:00 pm","63.1","91.9","63.7","60.7","point"
"2023-03-02 06:00:00 pm","61.5","93.2","62.1","59.5","point"
"2023-03-02 08:00:00 pm","65.4","76.7","64.6","57.9","point"
"2023-03-02 10:00:00 pm","65.2","79.4","64.8","58.7","point"
"2023-03-03 12:00:00 am","64.9","83.0","64.8","59.6","point"
"2023-03-03 02:00:00 am","67.3","78.7","67.3","60.5","point"
"2023-03-03 04:00:00 am","74.0","64.4","74.3","61.2","point"
"2023-03-03 06:00:00 am","78.0","50.2","77.2","58.0","point"
"2023-03-03 08:00:00 am","78.4","51.7","77.7","59.2","point"
"2023-03-03 10:00:00 am","77.1","65.8","77.7","64.8","point"
"2023-03-03 12:00:00 pm","70.3","82.6","71.4","64.8","point"
"2023-03-03 02:00:00 pm","66.6","90.4","67.5","63.7","point"
"2023-03-03 04:00:00 pm","63.7","93.0","64.4","61.7","point"
"2023-03-03 06:00:00 pm","62.2","92.9","62.8","60.2","point"
"2023-03-03 08:00:00 pm","65.6","86.6","65.8","61.5","point"
"2023-03-03 10:00:00 pm","65.3","77.9","64.8","58.2","point"
"2023-03-04 12:00:00 am","63.6","76.0","62.8","55.9","point"
"2023-03-04 02:00:00 am","67.6","75.0","67.3","59.3","point"
"2023-03-04 04:00:00 am","74.2","68.4","74.8","63.2","point"
"2023-03-04 06:00:00 am","77.9","58.5","78.1","62.2","point"
"2023-03-04 08:00:00 am","78.3","64.5","79.7","65.3","point"
"2023-03-04 10:00:00 am","75.5","72.8","76.6","66.1","point"
"2023-03-04 12:00:00 pm","70.5","83.8","71.6","65.3","point"
"2023-03-04 02:00:00 pm","66.7","91.3","67.5","64.0","point"
"2023-03-04 04:00:00 pm","63.7","93.6","64.4","61.9","point"
"2023-03-04 06:00:00 pm","61.2","94.3","62.1","59.5","point"
"2023-03-04 08:00:00 pm","60.0","94.6","60.8","58.5","point"
"2023-03-04 10:00:00 pm","58.3","95.2","59.0","56.9","point"
"2023-03-05 12:00:00 am","57.9","95.9","58.6","56.7","point"
"2023-03-05 02:00:00 am","65.1","92.4","65.8","62.9","point"
"2023-03-05 04:00:00 am","73.7","72.0","74.5","64.0","point"
"2023-03-05 06:00:00 am","77.2","63.2","77.5","63.7","point"
"2023-03-05 08:00:00 am","78.2","68.5","80.1","67.0","point"
"2023-03-05 10:00:00 am","75.5","80.5","77.5","69.1","point"
"2023-03-05 12:00:00 pm","70.8","89.6","72.3","67.5","point"
"2023-03-05 02:00:00 pm","67.9","93.4","69.1","65.9","point"
"2023-03-05 04:00:00 pm","67.3","95.2","68.7","65.9","point"
"2023-03-05 06:00:00 pm","64.9","89.9","65.5","61.9","point"
"2023-03-05 08:00:00 pm","62.5","94.1","63.3","60.8","point"
"2023-03-05 10:00:00 pm","64.5","90.1","64.9","61.6","point"
"2023-03-06 12:00:00 am","63.4","90.2","63.9","60.5","point"
"2023-03-06 02:00:00 am","66.6","88.7","67.3","63.1","point"
"2023-03-06 04:00:00 am","74.4","72.8","75.4","65.1","point"
"2023-03-06 06:00:00 am","76.8","66.5","77.4","64.8","point"
"2023-03-06 08:00:00 am","77.3","59.7","77.4","62.2","point"
"2023-03-06 10:00:00 am","76.3","73.2","77.5","67.1","point"
"2023-03-06 12:00:00 pm","72.9","89.7","75.2","69.7","point"
"2023-03-06 02:00:00 pm","69.8","94.5","71.4","68.1","point"
"2023-03-06 04:00:00 pm","66.6","95.3","67.8","65.2","point"
"2023-03-06 06:00:00 pm","64.4","96.0","65.5","63.2","point"
"2023-03-06 08:00:00 pm","62.1","96.1","63.1","60.9","point"
"2023-03-06 10:00:00 pm","63.2","96.1","64.2","62.0","point"
"2023-03-07 12:00:00 am","63.5","95.5","64.4","62.2","point"
"2023-03-07 02:00:00 am","66.1","94.7","67.1","64.6","point"
"2023-03-07 04:00:00 am","73.4","79.2","74.8","66.5","point"
"2023-03-07 06:00:00 am","76.2","62.3","76.3","62.4","point"
"2023-03-07 08:00:00 am","77.5","54.0","76.8","59.5","point"
"2023-03-07 10:00:00 am","75.3","54.5","74.5","57.8","point"
"2023-03-07 12:00:00 pm","66.4","75.2","66.0","58.3","point"
"2023-03-07 02:00:00 pm","62.3","87.5","62.4","58.6","point"
"2023-03-07 04:00:00 pm","61.2","91.6","61.7","58.7","point"
"2023-03-07 06:00:00 pm","60.2","92.9","60.8","58.2","point"
"2023-03-07 08:00:00 pm","60.9","93.3","61.5","59.0","point"
"2023-03-07 10:00:00 pm","62.5","86.1","62.4","58.3","point"
"2023-03-08 12:00:00 am","62.3","90.1","62.8","59.4","point"
"2023-03-08 02:00:00 am","65.1","82.5","65.1","59.7","point"
"2023-03-08 04:00:00 am","72.6","63.1","72.9","59.4","point"
"2023-03-08 06:00:00 am","77.6","43.2","75.7","53.5","point"
"2023-03-08 08:00:00 am","79.2","38.6","77.0","51.8","point"
"2023-03-08 10:00:00 am","76.2","45.6","74.5","53.7","point"
"2023-03-08 12:00:00 pm","69.1","69.7","69.1","58.8","point"
"2023-03-08 02:00:00 pm","64.8","85.5","64.8","60.4","point"
"2023-03-08 04:00:00 pm","62.5","91.3","63.0","59.9","point"
"2023-03-08 06:00:00 pm","60.1","92.9","60.8","58.0","point"
"2023-03-08 08:00:00 pm","60.0","92.6","60.6","57.9","point"
"2023-03-08 10:00:00 pm","59.5","91.0","59.9","56.8","point"
"2023-03-09 12:00:00 am","58.9","92.7","59.5","56.8","point"
"2023-03-09 02:00:00 am","64.8","89.8","65.1","61.8","point"
"2023-03-09 04:00:00 am","72.6","74.5","73.6","64.0","point"
"2023-03-09 06:00:00 am","76.0","53.9","75.2","58.1","point"
"2023-03-09 08:00:00 am","77.0","52.4","76.3","58.2","point"
"2023-03-09 10:00:00 am","75.9","64.1","76.1","62.9","point"
"2023-03-09 12:00:00 pm","68.7","77.1","69.1","61.3","point"
"2023-03-09 02:00:00 pm","65.6","88.2","65.8","62.0","point"
"2023-03-09 04:00:00 pm","62.7","93.3","63.3","60.8","point"
"2023-03-09 06:00:00 pm","61.0","93.9","61.9","59.2","point"
"2023-03-09 08:00:00 pm","61.1","95.1","61.9","59.6","point"
"2023-03-09 10:00:00 pm","62.9","92.6","63.5","60.7","point"
"2023-03-10 12:00:00 am","63.2","91.8","63.7","60.8","point"
"2023-03-10 02:00:00 am","67.1","91.1","68.2","64.4","point"
"2023-03-10 04:00:00 am","73.9","77.2","75.2","66.3","point"
"2023-03-10 06:00:00 am","76.8","62.7","76.8","63.1","point"
"2023-03-10 08:00:00 am","77.6","55.2","77.4","60.3","point"
"2023-03-10 10:00:00 am","75.8","53.6","75.0","57.8","point"
"2023-03-10 12:00:00 pm","71.8","82.3","73.2","66.1","point"
"2023-03-10 02:00:00 pm","69.9","91.1","71.4","67.2","point"
"2023-03-10 04:00:00 pm","66.0","94.0","66.9","64.2","point"
"2023-03-10 06:00:00 pm","64.1","94.8","64.9","62.5","point"
"2023-03-10 08:00:00 pm","63.4","95.2","64.2","62.0","point"
"2023-03-10 10:00:00 pm","64.0","94.7","64.8","62.5","point"
"2023-03-11 12:00:00 am","64.5","92.7","65.1","62.3","point"
"2023-03-11 02:00:00 am","67.2","90.0","68.0","64.2","point"
"2023-03-11 04:00:00 am","73.7","78.7","75.2","66.7","point"
"2023-03-11 06:00:00 am","77.6","58.7","77.7","62.0","point"
"2023-03-11 08:00:00 am","76.2","61.6","76.3","62.0","point"
"2023-03-11 10:00:00 am","73.8","57.9","73.4","58.1","point"
"2023-03-11 12:00:00 pm","67.9","84.9","68.5","63.2","point"
"2023-03-11 02:00:00 pm","64.2","90.7","64.6","61.4","point"
"2023-03-11 04:00:00 pm","61.6","92.9","62.2","59.6","point"
"2023-03-11 06:00:00 pm","62.9","92.5","63.5","60.7","point"
"2023-03-11 08:00:00 pm","64.0","82.6","63.9","58.6","point"
"2023-03-11 10:00:00 pm","63.7","86.1","63.5","59.5","point"
"2023-03-12 12:00:00 am","63.5","85.8","63.5","59.2","point"
"2023-03-12 02:00:00 am","66.0","82.2","65.8","60.4","point"
"2023-03-12 04:00:00 am","72.8","67.1","73.2","61.2","point"
"2023-03-12 06:00:00 am","77.2","51.8","76.3","58.1","point"
"2023-03-12 08:00:00 am","78.1","51.4","77.5","58.7","point"
"2023-03-12 10:00:00 am","75.8","55.1","75.2","58.6","point"
"2023-03-12 12:00:00 pm","69.4","77.4","69.8","62.0","point"
"2023-03-12 02:00:00 pm","65.6","87.3","65.8","61.7","point"
"2023-03-12 04:00:00 pm","63.8","91.8","64.2","61.4","point"
"2023-03-12 06:00:00 pm","62.6","93.4","63.3","60.7","point"
"2023-03-12 08:00:00 pm","64.2","93.2","64.8","62.2","point"
"2023-03-12 10:00:00 pm","64.2","90.3","64.8","61.4","point"
"2023-03-13 12:00:00 am","64.7","91.6","65.1","62.2","point"
"2023-03-13 02:00:00 am","67.0","85.5","67.5","62.5","point"
"2023-03-13 04:00:00 am","73.9","73.6","75.0","64.9","point"
"2023-03-13 06:00:00 am","77.7","62.4","78.3","63.8","point"
"2023-03-13 08:00:00 am","78.4","59.5","79.0","63.2","point"
"2023-03-13 10:00:00 am","77.3","69.0","78.6","66.4","point"
"2023-03-13 12:00:00 pm","72.7","79.6","74.3","66.0","point"
"2023-03-13 02:00:00 pm","69.2","91.5","70.5","66.6","point"
"2023-03-13 04:00:00 pm","65.9","93.5","66.7","64.0","point"
"2023-03-13 06:00:00 pm","64.5","94.5","65.3","62.8","point"
"2023-03-13 08:00:00 pm","62.4","95.5","63.1","61.1","point"
"2023-03-13 10:00:00 pm","60.9","95.7","61.9","59.6","point"
"2023-03-14 12:00:00 am","60.4","96.1","61.3","59.3","point"
"2023-03-14 02:00:00 am","66.4","96.8","67.8","65.5","point"
"2023-03-14 04:00:00 am","74.2","77.4","75.6","66.7","point"
"2023-03-14 06:00:00 am","76.8","75.0","78.3","68.2","point"
"2023-03-14 08:00:00 am","77.2","72.9","79.2","67.9","point"
"2023-03-14 10:00:00 am","75.4","78.1","77.2","68.1","point"
"2023-03-14 12:00:00 pm","70.9","87.2","72.5","66.9","point"
"2023-03-14 02:00:00 pm","67.4","93.4","68.5","65.5","point"
"2023-03-14 04:00:00 pm","66.6","95.2","67.8","65.1","point"
"2023-03-14 06:00:00 pm","66.7","97.2","68.0","65.8","point"
"2023-03-14 08:00:00 pm","66.1","97.9","67.5","65.5","point"
"2023-03-14 10:00:00 pm","63.4","97.1","64.4","62.6","point"
"2023-03-15 12:00:00 am","65.1","97.4","66.4","64.4","point"
"2023-03-15 02:00:00 am","66.9","94.1","68.0","65.1","point"
"2023-03-15 04:00:00 am","74.1","81.7","75.7","68.1","point"
"2023-03-15 06:00:00 am","77.0","66.5","77.9","65.0","point"
"2023-03-15 08:00:00 am","78.2","68.6","80.1","67.0","point"
"2023-03-15 10:00:00 am","75.9","75.2","77.5","67.5","point"
"2023-03-15 12:00:00 pm","72.2","82.9","73.8","66.7","point"
"2023-03-15 02:00:00 pm","68.3","91.7","69.4","65.8","point"
"2023-03-15 04:00:00 pm","66.3","94.7","67.5","64.7","point"
"2023-03-15 06:00:00 pm","65.0","95.9","66.2","63.8","point"
"2023-03-15 08:00:00 pm","64.2","96.2","65.1","63.1","point"
"2023-03-15 10:00:00 pm","62.0","96.3","63.0","60.9","point"
"2023-03-16 12:00:00 am","60.6","97.1","61.7","59.8","point"
"2023-03-16 02:00:00 am","67.4","98.0","68.9","66.8","point"
"2023-03-16 04:00:00 am","74.5","84.6","76.8","69.5","point"
"2023-03-16 06:00:00 am","77.4","74.9","79.7","68.8","point"
"2023-03-16 08:00:00 am","77.9","76.4","80.6","69.8","point"
"2023-03-16 10:00:00 am","75.9","78.7","77.9","68.9","point"
"2023-03-16 12:00:00 pm","72.3","88.0","74.3","68.6","point"
"2023-03-16 02:00:00 pm","69.8","93.9","71.4","67.9","point"
"2023-03-16 04:00:00 pm","67.4","95.7","68.7","66.1","point"
"2023-03-16 06:00:00 pm","67.0","97.2","68.4","66.2","point"
"2023-03-16 08:00:00 pm","67.6","98.2","69.1","67.1","point"
"2023-03-16 10:00:00 pm","66.9","98.0","68.4","66.3","point"
"2023-03-17 12:00:00 am","65.7","98.5","67.1","65.3","point"
"2023-03-17 02:00:00 am","68.9","98.0","70.7","68.3","point"
"2023-03-17 04:00:00 am","73.1","79.4","74.7","66.3","point"
"2023-03-17 06:00:00 am","78.5","78.0","82.4","71.1","point"
"2023-03-17 08:00:00 am","77.8","79.6","81.3","71.0","point"
"2023-03-17 10:00:00 am","75.8","79.3","77.9","69.0","point"
"2023-03-17 12:00:00 pm","71.6","87.8","73.2","67.7","point"
"2023-03-17 02:00:00 pm","68.1","93.4","69.3","66.1","point"
"2023-03-17 04:00:00 pm","65.2","95.0","66.2","63.7","point"
"2023-03-17 06:00:00 pm","62.6","95.6","63.3","61.3","point"
"2023-03-17 08:00:00 pm","60.5","95.9","61.5","59.3","point"
"2023-03-17 10:00:00 pm","59.5","96.7","60.3","58.6","point"
"2023-03-18 12:00:00 am","61.6","97.8","62.8","60.9","point"
"2023-03-18 02:00:00 am","65.6","98.6","66.9","65.1","point"
"2023-03-18 04:00:00 am","71.5","71.7","72.1","61.8","point"
"2023-03-18 06:00:00 am","77.0","71.2","78.3","66.9","point"
"2023-03-18 08:00:00 am","76.9","71.5","78.3","67.0","point"
"2023-03-18 10:00:00 am","74.6","68.7","75.2","63.6","point"
"2023-03-18 12:00:00 pm","71.3","81.2","72.5","65.3","point"
"2023-03-18 02:00:00 pm","67.1","92.1","68.2","64.7","point"
"2023-03-18 04:00:00 pm","63.5","93.9","64.4","61.7","point"
"2023-03-18 06:00:00 pm","60.8","94.5","61.5","59.2","point"
"2023-03-18 08:00:00 pm","58.7","95.1","59.4","57.3","point"
"2023-03-18 10:00:00 pm","56.3","94.4","57.0","54.7","point"
"2023-03-19 12:00:00 am","55.4","94.8","56.1","53.9","point"
"2023-03-19 02:00:00 am","62.8","78.1","62.1","55.9","point"
"2023-03-19 04:00:00 am","71.9","64.6","72.1","59.3","point"
"2023-03-19 06:00:00 am","76.2","63.2","76.5","62.8","point"
"2023-03-19 08:00:00 am","76.1","59.5","75.9","61.0","point"
"2023-03-19 10:00:00 am","74.2","69.4","75.0","63.6","point"
"2023-03-19 12:00:00 pm","69.7","75.6","70.3","61.7","point"
"2023-03-19 02:00:00 pm","65.5","89.2","66.0","62.2","point"
"2023-03-19 04:00:00 pm","63.1","93.0","63.7","61.0","point"
"2023-03-19 06:00:00 pm","61.5","94.4","62.2","59.9","point"
"2023-03-19 08:00:00 pm","59.7","95.1","60.4","58.3","point"
"2023-03-19 10:00:00 pm","58.0","95.5","58.6","56.7","point"
"2023-03-20 12:00:00 am","56.5","96.1","57.4","55.4","point"
"2023-03-20 02:00:00 am","63.2","86.5","63.3","59.1","point"
"2023-03-20 04:00:00 am","72.8","67.1","73.2","61.2","point"
"2023-03-20 06:00:00 am","75.8","60.7","75.7","61.3","point"
"2023-03-20 08:00:00 am","75.7","61.3","75.6","61.4","point"
"2023-03-20 10:00:00 am","73.5","65.9","73.8","61.4","point"
"2023-03-20 12:00:00 pm","70.3","85.6","71.4","65.8","point"
"2023-03-20 02:00:00 pm","67.9","93.2","69.1","65.8","point"
"2023-03-20 04:00:00 pm","64.9","94.5","65.7","63.3","point"
"2023-03-20 06:00:00 pm","62.0","94.9","62.8","60.5","point"
"2023-03-20 08:00:00 pm","59.4","94.2","60.1","57.7","point"
"2023-03-20 10:00:00 pm","58.1","95.4","58.6","56.8","point"
"2023-03-21 12:00:00 am","59.5","96.7","60.3","58.5","point"
"2023-03-21 02:00:00 am","66.5","93.9","67.6","64.7","point"
"2023-03-21 04:00:00 am","71.5","89.5","73.2","68.3","point"
"2023-03-21 06:00:00 am","78.6","72.6","81.7","69.1","point"
"2023-03-21 08:00:00 am","77.0","80.8","80.1","70.6","point"
"2023-03-21 10:00:00 am","75.7","83.3","78.1","70.3","point"
"2023-03-21 12:00:00 pm","71.5","88.1","73.2","67.8","point"
"2023-03-21 02:00:00 pm","67.4","93.4","68.5","65.4","point"
"2023-03-21 04:00:00 pm","65.3","95.6","66.2","64.0","point"
"2023-03-21 06:00:00 pm","64.4","96.7","65.3","63.4","point"
"2023-03-21 08:00:00 pm","64.0","97.0","64.9","63.1","point"
"2023-03-21 10:00:00 pm","65.6","94.6","66.6","64.0","point"
"2023-03-22 12:00:00 am","65.7","93.8","66.6","63.8","point"
"2023-03-22 02:00:00 am","67.7","90.4","68.7","64.8","point"
"2023-03-22 04:00:00 am","74.6","69.1","75.4","63.8","point"
"2023-03-22 06:00:00 am","79.2","59.5","80.2","63.9","point"
"2023-03-22 08:00:00 am","79.4","55.5","79.9","62.1","point"
"2023-03-22 10:00:00 am","77.2","57.7","76.8","61.1","point"
"2023-03-22 12:00:00 pm","72.3","76.7","73.6","64.6","point"
"2023-03-22 02:00:00 pm","68.3","89.5","69.3","65.1","point"
"2023-03-22 04:00:00 pm","65.6","93.1","66.4","63.5","point"
"2023-03-22 06:00:00 pm","64.5","94.3","65.3","62.8","point"
"2023-03-22 08:00:00 pm","64.8","94.0","65.7","63.1","point"
"2023-03-22 10:00:00 pm","65.1","91.2","65.8","62.5","point"
"2023-03-23 12:00:00 am","64.8","92.7","65.5","62.7","point"
"2023-03-23 02:00:00 am","68.4","91.5","69.6","65.8","point"
"2023-03-23 04:00:00 am","75.3","73.0","76.5","66.0","point"
"2023-03-23 06:00:00 am","80.2","54.6","80.8","62.3","point"
"2023-03-23 08:00:00 am","80.0","56.5","80.8","63.1","point"
"2023-03-23 10:00:00 am","79.1","68.1","81.5","67.7","point"
"2023-03-23 12:00:00 pm","74.4","81.0","76.3","68.1","point"
"2023-03-23 02:00:00 pm","70.6","90.9","72.1","67.7","point"
"2023-03-23 04:00:00 pm","67.8","93.7","69.1","66.0","point"
"2023-03-23 06:00:00 pm","65.6","95.1","66.6","64.1","point"
"2023-03-23 08:00:00 pm","66.7","93.2","67.6","64.7","point"
"2023-03-23 10:00:00 pm","65.3","91.5","66.0","62.8","point"
"2023-03-24 12:00:00 am","64.1","94.5","64.9","62.5","point"
"2023-03-24 02:00:00 am","68.7","91.6","70.0","66.2","point"
"2023-03-24 04:00:00 am","76.0","72.5","77.2","66.5","point"
"2023-03-24 06:00:00 am","79.4","63.1","81.3","65.7","point"
"2023-03-24 08:00:00 am","80.3","65.0","83.1","67.5","point"
"2023-03-24 10:00:00 am","78.4","69.0","80.4","67.4","point"
"2023-03-24 12:00:00 pm","73.9","85.7","75.9","69.4","point"
"2023-03-24 02:00:00 pm","69.8","92.4","71.4","67.5","point"
"2023-03-24 04:00:00 pm","68.8","95.4","70.3","67.4","point"
"2023-03-24 06:00:00 pm","66.0","83.8","66.0","60.9","point"
"2023-03-24 08:00:00 pm","66.2","81.1","66.2","60.2","point"
"2023-03-24 10:00:00 pm","65.6","82.9","65.5","60.2","point"
"2023-03-25 12:00:00 am","64.8","85.7","64.8","60.4","point"
"2023-03-25 02:00:00 am","68.4","84.8","69.3","63.6","point"
"2023-03-25 04:00:00 am","75.0","64.3","75.2","62.1","point"
"2023-03-25 06:00:00 am","80.3","48.5","79.9","59.1","point"
"2023-03-25 08:00:00 am","79.9","43.1","78.3","55.5","point"
"2023-03-25 10:00:00 am","78.1","67.2","79.9","66.3","point"
"2023-03-25 12:00:00 pm","74.1","88.9","76.6","70.6","point"
"2023-03-25 02:00:00 pm","71.7","93.8","73.8","69.8","point"
"2023-03-25 04:00:00 pm","68.7","95.3","70.2","67.3","point"
"2023-03-25 06:00:00 pm","66.8","97.0","68.2","65.9","point"
"2023-03-25 08:00:00 pm","64.7","93.7","65.3","62.9","point"
"2023-03-25 10:00:00 pm","63.6","90.1","64.0","60.6","point"
"2023-03-26 12:00:00 am","63.6","92.1","64.2","61.3","point"
"2023-03-26 02:00:00 am","67.9","87.5","68.7","64.0","point"
"2023-03-26 04:00:00 am","74.2","67.9","74.8","63.0","point"
"2023-03-26 06:00:00 am","74.9","64.2","75.2","62.0","point"
"2023-03-26 08:00:00 am","79.6","45.6","78.4","56.8","point"
"2023-03-26 10:00:00 am","76.4","58.3","75.9","60.7","point"
"2023-03-26 12:00:00 pm","73.7","87.2","75.9","69.7","point"
"2023-03-26 02:00:00 pm","72.4","92.3","74.7","70.0","point"
"2023-03-26 04:00:00 pm","70.1","94.9","71.8","68.5","point"
"2023-03-26 06:00:00 pm","66.9","96.3","68.4","65.9","point"
"2023-03-26 08:00:00 pm","64.8","95.0","65.7","63.3","point"
"2023-03-26 10:00:00 pm","63.9","91.6","64.4","61.4","point"
"2023-03-27 12:00:00 am","63.0","91.6","63.5","60.5","point"
"2023-03-27 02:00:00 am","67.6","83.9","68.0","62.6","point"
"2023-03-27 04:00:00 am","75.3","60.1","75.2","60.5","point"
"2023-03-27 06:00:00 am","79.6","56.8","80.4","63.0","point"
"2023-03-27 08:00:00 am","78.2","57.3","78.3","61.8","point"
"2023-03-27 10:00:00 am","75.4","70.6","76.5","65.2","point"
"2023-03-27 12:00:00 pm","73.3","86.6","75.4","69.0","point"
"2023-03-27 02:00:00 pm","71.8","92.7","73.9","69.6","point"
"2023-03-27 04:00:00 pm","70.4","93.6","72.0","68.5","point"
"2023-03-27 06:00:00 pm","69.9","94.0","71.6","68.1","point"
"2023-03-27 08:00:00 pm","65.9","96.0","67.1","64.7","point"
"2023-03-27 10:00:00 pm","65.0","95.6","66.0","63.7","point"
"2023-03-28 12:00:00 am","64.6","96.0","65.7","63.5","point"
"2023-03-28 02:00:00 am","69.1","95.1","70.7","67.7","point"
"2023-03-28 04:00:00 am","73.4","86.6","75.4","69.1","point"
"2023-03-28 06:00:00 am","77.6","77.6","80.4","70.0","point"
"2023-03-28 08:00:00 am","78.5","74.3","81.7","69.6","point"
"2023-03-28 10:00:00 am","76.8","77.0","78.6","69.0","point"
"2023-03-28 12:00:00 pm","72.8","85.6","74.7","68.2","point"
"2023-03-28 02:00:00 pm","68.9","92.8","70.2","66.7","point"
"2023-03-28 04:00:00 pm","66.6","95.1","67.8","65.1","point"
"2023-03-28 06:00:00 pm","65.1","96.3","66.2","64.0","point"
"2023-03-28 08:00:00 pm","63.6","96.6","64.6","62.6","point"
"2023-03-28 10:00:00 pm","62.6","97.0","63.5","61.7","point"
"2023-03-29 12:00:00 am","62.0","97.2","63.0","61.2","point"
"2023-03-29 02:00:00 am","67.2","89.9","68.0","64.1","point"
"2023-03-29 04:00:00 am","74.9","80.7","77.0","68.6","point"
"2023-03-29 06:00:00 am","78.0","75.6","81.0","69.6","point"
"2023-03-29 08:00:00 am","78.1","75.1","81.1","69.5","point"
"2023-03-29 10:00:00 am","76.4","77.6","78.1","68.9","point"
"2023-03-29 12:00:00 pm","72.4","88.9","74.5","68.9","point"
"2023-03-29 02:00:00 pm","69.4","93.6","70.7","67.4","point"
"2023-03-29 04:00:00 pm","66.7","95.4","67.8","65.4","point"
"2023-03-29 06:00:00 pm","65.1","96.6","66.2","64.1","point"
"2023-03-29 08:00:00 pm","64.7","97.4","65.7","63.9","point"
"2023-03-29 10:00:00 pm","63.0","97.4","64.0","62.2","point"
"2023-03-30 12:00:00 am","62.0","97.4","63.0","61.2","point"
"2023-03-30 02:00:00 am","68.8","98.7","70.5","68.4","point"
"2023-03-30 04:00:00 am","75.4","85.4","78.1","70.7","point"
"2023-03-30 06:00:00 am","79.2","80.5","84.2","72.6","point"
"2023-03-30 08:00:00 am","78.5","79.9","82.8","71.7","point"
"2023-03-30 10:00:00 am","76.8","78.1","79.2","69.5","point"
"2023-03-30 12:00:00 pm","72.6","87.7","74.7","68.7","point"
"2023-03-30 02:00:00 pm","70.2","93.6","71.8","68.3","point"
"2023-03-30 04:00:00 pm","67.4","96.0","68.7","66.2","point"
"2023-03-30 06:00:00 pm","67.0","97.0","68.4","66.1","point"
"2023-03-30 08:00:00 pm","66.4","97.8","68.0","65.8","point"
"2023-03-30 10:00:00 pm","63.1","96.1","64.0","61.9","point"
"2023-03-31 12:00:00 am","61.2","96.8","62.2","60.2","point"
"2023-03-31 02:00:00 am","66.9","89.3","67.8","63.7","point"
"2023-03-31 04:00:00 am","74.7","79.0","76.5","67.7","point"
"2023-03-31 06:00:00 am","78.8","70.2","81.5","68.3","point"
"2023-03-31 08:00:00 am","77.9","73.5","80.6","68.8","point"
"2023-03-31 10:00:00 am","76.3","74.4","77.7","67.6","point"
"2023-03-31 12:00:00 pm","73.2","85.4","75.0","68.5","point"
"2023-03-31 02:00:00 pm","69.3","92.2","70.7","66.9","point"
"2023-03-31 04:00:00 pm","65.9","93.7","66.7","64.0","point"
"2023-03-31 06:00:00 pm","63.5","94.9","64.2","62.0","point"
"2023-03-31 08:00:00 pm","62.2","96.5","63.1","61.1","point"
"2023-03-31 10:00:00 pm","61.4","96.5","62.4","60.4","point"
"2023-04-01 12:00:00 am","63.2","95.0","64.0","61.7","point"
"2023-04-01 02:00:00 am","68.0","90.0","69.1","65.0","point"
"2023-04-01 04:00:00 am","75.3","73.0","76.5","66.0","point"
"2023-04-01 06:00:00 am","78.6","66.6","80.6","66.6","point"
"2023-04-01 08:00:00 am","79.0","66.4","81.3","66.9","point"
"2023-04-01 10:00:00 am","77.4","70.1","79.0","66.8","point"
"2023-04-01 12:00:00 pm","73.3","79.0","74.8","66.4","point"
"2023-04-01 02:00:00 pm","68.9","90.2","70.3","65.9","point"
"2023-04-01 04:00:00 pm","66.4","93.9","67.6","64.6","point"
"2023-04-01 06:00:00 pm","64.5","91.6","64.9","62.0","point"
"2023-04-01 08:00:00 pm","65.3","75.3","64.6","57.3","point"
"2023-04-01 10:00:00 pm","61.5","84.4","61.5","56.8","point"
"2023-04-02 12:00:00 am","59.0","90.5","59.5","56.2","point"
"2023-04-02 02:00:00 am","67.0","71.0","66.2","57.3","point"
"2023-04-02 04:00:00 am","74.9","59.7","74.7","59.9","point"
"2023-04-02 06:00:00 am","78.9","58.8","79.7","63.3","point"
"2023-04-02 08:00:00 am","78.4","72.1","81.0","68.6","point"
"2023-04-02 10:00:00 am","76.6","70.4","77.7","66.3","point"
"2023-04-02 12:00:00 pm","73.1","83.9","75.0","67.9","point"
"2023-04-02 02:00:00 pm","69.0","91.3","70.3","66.3","point"
"2023-04-02 04:00:00 pm","65.7","93.7","66.6","63.8","point"
"2023-04-02 06:00:00 pm","64.4","95.0","65.1","62.9","point"
"2023-04-02 08:00:00 pm","62.6","95.4","63.3","61.2","point"
"2023-04-02 10:00:00 pm","61.1","96.1","62.1","59.9","point"
"2023-04-03 12:00:00 am","60.9","96.6","61.9","59.9","point"
"2023-04-03 02:00:00 am","67.1","93.0","68.2","65.0","point"
"2023-04-03 04:00:00 am","74.8","71.5","75.7","64.9","point"
"2023-04-03 06:00:00 am","79.4","63.1","81.3","65.7","point"
"2023-04-03 08:00:00 am","78.6","65.8","80.4","66.2","point"
"2023-04-03 10:00:00 am","75.9","66.8","76.5","64.1","point"
"2023-04-03 12:00:00 pm","74.2","86.9","76.6","70.1","point"
"2023-04-03 02:00:00 pm","72.0","94.5","74.3","70.3","point"
"2023-04-03 04:00:00 pm","71.2","93.3","72.9","69.1","point"
"2023-04-03 06:00:00 pm","70.3","95.0","72.0","68.8","point"
"2023-04-03 08:00:00 pm","68.8","96.8","70.3","67.9","point"
"2023-04-03 10:00:00 pm","68.3","97.6","70.0","67.6","point"
"2023-04-04 12:00:00 am","66.4","97.2","67.8","65.6","point"
"2023-04-04 02:00:00 am","68.1","79.7","68.4","61.6","point"
"2023-04-04 04:00:00 am","75.2","74.7","76.5","66.6","point"
"2023-04-04 06:00:00 am","78.5","66.5","80.4","66.4","point"
"2023-04-04 08:00:00 am","78.4","64.3","79.7","65.3","point"
"2023-04-04 10:00:00 am","77.4","70.2","79.0","66.9","point"
"2023-04-04 12:00:00 pm","74.2","91.3","77.2","71.5","point"
"2023-04-04 02:00:00 pm","72.8","94.1","75.4","71.0","point"
"2023-04-04 04:00:00 pm","71.9","95.7","74.1","70.5","point"
"2023-04-04 06:00:00 pm","71.3","97.0","73.4","70.4","point"
"2023-04-04 08:00:00 pm","70.0","97.4","71.8","69.2","point"
"2023-04-04 10:00:00 pm","68.6","97.7","70.3","68.0","point"
"2023-04-05 12:00:00 am","68.4","98.2","70.2","67.8","point"
"2023-04-05 02:00:00 am","71.4","93.2","73.2","69.3","point"
"2023-04-05 04:00:00 am","76.2","78.9","78.1","69.2","point"
"2023-04-05 06:00:00 am","79.3","76.3","83.5","71.2","point"
"2023-04-05 08:00:00 am","78.6","73.4","81.5","69.4","point"
"2023-04-05 10:00:00 am","77.5","75.8","79.9","69.2","point"
"2023-04-05 12:00:00 pm","74.8","88.6","77.4","71.2","point"
"2023-04-05 02:00:00 pm","72.3","92.4","74.5","70.0","point"
"2023-04-05 04:00:00 pm","71.6","94.9","73.6","70.0","point"
"2023-04-05 06:00:00 pm","71.4","95.8","73.4","70.1","point"
"2023-04-05 08:00:00 pm","70.2","96.6","72.0","69.2","point"
"2023-04-05 10:00:00 pm","68.0","97.4","69.6","67.2","point"
"2023-04-06 12:00:00 am","66.6","97.6","68.2","65.9","point"
"2023-04-06 02:00:00 am","71.2","97.5","73.2","70.4","point"
"2023-04-06 04:00:00 am","76.5","81.2","79.0","70.3","point"
"2023-04-06 06:00:00 am","80.4","78.0","86.4","73.0","point"
"2023-04-06 08:00:00 am","79.2","74.9","83.1","70.6","point"
"2023-04-06 10:00:00 am","77.5","80.4","80.6","71.0","point"
"2023-04-06 12:00:00 pm","74.0","89.1","76.6","70.6","point"
"2023-04-06 02:00:00 pm","71.5","92.9","73.4","69.3","point"
"2023-04-06 04:00:00 pm","70.9","95.6","72.9","69.6","point"
"2023-04-06 06:00:00 pm","68.3","95.4","69.6","67.0","point"
"2023-04-06 08:00:00 pm","66.1","96.4","67.3","65.1","point"
"2023-04-06 10:00:00 pm","65.2","97.1","66.4","64.4","point"
"2023-04-07 12:00:00 am","64.4","97.7","65.5","63.7","point"
"2023-04-07 02:00:00 am","69.3","88.0","70.5","65.6","point"
"2023-04-07 04:00:00 am","74.2","83.9","76.3","69.0","point"
"2023-04-07 06:00:00 am","76.8","82.2","79.5","71.0","point"
"2023-04-07 08:00:00 am","77.5","79.8","80.6","70.7","point"
"2023-04-07 10:00:00 am","76.1","84.1","78.8","71.0","point"
"2023-04-07 12:00:00 pm","73.9","89.7","76.3","70.6","point"
"2023-04-07 02:00:00 pm","72.0","94.3","74.3","70.3","point"
"2023-04-07 04:00:00 pm","70.2","96.0","72.0","69.0","point"
"2023-04-07 06:00:00 pm","69.4","96.8","71.1","68.5","point"
"2023-04-07 08:00:00 pm","68.7","97.6","70.3","68.0","point"
"2023-04-07 10:00:00 pm","68.0","97.9","69.8","67.4","point"
"2023-04-08 12:00:00 am","67.1","98.1","68.7","66.6","point"
"2023-04-08 02:00:00 am","69.2","90.9","70.5","66.4","point"
"2023-04-08 04:00:00 am","74.6","79.4","76.3","67.8","point"
"2023-04-08 06:00:00 am","77.3","78.7","80.1","70.2","point"
"2023-04-08 08:00:00 am","77.2","80.2","79.9","70.6","point"
"2023-04-08 10:00:00 am","76.0","80.0","78.1","69.4","point"
"2023-04-08 12:00:00 pm","73.4","91.1","75.7","70.6","point"
"2023-04-08 02:00:00 pm","69.9","92.9","71.4","67.7","point"
"2023-04-08 04:00:00 pm","67.0","95.7","68.4","65.8","point"
"2023-04-08 06:00:00 pm","65.3","96.8","66.6","64.4","point"
"2023-04-08 08:00:00 pm","64.4","96.8","65.5","63.5","point"
"2023-04-08 10:00:00 pm","63.0","97.4","64.0","62.3","point"
"2023-04-09 12:00:00 am","62.4","97.6","63.5","61.7","point"
"2023-04-09 02:00:00 am","67.9","91.1","69.1","65.2","point"
"2023-04-09 04:00:00 am","74.9","80.3","76.8","68.5","point"
"2023-04-09 06:00:00 am","78.9","77.4","82.9","71.2","point"
"2023-04-09 08:00:00 am","78.5","78.4","82.4","71.2","point"
"2023-04-09 10:00:00 am","76.8","78.7","79.0","69.7","point"
"2023-04-09 12:00:00 pm","73.3","89.4","75.6","70.0","point"
"2023-04-09 02:00:00 pm","70.8","94.6","72.7","69.2","point"
"2023-04-09 04:00:00 pm","69.5","97.5","71.4","68.7","point"
"2023-04-09 06:00:00 pm","68.9","98.3","70.7","68.4","point"
"2023-04-09 08:00:00 pm","67.2","97.9","68.7","66.6","point"
"2023-04-09 10:00:00 pm","64.3","96.5","65.3","63.3","point"
"2023-04-10 12:00:00 am","62.7","95.2","63.5","61.3","point"
"2023-04-10 02:00:00 am","68.5","84.8","69.3","63.7","point"
"2023-04-10 04:00:00 am","75.1","76.4","76.6","67.2","point"
"2023-04-10 06:00:00 am","79.5","74.1","83.7","70.6","point"
"2023-04-10 08:00:00 am","78.6","75.0","81.7","70.0","point"
"2023-04-10 10:00:00 am","77.2","80.2","79.9","70.6","point"
"2023-04-10 12:00:00 pm","73.5","90.0","76.1","70.4","point"
"2023-04-10 02:00:00 pm","70.8","95.2","72.7","69.3","point"
"2023-04-10 04:00:00 pm","68.7","96.6","70.2","67.7","point"
"2023-04-10 06:00:00 pm","67.0","96.9","68.4","66.0","point"
"2023-04-10 08:00:00 pm","65.1","97.3","66.2","64.3","point"
"2023-04-10 10:00:00 pm","64.2","97.9","65.5","63.6","point"
"2023-04-11 12:00:00 am","67.6","86.5","68.4","63.5","point"
"2023-04-11 02:00:00 am","71.0","85.3","72.3","66.4","point"
"2023-04-11 04:00:00 am","76.5","81.1","79.0","70.3","point"
"2023-04-11 06:00:00 am","80.1","74.5","84.7","71.2","point"
"2023-04-11 08:00:00 am","79.9","75.1","84.2","71.2","point"
"2023-04-11 10:00:00 am","78.0","81.6","81.9","71.9","point"
"2023-04-11 12:00:00 pm","73.9","88.5","76.3","70.3","point"
"2023-04-11 02:00:00 pm","72.0","92.7","74.1","69.7","point"
"2023-04-11 04:00:00 pm","70.8","93.8","72.7","68.9","point"
"2023-04-11 06:00:00 pm","70.1","95.1","71.8","68.6","point"
"2023-04-11 08:00:00 pm","67.3","96.6","68.7","66.3","point"
"2023-04-11 10:00:00 pm","64.6","96.4","65.5","63.5","point"
"2023-04-12 12:00:00 am","63.2","96.8","64.2","62.3","point"
"2023-04-12 02:00:00 am","69.0","88.5","70.2","65.4","point"
"2023-04-12 04:00:00 am","75.5","76.9","77.2","67.7","point"
"2023-04-12 06:00:00 am","79.0","73.8","82.6","70.0","point"
"2023-04-12 08:00:00 am","78.8","77.9","83.1","71.3","point"
"2023-04-12 10:00:00 am","77.2","76.0","79.5","69.0","point"
"2023-04-12 12:00:00 pm","73.6","89.3","76.1","70.2","point"
"2023-04-12 02:00:00 pm","70.2","88.9","71.6","66.8","point"
"2023-04-12 04:00:00 pm","66.9","94.5","68.0","65.3","point"
"2023-04-12 06:00:00 pm","66.0","95.7","67.1","64.7","point"
"2023-04-12 08:00:00 pm","65.1","97.2","66.2","64.3","point"
"2023-04-12 10:00:00 pm","63.9","96.3","64.9","62.8","point"
"2023-04-13 12:00:00 am","63.8","95.8","64.8","62.5","point"
"2023-04-13 02:00:00 am","69.1","84.2","69.8","64.1","point"
"2024-03-19 11:00:00 am","74.3","73.9","75.6","65.4","point"
"2024-03-19 01:00:00 pm","78.5","61.3","79.3","64.0","point"
"2024-03-19 03:00:00 pm","79.5","72.2","83.3","69.8","point"
"2024-03-19 05:00:00 pm","78.2","76.9","81.5","70.3","point"
"2024-03-19 07:00:00 pm","75.3","86.9","78.1","71.1","point"
"2024-03-19 09:00:00 pm","70.8","92.4","72.5","68.4","point"
"2024-03-19 11:00:00 pm","67.8","94.3","69.3","66.1","point"
"2024-03-20 01:00:00 am","65.8","95.6","66.7","64.5","point"
"2024-03-20 03:00:00 am","64.7","96.1","65.7","63.6","point"
"2024-03-20 05:00:00 am","62.4","96.1","63.3","61.3","point"
"2024-03-20 07:00:00 am","61.0","96.6","62.1","60.0","point"
"2024-03-20 09:00:00 am","66.1","91.3","66.9","63.5","point"
"2024-03-20 11:00:00 am","74.2","83.8","76.3","69.0","point"
"2024-03-20 01:00:00 pm","78.2","75.8","81.3","69.9","point"
"2024-03-20 03:00:00 pm","78.5","74.9","81.7","69.9","point"
"2024-03-20 05:00:00 pm","77.5","78.7","80.4","70.3","point"
"2024-03-20 07:00:00 pm","74.9","89.7","77.7","71.6","point"
"2024-03-20 09:00:00 pm","73.0","92.1","75.4","70.5","point"
"2024-03-20 11:00:00 pm","71.0","95.7","72.9","69.7","point"
"2024-03-21 01:00:00 am","68.1","96.4","69.6","67.0","point"
"2024-03-21 03:00:00 am","68.8","97.8","70.5","68.1","point"
"2024-03-21 05:00:00 am","67.6","97.9","69.1","66.9","point"
"2024-03-21 07:00:00 am","67.8","98.6","69.6","67.4","point"
"2024-03-21 09:00:00 am","70.4","97.2","72.1","69.6","point"
"2024-03-21 11:00:00 am","73.4","85.9","75.2","68.9","point"
"2024-03-21 01:00:00 pm","77.7","76.2","80.6","69.7","point"
"2024-03-21 03:00:00 pm","78.5","71.6","81.1","68.5","point"
"2024-03-21 05:00:00 pm","77.6","79.8","81.0","70.9","point"
"2024-03-21 07:00:00 pm","75.7","90.0","79.0","72.5","point"
"2024-03-21 09:00:00 pm","73.9","95.0","77.0","72.3","point"
"2024-03-21 11:00:00 pm","72.8","96.1","75.4","71.6","point"
"2024-03-22 01:00:00 am","71.6","96.8","73.9","70.6","point"
"2024-03-22 03:00:00 am","69.9","97.6","71.8","69.2","point"
"2024-03-22 05:00:00 am","68.1","98.1","69.8","67.6","point"
"2024-03-22 07:00:00 am","66.7","97.9","68.2","66.1","point"
"2024-03-22 09:00:00 am","70.5","98.4","72.3","70.0","point"
"2024-03-22 11:00:00 am","75.1","88.8","78.1","71.6","point"
"2024-03-22 01:00:00 pm","76.2","88.2","79.3","72.5","point"
"2024-03-22 03:00:00 pm","79.1","81.6","84.0","73.0","point"
"2024-03-22 05:00:00 pm","76.6","86.8","80.1","72.4","point"
"2024-03-22 07:00:00 pm","74.8","93.4","77.9","72.8","point"
"2024-03-22 09:00:00 pm","73.3","96.6","76.3","72.3","point"
"2024-03-22 11:00:00 pm","73.0","96.9","75.7","72.1","point"
"2024-03-23 01:00:00 am","71.0","97.5","73.0","70.3","point"
"2024-03-23 03:00:00 am","70.6","98.1","72.5","70.0","point"
"2024-03-23 05:00:00 am","68.5","98.3","70.2","68.0","point"
"2024-03-23 07:00:00 am","68.3","98.1","70.0","67.7","point"
"2024-03-23 09:00:00 am","71.4","96.9","73.4","70.4","point"
"2024-03-23 11:00:00 am","75.2","88.7","78.1","71.6","point"
"2024-03-23 01:00:00 pm","77.5","85.3","81.3","72.8","point"
"2024-03-23 03:00:00 pm","79.7","80.3","84.9","73.0","point"
"2024-03-23 05:00:00 pm","79.2","81.2","84.4","72.9","point"
"2024-03-23 07:00:00 pm","75.6","87.2","78.4","71.5","point"
"2024-03-23 09:00:00 pm","73.4","92.6","76.3","71.2","point"
"2024-03-23 11:00:00 pm","72.6","96.6","75.2","71.6","point"
"2024-03-24 01:00:00 am","72.5","96.6","75.0","71.4","point"
"2024-03-24 03:00:00 am","69.8","97.6","71.8","69.1","point"
"2024-03-24 05:00:00 am","67.9","97.7","69.6","67.2","point"
"2024-03-24 07:00:00 am","66.5","97.7","68.0","65.8","point"
"2024-03-24 09:00:00 am","71.1","99.0","73.4","70.8","point"
"2024-03-24 11:00:00 am","77.0","87.7","81.0","73.1","point"
"2024-03-24 01:00:00 pm","78.2","82.7","82.4","72.4","point"
"2024-03-24 03:00:00 pm","80.6","74.2","85.6","71.6","point"
"2024-03-24 05:00:00 pm","79.4","77.4","84.0","71.7","point"
"2024-03-24 07:00:00 pm","76.4","89.3","79.7","73.0","point"
"2024-03-24 09:00:00 pm","73.8","94.9","76.8","72.2","point"
"2024-03-24 11:00:00 pm","73.0","97.1","75.7","72.1","point"
"2024-03-25 01:00:00 am","71.0","97.1","72.9","70.2","point"
"2024-03-25 03:00:00 am","69.9","98.3","71.8","69.4","point"
"2024-03-25 05:00:00 am","67.9","98.5","69.6","67.5","point"
"2024-03-25 07:00:00 am","65.6","98.2","66.9","65.1","point"
"2024-03-25 09:00:00 am","70.5","98.4","72.3","70.0","point"
"2024-03-25 11:00:00 am","75.0","78.1","76.6","67.7","point"
"2024-03-25 01:00:00 pm","80.0","62.7","81.9","66.1","point"
"2024-03-25 03:00:00 pm","81.4","67.7","85.5","69.7","point"
"2024-03-25 05:00:00 pm","79.5","72.5","83.1","69.9","point"
"2024-03-25 07:00:00 pm","76.7","87.2","80.1","72.6","point"
"2024-03-25 09:00:00 pm","74.7","93.6","77.9","72.7","point"
"2024-03-25 11:00:00 pm","72.7","95.8","75.4","71.4","point"
"2024-03-26 01:00:00 am","69.7","96.2","71.4","68.6","point"
"2024-03-26 03:00:00 am","65.3","95.0","66.4","63.8","point"
"2024-03-26 05:00:00 am","63.8","96.0","64.8","62.6","point"
"2024-03-26 07:00:00 am","63.4","96.7","64.4","62.4","point"
"2024-03-26 09:00:00 am","70.3","97.2","72.0","69.5","point"
"2024-03-26 11:00:00 am","76.5","83.3","79.3","71.1","point"
"2024-03-26 01:00:00 pm","79.6","74.5","83.7","70.8","point"
"2024-03-26 03:00:00 pm","80.0","73.8","84.4","70.8","point"
"2024-03-26 05:00:00 pm","78.4","78.7","82.2","71.2","point"
"2024-03-26 07:00:00 pm","76.1","91.6","79.9","73.5","point"
"2024-03-26 09:00:00 pm","74.5","94.7","77.9","72.9","point"
"2024-03-26 11:00:00 pm","73.1","95.9","75.9","71.9","point"
"2024-03-27 01:00:00 am","71.9","97.5","74.1","71.2","point"
"2024-03-27 03:00:00 am","71.5","97.2","73.6","70.7","point"
"2024-03-27 05:00:00 am","70.9","97.2","72.9","70.1","point"
"2024-03-27 07:00:00 am","68.6","97.3","70.2","67.7","point"
"2024-03-27 09:00:00 am","70.0","91.3","71.6","67.4","point"
"2024-03-27 11:00:00 am","76.0","76.4","77.7","68.0","point"
"2024-03-27 01:00:00 pm","81.2","74.6","86.7","72.3","point"
"2024-03-27 03:00:00 pm","81.1","76.1","86.7","72.8","point"
"2024-03-27 05:00:00 pm","79.8","78.5","84.9","72.5","point"
"2024-03-27 07:00:00 pm","76.3","91.5","80.1","73.6","point"
"2024-03-27 09:00:00 pm","74.4","94.7","77.7","72.8","point"
"2024-03-27 11:00:00 pm","72.7","95.8","75.4","71.4","point"
"2024-03-28 01:00:00 am","70.2","96.6","72.0","69.2","point"
"2024-03-28 03:00:00 am","67.1","96.4","68.5","66.1","point"
"2024-03-28 05:00:00 am","64.7","96.5","65.7","63.7","point"
"2024-03-28 07:00:00 am","63.2","96.7","64.2","62.2","point"
"2024-03-28 09:00:00 am","69.7","98.3","71.6","69.2","point"
"2024-03-28 11:00:00 am","75.9","83.9","78.4","70.7","point"
"2024-03-28 01:00:00 pm","80.4","67.4","83.5","68.6","point"
"2024-03-28 03:00:00 pm","81.7","74.6","87.8","72.8","point"
"2024-03-28 05:00:00 pm","80.2","77.3","85.3","72.4","point"
"2024-03-28 07:00:00 pm","76.8","92.0","80.8","74.3","point"
"2024-03-28 09:00:00 pm","74.7","94.6","78.1","73.0","point"
"2024-03-28 11:00:00 pm","73.7","95.7","76.8","72.3","point"
"2024-03-29 01:00:00 am","72.8","96.4","75.6","71.7","point"
"2024-03-29 03:00:00 am","70.4","97.1","72.1","69.5","point"
"2024-03-29 05:00:00 am","68.5","97.1","70.0","67.6","point"
"2024-03-29 07:00:00 am","66.5","97.4","67.8","65.8","point"
"2024-03-29 09:00:00 am","70.5","94.2","72.3","68.8","point"
"2024-03-29 11:00:00 am","77.0","83.0","79.9","71.4","point"
"2024-03-29 01:00:00 pm","80.2","75.7","85.1","71.9","point"
"2024-03-29 03:00:00 pm","80.6","78.5","86.7","73.3","point"
"2024-03-29 05:00:00 pm","78.6","81.8","83.5","72.6","point"
"2024-03-29 07:00:00 pm","74.9","88.7","77.7","71.4","point"
"2024-03-29 09:00:00 pm","73.2","92.4","75.6","70.8","point"
"2024-03-29 11:00:00 pm","71.1","94.5","73.0","69.4","point"
"2024-03-30 01:00:00 am","69.6","96.6","71.4","68.6","point"
"2024-03-30 03:00:00 am","66.5","94.4","67.6","64.9","point"
"2024-03-30 05:00:00 am","64.1","94.1","64.9","62.3","point"
"2024-03-30 07:00:00 am","62.9","95.9","63.9","61.7","point"
"2024-03-30 09:00:00 am","68.6","93.5","70.0","66.7","point"
"2024-03-30 11:00:00 am","76.6","81.1","79.0","70.4","point"
"2024-03-30 01:00:00 pm","79.8","73.2","83.8","70.5","point"
"2024-03-30 03:00:00 pm","81.1","70.5","85.5","70.6","point"
"2024-03-30 05:00:00 pm","79.6","73.9","83.7","70.5","point"
"2024-03-30 07:00:00 pm","76.6","87.7","80.2","72.7","point"
"2024-03-30 09:00:00 pm","73.3","89.5","75.6","70.0","point"
"2024-03-30 11:00:00 pm","72.4","94.2","74.8","70.7","point"
"2024-03-31 01:00:00 am","71.3","93.8","73.4","69.4","point"
"2024-03-31 03:00:00 am","69.2","95.2","70.7","67.8","point"
"2024-03-31 05:00:00 am","66.4","96.0","67.8","65.2","point"
"2024-03-31 07:00:00 am","64.4","96.4","65.3","63.3","point"
"2024-03-31 09:00:00 am","68.0","91.6","69.3","65.5","point"
"2024-03-31 11:00:00 am","76.1","82.3","78.6","70.3","point"
"2024-03-31 01:00:00 pm","79.7","77.0","84.2","71.8","point"
"2024-03-31 03:00:00 pm","80.2","73.6","84.6","71.0","point"
"2024-03-31 05:00:00 pm","78.9","77.3","82.9","71.2","point"
"2024-03-31 07:00:00 pm","76.6","89.8","80.4","73.4","point"
"2024-03-31 09:00:00 pm","74.3","95.3","77.5","72.8","point"
"2024-03-31 11:00:00 pm","73.0","97.1","75.7","72.2","point"
"2024-04-01 01:00:00 am","72.4","97.3","75.0","71.6","point"
"2024-04-01 03:00:00 am","72.0","97.2","74.5","71.1","point"
"2024-04-01 05:00:00 am","71.0","97.6","73.0","70.2","point"
"2024-04-01 07:00:00 am","70.9","98.5","73.0","70.4","point"
"2024-04-01 09:00:00 am","72.8","96.2","75.4","71.6","point"
"2024-04-01 11:00:00 am","76.5","85.7","79.5","71.9","point"
"2024-04-01 01:00:00 pm","79.3","80.5","84.4","72.8","point"
"2024-04-01 03:00:00 pm","80.7","75.8","86.0","72.4","point"
"2024-04-01 05:00:00 pm","79.6","79.3","84.9","72.6","point"
"2024-04-01 07:00:00 pm","77.2","91.2","81.5","74.4","point"
"2024-04-01 09:00:00 pm","75.1","95.4","78.8","73.7","point"
"2024-04-01 11:00:00 pm","74.2","96.4","77.5","73.1","point"
"2024-04-02 01:00:00 am","73.3","96.3","76.3","72.1","point"
"2024-04-02 03:00:00 am","71.1","96.0","73.0","69.9","point"
"2024-04-02 05:00:00 am","68.6","96.8","70.2","67.7","point"
"2024-04-02 07:00:00 am","66.9","96.7","68.4","66.0","point"
"2024-04-02 09:00:00 am","71.0","95.2","72.9","69.5","point"
"2024-04-02 11:00:00 am","76.1","81.6","78.4","70.1","point"
"2024-04-02 01:00:00 pm","80.2","78.4","85.6","72.9","point"
"2024-04-02 03:00:00 pm","81.3","78.2","87.8","73.9","point"
"2024-04-02 05:00:00 pm","79.7","80.9","85.5","73.3","point"
"2024-04-02 07:00:00 pm","76.8","91.3","80.6","74.0","point"
"2024-04-02 09:00:00 pm","74.9","96.0","78.6","73.6","point"
"2024-04-02 11:00:00 pm","73.6","97.7","77.0","72.9","point"
"2024-04-03 01:00:00 am","73.1","98.2","76.3","72.5","point"
"2024-04-03 03:00:00 am","72.5","98.5","75.2","72.0","point"
"2024-04-03 05:00:00 am","71.8","98.4","74.3","71.3","point"
"2024-04-03 07:00:00 am","70.6","97.1","72.3","69.7","point"
"2024-04-03 09:00:00 am","71.1","91.9","72.9","68.6","point"
"2024-04-03 11:00:00 am","76.5","82.7","79.2","70.8","point"
"2024-04-03 01:00:00 pm","79.4","78.7","84.4","72.2","point"
"2024-04-03 03:00:00 pm","80.5","76.6","85.8","72.5","point"
"2024-04-03 05:00:00 pm","79.7","78.9","84.7","72.5","point"
"2024-04-03 07:00:00 pm","76.5","88.7","80.1","72.9","point"
"2024-04-03 09:00:00 pm","74.5","92.8","77.7","72.2","point"
"2024-04-03 11:00:00 pm","72.8","94.6","75.4","71.2","point"
"2024-04-04 01:00:00 am","71.2","96.0","73.0","70.0","point"
"2024-04-04 03:00:00 am","68.9","96.5","70.3","67.8","point"
"2024-04-04 05:00:00 am","67.2","96.6","68.5","66.2","point"
"2024-04-04 07:00:00 am","65.9","96.9","67.1","65.0","point"
"2024-04-04 09:00:00 am","70.3","91.8","71.8","67.7","point"
"2024-04-04 11:00:00 am","77.7","81.5","81.1","71.6","point"
"2024-04-04 01:00:00 pm","80.5","74.6","85.5","71.7","point"
"2024-04-04 03:00:00 pm","81.3","74.9","86.7","72.6","point"
"2024-04-04 05:00:00 pm","80.0","76.2","84.7","71.8","point"
"2024-04-04 07:00:00 pm","77.4","90.0","82.2","74.2","point"
"2024-04-04 09:00:00 pm","74.3","94.1","77.7","72.5","point"
"2024-04-04 11:00:00 pm","73.3","96.5","76.3","72.2","point"
"2024-04-05 01:00:00 am","72.5","94.9","74.8","70.9","point"
"2024-04-05 03:00:00 am","70.6","96.0","72.3","69.4","point"
"2024-04-05 05:00:00 am","67.9","96.5","69.4","66.9","point"
"2024-04-05 07:00:00 am","66.3","96.6","67.5","65.3","point"
"2024-04-05 09:00:00 am","69.9","90.3","71.4","66.9","point"
"2024-04-05 11:00:00 am","78.0","82.7","82.0","72.2","point"
"2024-04-05 01:00:00 pm","80.9","78.4","87.1","73.5","point"
"2024-04-05 03:00:00 pm","80.7","79.7","87.1","73.9","point"
"2024-04-05 05:00:00 pm","79.5","82.8","85.5","73.9","point"
"2024-04-05 07:00:00 pm","77.2","90.0","81.3","74.0","point"
"2024-04-05 09:00:00 pm","74.9","94.1","78.4","73.1","point"
"2024-04-05 11:00:00 pm","73.6","95.2","76.8","72.1","point"
"2024-04-06 01:00:00 am","71.5","95.9","73.6","70.2","point"
"2024-04-06 03:00:00 am","68.9","96.6","70.5","67.9","point"
"2024-04-06 05:00:00 am","68.9","97.6","70.7","68.2","point"
"2024-04-06 07:00:00 am","66.6","97.5","68.0","65.9","point"
"2024-04-06 09:00:00 am","71.6","89.3","73.2","68.3","point"
"2024-04-06 11:00:00 am","78.7","80.5","83.1","72.2","point"
"2024-04-06 01:00:00 pm","82.5","77.8","90.1","74.8","point"
"2024-04-06 03:00:00 pm","83.1","77.3","91.9","75.3","point"
"2024-04-06 05:00:00 pm","81.9","77.3","88.9","74.1","point"
"2024-04-06 07:00:00 pm","78.2","90.6","83.8","75.2","point"
"2024-04-06 09:00:00 pm","75.7","93.9","79.3","73.8","point"
"2024-04-06 11:00:00 pm","74.2","95.2","77.5","72.7","point"
"2024-04-07 01:00:00 am","73.7","97.4","76.8","72.9","point"
"2024-04-07 03:00:00 am","73.2","97.9","76.5","72.6","point"
"2024-04-07 05:00:00 am","73.1","97.7","76.3","72.4","point"
"2024-04-07 07:00:00 am","72.1","96.7","74.5","71.1","point"
"2024-04-07 09:00:00 am","73.2","93.8","75.7","71.3","point"
"2024-04-07 11:00:00 am","77.4","85.6","81.3","72.7","point"
"2024-04-07 01:00:00 pm","80.0","79.3","85.6","73.0","point"
"2024-04-07 03:00:00 pm","81.1","78.1","87.4","73.6","point"
"2024-04-07 05:00:00 pm","79.8","79.2","85.3","72.7","point"
"2024-04-07 07:00:00 pm","75.9","84.2","78.6","70.8","point"
"2024-04-07 09:00:00 pm","73.9","90.2","76.5","70.8","point"
"2024-04-07 11:00:00 pm","73.1","93.5","75.7","71.1","point"
"2024-04-08 01:00:00 am","71.4","94.1","73.4","69.6","point"
"2024-04-08 03:00:00 am","69.1","95.6","70.5","67.7","point"
"2024-04-08 05:00:00 am","66.3","95.1","67.5","64.8","point"
"2024-04-08 07:00:00 am","64.6","95.9","65.7","63.4","point"
"2024-04-08 09:00:00 am","70.2","90.3","71.8","67.2","point"
"2024-04-08 11:00:00 am","77.8","78.2","81.0","70.4","point"
"2024-04-08 01:00:00 pm","81.2","67.6","85.1","69.4","point"
"2024-04-08 03:00:00 pm","82.5","65.6","86.9","69.8","point"
"2024-04-08 05:00:00 pm","81.2","64.9","84.6","68.3","point"
"2024-04-08 07:00:00 pm","77.0","80.8","80.1","70.6","point"
"2024-04-08 09:00:00 pm","74.9","90.1","77.9","71.8","point"
"2024-04-08 11:00:00 pm","73.0","91.5","75.4","70.3","point"
"2024-04-09 01:00:00 am","70.0","94.5","71.8","68.3","point"
"2024-04-09 03:00:00 am","65.6","92.5","66.4","63.3","point"
"2024-04-09 05:00:00 am","63.5","93.7","64.2","61.6","point"
"2024-04-09 07:00:00 am","61.2","89.3","61.5","58.0","point"
"2024-04-09 09:00:00 am","70.0","91.9","71.6","67.5","point"
"2024-04-09 11:00:00 am","78.2","78.7","81.9","71.1","point"
"2024-04-09 01:00:00 pm","80.9","72.5","85.6","71.2","point"
"2024-04-09 03:00:00 pm","82.5","67.1","87.3","70.4","point"
"2024-04-09 05:00:00 pm","81.2","70.2","85.6","70.6","point"
"2024-04-09 07:00:00 pm","77.2","86.2","80.8","72.7","point"
"2024-04-09 09:00:00 pm","74.7","91.6","77.9","72.1","point"
"2024-04-09 11:00:00 pm","73.6","93.1","76.5","71.5","point"
"2024-04-10 01:00:00 am","70.7","95.2","72.3","69.2","point"
"2024-04-10 03:00:00 am","67.4","93.9","68.7","65.5","point"
"2024-04-10 05:00:00 am","65.8","95.7","66.7","64.5","point"
"2024-04-10 07:00:00 am","65.4","96.0","66.6","64.2","point"
"2024-04-10 09:00:00 am","72.5","95.1","74.8","71.0","point"
"2024-04-10 11:00:00 am","78.8","78.9","82.9","71.7","point"
"2024-04-10 01:00:00 pm","79.9","75.8","84.4","71.5","point"
"2024-04-10 03:00:00 pm","82.5","73.6","88.9","73.3","point"
"2024-04-10 05:00:00 pm","81.9","70.0","86.9","71.1","point"
"2024-04-10 07:00:00 pm","76.2","79.4","78.3","69.3","point"
"2024-04-10 09:00:00 pm","73.9","88.9","76.3","70.4","point"
"2024-04-10 11:00:00 pm","71.8","94.1","74.1","70.0","point"
"2024-04-11 01:00:00 am","69.2","94.5","70.7","67.5","point"
"2024-04-11 03:00:00 am","67.2","94.9","68.4","65.7","point"
"2024-04-11 05:00:00 am","64.8","95.1","65.7","63.3","point"
"2024-04-11 07:00:00 am","64.0","95.8","64.9","62.7","point"
"2024-04-11 09:00:00 am","70.2","91.7","71.8","67.6","point"
"2024-04-11 11:00:00 am","77.3","80.8","80.4","71.0","point"
"2024-04-11 01:00:00 pm","80.6","72.7","85.3","71.0","point"
"2024-04-11 03:00:00 pm","81.4","71.1","86.4","71.1","point"
"2024-04-11 05:00:00 pm","80.3","72.1","84.6","70.5","point"
"2024-04-11 07:00:00 pm","76.9","79.2","79.3","69.9","point"
"2024-04-11 09:00:00 pm","72.8","85.9","74.7","68.3","point"
"2024-04-11 11:00:00 pm","70.1","92.3","71.6","67.7","point"
"2024-04-12 01:00:00 am","67.8","93.8","69.1","66.0","point"
"2024-04-12 03:00:00 am","65.9","94.9","66.9","64.4","point"
"2024-04-12 05:00:00 am","65.3","95.6","66.2","64.0","point"
"2024-04-12 07:00:00 am","64.8","96.0","65.8","63.7","point"
"2024-04-12 09:00:00 am","71.1","93.7","72.9","69.1","point"
"2024-04-12 11:00:00 am","77.3","80.3","80.2","70.8","point"
"2024-04-12 01:00:00 pm","80.6","73.9","85.3","71.5","point"
"2024-04-12 03:00:00 pm","81.2","68.7","85.3","69.9","point"
"2024-04-12 05:00:00 pm","79.5","72.7","83.1","69.9","point"
"2024-04-12 07:00:00 pm","74.1","87.4","76.5","70.1","point"
"2024-04-12 09:00:00 pm","74.1","91.9","76.8","71.6","point"
"2024-04-12 11:00:00 pm","72.6","94.0","75.2","70.7","point"
"2024-04-13 01:00:00 am","70.3","95.4","72.0","69.0","point"
"2024-04-13 03:00:00 am","67.9","95.2","69.3","66.4","point"
"2024-04-13 05:00:00 am","64.7","94.5","65.5","63.1","point"
"2024-04-13 07:00:00 am","64.1","95.8","65.1","62.9","point"
"2024-04-13 09:00:00 am","70.1","94.1","71.8","68.3","point"
"2024-04-13 11:00:00 am","76.0","81.9","78.4","70.1","point"
"2024-04-13 01:00:00 pm","79.7","70.9","83.3","69.4","point"
"2024-04-13 03:00:00 pm","80.7","71.3","84.9","70.6","point"
"2024-04-13 05:00:00 pm","78.4","75.4","81.5","70.0","point"
"2024-04-13 07:00:00 pm","76.0","89.1","79.2","72.5","point"
"2024-04-13 09:00:00 pm","71.0","95.2","72.9","69.6","point"
"2024-04-13 11:00:00 pm","69.4","97.4","71.1","68.6","point"
"2024-04-14 01:00:00 am","68.6","97.8","70.3","67.9","point"
"2024-04-14 03:00:00 am","67.1","97.9","68.7","66.5","point"
"2024-04-14 05:00:00 am","66.7","98.1","68.2","66.2","point"
"2024-04-14 07:00:00 am","66.1","98.1","67.5","65.5","point"
"2024-04-14 09:00:00 am","71.2","98.4","73.2","70.7","point"
"2024-04-14 11:00:00 am","76.6","88.9","80.1","73.0","point"
"2024-04-14 01:00:00 pm","79.7","81.7","85.6","73.6","point"
"2024-04-14 03:00:00 pm","79.2","83.9","84.9","73.9","point"
"2024-04-14 05:00:00 pm","80.0","81.8","86.0","73.9","point"
"2024-04-14 07:00:00 pm","76.6","87.8","79.9","72.7","point"
"2024-04-14 09:00:00 pm","75.5","94.0","79.2","73.6","point"
"2024-04-14 11:00:00 pm","73.2","95.4","75.9","71.8","point"
"2024-04-15 01:00:00 am","70.8","96.1","72.7","69.7","point"
"2024-04-15 03:00:00 am","68.2","95.7","69.6","66.9","point"
"2024-04-15 05:00:00 am","66.5","95.8","67.8","65.3","point"
"2024-04-15 07:00:00 am","65.6","96.3","66.7","64.5","point"
"2024-04-15 09:00:00 am","71.4","91.2","73.2","68.7","point"
"2024-04-15 11:00:00 am","77.8","76.7","80.8","69.9","point"
"2024-04-15 01:00:00 pm","81.4","56.5","82.8","64.5","point"
"2024-04-15 03:00:00 pm","83.5","46.0","83.8","60.6","point"
"2024-04-15 05:00:00 pm","83.4","62.0","87.6","69.0","point"
"2024-04-15 07:00:00 pm","78.0","85.8","82.6","73.4","point"
"2024-04-15 09:00:00 pm","75.5","90.9","78.6","72.6","point"
"2024-04-15 11:00:00 pm","72.5","92.0","74.7","70.0","point"
"2024-04-16 01:00:00 am","69.9","94.2","71.6","68.1","point"
"2024-04-16 03:00:00 am","67.9","93.9","69.3","66.1","point"
"2024-04-16 05:00:00 am","66.6","95.0","67.8","65.1","point"
"2024-04-16 07:00:00 am","65.3","95.4","66.4","64.0","point"
"2024-04-16 09:00:00 am","72.6","96.3","75.2","71.4","point"
"2024-04-16 11:00:00 am","78.8","78.1","83.1","71.4","point"
"2024-04-16 01:00:00 pm","82.1","73.5","88.2","72.8","point"
"2024-04-16 03:00:00 pm","82.2","73.4","88.2","72.8","point"
"2024-04-16 05:00:00 pm","81.3","74.3","86.5","72.3","point"
"2024-04-16 07:00:00 pm","77.0","87.7","81.0","73.1","point"
"2024-04-16 09:00:00 pm","75.0","92.6","78.3","72.7","point"
"2024-04-16 11:00:00 pm","73.2","93.0","75.7","71.0","point"
"2024-04-17 01:00:00 am","72.5","93.3","75.0","70.5","point"
"2024-04-17 03:00:00 am","69.3","95.1","70.9","67.8","point"
"2024-04-17 05:00:00 am","67.6","95.3","68.9","66.2","point"
"2024-04-17 07:00:00 am","67.0","95.6","68.2","65.8","point"
"2024-04-17 09:00:00 am","72.1","89.6","73.9","68.9","point"
"2024-04-17 11:00:00 am","76.0","77.4","77.7","68.4","point"
"2024-04-17 01:00:00 pm","76.8","79.3","79.2","69.9","point"
"2024-04-17 03:00:00 pm","78.8","79.1","83.3","71.8","point"
"2024-04-17 05:00:00 pm","77.6","84.1","81.5","72.4","point"
"2024-04-17 07:00:00 pm","75.9","90.3","79.2","72.8","point"
"2024-04-17 09:00:00 pm","72.8","89.7","74.8","69.6","point"
"2024-04-17 11:00:00 pm","70.6","93.6","72.1","68.7","point"
"2024-04-18 01:00:00 am","69.7","94.9","71.4","68.2","point"
"2024-04-18 03:00:00 am","69.1","95.6","70.7","67.8","point"
"2024-04-18 05:00:00 am","67.4","95.4","68.7","66.0","point"
"2024-04-18 07:00:00 am","64.7","95.2","65.5","63.3","point"
"2024-04-18 09:00:00 am","70.4","82.7","71.6","64.9","point"
"2024-04-18 11:00:00 am","77.9","76.8","81.1","70.1","point"
"2024-04-18 01:00:00 pm","80.8","70.5","85.3","70.3","point"
"2024-04-18 03:00:00 pm","81.1","73.9","86.4","72.0","point"
"2024-04-18 05:00:00 pm","80.1","74.9","84.7","71.4","point"
"2024-04-18 07:00:00 pm","76.6","91.5","80.4","73.9","point"
"2024-04-18 09:00:00 pm","69.8","96.4","71.6","68.8","point"
"2024-04-18 11:00:00 pm","69.8","98.9","71.6","69.5","point"
"2024-04-19 01:00:00 am","71.5","99.2","73.9","71.3","point"
"2024-04-19 03:00:00 am","71.8","99.3","74.5","71.6","point"
"2024-04-19 05:00:00 am","71.7","99.2","74.1","71.5","point"
"2024-04-19 07:00:00 am","71.6","99.3","74.1","71.4","point"
"2024-04-19 09:00:00 am","72.4","99.1","75.2","72.1","point"
"2024-04-19 11:00:00 am","74.8","97.7","78.6","74.1","point"
"2024-04-19 01:00:00 pm","78.3","91.6","84.6","75.6","point"
"2024-04-19 03:00:00 pm","79.1","88.8","85.6","75.5","point"
"2024-04-19 05:00:00 pm","77.8","90.6","83.1","74.8","point"
"2024-04-19 07:00:00 pm","74.9","92.6","78.3","72.6","point"
"2024-04-19 09:00:00 pm","74.3","96.8","77.9","73.3","point"
"2024-04-19 11:00:00 pm","67.7","98.8","69.3","67.4","point"
"2024-04-20 01:00:00 am","69.5","99.1","71.4","69.2","point"
"2024-04-20 03:00:00 am","69.1","99.4","71.1","69.0","point"
"2024-04-20 05:00:00 am","68.8","99.5","70.5","68.6","point"
"2024-04-20 07:00:00 am","68.0","99.5","69.6","67.8","point"
"2024-04-20 09:00:00 am","68.2","99.5","70.0","68.1","point"
"2024-04-20 11:00:00 am","71.4","99.2","73.6","71.2","point"
"2024-04-20 01:00:00 pm","72.6","99.1","75.6","72.3","point"
"2024-04-20 03:00:00 pm","74.7","98.9","78.8","74.4","point"
"2024-04-20 05:00:00 pm","73.9","98.8","77.4","73.5","point"
"2024-04-20 07:00:00 pm","72.6","98.9","75.6","72.2","point"
"2024-04-20 09:00:00 pm","70.2","99.0","72.1","69.9","point"
"2024-04-20 11:00:00 pm","68.5","99.1","70.2","68.3","point"
"2024-04-21 01:00:00 am","67.7","99.2","69.3","67.5","point"
"2024-04-21 03:00:00 am","66.8","99.3","68.4","66.6","point"
"2024-04-21 05:00:00 am","65.7","99.4","67.3","65.6","point"
"2024-04-21 07:00:00 am","65.7","99.4","67.3","65.5","point"
"2024-04-21 09:00:00 am","71.0","99.1","73.0","70.7","point"
"2024-04-21 11:00:00 am","76.8","98.5","81.7","76.3","point"
"2024-04-21 01:00:00 pm","78.5","97.0","86.2","77.6","point"
"2024-04-21 03:00:00 pm","79.8","87.6","87.1","75.8","point"
"2024-04-21 05:00:00 pm","78.9","90.3","85.6","75.8","point"
"2024-04-21 07:00:00 pm","76.8","95.3","81.9","75.4","point"
"2024-04-21 09:00:00 pm","75.1","96.8","79.0","74.2","point"
"2024-04-21 11:00:00 pm","74.1","97.3","77.4","73.3","point"
"2024-04-22 01:00:00 am","73.6","97.3","76.8","72.8","point"
"2024-04-22 03:00:00 am","72.7","97.1","75.6","71.8","point"
"2024-04-22 05:00:00 am","71.1","96.6","73.0","70.1","point"
"2024-04-22 07:00:00 am","69.7","96.6","71.4","68.7","point"
"2024-04-22 09:00:00 am","72.5","96.3","75.2","71.4","point"
"2024-04-22 11:00:00 am","77.6","85.9","81.9","73.0","point"
"2024-04-22 01:00:00 pm","79.1","85.4","84.9","74.3","point"
"2024-04-22 03:00:00 pm","79.5","86.0","86.4","75.0","point"
"2024-04-22 05:00:00 pm","73.2","95.3","75.9","71.7","point"
"2024-04-22 07:00:00 pm","73.7","93.3","76.5","71.6","point"
"2024-04-22 09:00:00 pm","73.2","94.5","76.1","71.5","point"
"2024-04-22 11:00:00 pm","72.6","95.1","75.2","71.1","point"
"2024-04-23 01:00:00 am","70.8","96.1","72.7","69.6","point"
"2024-04-23 03:00:00 am","68.7","96.2","70.3","67.6","point"
"2024-04-23 05:00:00 am","66.9","96.1","68.4","65.8","point"
"2024-04-23 07:00:00 am","65.4","95.6","66.4","64.1","point"
"2024-04-23 09:00:00 am","72.1","93.0","74.1","70.0","point"
"2024-04-23 11:00:00 am","78.3","85.4","83.3","73.5","point"
"2024-04-23 01:00:00 pm","81.2","83.1","89.1","75.5","point"
"2024-04-23 03:00:00 pm","80.9","80.4","87.6","74.3","point"
"2024-04-23 05:00:00 pm","79.9","82.7","86.2","74.1","point"
"2024-04-23 07:00:00 pm","76.9","92.8","81.3","74.7","point"
"2024-04-23 09:00:00 pm","75.5","94.6","79.2","73.9","point"
"2024-04-23 11:00:00 pm","74.4","94.9","77.7","72.8","point"
"2024-04-24 01:00:00 am","73.9","95.7","77.0","72.6","point"
"2024-04-24 03:00:00 am","72.9","96.1","75.7","71.7","point"
"2024-04-24 05:00:00 am","72.8","96.4","75.6","71.7","point"
"2024-04-24 07:00:00 am","71.8","96.6","74.1","70.8","point"
"2024-04-24 09:00:00 am","73.4","94.8","76.5","71.8","point"
"2024-04-24 11:00:00 am","77.3","85.5","81.0","72.6","point"
"2024-04-24 01:00:00 pm","79.7","79.7","85.3","72.9","point"
"2024-04-24 03:00:00 pm","80.9","74.5","86.2","72.0","point"
"2024-04-24 05:00:00 pm","80.1","77.9","85.5","72.6","point"
"2024-04-24 07:00:00 pm","77.5","89.5","82.0","74.1","point"
"2024-04-24 09:00:00 pm","74.2","90.7","77.0","71.3","point"
"2024-04-24 11:00:00 pm","73.7","93.3","76.5","71.6","point"
"2024-04-25 01:00:00 am","71.5","94.0","73.6","69.7","point"
"2024-04-25 03:00:00 am","69.2","94.7","70.7","67.6","point"
"2024-04-25 05:00:00 am","67.0","94.5","68.2","65.3","point"
"2024-04-25 07:00:00 am","65.7","95.0","66.7","64.2","point"
"2024-04-25 09:00:00 am","72.0","92.4","74.1","69.7","point"
"2024-04-25 11:00:00 am","79.2","78.5","83.8","71.9","point"
"2024-04-25 01:00:00 pm","81.3","65.2","84.6","68.5","point"
"2024-04-25 03:00:00 pm","81.7","73.7","87.4","72.5","point"
"2024-04-25 05:00:00 pm","80.4","78.3","86.0","73.0","point"
"2024-04-25 07:00:00 pm","77.1","84.2","80.4","71.9","point"
"2024-04-25 09:00:00 pm","74.0","86.8","76.5","69.9","point"
"2024-04-25 11:00:00 pm","74.0","91.3","76.8","71.3","point"
"2024-04-26 01:00:00 am","71.3","92.7","73.2","69.0","point"
"2024-04-26 03:00:00 am","67.6","91.8","68.5","65.1","point"
"2024-04-26 05:00:00 am","65.7","92.9","66.6","63.6","point"
"2024-04-26 07:00:00 am","64.2","93.5","64.8","62.3","point"
"2024-04-26 09:00:00 am","71.1","86.0","72.5","66.7","point"
"2024-04-26 11:00:00 am","79.3","76.7","83.5","71.3","point"
"2024-04-26 01:00:00 pm","81.9","75.6","88.3","73.4","point"
"2024-04-26 03:00:00 pm","82.0","75.4","88.3","73.5","point"
"2024-04-26 05:00:00 pm","80.6","76.9","86.0","72.6","point"
"2024-04-26 07:00:00 pm","76.3","82.9","78.8","70.7","point"
"2024-04-26 09:00:00 pm","74.9","89.8","77.7","71.7","point"
"2024-04-26 11:00:00 pm","74.1","91.2","76.8","71.3","point"
"2024-04-27 01:00:00 am","72.3","93.3","74.5","70.2","point"
"2024-04-27 03:00:00 am","68.4","91.3","69.6","65.8","point"
"2024-04-27 05:00:00 am","66.2","91.6","66.9","63.6","point"
"2024-04-27 07:00:00 am","65.4","92.0","66.2","63.0","point"
"2024-04-27 09:00:00 am","73.2","87.9","75.4","69.4","point"
"2024-04-27 11:00:00 am","79.8","72.7","83.7","70.3","point"
"2024-04-27 01:00:00 pm","83.2","64.3","88.0","69.9","point"
"2024-04-27 03:00:00 pm","84.5","66.9","91.8","72.3","point"
"2024-04-27 05:00:00 pm","82.9","77.8","91.2","75.2","point"
"2024-04-27 07:00:00 pm","78.0","88.8","83.3","74.5","point"
"2024-04-27 09:00:00 pm","76.2","91.5","79.9","73.5","point"
"2024-04-27 11:00:00 pm","74.3","93.0","77.5","72.1","point"
"2024-04-28 01:00:00 am","74.2","93.4","77.2","72.2","point"
"2024-04-28 03:00:00 am","71.2","93.8","72.9","69.3","point"
"2024-04-28 05:00:00 am","70.9","94.6","72.9","69.3","point"
"2024-04-28 07:00:00 am","70.9","95.2","72.9","69.4","point"
"2024-04-28 09:00:00 am","73.9","95.1","77.0","72.3","point"
"2024-04-28 11:00:00 am","80.0","78.7","85.5","72.7","point"
"2024-04-28 01:00:00 pm","82.6","75.2","90.0","74.0","point"
"2024-04-28 03:00:00 pm","82.8","77.1","91.0","74.8","point"
"2024-04-28 05:00:00 pm","81.1","79.2","87.8","74.0","point"
"2024-04-28 07:00:00 pm","77.9","87.1","82.4","73.7","point"
"2024-04-28 09:00:00 pm","75.9","91.8","79.3","73.3","point"
"2024-04-28 11:00:00 pm","75.2","93.9","79.0","73.3","point"
"2024-04-29 01:00:00 am","72.5","92.8","74.7","70.3","point"
"2024-04-29 03:00:00 am","69.9","93.8","71.4","68.1","point"
"2024-04-29 05:00:00 am","69.1","93.7","70.5","67.2","point"
"2024-04-29 07:00:00 am","68.8","94.5","70.3","67.1","point"
"2024-04-29 09:00:00 am","72.6","90.7","74.8","69.7","point"
"2024-04-29 11:00:00 am","79.7","77.4","84.4","72.0","point"
"2024-04-29 01:00:00 pm","81.9","73.8","88.0","72.7","point"
"2024-04-29 03:00:00 pm","82.5","74.4","89.1","73.5","point"
"2024-04-29 05:00:00 pm","80.8","74.9","86.2","72.1","point"
"2024-04-29 07:00:00 pm","78.0","83.4","82.2","72.5","point"
"2024-04-29 09:00:00 pm","76.1","89.7","79.2","72.8","point"
"2024-04-29 11:00:00 pm","74.2","92.6","77.2","71.9","point"
"2024-04-30 01:00:00 am","72.4","93.2","74.7","70.3","point"
"2024-04-30 03:00:00 am","71.7","94.5","73.9","70.1","point"
"2024-04-30 05:00:00 am","67.9","93.0","69.1","65.9","point"
"2024-04-30 07:00:00 am","67.0","93.9","68.2","65.2","point"
"2024-04-30 09:00:00 am","72.8","94.0","75.4","70.9","point"
"2024-04-30 11:00:00 am","77.6","81.1","81.1","71.4","point"
"2024-04-30 01:00:00 pm","79.9","79.2","85.6","72.9","point"
"2024-04-30 03:00:00 pm","80.5","79.5","86.7","73.6","point"
"2024-04-30 05:00:00 pm","78.8","83.4","84.2","73.3","point"
"2024-04-30 07:00:00 pm","77.4","90.1","82.2","74.2","point"
"2024-04-30 09:00:00 pm","75.9","92.2","79.3","73.5","point"
"2024-04-30 11:00:00 pm","74.0","92.0","76.8","71.5","point"
"2024-05-01 01:00:00 am","74.2","95.0","77.5","72.6","point"
"2024-05-01 03:00:00 am","73.3","95.1","76.3","71.8","point"
"2024-05-01 05:00:00 am","72.8","95.2","75.4","71.3","point"
"2024-05-01 07:00:00 am","72.8","94.5","75.4","71.1","point"
"2024-05-01 09:00:00 am","74.2","91.7","77.2","71.6","point"
"2024-05-01 11:00:00 am","77.7","82.5","81.7","72.0","point"
"2024-05-01 01:00:00 pm","79.5","82.2","85.1","73.6","point"
"2024-05-01 03:00:00 pm","80.4","80.1","86.4","73.7","point"
"2024-05-01 05:00:00 pm","79.8","82.6","85.8","74.0","point"
"2024-05-01 07:00:00 pm","77.5","89.4","82.0","74.2","point"
"2024-05-01 09:00:00 pm","75.7","92.1","79.2","73.2","point"
"2024-05-01 11:00:00 pm","74.2","90.9","77.0","71.3","point"
"2024-05-02 01:00:00 am","73.6","92.2","76.5","71.2","point"
"2024-05-02 03:00:00 am","73.4","92.9","76.3","71.2","point"
"2024-05-02 05:00:00 am","71.3","93.9","73.4","69.5","point"
"2024-05-02 07:00:00 am","70.7","94.7","72.3","69.1","point"
"2024-05-02 09:00:00 am","74.0","92.3","76.8","71.6","point"
"2024-05-02 11:00:00 am","79.2","83.2","84.9","73.7","point"
"2024-05-02 01:00:00 pm","81.6","77.1","88.2","73.7","point"
"2024-05-02 03:00:00 pm","82.4","79.0","90.5","75.2","point"
"2024-05-02 05:00:00 pm","81.4","79.6","88.5","74.5","point"
"2024-05-02 07:00:00 pm","78.3","86.5","83.7","73.9","point"
"2024-05-02 09:00:00 pm","77.5","91.2","82.2","74.8","point"
"2024-05-02 11:00:00 pm","76.2","92.7","80.1","73.9","point"
"2024-05-03 01:00:00 am","75.1","95.1","78.8","73.5","point"
"2024-05-03 03:00:00 am","74.5","93.7","77.7","72.6","point"
"2024-05-03 05:00:00 am","71.0","82.6","72.3","65.4","point"
"2024-05-03 07:00:00 am","68.9","87.2","69.8","64.9","point"
"2024-05-03 09:00:00 am","72.1","77.4","73.2","64.6","point"
"2024-05-03 11:00:00 am","75.5","84.9","78.1","70.7","point"
"2024-05-03 01:00:00 pm","78.3","85.3","83.3","73.5","point"
"2024-05-03 03:00:00 pm","79.2","82.7","84.7","73.5","point"
"2024-05-03 05:00:00 pm","79.0","83.6","84.6","73.6","point"
"2024-05-03 07:00:00 pm","77.0","85.5","80.6","72.3","point"
"2024-05-03 09:00:00 pm","74.7","87.2","77.4","70.6","point"
"2024-05-03 11:00:00 pm","71.6","90.6","73.6","68.7","point"
"2024-05-04 01:00:00 am","69.9","92.7","71.4","67.7","point"
"2024-05-04 03:00:00 am","68.6","93.7","70.0","66.7","point"
"2024-05-04 05:00:00 am","68.3","93.3","69.4","66.3","point"
"2024-05-04 07:00:00 am","69.5","94.7","71.1","67.9","point"
"2024-05-04 09:00:00 am","72.9","90.6","75.4","70.0","point"
"2024-05-04 11:00:00 am","77.7","80.2","81.3","71.2","point"
"2024-05-04 01:00:00 pm","80.4","76.6","85.6","72.4","point"
"2024-05-04 03:00:00 pm","80.7","69.6","84.7","69.9","point"
"2024-05-04 05:00:00 pm","80.1","71.1","84.0","69.9","point"
"2024-05-04 07:00:00 pm","77.3","83.7","80.8","72.0","point"
"2024-05-04 09:00:00 pm","74.9","88.6","77.7","71.3","point"
"2024-05-04 11:00:00 pm","72.1","90.4","74.1","69.2","point"
"2024-05-05 01:00:00 am","71.0","89.9","72.5","67.8","point"
"2024-05-05 03:00:00 am","69.9","91.0","71.4","67.1","point"
"2024-05-05 05:00:00 am","67.8","91.8","68.7","65.3","point"
"2024-05-05 07:00:00 am","65.9","93.3","66.7","63.9","point"
"2024-05-05 09:00:00 am","70.6","89.0","72.0","67.2","point"
"2024-05-05 11:00:00 am","75.7","74.4","77.0","67.0","point"
"2024-05-05 01:00:00 pm","78.2","66.1","79.7","65.9","point"
"2024-05-05 03:00:00 pm","79.5","68.0","82.2","68.0","point"
"2024-05-05 05:00:00 pm","78.8","69.6","81.3","68.0","point"
"2024-05-05 07:00:00 pm","75.4","79.0","77.4","68.5","point"
"2024-05-05 09:00:00 pm","74.0","90.6","76.8","71.1","point"
"2024-05-05 11:00:00 pm","72.7","89.8","74.8","69.5","point"
"2024-05-06 01:00:00 am","71.9","91.7","73.9","69.4","point"
"2024-05-06 03:00:00 am","71.7","91.4","73.6","69.1","point"
"2024-05-06 05:00:00 am","71.8","93.1","73.9","69.7","point"
"2024-05-06 07:00:00 am","71.5","92.2","73.4","69.1","point"
"2024-05-06 09:00:00 am","72.6","90.8","74.8","69.8","point"
"2024-05-06 11:00:00 am","76.8","79.5","79.2","70.0","point"
"2024-05-06 01:00:00 pm","78.5","77.6","82.2","71.0","point"
"2024-05-06 03:00:00 pm","79.4","76.7","83.8","71.4","point"
"2024-05-06 05:00:00 pm","78.5","77.9","82.4","71.0","point"
"2024-05-06 07:00:00 pm","75.8","85.3","78.4","71.1","point"
"2024-05-06 09:00:00 pm","74.3","88.7","76.8","70.7","point"
"2024-05-06 11:00:00 pm","73.6","91.7","76.5","71.0","point"
"2024-05-07 01:00:00 am","73.5","93.2","76.3","71.4","point"
"2024-05-07 03:00:00 am","72.9","94.3","75.6","71.2","point"
"2024-05-07 05:00:00 am","72.4","94.4","74.8","70.7","point"
"2024-05-07 07:00:00 am","72.2","94.9","74.7","70.6","point"
"2024-05-07 09:00:00 am","68.4","97.4","70.0","67.6","point"
"2024-05-07 11:00:00 am","74.7","96.2","78.3","73.6","point"
"2024-05-07 01:00:00 pm","78.0","93.0","84.0","75.8","point"
"2024-05-07 03:00:00 pm","78.6","87.8","84.2","74.7","point"
"2024-05-07 05:00:00 pm","76.5","94.6","80.8","74.8","point"
"2024-05-07 07:00:00 pm","75.2","96.7","79.2","74.2","point"
"2024-05-07 09:00:00 pm","74.1","97.6","77.5","73.4","point"
"2024-05-07 11:00:00 pm","73.5","98.0","76.8","72.9","point"
"2024-05-08 01:00:00 am","72.6","98.1","75.4","72.0","point"
"2024-05-08 03:00:00 am","71.9","98.2","74.3","71.3","point"
"2024-05-08 05:00:00 am","71.3","98.3","73.6","70.8","point"
"2024-05-08 07:00:00 am","70.7","98.2","72.9","70.2","point"
"2024-05-08 09:00:00 am","73.0","98.3","75.9","72.5","point"
"2024-05-08 11:00:00 am","75.5","95.9","79.3","74.2","point"
"2024-05-08 01:00:00 pm","78.4","89.6","84.2","75.0","point"
"2024-05-08 03:00:00 pm","81.4","85.5","90.1","76.7","point"
"2024-05-08 05:00:00 pm","72.8","88.8","74.8","69.2","point"
"2024-05-08 07:00:00 pm","67.4","97.8","68.9","66.8","point"
"2024-05-08 09:00:00 pm","69.9","98.3","71.8","69.4","point"
"2024-05-08 11:00:00 pm","71.2","98.4","73.2","70.8","point"
"2024-05-09 01:00:00 am","70.6","98.6","72.5","70.1","point"
"2024-05-09 03:00:00 am","69.0","98.8","70.7","68.7","point"
"2024-05-09 05:00:00 am","68.7","98.9","70.3","68.4","point"
"2024-05-09 07:00:00 am","68.8","98.9","70.5","68.5","point"
"2024-05-09 09:00:00 am","72.0","98.8","74.7","71.7","point"
"2024-05-09 11:00:00 am","73.7","98.3","77.0","73.2","point"
"2024-05-09 01:00:00 pm","77.2","88.5","81.5","73.5","point"
"2024-05-09 03:00:00 pm","78.5","86.5","84.0","74.1","point"
"2024-05-09 05:00:00 pm","68.3","97.4","69.8","67.5","point"
"2024-05-09 07:00:00 pm","69.7","98.0","71.6","69.1","point"
"2024-05-09 09:00:00 pm","70.4","98.2","72.3","69.9","point"
"2024-05-09 11:00:00 pm","71.2","98.4","73.2","70.7","point"
"2024-05-10 01:00:00 am","70.8","98.5","72.9","70.3","point"
"2024-05-10 03:00:00 am","70.8","98.6","72.9","70.4","point"
"2024-05-10 05:00:00 am","69.8","98.7","71.8","69.4","point"
"2024-05-10 07:00:00 am","69.9","98.8","71.8","69.5","point"
"2024-05-10 09:00:00 am","71.7","98.7","74.1","71.3","point"
"2024-05-10 11:00:00 am","74.4","98.3","78.1","73.9","point"
"2024-05-10 01:00:00 pm","77.5","88.5","81.9","73.8","point"
"2024-05-10 03:00:00 pm","76.1","86.3","79.2","71.7","point"
"2024-05-10 05:00:00 pm","76.8","89.2","80.4","73.4","point"
"2024-05-10 07:00:00 pm","75.8","94.3","79.7","74.0","point"
"2024-05-10 09:00:00 pm","74.9","95.6","78.6","73.5","point"
"2024-05-10 11:00:00 pm","73.9","96.4","77.0","72.9","point"
"2024-05-11 01:00:00 am","72.3","96.4","75.0","71.3","point"
"2024-05-11 03:00:00 am","70.2","94.9","72.0","68.6","point"
"2024-05-11 05:00:00 am","69.2","95.0","70.7","67.7","point"
"2024-05-11 07:00:00 am","69.1","96.4","70.7","68.1","point"
"2024-05-11 09:00:00 am","71.7","95.6","73.9","70.4","point"
"2024-05-11 11:00:00 am","77.3","86.8","81.1","73.0","point"
"2024-05-11 01:00:00 pm","79.4","83.2","85.3","73.8","point"
"2024-05-11 03:00:00 pm","72.6","93.0","75.0","70.4","point"
"2024-05-11 05:00:00 pm","70.9","97.5","73.0","70.1","point"
"2024-05-11 07:00:00 pm","69.8","97.9","71.6","69.1","point"
"2024-05-11 09:00:00 pm","70.4","98.2","72.3","69.8","point"
"2024-05-11 11:00:00 pm","70.9","98.4","73.0","70.4","point"
"2024-05-12 01:00:00 am","71.1","98.4","73.2","70.6","point"
"2024-05-12 03:00:00 am","70.8","98.6","72.9","70.4","point"
"2024-05-12 05:00:00 am","70.3","98.6","72.1","69.9","point"
"2024-05-12 07:00:00 am","70.8","98.7","72.9","70.4","point"
"2024-05-12 09:00:00 am","72.8","98.6","75.7","72.4","point"
"2024-05-12 11:00:00 am","76.2","97.8","80.8","75.5","point"
"2024-05-12 01:00:00 pm","77.0","93.4","81.9","74.9","point"
"2024-05-12 03:00:00 pm","77.2","93.5","81.9","75.1","point"
"2024-05-12 05:00:00 pm","67.4","96.8","68.7","66.4","point"
"2024-05-12 07:00:00 pm","69.0","98.0","70.7","68.4","point"
"2024-05-12 09:00:00 pm","68.7","98.3","70.5","68.2","point"
"2024-05-12 11:00:00 pm","67.9","98.5","69.6","67.5","point"
"2024-05-13 01:00:00 am","68.4","98.6","70.2","67.9","point"
"2024-05-13 03:00:00 am","69.8","98.6","71.8","69.4","point"
"2024-05-13 05:00:00 am","65.5","99.1","66.9","65.2","point"
"2024-05-13 07:00:00 am","66.2","99.2","67.6","66.0","point"
"2024-05-13 09:00:00 am","67.2","99.2","68.7","66.9","point"
"2024-05-13 11:00:00 am","69.7","99.1","71.6","69.5","point"
"2024-05-13 01:00:00 pm","73.3","98.9","76.6","73.0","point"
"2024-05-13 03:00:00 pm","75.1","98.6","79.2","74.7","point"
"2024-05-13 05:00:00 pm","74.9","98.0","78.8","74.3","point"
"2024-05-13 07:00:00 pm","73.7","98.2","77.0","73.2","point"
"2024-05-13 09:00:00 pm","71.7","98.3","74.1","71.2","point"
"2024-05-13 11:00:00 pm","69.7","98.3","71.6","69.2","point"
"2024-05-14 01:00:00 am","69.1","98.2","70.9","68.6","point"
"2024-05-14 03:00:00 am","70.3","98.4","72.1","69.8","point"
"2024-05-14 05:00:00 am","69.3","98.3","71.2","68.8","point"
"2024-05-14 07:00:00 am","69.1","98.5","70.7","68.6","point"
"2024-05-14 09:00:00 am","70.6","98.6","72.5","70.2","point"
"2024-05-14 11:00:00 am","74.2","97.9","77.7","73.5","point"
"2024-05-14 01:00:00 pm","75.7","92.1","79.2","73.2","point"
"2024-05-14 03:00:00 pm","77.1","91.6","81.7","74.5","point"
"2024-05-14 05:00:00 pm","74.2","96.8","77.5","73.3","point"
"2024-05-14 07:00:00 pm","73.0","97.6","75.9","72.2","point"
"2024-05-14 09:00:00 pm","72.8","98.0","75.7","72.2","point"
"2024-05-14 11:00:00 pm","72.7","98.2","75.7","72.2","point"
"2024-05-15 01:00:00 am","72.0","98.4","74.7","71.5","point"
"2024-05-15 03:00:00 am","72.0","98.4","74.7","71.5","point"
"2024-05-15 05:00:00 am","71.7","98.4","74.1","71.2","point"
"2024-05-15 07:00:00 am","68.0","98.1","69.6","67.4","point"
"2024-05-15 09:00:00 am","69.5","98.6","71.4","69.1","point"
"2024-05-15 11:00:00 am","74.4","98.3","78.1","73.9","point"
"2024-05-15 01:00:00 pm","77.0","93.5","81.3","74.9","point"
"2024-05-15 03:00:00 pm","78.5","91.7","85.1","75.9","point"
"2024-05-15 05:00:00 pm","74.0","92.2","76.8","71.6","point"
"2024-05-15 07:00:00 pm","70.9","98.0","73.0","70.3","point"
"2024-05-15 09:00:00 pm","70.5","98.4","72.5","70.1","point"
"2024-05-15 11:00:00 pm","71.3","98.6","73.6","70.9","point"
"2024-05-16 01:00:00 am","72.1","98.7","74.7","71.7","point"
"2024-05-16 03:00:00 am","70.4","98.8","72.3","70.0","point"
"2024-05-16 05:00:00 am","69.1","98.9","70.9","68.8","point"
"2024-05-16 07:00:00 am","70.1","98.9","72.0","69.8","point"
"2024-05-16 09:00:00 am","72.3","98.9","75.0","72.0","point"
"2024-05-16 11:00:00 am","73.5","98.7","76.8","73.1","point"
"2024-05-16 01:00:00 pm","76.2","97.6","80.8","75.5","point"
"2024-05-16 03:00:00 pm","77.3","91.0","81.9","74.5","point"
"2024-05-16 05:00:00 pm","74.5","93.3","77.7","72.4","point"
"2024-05-16 07:00:00 pm","69.9","97.1","71.6","69.0","point"
"2024-05-16 09:00:00 pm","69.8","98.1","71.6","69.2","point"
"2024-05-16 11:00:00 pm","69.9","98.4","71.8","69.4","point"
"2024-05-17 01:00:00 am","69.9","98.6","71.8","69.4","point"
"2024-05-17 03:00:00 am","70.3","98.7","72.1","69.9","point"
"2024-05-17 05:00:00 am","70.1","98.7","72.0","69.7","point"
"2024-05-17 07:00:00 am","69.2","98.8","70.9","68.8","point"
"2024-05-17 09:00:00 am","71.6","98.8","73.9","71.2","point"
"2024-05-17 11:00:00 am","73.9","98.6","77.2","73.5","point"
"2024-05-17 01:00:00 pm","69.7","97.2","71.4","68.8","point"
"2024-05-17 03:00:00 pm","72.3","98.4","75.2","71.9","point"
"2024-05-17 05:00:00 pm","73.8","98.6","77.2","73.3","point"
"2024-05-17 07:00:00 pm","71.4","98.8","73.6","71.0","point"
"2024-05-17 09:00:00 pm","72.0","98.8","74.7","71.6","point"
"2024-05-17 11:00:00 pm","70.2","98.9","72.1","69.9","point"
"2024-05-18 01:00:00 am","68.9","99.2","70.7","68.6","point"
"2024-05-18 03:00:00 am","68.2","99.3","70.0","68.0","point"
"2024-05-18 05:00:00 am","67.6","99.4","69.1","67.4","point"
"2024-05-18 07:00:00 am","67.4","99.4","68.9","67.3","point"
"2024-05-18 09:00:00 am","70.7","99.2","72.5","70.4","point"
"2024-05-18 11:00:00 am","73.5","99.1","76.8","73.2","point"
"2024-05-18 01:00:00 pm","75.1","98.9","79.3","74.8","point"
"2024-05-18 03:00:00 pm","75.2","98.6","79.2","74.8","point"
"2024-05-18 05:00:00 pm","70.4","98.7","72.3","70.0","point"
"2024-05-18 07:00:00 pm","70.4","98.9","72.3","70.1","point"
"2024-05-18 09:00:00 pm","71.2","98.9","73.4","70.8","point"
"2024-05-18 11:00:00 pm","70.7","99.0","72.9","70.4","point"
"2024-05-19 01:00:00 am","70.6","99.1","72.5","70.3","point"
"2024-05-19 03:00:00 am","69.1","99.1","70.9","68.8","point"
"2024-05-19 05:00:00 am","68.7","99.2","70.3","68.5","point"
"2024-05-19 07:00:00 am","68.6","99.3","70.3","68.4","point"
"2024-05-19 09:00:00 am","70.7","99.2","72.5","70.4","point"
"2024-05-19 11:00:00 am","73.0","99.1","76.1","72.7","point"
"2024-05-19 01:00:00 pm","73.6","99.0","77.2","73.3","point"
"2024-05-19 03:00:00 pm","74.1","98.8","77.7","73.7","point"
"2024-05-19 05:00:00 pm","74.0","98.6","77.5","73.5","point"
"2024-05-19 07:00:00 pm","73.7","98.6","77.0","73.3","point"
"2024-05-19 09:00:00 pm","69.8","98.5","71.6","69.3","point"
"2024-05-19 11:00:00 pm","69.0","98.8","70.7","68.7","point"
"2024-05-20 01:00:00 am","68.9","98.9","70.7","68.6","point"
"2024-05-20 03:00:00 am","68.4","99.0","70.2","68.1","point"
"2024-05-20 05:00:00 am","69.3","99.0","71.2","69.0","point"
"2024-05-20 07:00:00 am","69.8","99.0","71.6","69.5","point"
"2024-05-20 09:00:00 am","70.5","99.0","72.3","70.2","point"
"2024-05-20 11:00:00 am","72.1","98.9","74.7","71.7","point"
"2024-05-20 01:00:00 pm","73.7","98.7","77.0","73.3","point"
"2024-05-20 03:00:00 pm","73.4","98.4","76.5","72.9","point"
"2024-05-20 05:00:00 pm","72.8","98.6","75.7","72.4","point"
"2024-05-20 07:00:00 pm","71.4","98.8","73.6","71.0","point"
"2024-05-20 09:00:00 pm","70.8","98.8","72.9","70.4","point"
"2024-05-20 11:00:00 pm","70.6","98.9","72.5","70.3","point"
"2024-05-21 01:00:00 am","69.9","99.0","71.8","69.6","point"
"2024-05-21 03:00:00 am","69.1","99.1","70.9","68.9","point"
"2024-05-21 05:00:00 am","68.9","99.1","70.5","68.6","point"
"2024-05-21 07:00:00 am","68.8","99.1","70.5","68.6","point"
"2024-05-21 09:00:00 am","70.4","99.1","72.3","70.2","point"
"2024-05-21 11:00:00 am","74.1","99.0","77.7","73.8","point"
"2024-05-21 01:00:00 pm","74.9","98.9","79.0","74.5","point"
"2024-05-21 03:00:00 pm","75.8","98.7","80.2","75.4","point"
"2024-05-21 05:00:00 pm","75.3","98.6","79.3","74.8","point"
"2024-05-21 07:00:00 pm","71.8","98.7","74.3","71.4","point"
"2024-05-21 09:00:00 pm","71.7","98.8","74.1","71.3","point"
"2024-05-21 11:00:00 pm","71.2","98.9","73.4","70.9","point"
"2024-05-22 01:00:00 am","70.4","99.0","72.3","70.1","point"
"2024-05-22 03:00:00 am","69.8","99.0","71.6","69.5","point"
"2024-05-22 05:00:00 am","69.9","99.1","71.8","69.6","point"
"2024-05-22 07:00:00 am","70.0","99.1","72.0","69.7","point"
"2024-05-22 09:00:00 am","72.1","99.1","74.7","71.8","point"
"2024-05-22 11:00:00 am","74.6","98.9","78.4","74.2","point"
"2024-05-22 01:00:00 pm","75.5","98.9","79.9","75.2","point"
"2024-05-22 03:00:00 pm","76.1","98.3","80.8","75.6","point"
"2024-05-22 05:00:00 pm","77.1","97.7","82.6","76.4","point"
"2024-05-22 07:00:00 pm","73.3","97.8","76.5","72.7","point"
"2024-05-22 09:00:00 pm","73.1","98.2","76.3","72.5","point"
"2024-05-22 11:00:00 pm","72.2","98.4","74.8","71.7","point"
"2024-05-23 01:00:00 am","72.6","98.4","75.4","72.2","point"
"2024-05-23 03:00:00 am","69.5","98.0","71.4","69.0","point"
"2024-05-23 05:00:00 am","68.3","97.5","69.8","67.6","point"
"2024-05-23 07:00:00 am","69.3","97.7","71.2","68.6","point"
"2024-05-23 09:00:00 am","73.4","98.2","76.5","72.8","point"
"2024-05-23 11:00:00 am","75.6","97.5","79.9","74.9","point"
"2024-05-23 01:00:00 pm","76.2","94.4","80.2","74.5","point"
"2024-05-23 03:00:00 pm","74.3","96.7","77.9","73.3","point"
"2024-05-23 05:00:00 pm","74.6","97.0","78.1","73.7","point"
"2024-05-23 07:00:00 pm","73.4","98.0","76.5","72.8","point"
"2024-05-23 09:00:00 pm","73.3","98.4","76.5","72.8","point"
"2024-05-23 11:00:00 pm","73.0","98.5","75.9","72.6","point"
"2024-05-24 01:00:00 am","72.2","98.5","74.8","71.7","point"
"2024-05-24 03:00:00 am","72.3","98.5","75.2","71.9","point"
"2024-05-24 05:00:00 am","72.6","98.5","75.4","72.2","point"
"2024-05-24 07:00:00 am","71.7","98.6","74.1","71.3","point"
"2024-05-24 09:00:00 am","71.3","98.7","73.6","70.9","point"
"2024-05-24 11:00:00 am","72.4","98.7","75.2","72.0","point"
"2024-05-24 01:00:00 pm","73.2","98.5","76.5","72.8","point"
"2024-05-24 03:00:00 pm","72.6","98.6","75.4","72.2","point"
"2024-05-24 05:00:00 pm","72.9","98.7","75.9","72.5","point"
"2024-05-24 07:00:00 pm","73.0","98.8","75.9","72.6","point"
"2024-05-24 09:00:00 pm","67.0","98.9","68.5","66.7","point"
"2024-05-24 11:00:00 pm","67.6","99.0","69.1","67.3","point"
"2024-05-25 01:00:00 am","68.4","99.1","70.2","68.1","point"
"2024-05-25 03:00:00 am","67.1","99.2","68.7","66.9","point"
"2024-05-25 05:00:00 am","66.4","99.3","68.0","66.2","point"
"2024-05-25 07:00:00 am","66.7","99.3","68.2","66.5","point"
"2024-05-25 09:00:00 am","67.5","99.3","69.1","67.3","point"
"2024-05-25 11:00:00 am","68.7","99.3","70.5","68.5","point"
"2024-05-25 01:00:00 pm","69.6","99.3","71.6","69.4","point"
"2024-05-25 03:00:00 pm","69.9","99.2","71.8","69.6","point"
"2024-05-25 05:00:00 pm","69.9","99.2","71.8","69.6","point"
"2024-05-25 07:00:00 pm","69.7","99.2","71.6","69.4","point"
"2024-05-25 09:00:00 pm","69.5","99.2","71.4","69.3","point"
"2024-05-25 11:00:00 pm","70.3","99.2","72.1","70.1","point"
"2024-05-26 01:00:00 am","69.9","99.2","71.8","69.7","point"
"2024-05-26 03:00:00 am","70.5","99.0","72.5","70.2","point"
"2024-05-26 05:00:00 am","71.0","98.9","73.0","70.7","point"
"2024-05-26 07:00:00 am","71.2","98.8","73.4","70.8","point"
"2024-05-26 09:00:00 am","71.8","98.8","74.5","71.4","point"
"2024-05-26 11:00:00 am","71.6","98.8","73.9","71.2","point"
"2024-05-26 01:00:00 pm","72.7","98.7","75.7","72.3","point"
"2024-05-26 03:00:00 pm","73.3","97.5","76.5","72.6","point"
"2024-05-26 05:00:00 pm","72.0","97.4","74.5","71.2","point"
"2024-05-26 07:00:00 pm","71.4","97.7","73.6","70.7","point"
"2024-05-26 09:00:00 pm","71.3","97.1","73.4","70.4","point"
"2024-05-26 11:00:00 pm","71.4","96.6","73.4","70.4","point"
"2024-05-27 01:00:00 am","70.7","96.9","72.3","69.7","point"
"2024-05-27 03:00:00 am","69.3","95.8","71.1","68.1","point"
"2024-05-27 05:00:00 am","70.0","96.7","71.8","69.0","point"
"2024-05-27 07:00:00 am","70.7","96.9","72.3","69.7","point"
"2024-05-27 09:00:00 am","71.4","96.9","73.4","70.4","point"
"2024-05-27 11:00:00 am","73.0","95.4","75.7","71.6","point"
"2024-05-27 01:00:00 pm","74.9","91.9","78.1","72.4","point"
"2024-05-27 03:00:00 pm","74.7","92.1","77.9","72.2","point"
"2024-05-27 05:00:00 pm","73.6","92.4","76.5","71.2","point"
"2024-05-27 07:00:00 pm","72.7","93.6","75.2","70.7","point"
"2024-05-27 09:00:00 pm","71.8","96.1","74.1","70.6","point"
"2024-05-27 11:00:00 pm","71.4","96.1","73.4","70.2","point"
"2024-05-28 01:00:00 am","71.4","95.6","73.4","70.1","point"
"2024-05-28 03:00:00 am","71.1","97.2","73.0","70.2","point"
"2024-05-28 05:00:00 am","71.2","97.4","73.0","70.4","point"
"2024-05-28 07:00:00 am","71.7","97.6","74.1","70.9","point"
"2024-05-28 09:00:00 am","72.0","97.1","74.5","71.1","point"
"2024-05-28 11:00:00 am","73.7","94.9","76.6","72.1","point"
"2024-05-28 01:00:00 pm","74.0","94.7","77.2","72.3","point"
"2024-05-28 03:00:00 pm","73.4","95.0","76.5","71.9","point"
