"Device Name","D2 - 2815046"
"Device Model","Kestrel DROP 2"
"Serial Number","2815046"
"FORMATTED DATE_TIME","Temperature","Relative Humidity","Heat Index","Dew Point","Data Type","Record name","Start time","Duration (H:M:S)","Location description","Location address","Location coordinates","Notes"
"YYYY-MM-DD HH:MM:SS","°F","%","°F","°F"
"2023-02-01 10:10:00 am","71.4","44.5","70.0","48.7","point"
"2023-02-01 10:20:00 am","70.1","48.0","68.9","49.5","point"
"2023-02-01 10:30:00 am","70.2","49.7","69.1","50.5","point"
"2023-02-01 10:40:00 am","70.1","45.6","68.7","48.2","point"
"2023-02-01 10:50:00 am","70.4","41.2","68.9","45.7","point"
"2023-02-01 11:00:00 am","70.4","42.0","68.9","46.2","point"
"2023-02-01 11:10:00 am","70.3","44.5","68.7","47.7","point"
"2023-02-01 11:20:00 am","70.5","46.9","69.4","49.3","point"
"2023-02-01 11:30:00 am","70.4","48.0","69.4","49.8","point"
"2023-02-01 11:40:00 am","70.4","49.2","69.4","50.4","point"
"2023-02-01 11:50:00 am","70.3","48.0","69.1","49.7","point"
"2023-02-01 12:00:00 pm","70.6","42.8","69.1","46.9","point"
"2023-02-01 12:10:00 pm","71.0","41.2","69.4","46.3","point"
"2023-02-01 12:20:00 pm","70.7","43.7","69.6","47.6","point"
"2023-02-01 12:30:00 pm","70.8","45.7","69.8","48.8","point"
"2023-02-01 12:40:00 pm","70.8","47.3","69.8","49.7","point"
"2023-02-01 12:50:00 pm","70.8","48.4","70.0","50.4","point"
"2023-02-01 01:00:00 pm","70.7","49.3","70.0","50.8","point"
"2023-02-01 01:10:00 pm","70.8","49.5","70.0","51.0","point"
"2023-02-01 01:20:00 pm","71.1","43.4","69.8","47.7","point"
"2023-02-01 01:30:00 pm","71.5","40.4","69.8","46.2","point"
"2023-02-01 01:40:00 pm","71.3","43.1","70.0","47.7","point"
"2023-02-01 01:50:00 pm","71.2","45.0","70.0","48.8","point"
"2023-02-01 02:00:00 pm","71.3","46.5","70.2","49.7","point"
"2023-02-01 02:10:00 pm","71.2","47.9","70.2","50.5","point"
"2023-02-01 02:20:00 pm","71.0","49.0","70.0","50.9","point"
"2023-02-01 02:30:00 pm","70.8","50.2","70.2","51.3","point"
"2023-02-01 02:40:00 pm","70.8","49.3","70.0","50.8","point"
"2023-02-01 02:50:00 pm","70.9","43.2","69.6","47.5","point"
"2023-02-01 03:00:00 pm","71.0","41.4","69.4","46.4","point"
"2023-02-01 03:10:00 pm","70.7","44.1","69.6","47.8","point"
"2023-02-01 03:20:00 pm","70.6","46.0","69.4","48.8","point"
"2023-02-01 03:30:00 pm","70.3","47.7","69.1","49.6","point"
"2023-02-01 03:40:00 pm","69.5","49.3","68.0","49.6","point"
"2023-02-01 03:50:00 pm","69.2","50.6","67.6","50.1","point"
"2023-02-01 04:00:00 pm","68.9","49.5","67.3","49.2","point"
"2023-02-01 04:10:00 pm","69.3","43.5","67.5","46.1","point"
"2023-02-01 04:20:00 pm","69.3","42.5","67.3","45.5","point"
"2023-02-01 04:30:00 pm","69.3","45.1","67.6","47.1","point"
"2023-02-01 04:40:00 pm","69.2","46.4","67.3","47.8","point"
"2023-02-01 04:50:00 pm","69.1","47.9","67.5","48.5","point"
"2023-02-01 05:00:00 pm","69.1","48.9","67.6","49.1","point"
"2023-02-01 05:10:00 pm","69.1","49.9","67.6","49.7","point"
"2023-02-01 05:20:00 pm","69.1","50.5","67.6","50.0","point"
"2023-02-01 05:30:00 pm","69.0","46.9","67.1","47.9","point"
"2023-02-01 05:40:00 pm","69.2","41.6","66.9","44.9","point"
"2023-02-01 05:50:00 pm","69.0","42.9","66.9","45.6","point"
"2023-02-01 06:00:00 pm","68.9","44.8","66.6","46.6","point"
"2023-02-01 06:10:00 pm","68.8","46.2","66.7","47.2","point"
"2023-02-01 06:20:00 pm","68.6","47.2","66.6","47.6","point"
"2023-02-01 06:30:00 pm","69.5","47.5","67.8","48.7","point"
"2023-02-01 06:40:00 pm","69.7","47.5","68.2","48.8","point"
"2023-02-01 06:50:00 pm","69.6","47.9","68.4","49.0","point"
"2023-02-01 07:00:00 pm","69.2","49.0","67.6","49.2","point"
"2023-02-01 07:10:00 pm","68.9","49.7","67.3","49.3","point"
"2023-02-01 07:20:00 pm","68.8","50.4","67.1","49.6","point"
"2023-02-01 07:30:00 pm","68.7","50.8","67.3","49.8","point"
"2023-02-01 07:40:00 pm","68.7","51.1","66.9","49.9","point"
"2023-02-01 07:50:00 pm","68.6","48.6","66.7","48.5","point"
"2023-02-01 08:00:00 pm","68.8","42.8","66.4","45.3","point"
"2023-02-01 08:10:00 pm","68.6","43.5","66.4","45.5","point"
"2023-02-01 08:20:00 pm","68.3","45.3","66.0","46.4","point"
"2023-02-01 08:30:00 pm","68.0","46.8","65.7","46.9","point"
"2023-02-01 08:40:00 pm","67.9","47.9","65.7","47.5","point"
"2023-02-01 08:50:00 pm","67.8","48.8","65.5","47.9","point"
"2023-02-01 09:00:00 pm","67.8","49.7","65.5","48.3","point"
"2023-02-01 09:10:00 pm","67.6","50.5","65.3","48.6","point"
"2023-02-01 09:20:00 pm","67.6","51.0","65.5","48.9","point"
"2023-02-01 09:30:00 pm","67.4","51.0","65.1","48.6","point"
"2023-02-01 09:40:00 pm","67.7","44.6","65.1","45.4","point"
"2023-02-01 09:50:00 pm","67.8","41.7","64.9","43.7","point"
"2023-02-01 10:00:00 pm","67.5","44.2","64.8","44.9","point"
"2023-02-01 10:10:00 pm","67.4","46.1","64.8","46.0","point"
"2023-02-01 10:20:00 pm","67.1","47.5","64.6","46.5","point"
"2023-02-01 10:30:00 pm","67.2","48.6","64.6","47.2","point"
"2023-02-01 10:40:00 pm","67.0","49.7","64.4","47.6","point"
"2023-02-01 10:50:00 pm","66.9","50.5","64.2","47.9","point"
"2023-02-01 11:00:00 pm","66.9","50.4","64.2","47.9","point"
"2023-02-01 11:10:00 pm","67.0","43.9","64.0","44.4","point"
"2023-02-01 11:20:00 pm","67.0","41.2","63.9","42.7","point"
"2023-02-01 11:30:00 pm","66.8","43.6","63.7","44.0","point"
"2023-02-01 11:40:00 pm","66.7","45.5","63.7","45.0","point"
"2023-02-01 11:50:00 pm","66.6","47.1","63.7","45.8","point"
"2023-02-02 12:00:00 am","66.5","48.1","63.5","46.2","point"
"2023-02-02 12:10:00 am","66.4","49.2","63.7","46.8","point"
"2023-02-02 12:20:00 am","66.4","49.9","63.7","47.1","point"
"2023-02-02 12:30:00 am","66.5","49.4","63.7","46.9","point"
"2023-02-02 12:40:00 am","68.6","41.9","66.2","44.5","point"
"2023-02-02 12:50:00 am","70.1","38.3","68.0","43.5","point"
"2023-02-02 01:00:00 am","70.1","40.0","68.2","44.7","point"
"2023-02-02 01:10:00 am","70.3","41.5","68.5","45.8","point"
"2023-02-02 01:20:00 am","70.6","42.6","69.1","46.7","point"
"2023-02-02 01:30:00 am","70.9","43.5","69.6","47.6","point"
"2023-02-02 01:40:00 am","70.8","44.1","69.6","47.9","point"
"2023-02-02 01:50:00 am","71.0","44.7","69.6","48.4","point"
"2023-02-02 02:00:00 am","71.2","45.1","70.0","48.8","point"
"2023-02-02 02:10:00 am","71.4","45.5","70.2","49.2","point"
"2023-02-02 02:20:00 am","71.5","45.8","70.3","49.6","point"
"2023-02-02 02:30:00 am","71.6","46.1","70.5","49.8","point"
"2023-02-02 02:40:00 am","71.8","46.3","70.7","50.1","point"
"2023-02-02 02:50:00 am","71.9","46.5","70.7","50.3","point"
"2023-02-02 03:00:00 am","72.2","46.7","71.1","50.7","point"
"2023-02-02 03:10:00 am","72.2","46.9","71.1","50.8","point"
"2023-02-02 03:20:00 am","72.2","47.0","71.1","50.9","point"
"2023-02-02 03:30:00 am","72.3","47.2","71.2","51.1","point"
"2023-02-02 03:40:00 am","72.4","47.4","71.2","51.3","point"
"2023-02-02 03:50:00 am","72.4","47.6","71.2","51.4","point"
"2023-02-02 04:00:00 am","72.4","47.7","71.2","51.5","point"
"2023-02-02 04:10:00 am","72.6","47.8","71.4","51.7","point"
"2023-02-02 04:20:00 am","72.6","48.1","71.4","51.9","point"
"2023-02-02 04:30:00 am","72.6","47.1","71.4","51.3","point"
"2023-02-02 04:40:00 am","73.5","41.2","71.6","48.5","point"
"2023-02-02 04:50:00 am","73.9","39.8","71.8","47.9","point"
"2023-02-02 05:00:00 am","73.4","41.5","71.4","48.6","point"
"2023-02-02 05:10:00 am","73.2","42.9","71.6","49.3","point"
"2023-02-02 05:20:00 am","73.1","43.9","71.6","49.9","point"
"2023-02-02 05:30:00 am","72.5","44.9","70.9","49.9","point"
"2023-02-02 05:40:00 am","71.1","46.9","70.0","49.8","point"
"2023-02-02 05:50:00 am","70.4","48.4","69.4","50.0","point"
"2023-02-02 06:00:00 am","69.9","49.4","68.5","50.1","point"
"2023-02-02 06:10:00 am","69.4","49.8","67.8","49.9","point"
"2023-02-02 06:20:00 am","69.4","44.6","67.5","46.9","point"
"2023-02-02 06:30:00 am","69.2","40.5","66.7","44.2","point"
"2023-02-02 06:40:00 am","68.8","42.9","66.4","45.3","point"
"2023-02-02 06:50:00 am","68.6","44.9","66.4","46.4","point"
"2023-02-02 07:00:00 am","68.4","46.5","66.2","47.2","point"
"2023-02-02 07:10:00 am","68.0","47.8","65.7","47.5","point"
"2023-02-02 07:20:00 am","67.6","49.0","65.3","47.8","point"
"2023-02-02 07:30:00 am","67.4","49.5","64.9","47.9","point"
"2023-02-02 07:40:00 am","67.6","44.4","64.8","45.2","point"
"2023-02-02 07:50:00 am","67.8","40.2","64.8","42.7","point"
"2023-02-02 08:00:00 am","67.7","42.3","64.9","43.9","point"
"2023-02-02 08:10:00 am","67.3","44.0","64.6","44.6","point"
"2023-02-02 08:20:00 am","67.0","45.4","64.2","45.3","point"
"2023-02-02 08:30:00 am","67.2","46.5","64.4","46.0","point"
"2023-02-02 08:40:00 am","66.8","47.4","64.0","46.2","point"
"2023-02-02 08:50:00 am","66.8","48.2","64.0","46.6","point"
"2023-02-02 09:00:00 am","66.8","48.9","64.2","47.0","point"
"2023-02-02 09:10:00 am","66.9","45.8","64.2","45.4","point"
"2023-02-02 09:20:00 am","67.3","39.9","64.2","42.1","point"
"2023-02-02 09:30:00 am","67.1","40.6","63.9","42.4","point"
"2023-02-02 09:40:00 am","67.0","42.5","63.9","43.5","point"
"2023-02-02 09:50:00 am","67.0","44.3","64.0","44.6","point"
"2023-02-02 10:00:00 am","67.1","45.5","64.4","45.4","point"
"2023-02-02 10:10:00 am","67.1","46.8","64.4","46.1","point"
"2023-02-02 10:20:00 am","67.2","47.9","64.6","46.8","point"
"2023-02-02 10:30:00 am","67.2","48.6","64.6","47.2","point"
"2023-02-02 10:40:00 am","67.3","45.2","64.8","45.3","point"
"2023-02-02 10:50:00 am","67.7","40.0","64.8","42.6","point"
"2023-02-02 11:00:00 am","67.9","40.7","64.9","43.2","point"
"2023-02-02 11:10:00 am","67.7","43.4","65.1","44.7","point"
"2023-02-02 11:20:00 am","67.6","45.2","64.9","45.7","point"
"2023-02-02 11:30:00 am","67.7","46.6","65.3","46.5","point"
"2023-02-02 11:40:00 am","67.9","47.6","65.7","47.2","point"
"2023-02-02 11:50:00 am","67.9","48.5","65.7","47.8","point"
"2023-02-02 12:00:00 pm","68.0","49.4","66.0","48.4","point"
"2023-02-02 12:10:00 pm","68.3","44.3","65.8","45.8","point"
"2023-02-02 12:20:00 pm","72.7","51.0","71.8","53.5","point"
"2023-02-02 12:30:00 pm","73.3","48.8","72.1","52.8","point"
"2023-02-02 12:40:00 pm","73.0","49.1","71.8","52.8","point"
"2023-02-02 12:50:00 pm","72.8","49.3","71.6","52.8","point"
"2023-02-02 01:00:00 pm","72.8","48.4","71.6","52.2","point"
"2023-02-02 01:10:00 pm","72.9","48.0","71.8","52.1","point"
"2023-02-02 01:20:00 pm","72.8","48.8","71.6","52.4","point"
"2023-02-02 01:30:00 pm","72.8","48.7","71.6","52.3","point"
"2023-02-02 01:40:00 pm","72.8","48.5","71.6","52.2","point"
"2023-02-02 01:50:00 pm","72.8","48.7","71.6","52.3","point"
"2023-02-02 02:00:00 pm","72.7","48.5","71.6","52.2","point"
"2023-02-02 02:10:00 pm","72.8","46.7","71.4","51.3","point"
"2023-02-02 02:20:00 pm","72.9","46.0","71.6","50.9","point"
"2023-02-02 02:30:00 pm","72.9","45.3","71.6","50.5","point"
"2023-02-02 02:40:00 pm","72.9","45.8","71.6","50.8","point"
"2023-02-02 02:50:00 pm","72.9","45.9","71.6","50.8","point"
"2023-02-02 03:00:00 pm","73.0","45.4","71.6","50.6","point"
"2023-02-02 03:10:00 pm","73.0","45.3","71.6","50.6","point"
"2023-02-02 03:20:00 pm","73.0","45.2","71.6","50.5","point"
"2023-02-02 03:30:00 pm","73.0","44.8","71.4","50.3","point"
"2023-02-02 03:40:00 pm","73.0","44.1","71.4","49.9","point"
"2023-02-02 03:50:00 pm","73.1","44.7","71.6","50.3","point"
"2023-02-02 04:00:00 pm","73.0","44.3","71.4","50.0","point"
"2023-02-02 04:10:00 pm","73.2","44.4","71.6","50.2","point"
"2023-02-02 04:20:00 pm","73.3","43.9","71.8","50.1","point"
"2023-02-02 04:30:00 pm","73.3","43.6","71.8","49.9","point"
"2023-02-02 04:40:00 pm","73.4","43.3","71.6","49.7","point"
"2023-02-02 04:50:00 pm","74.0","44.2","72.3","50.8","point"
"2023-02-02 05:00:00 pm","73.8","42.8","72.0","49.7","point"
"2023-02-02 05:10:00 pm","73.7","42.6","72.0","49.6","point"
"2023-02-02 05:20:00 pm","73.6","42.8","72.0","49.6","point"
"2023-02-02 05:30:00 pm","73.6","41.5","71.8","48.8","point"
"2023-02-02 05:40:00 pm","73.4","43.0","71.8","49.6","point"
"2023-02-02 05:50:00 pm","73.6","44.8","72.1","50.8","point"
"2023-02-02 06:00:00 pm","73.6","45.0","72.3","51.0","point"
"2023-02-02 06:10:00 pm","73.7","45.3","72.3","51.2","point"
"2023-02-02 06:20:00 pm","73.5","45.4","72.1","51.1","point"
"2023-02-02 06:30:00 pm","73.3","45.6","72.0","51.0","point"
"2023-02-02 06:40:00 pm","73.2","45.8","72.0","51.1","point"
"2023-02-02 06:50:00 pm","73.0","46.0","71.6","51.0","point"
"2023-02-02 07:00:00 pm","73.0","45.9","71.6","51.0","point"
"2023-02-02 07:10:00 pm","73.0","46.1","71.6","51.0","point"
"2023-02-02 07:20:00 pm","72.8","46.5","71.4","51.1","point"
"2023-02-02 07:30:00 pm","72.8","46.6","71.4","51.2","point"
"2023-02-02 07:40:00 pm","72.8","46.7","71.4","51.2","point"
"2023-02-02 07:50:00 pm","72.8","46.8","71.4","51.2","point"
"2023-02-02 08:00:00 pm","72.8","46.9","71.4","51.4","point"
"2023-02-02 08:10:00 pm","72.6","46.9","71.4","51.2","point"
"2023-02-02 08:20:00 pm","72.6","47.0","71.4","51.2","point"
"2023-02-02 08:30:00 pm","72.6","47.0","71.4","51.2","point"
"2023-02-02 08:40:00 pm","72.7","47.1","71.4","51.4","point"
"2023-02-02 08:50:00 pm","72.6","47.2","71.4","51.4","point"
"2023-02-02 09:00:00 pm","72.6","47.2","71.4","51.3","point"
"2023-02-02 09:10:00 pm","72.5","47.2","71.4","51.3","point"
"2023-02-02 09:20:00 pm","72.5","47.3","71.2","51.3","point"
"2023-02-02 09:30:00 pm","72.6","47.3","71.4","51.4","point"
"2023-02-02 09:40:00 pm","72.4","47.4","71.2","51.3","point"
"2023-02-02 09:50:00 pm","72.6","47.5","71.4","51.5","point"
"2023-02-02 10:00:00 pm","72.4","47.6","71.2","51.4","point"
"2023-02-02 10:10:00 pm","72.5","47.7","71.2","51.5","point"
"2023-02-02 10:20:00 pm","72.5","47.8","71.2","51.6","point"
"2023-02-02 10:30:00 pm","72.4","47.9","71.2","51.6","point"
"2023-02-02 10:40:00 pm","72.6","48.0","71.4","51.7","point"
"2023-02-02 10:50:00 pm","72.4","48.0","71.2","51.6","point"
"2023-02-02 11:00:00 pm","72.3","47.8","71.2","51.5","point"
"2023-02-02 11:10:00 pm","72.3","47.9","71.2","51.5","point"
"2023-02-02 11:20:00 pm","72.4","47.9","71.2","51.6","point"
"2023-02-02 11:30:00 pm","72.3","48.0","71.2","51.5","point"
"2023-02-02 11:40:00 pm","72.4","48.0","71.2","51.6","point"
"2023-02-02 11:50:00 pm","72.4","48.0","71.2","51.6","point"
"2023-02-03 12:00:00 am","72.3","48.0","71.2","51.5","point"
"2023-02-03 12:10:00 am","72.2","48.0","71.2","51.5","point"
"2023-02-03 12:20:00 am","72.3","48.1","71.2","51.6","point"
"2023-02-03 12:30:00 am","72.2","48.0","71.2","51.5","point"
"2023-02-03 12:40:00 am","72.1","48.0","71.2","51.4","point"
"2023-02-03 12:50:00 am","72.3","48.1","71.2","51.5","point"
"2023-02-03 01:00:00 am","72.4","48.0","71.2","51.6","point"
"2023-02-03 01:10:00 am","72.5","48.0","71.2","51.7","point"
"2023-02-03 01:20:00 am","72.4","47.8","71.2","51.5","point"
"2023-02-03 01:30:00 am","72.5","47.8","71.4","51.6","point"
"2023-02-03 01:40:00 am","72.4","47.9","71.2","51.5","point"
"2023-02-03 01:50:00 am","72.6","47.9","71.4","51.7","point"
"2023-02-03 02:00:00 am","72.5","48.0","71.4","51.7","point"
"2023-02-03 02:10:00 am","72.5","48.0","71.2","51.7","point"
"2023-02-03 02:20:00 am","72.6","48.0","71.4","51.8","point"
"2023-02-03 02:30:00 am","72.6","48.0","71.4","51.7","point"
"2023-02-03 02:40:00 am","72.5","48.0","71.4","51.7","point"
"2023-02-03 02:50:00 am","72.6","48.0","71.4","51.8","point"
"2023-02-03 03:00:00 am","72.6","47.8","71.4","51.7","point"
"2023-02-03 03:10:00 am","72.6","47.8","71.4","51.7","point"
"2023-02-03 03:20:00 am","72.6","47.8","71.4","51.7","point"
"2023-02-03 03:30:00 am","72.6","47.8","71.4","51.7","point"
"2023-02-03 03:40:00 am","72.5","47.7","71.4","51.5","point"
"2023-02-03 03:50:00 am","72.6","47.7","71.4","51.7","point"
"2023-02-03 04:00:00 am","72.6","47.7","71.4","51.7","point"
"2023-02-03 04:10:00 am","72.6","47.7","71.4","51.6","point"
"2023-02-03 04:20:00 am","72.7","47.7","71.6","51.7","point"
"2023-02-03 04:30:00 am","72.6","47.7","71.4","51.6","point"
"2023-02-03 04:40:00 am","72.7","47.6","71.6","51.6","point"
"2023-02-03 04:50:00 am","72.6","47.7","71.4","51.6","point"
"2023-02-03 05:00:00 am","72.6","47.6","71.4","51.6","point"
"2023-02-03 05:10:00 am","72.6","47.6","71.4","51.5","point"
"2023-02-03 05:20:00 am","72.7","47.5","71.6","51.6","point"
"2023-02-03 05:30:00 am","72.6","47.2","71.4","51.3","point"
"2023-02-03 05:40:00 am","72.7","47.0","71.4","51.3","point"
"2023-02-03 05:50:00 am","72.5","47.0","71.2","51.1","point"
"2023-02-03 06:00:00 am","72.3","47.0","71.2","51.0","point"
"2023-02-03 06:10:00 am","72.5","46.9","71.2","51.1","point"
"2023-02-03 06:20:00 am","72.3","46.9","71.1","50.9","point"
"2023-02-03 06:30:00 am","72.2","46.9","71.1","50.8","point"
"2023-02-03 06:40:00 am","72.1","46.9","70.9","50.7","point"
"2023-02-03 06:50:00 am","72.2","46.9","71.1","50.8","point"
"2023-02-03 07:00:00 am","72.1","46.8","70.9","50.7","point"
"2023-02-03 07:10:00 am","72.1","46.7","70.9","50.6","point"
"2023-02-03 07:20:00 am","72.1","46.7","70.9","50.6","point"
"2023-02-03 07:30:00 am","72.0","46.6","70.9","50.5","point"
"2023-02-03 07:40:00 am","72.0","46.6","70.9","50.4","point"
"2023-02-03 07:50:00 am","72.0","46.6","70.9","50.4","point"
"2023-02-03 08:00:00 am","72.0","46.5","70.9","50.4","point"
"2023-02-03 08:10:00 am","72.0","46.4","70.9","50.3","point"
"2023-02-03 08:20:00 am","71.9","46.3","70.7","50.2","point"
"2023-02-03 08:30:00 am","71.8","46.2","70.7","50.1","point"
"2023-02-03 08:40:00 am","71.8","46.1","70.7","50.0","point"
"2023-02-03 08:50:00 am","71.9","45.9","70.7","49.9","point"
"2023-02-03 09:00:00 am","71.7","45.8","70.5","49.7","point"
"2023-02-03 09:10:00 am","71.7","45.7","70.5","49.7","point"
"2023-02-03 09:20:00 am","71.8","45.3","70.7","49.5","point"
"2023-02-03 09:30:00 am","71.7","45.1","70.5","49.3","point"
"2023-02-03 09:40:00 am","71.6","44.9","70.3","49.1","point"
"2023-02-03 09:50:00 am","71.6","44.8","70.3","49.0","point"
"2023-02-03 10:00:00 am","71.6","44.8","70.3","49.0","point"
"2023-02-03 10:10:00 am","72.0","45.0","70.7","49.5","point"
"2023-02-03 10:20:00 am","72.2","44.9","70.9","49.7","point"
"2023-02-03 10:30:00 am","72.3","44.0","70.9","49.2","point"
"2023-02-03 10:40:00 am","72.4","42.5","70.7","48.4","point"
"2023-02-03 10:50:00 am","72.1","40.8","70.5","47.0","point"
"2023-02-03 11:00:00 am","72.2","40.7","70.5","47.0","point"
"2023-02-03 11:10:00 am","72.1","40.4","70.5","46.8","point"
"2023-02-03 11:20:00 am","72.0","40.6","70.3","46.8","point"
"2023-02-03 11:30:00 am","72.1","40.8","70.3","47.0","point"
"2023-02-03 11:40:00 am","72.1","39.7","70.2","46.3","point"
"2023-02-03 11:50:00 am","72.1","40.0","70.3","46.5","point"
"2023-02-03 12:00:00 pm","72.3","40.0","70.5","46.6","point"
"2023-02-03 12:10:00 pm","72.3","38.5","70.3","45.6","point"
"2023-02-03 12:20:00 pm","72.2","37.7","70.2","45.0","point"
"2023-02-03 12:30:00 pm","72.3","37.8","70.2","45.1","point"
"2023-02-03 12:40:00 pm","72.4","37.5","70.3","45.0","point"
"2023-02-03 12:50:00 pm","72.5","36.9","70.3","44.6","point"
"2023-02-03 01:00:00 pm","72.4","37.4","70.3","45.0","point"
"2023-02-03 01:10:00 pm","72.4","37.2","70.3","44.9","point"
"2023-02-03 01:20:00 pm","72.6","36.3","70.3","44.3","point"
"2023-02-03 01:30:00 pm","72.5","37.1","70.3","44.8","point"
"2023-02-03 01:40:00 pm","72.5","35.9","70.2","44.0","point"
"2023-02-03 01:50:00 pm","72.5","36.6","70.3","44.5","point"
"2023-02-03 02:00:00 pm","72.4","38.0","70.3","45.4","point"
"2023-02-03 02:10:00 pm","72.5","38.3","70.3","45.6","point"
"2023-02-03 02:20:00 pm","72.4","38.8","70.5","46.0","point"
"2023-02-03 02:30:00 pm","72.6","38.9","70.7","46.2","point"
"2023-02-03 02:40:00 pm","72.7","39.5","70.9","46.7","point"
"2023-02-03 02:50:00 pm","72.7","38.8","70.9","46.2","point"
"2023-02-03 03:00:00 pm","72.7","39.3","70.9","46.5","point"
"2023-02-03 03:10:00 pm","72.7","39.4","70.9","46.6","point"
"2023-02-03 03:20:00 pm","72.6","39.4","70.7","46.6","point"
"2023-02-03 03:30:00 pm","72.8","39.5","70.9","46.8","point"
"2023-02-03 03:40:00 pm","72.7","39.7","70.9","46.8","point"
"2023-02-03 03:50:00 pm","72.8","39.7","70.9","46.9","point"
"2023-02-03 04:00:00 pm","72.6","39.9","70.7","46.8","point"
"2023-02-03 04:10:00 pm","72.6","40.0","70.7","46.9","point"
"2023-02-03 04:20:00 pm","72.5","40.2","70.7","47.0","point"
"2023-02-03 04:30:00 pm","72.6","40.7","70.7","47.4","point"
"2023-02-03 04:40:00 pm","72.6","41.0","70.9","47.6","point"
"2023-02-03 04:50:00 pm","72.6","41.5","70.9","47.9","point"
"2023-02-03 05:00:00 pm","72.7","41.7","71.1","48.1","point"
"2023-02-03 05:10:00 pm","72.7","41.7","71.1","48.1","point"
"2023-02-03 05:20:00 pm","72.7","41.7","71.1","48.1","point"
"2023-02-03 05:30:00 pm","72.8","41.9","71.1","48.3","point"
"2023-02-03 05:40:00 pm","72.9","41.8","71.2","48.3","point"
"2023-02-03 05:50:00 pm","73.0","42.0","71.2","48.5","point"
"2023-02-03 06:00:00 pm","72.9","42.0","71.2","48.5","point"
"2023-02-03 06:10:00 pm","72.9","42.3","71.2","48.7","point"
"2023-02-03 06:20:00 pm","73.0","41.9","71.2","48.5","point"
"2023-02-03 06:30:00 pm","72.8","42.1","71.1","48.5","point"
"2023-02-03 06:40:00 pm","72.7","42.3","71.1","48.5","point"
"2023-02-03 06:50:00 pm","72.6","42.4","70.9","48.4","point"
"2023-02-03 07:00:00 pm","72.6","42.4","70.9","48.4","point"
"2023-02-03 07:10:00 pm","72.5","42.7","70.7","48.5","point"
"2023-02-03 07:20:00 pm","72.3","42.7","70.7","48.4","point"
"2023-02-03 07:30:00 pm","72.3","42.8","70.7","48.4","point"
"2023-02-03 07:40:00 pm","72.2","43.0","70.7","48.5","point"
"2023-02-03 07:50:00 pm","72.4","43.2","70.9","48.8","point"
"2023-02-03 08:00:00 pm","72.3","43.4","70.7","48.8","point"
"2023-02-03 08:10:00 pm","72.1","43.6","70.9","48.8","point"
"2023-02-03 08:20:00 pm","72.1","43.7","70.9","48.9","point"
"2023-02-03 08:30:00 pm","72.1","43.9","70.7","49.0","point"
"2023-02-03 08:40:00 pm","72.1","43.9","70.7","48.9","point"
"2023-02-03 08:50:00 pm","72.0","44.2","70.7","49.0","point"
"2023-02-03 09:00:00 pm","72.0","44.3","70.7","49.1","point"
"2023-02-03 09:10:00 pm","72.0","44.4","70.7","49.2","point"
"2023-02-03 09:20:00 pm","72.1","44.4","70.7","49.3","point"
"2023-02-03 09:30:00 pm","72.0","44.5","70.7","49.2","point"
"2023-02-03 09:40:00 pm","72.0","44.6","70.7","49.3","point"
"2023-02-03 09:50:00 pm","71.9","44.8","70.5","49.2","point"
"2023-02-03 10:00:00 pm","72.0","44.9","70.7","49.5","point"
"2023-02-03 10:10:00 pm","71.9","44.9","70.5","49.3","point"
"2023-02-03 10:20:00 pm","71.8","45.0","70.5","49.3","point"
"2023-02-03 10:30:00 pm","71.9","45.2","70.7","49.5","point"
"2023-02-03 10:40:00 pm","71.8","45.1","70.7","49.4","point"
"2023-02-03 10:50:00 pm","71.9","45.2","70.7","49.5","point"
"2023-02-03 11:00:00 pm","71.8","45.0","70.7","49.3","point"
"2023-02-03 11:10:00 pm","71.8","45.1","70.7","49.4","point"
"2023-02-03 11:20:00 pm","71.7","45.3","70.5","49.4","point"
"2023-02-03 11:30:00 pm","71.7","45.3","70.5","49.4","point"
"2023-02-03 11:40:00 pm","71.7","45.5","70.5","49.6","point"
"2023-02-03 11:50:00 pm","71.7","45.5","70.5","49.6","point"
"2023-02-04 12:00:00 am","71.6","45.6","70.5","49.5","point"
"2023-02-04 12:10:00 am","71.7","45.6","70.5","49.6","point"
"2023-02-04 12:20:00 am","71.5","45.7","70.3","49.5","point"
"2023-02-04 12:30:00 am","71.7","45.8","70.5","49.7","point"
"2023-02-04 12:40:00 am","71.6","45.8","70.5","49.6","point"
"2023-02-04 12:50:00 am","71.6","46.1","70.3","49.7","point"
"2023-02-04 01:00:00 am","71.8","46.1","70.7","50.0","point"
"2023-02-04 01:10:00 am","71.8","46.2","70.7","50.1","point"
"2023-02-04 01:20:00 am","72.1","46.2","70.9","50.3","point"
"2023-02-04 01:30:00 am","72.0","46.2","70.9","50.2","point"
"2023-02-04 01:40:00 am","72.0","46.1","70.9","50.2","point"
"2023-02-04 01:50:00 am","72.0","46.3","70.9","50.3","point"
"2023-02-04 02:00:00 am","72.0","46.4","70.9","50.4","point"
"2023-02-04 02:10:00 am","72.1","46.5","70.9","50.5","point"
"2023-02-04 02:20:00 am","72.1","46.5","70.9","50.5","point"
"2023-02-04 02:30:00 am","72.1","46.4","71.1","50.5","point"
"2023-02-04 02:40:00 am","72.1","46.5","70.9","50.5","point"
"2023-02-04 02:50:00 am","72.1","46.5","70.9","50.5","point"
"2023-02-04 03:00:00 am","72.1","46.5","70.9","50.5","point"
"2023-02-04 03:10:00 am","72.1","46.4","71.1","50.5","point"
"2023-02-04 03:20:00 am","72.1","46.5","70.9","50.5","point"
"2023-02-04 03:30:00 am","72.1","46.5","70.9","50.5","point"
"2023-02-04 03:40:00 am","72.1","46.6","70.9","50.5","point"
"2023-02-04 03:50:00 am","72.1","46.7","71.1","50.6","point"
"2023-02-04 04:00:00 am","72.1","46.7","71.1","50.6","point"
"2023-02-04 04:10:00 am","72.1","46.8","71.1","50.7","point"
"2023-02-04 04:20:00 am","72.2","46.9","71.1","50.8","point"
"2023-02-04 04:30:00 am","72.2","47.0","71.1","50.8","point"
"2023-02-04 04:40:00 am","72.2","47.0","71.1","50.8","point"
"2023-02-04 04:50:00 am","72.1","47.1","71.1","50.8","point"
"2023-02-04 05:00:00 am","72.2","47.1","71.1","50.9","point"
"2023-02-04 05:10:00 am","72.2","47.1","71.1","50.9","point"
"2023-02-04 05:20:00 am","72.1","47.0","71.1","50.8","point"
"2023-02-04 05:30:00 am","72.1","47.0","70.9","50.8","point"
"2023-02-04 05:40:00 am","72.1","47.0","71.1","50.8","point"
"2023-02-04 05:50:00 am","72.3","47.0","71.1","51.0","point"
"2023-02-04 06:00:00 am","72.1","47.0","70.9","50.8","point"
"2023-02-04 06:10:00 am","72.1","47.0","70.9","50.8","point"
"2023-02-04 06:20:00 am","72.1","47.1","70.9","50.8","point"
"2023-02-04 06:30:00 am","72.0","47.1","70.9","50.7","point"
"2023-02-04 06:40:00 am","72.0","47.2","70.9","50.7","point"
"2023-02-04 06:50:00 am","71.9","47.2","70.7","50.7","point"
"2023-02-04 07:00:00 am","71.9","47.3","70.7","50.8","point"
"2023-02-04 07:10:00 am","71.8","47.4","70.7","50.7","point"
"2023-02-04 07:20:00 am","71.8","47.3","70.7","50.6","point"
"2023-02-04 07:30:00 am","71.8","47.3","70.7","50.6","point"
"2023-02-04 07:40:00 am","71.8","47.3","70.7","50.6","point"
"2023-02-04 07:50:00 am","71.7","47.4","70.5","50.6","point"
"2023-02-04 08:00:00 am","71.8","47.4","70.7","50.8","point"
"2023-02-04 08:10:00 am","71.7","47.4","70.5","50.6","point"
"2023-02-04 08:20:00 am","71.7","47.5","70.5","50.6","point"
"2023-02-04 08:30:00 am","71.6","47.5","70.5","50.6","point"
"2023-02-04 08:40:00 am","71.6","47.5","70.3","50.6","point"
"2023-02-04 08:50:00 am","71.7","47.4","70.5","50.6","point"
"2023-02-04 09:00:00 am","71.6","47.4","70.3","50.5","point"
"2023-02-04 09:10:00 am","71.5","47.3","70.3","50.4","point"
"2023-02-04 09:20:00 am","71.5","47.1","70.3","50.3","point"
"2023-02-04 09:30:00 am","71.4","47.0","70.2","50.1","point"
"2023-02-04 09:40:00 am","71.5","47.0","70.3","50.2","point"
"2023-02-04 09:50:00 am","71.5","47.0","70.3","50.2","point"
"2023-02-04 10:00:00 am","71.5","47.0","70.3","50.2","point"
"2023-02-04 10:10:00 am","71.5","47.0","70.3","50.2","point"
"2023-02-04 10:20:00 am","71.4","47.0","70.2","50.1","point"
"2023-02-04 10:30:00 am","71.5","47.0","70.3","50.2","point"
"2023-02-04 10:40:00 am","71.4","46.8","70.2","50.0","point"
"2023-02-04 10:50:00 am","71.5","46.7","70.3","50.0","point"
"2023-02-04 11:00:00 am","71.4","46.6","70.2","49.9","point"
"2023-02-04 11:10:00 am","71.3","46.7","70.2","49.8","point"
"2023-02-04 11:20:00 am","71.3","46.6","70.2","49.8","point"
"2023-02-04 11:30:00 am","71.3","46.6","70.2","49.8","point"
"2023-02-04 11:40:00 am","71.3","46.6","70.2","49.8","point"
"2023-02-04 11:50:00 am","71.2","46.6","70.0","49.7","point"
"2023-02-04 12:00:00 pm","71.3","46.6","70.2","49.8","point"
"2023-02-04 12:10:00 pm","71.2","46.6","70.0","49.7","point"
"2023-02-04 12:20:00 pm","71.3","46.6","70.2","49.7","point"
"2023-02-04 12:30:00 pm","71.3","46.6","70.2","49.8","point"
"2023-02-04 12:40:00 pm","71.3","46.5","70.2","49.7","point"
"2023-02-04 12:50:00 pm","71.3","46.5","70.2","49.7","point"
"2023-02-04 01:00:00 pm","71.5","46.4","70.3","49.8","point"
"2023-02-04 01:10:00 pm","71.2","46.3","70.0","49.6","point"
"2023-02-04 01:20:00 pm","71.2","46.1","70.0","49.4","point"
"2023-02-04 01:30:00 pm","71.5","45.9","70.3","49.6","point"
"2023-02-04 01:40:00 pm","71.3","46.0","70.2","49.4","point"
"2023-02-04 01:50:00 pm","71.2","46.0","70.0","49.3","point"
"2023-02-04 02:00:00 pm","71.3","45.9","70.2","49.4","point"
"2023-02-04 02:10:00 pm","71.2","45.9","70.0","49.3","point"
"2023-02-04 02:20:00 pm","71.2","45.9","70.0","49.3","point"
"2023-02-04 02:30:00 pm","71.3","46.0","70.2","49.4","point"
"2023-02-04 02:40:00 pm","71.2","46.1","70.0","49.4","point"
"2023-02-04 02:50:00 pm","71.2","46.0","70.0","49.4","point"
"2023-02-04 03:00:00 pm","71.1","46.1","70.0","49.3","point"
"2023-02-04 03:10:00 pm","71.3","46.1","70.2","49.5","point"
"2023-02-04 03:20:00 pm","71.2","46.0","70.0","49.4","point"
"2023-02-04 03:30:00 pm","71.1","46.0","70.0","49.3","point"
"2023-02-04 03:40:00 pm","71.2","46.1","70.0","49.4","point"
"2023-02-04 03:50:00 pm","71.1","46.1","70.0","49.4","point"
"2023-02-04 04:00:00 pm","71.2","46.1","70.0","49.4","point"
"2023-02-04 04:10:00 pm","71.2","46.3","70.0","49.5","point"
"2023-02-04 04:20:00 pm","71.2","46.3","70.0","49.5","point"
"2023-02-04 04:30:00 pm","71.4","46.3","70.2","49.7","point"
"2023-02-04 04:40:00 pm","71.1","46.4","70.0","49.5","point"
"2023-02-04 04:50:00 pm","71.3","46.4","70.2","49.7","point"
"2023-02-04 05:00:00 pm","71.1","46.3","70.0","49.5","point"
"2023-02-04 05:10:00 pm","71.2","46.2","70.0","49.5","point"
"2023-02-04 05:20:00 pm","71.2","46.3","70.0","49.5","point"
"2023-02-04 05:30:00 pm","71.1","46.2","70.0","49.4","point"
"2023-02-04 05:40:00 pm","71.2","46.2","70.0","49.4","point"
"2023-02-04 05:50:00 pm","71.2","46.3","70.0","49.5","point"
"2023-02-04 06:00:00 pm","71.3","46.4","70.2","49.7","point"
"2023-02-04 06:10:00 pm","71.2","46.3","70.0","49.6","point"
"2023-02-04 06:20:00 pm","71.2","46.5","70.0","49.6","point"
"2023-02-04 06:30:00 pm","71.1","46.4","70.0","49.5","point"
"2023-02-04 06:40:00 pm","71.2","46.6","70.0","49.7","point"
"2023-02-04 06:50:00 pm","71.2","46.6","70.0","49.7","point"
"2023-02-04 07:00:00 pm","71.3","46.5","70.2","49.7","point"
"2023-02-04 07:10:00 pm","71.2","46.6","70.0","49.7","point"
"2023-02-04 07:20:00 pm","71.2","46.5","70.0","49.7","point"
"2023-02-04 07:30:00 pm","71.2","46.5","70.0","49.7","point"
"2023-02-04 07:40:00 pm","71.2","46.6","70.0","49.7","point"
"2023-02-04 07:50:00 pm","71.2","46.7","70.0","49.8","point"
"2023-02-04 08:00:00 pm","71.2","46.8","70.0","49.8","point"
"2023-02-04 08:10:00 pm","71.3","47.0","70.2","50.0","point"
"2023-02-04 08:20:00 pm","71.2","47.1","70.0","50.0","point"
"2023-02-04 08:30:00 pm","71.3","47.2","70.2","50.1","point"
"2023-02-04 08:40:00 pm","71.3","47.2","70.2","50.2","point"
"2023-02-04 08:50:00 pm","71.3","47.3","70.2","50.2","point"
"2023-02-04 09:00:00 pm","71.3","47.4","70.2","50.2","point"
"2023-02-04 09:10:00 pm","71.3","47.3","70.2","50.3","point"
"2023-02-04 09:20:00 pm","71.3","47.3","70.2","50.3","point"
"2023-02-04 09:30:00 pm","71.3","47.3","70.2","50.3","point"
"2023-02-04 09:40:00 pm","71.3","47.3","70.2","50.2","point"
"2023-02-04 09:50:00 pm","71.3","47.4","70.2","50.3","point"
"2023-02-04 10:00:00 pm","71.3","47.6","70.3","50.3","point"
"2023-02-04 10:10:00 pm","71.3","47.6","70.3","50.4","point"
"2023-02-04 10:20:00 pm","71.3","47.6","70.3","50.3","point"
"2023-02-04 10:30:00 pm","71.3","47.7","70.3","50.4","point"
"2023-02-04 10:40:00 pm","71.3","47.7","70.3","50.5","point"
"2023-02-04 10:50:00 pm","71.3","47.4","70.2","50.3","point"
"2023-02-04 11:00:00 pm","71.3","47.4","70.2","50.3","point"
"2023-02-04 11:10:00 pm","71.2","47.6","70.2","50.3","point"
"2023-02-04 11:20:00 pm","71.2","47.6","70.2","50.3","point"
"2023-02-04 11:30:00 pm","71.3","47.7","70.3","50.4","point"
"2023-02-04 11:40:00 pm","71.3","47.7","70.3","50.5","point"
"2023-02-04 11:50:00 pm","71.3","47.8","70.3","50.5","point"
"2023-02-05 12:00:00 am","71.3","47.9","70.3","50.5","point"
"2023-02-05 12:10:00 am","71.3","48.0","70.3","50.6","point"
"2023-02-05 12:20:00 am","71.3","48.1","70.3","50.7","point"
"2023-02-05 12:30:00 am","71.5","48.2","70.5","50.8","point"
"2023-02-05 12:40:00 am","71.5","48.2","70.5","50.9","point"
"2023-02-05 12:50:00 am","71.5","48.3","70.5","51.0","point"
"2023-02-05 01:00:00 am","71.5","48.4","70.5","51.0","point"
"2023-02-05 01:10:00 am","71.5","48.4","70.5","51.1","point"
"2023-02-05 01:20:00 am","71.5","48.4","70.5","51.1","point"
"2023-02-05 01:30:00 am","71.5","48.5","70.5","51.0","point"
"2023-02-05 01:40:00 am","71.6","48.5","70.7","51.2","point"
"2023-02-05 01:50:00 am","71.4","48.5","70.3","51.0","point"
"2023-02-05 02:00:00 am","71.6","48.5","70.5","51.2","point"
"2023-02-05 02:10:00 am","71.6","48.6","70.7","51.2","point"
"2023-02-05 02:20:00 am","71.6","48.6","70.5","51.2","point"
"2023-02-05 02:30:00 am","71.7","48.7","70.7","51.4","point"
"2023-02-05 02:40:00 am","71.5","48.7","70.5","51.2","point"
"2023-02-05 02:50:00 am","71.7","48.9","70.7","51.5","point"
"2023-02-05 03:00:00 am","71.7","48.8","70.7","51.4","point"
"2023-02-05 03:10:00 am","71.7","48.7","70.7","51.4","point"
"2023-02-05 03:20:00 am","71.6","48.7","70.7","51.3","point"
"2023-02-05 03:30:00 am","71.7","48.7","70.7","51.4","point"
"2023-02-05 03:40:00 am","71.6","48.7","70.5","51.3","point"
"2023-02-05 03:50:00 am","71.7","48.7","70.7","51.4","point"
"2023-02-05 04:00:00 am","71.7","48.8","70.7","51.4","point"
"2023-02-05 04:10:00 am","71.6","48.8","70.5","51.3","point"
"2023-02-05 04:20:00 am","71.7","48.7","70.7","51.4","point"
"2023-02-05 04:30:00 am","71.7","48.7","70.7","51.4","point"
"2023-02-05 04:40:00 am","71.6","48.7","70.7","51.3","point"
"2023-02-05 04:50:00 am","71.7","48.7","70.7","51.4","point"
"2023-02-05 05:00:00 am","71.8","48.7","70.9","51.5","point"
"2023-02-05 05:10:00 am","71.7","48.7","70.7","51.4","point"
"2023-02-05 05:20:00 am","71.7","48.5","70.7","51.2","point"
"2023-02-05 05:30:00 am","71.7","48.3","70.7","51.1","point"
"2023-02-05 05:40:00 am","71.8","48.2","70.9","51.2","point"
"2023-02-05 05:50:00 am","71.6","48.2","70.7","51.0","point"
"2023-02-05 06:00:00 am","71.5","48.3","70.5","50.9","point"
"2023-02-05 06:10:00 am","71.6","48.2","70.7","51.0","point"
"2023-02-05 06:20:00 am","71.4","48.2","70.3","50.8","point"
"2023-02-05 06:30:00 am","71.4","48.3","70.3","50.8","point"
"2023-02-05 06:40:00 am","71.5","48.3","70.5","50.9","point"
"2023-02-05 06:50:00 am","71.3","48.2","70.3","50.7","point"
"2023-02-05 07:00:00 am","71.3","48.1","70.3","50.6","point"
"2023-02-05 07:10:00 am","71.3","48.1","70.3","50.7","point"
"2023-02-05 07:20:00 am","71.3","48.1","70.3","50.6","point"
"2023-02-05 07:30:00 am","71.2","48.1","70.2","50.5","point"
"2023-02-05 07:40:00 am","71.2","48.1","70.2","50.6","point"
"2023-02-05 07:50:00 am","71.2","48.1","70.2","50.6","point"
"2023-02-05 08:00:00 am","71.2","48.2","70.2","50.6","point"
"2023-02-05 08:10:00 am","71.1","48.2","70.2","50.5","point"
"2023-02-05 08:20:00 am","71.2","48.2","70.2","50.6","point"
"2023-02-05 08:30:00 am","71.0","48.2","70.0","50.5","point"
"2023-02-05 08:40:00 am","71.1","48.2","70.2","50.5","point"
"2023-02-05 08:50:00 am","71.1","48.2","70.2","50.5","point"
"2023-02-05 09:00:00 am","71.1","48.2","70.2","50.6","point"
"2023-02-05 09:10:00 am","71.0","48.2","70.0","50.5","point"
"2023-02-05 09:20:00 am","71.0","48.2","70.0","50.5","point"
"2023-02-05 09:30:00 am","71.0","48.1","70.0","50.4","point"
"2023-02-05 09:40:00 am","71.0","48.0","70.0","50.3","point"
"2023-02-05 09:50:00 am","71.0","48.0","70.0","50.3","point"
"2023-02-05 10:00:00 am","71.0","48.0","70.0","50.3","point"
"2023-02-05 10:10:00 am","70.9","47.9","70.0","50.2","point"
"2023-02-05 10:20:00 am","71.0","47.8","70.0","50.2","point"
"2023-02-05 10:30:00 am","70.9","47.5","69.8","50.0","point"
"2023-02-05 10:40:00 am","70.8","47.3","69.8","49.8","point"
"2023-02-05 10:50:00 am","70.9","47.3","69.8","49.8","point"
"2023-02-05 11:00:00 am","70.8","47.1","69.8","49.7","point"
"2023-02-05 11:10:00 am","70.7","46.7","69.8","49.4","point"
"2023-02-05 11:20:00 am","70.8","46.7","69.8","49.4","point"
"2023-02-05 11:30:00 am","70.7","46.6","69.8","49.3","point"
"2023-02-05 11:40:00 am","70.7","46.6","69.4","49.2","point"
"2023-02-05 11:50:00 am","70.8","46.5","69.8","49.3","point"
"2023-02-05 12:00:00 pm","70.7","46.5","69.8","49.2","point"
"2023-02-05 12:10:00 pm","70.8","46.5","69.8","49.3","point"
"2023-02-05 12:20:00 pm","70.8","46.4","69.8","49.2","point"
"2023-02-05 12:30:00 pm","70.6","46.4","69.4","49.1","point"
"2023-02-05 12:40:00 pm","70.6","46.4","69.4","49.1","point"
"2023-02-05 12:50:00 pm","70.7","46.4","69.8","49.2","point"
"2023-02-05 01:00:00 pm","70.7","46.4","69.4","49.1","point"
"2023-02-05 01:10:00 pm","70.8","46.3","69.8","49.2","point"
"2023-02-05 01:20:00 pm","70.7","46.2","69.8","49.1","point"
"2023-02-05 01:30:00 pm","70.7","46.1","69.4","48.9","point"
"2023-02-05 01:40:00 pm","70.6","46.1","69.4","48.9","point"
"2023-02-05 01:50:00 pm","70.6","46.2","69.4","49.0","point"
"2023-02-05 02:00:00 pm","70.7","46.2","69.8","49.0","point"
"2023-02-05 02:10:00 pm","70.8","46.1","69.8","49.0","point"
"2023-02-05 02:20:00 pm","70.6","46.1","69.4","49.0","point"
"2023-02-05 02:30:00 pm","70.6","46.0","69.4","48.8","point"
"2023-02-05 02:40:00 pm","70.6","46.1","69.4","48.9","point"
"2023-02-05 02:50:00 pm","70.5","46.0","69.4","48.8","point"
"2023-02-05 03:00:00 pm","70.7","45.9","69.4","48.8","point"
"2023-02-05 03:10:00 pm","70.6","46.0","69.4","48.9","point"
"2023-02-05 03:20:00 pm","70.6","45.9","69.4","48.7","point"
"2023-02-05 03:30:00 pm","70.8","45.8","69.8","48.9","point"
"2023-02-05 03:40:00 pm","70.6","45.9","69.4","48.8","point"
"2023-02-05 03:50:00 pm","70.7","46.0","69.8","48.9","point"
"2023-02-05 04:00:00 pm","70.7","46.2","69.8","49.0","point"
"2023-02-05 04:10:00 pm","70.7","46.3","69.4","49.0","point"
"2023-02-05 04:20:00 pm","70.7","46.4","69.4","49.1","point"
"2023-02-05 04:30:00 pm","70.8","46.5","69.8","49.3","point"
"2023-02-05 04:40:00 pm","70.7","46.5","69.4","49.2","point"
"2023-02-05 04:50:00 pm","70.7","46.7","69.8","49.3","point"
"2023-02-05 05:00:00 pm","70.8","46.6","69.8","49.4","point"
"2023-02-05 05:10:00 pm","70.7","46.6","69.4","49.2","point"
"2023-02-05 05:20:00 pm","70.7","46.5","69.8","49.2","point"
"2023-02-05 05:30:00 pm","70.7","46.4","69.8","49.2","point"
"2023-02-05 05:40:00 pm","70.8","46.5","69.8","49.3","point"
"2023-02-05 05:50:00 pm","70.6","46.7","69.4","49.3","point"
"2023-02-05 06:00:00 pm","70.7","46.9","69.4","49.4","point"
"2023-02-05 06:10:00 pm","70.7","47.0","69.8","49.5","point"
"2023-02-05 06:20:00 pm","70.8","47.0","69.8","49.6","point"
"2023-02-05 06:30:00 pm","70.7","47.1","69.8","49.6","point"
"2023-02-05 06:40:00 pm","70.8","47.3","69.8","49.7","point"
"2023-02-05 06:50:00 pm","70.7","47.3","69.8","49.7","point"
"2023-02-05 07:00:00 pm","70.8","47.4","69.8","49.8","point"
"2023-02-05 07:10:00 pm","70.7","47.6","69.6","49.8","point"
"2023-02-05 07:20:00 pm","70.6","47.5","69.6","49.7","point"
"2023-02-05 07:30:00 pm","70.7","47.5","69.6","49.8","point"
"2023-02-05 07:40:00 pm","70.7","47.6","69.6","49.8","point"
"2023-02-05 07:50:00 pm","70.8","47.8","70.0","50.1","point"
"2023-02-05 08:00:00 pm","70.8","47.9","70.0","50.1","point"
"2023-02-05 08:10:00 pm","70.8","48.1","70.0","50.2","point"
"2023-02-05 08:20:00 pm","70.6","48.2","69.6","50.1","point"
"2023-02-05 08:30:00 pm","70.7","48.3","70.0","50.3","point"
"2023-02-05 08:40:00 pm","70.8","48.4","70.0","50.3","point"
"2023-02-05 08:50:00 pm","70.7","48.5","69.6","50.3","point"
"2023-02-05 09:00:00 pm","70.7","48.5","70.0","50.4","point"
"2023-02-05 09:10:00 pm","70.7","48.6","69.6","50.4","point"
"2023-02-05 09:20:00 pm","70.7","48.7","69.6","50.5","point"
"2023-02-05 09:30:00 pm","70.7","48.6","69.6","50.4","point"
"2023-02-05 09:40:00 pm","70.6","48.7","69.6","50.4","point"
"2023-02-05 09:50:00 pm","70.8","48.9","70.0","50.6","point"
"2023-02-05 10:00:00 pm","70.7","49.0","69.6","50.6","point"
"2023-02-05 10:10:00 pm","70.7","49.1","70.0","50.7","point"
"2023-02-05 10:20:00 pm","70.6","49.3","69.6","50.7","point"
"2023-02-05 10:30:00 pm","70.7","49.5","70.0","50.9","point"
"2023-02-05 10:40:00 pm","70.6","49.6","69.6","50.9","point"
"2023-02-05 10:50:00 pm","70.6","49.7","69.6","50.9","point"
"2023-02-05 11:00:00 pm","70.6","49.9","69.6","51.0","point"
"2023-02-05 11:10:00 pm","70.8","50.0","70.0","51.2","point"
"2023-02-05 11:20:00 pm","70.6","50.1","69.8","51.2","point"
"2023-02-05 11:30:00 pm","70.7","50.1","70.2","51.2","point"
"2023-02-05 11:40:00 pm","70.6","50.3","69.8","51.2","point"
"2023-02-05 11:50:00 pm","70.6","50.5","69.8","51.4","point"
"2023-02-06 12:00:00 am","70.8","50.7","70.2","51.6","point"
"2023-02-06 12:10:00 am","70.9","50.7","70.2","51.7","point"
"2023-02-06 12:20:00 am","70.9","50.7","70.2","51.7","point"
"2023-02-06 12:30:00 am","70.9","51.0","70.2","51.9","point"
"2023-02-06 12:40:00 am","71.0","51.0","70.2","51.9","point"
"2023-02-06 12:50:00 am","70.9","51.2","70.2","52.0","point"
"2023-02-06 01:00:00 am","71.0","51.2","70.2","52.1","point"
"2023-02-06 01:10:00 am","71.0","51.3","70.2","52.2","point"
"2023-02-06 01:20:00 am","71.1","51.5","70.3","52.3","point"
"2023-02-06 01:30:00 am","71.0","51.4","70.2","52.2","point"
"2023-02-06 01:40:00 am","71.0","51.3","70.2","52.1","point"
"2023-02-06 01:50:00 am","71.0","51.3","70.2","52.1","point"
"2023-02-06 02:00:00 am","71.2","51.3","70.3","52.3","point"
"2023-02-06 02:10:00 am","71.1","51.3","70.3","52.2","point"
"2023-02-06 02:20:00 am","71.1","51.3","70.3","52.2","point"
"2023-02-06 02:30:00 am","71.1","51.3","70.3","52.3","point"
"2023-02-06 02:40:00 am","71.2","51.4","70.3","52.3","point"
"2023-02-06 02:50:00 am","71.1","51.4","70.3","52.2","point"
"2023-02-06 03:00:00 am","71.2","51.4","70.3","52.3","point"
"2023-02-06 03:10:00 am","71.2","51.4","70.3","52.3","point"
"2023-02-06 03:20:00 am","71.2","51.5","70.3","52.4","point"
"2023-02-06 03:30:00 am","71.3","51.6","70.5","52.5","point"
"2023-02-06 03:40:00 am","71.2","51.7","70.3","52.5","point"
"2023-02-06 03:50:00 am","71.4","51.6","70.5","52.6","point"
"2023-02-06 04:00:00 am","71.3","51.6","70.5","52.5","point"
"2023-02-06 04:10:00 am","71.2","51.6","70.3","52.5","point"
"2023-02-06 04:20:00 am","71.4","51.5","70.5","52.6","point"
"2023-02-06 04:30:00 am","71.3","51.6","70.5","52.6","point"
"2023-02-06 04:40:00 am","71.3","51.5","70.5","52.5","point"
"2023-02-06 04:50:00 am","71.4","51.5","70.5","52.6","point"
"2023-02-06 05:00:00 am","71.3","51.4","70.5","52.5","point"
"2023-02-06 05:10:00 am","71.4","51.4","70.5","52.6","point"
"2023-02-06 05:20:00 am","71.5","51.4","70.7","52.6","point"
"2023-02-06 05:30:00 am","71.4","51.2","70.5","52.4","point"
"2023-02-06 05:40:00 am","71.4","51.2","70.5","52.4","point"
"2023-02-06 05:50:00 am","71.3","51.2","70.5","52.4","point"
"2023-02-06 06:00:00 am","71.3","51.1","70.5","52.3","point"
"2023-02-06 06:10:00 am","71.3","51.1","70.5","52.3","point"
"2023-02-06 06:20:00 am","71.2","51.1","70.3","52.1","point"
"2023-02-06 06:30:00 am","71.2","51.1","70.3","52.2","point"
"2023-02-06 06:40:00 am","71.1","51.1","70.3","52.1","point"
"2023-02-06 06:50:00 am","71.0","51.1","70.2","52.1","point"
"2023-02-06 07:00:00 am","71.0","51.1","70.2","52.0","point"
"2023-02-06 07:10:00 am","71.0","51.1","70.2","52.0","point"
"2023-02-06 07:20:00 am","71.0","51.1","70.2","51.9","point"
"2023-02-06 07:30:00 am","71.1","51.0","70.3","52.0","point"
"2023-02-06 07:40:00 am","71.0","51.1","70.2","52.0","point"
"2023-02-06 07:50:00 am","70.9","51.1","70.2","51.9","point"
"2023-02-06 08:00:00 am","71.0","51.1","70.2","52.0","point"
"2023-02-06 08:10:00 am","71.0","51.1","70.2","52.0","point"
"2023-02-06 08:20:00 am","71.0","51.2","70.2","52.1","point"
"2023-02-06 08:30:00 am","70.8","51.3","70.2","52.0","point"
"2023-02-06 08:40:00 am","70.9","51.3","70.2","52.1","point"
"2023-02-06 08:50:00 am","70.8","51.4","70.2","52.0","point"
"2023-02-06 09:00:00 am","70.9","51.5","70.2","52.2","point"
"2023-02-06 09:10:00 am","70.9","51.6","70.2","52.2","point"
"2023-02-06 09:20:00 am","70.8","51.7","70.2","52.1","point"
"2023-02-06 09:30:00 am","70.9","51.8","70.2","52.3","point"
"2023-02-06 09:40:00 am","71.1","52.7","70.5","53.0","point"
"2023-02-06 09:50:00 am","71.3","52.4","70.5","53.0","point"
"2023-02-06 10:00:00 am","71.7","54.1","71.1","54.2","point"
"2023-02-06 10:10:00 am","71.7","53.9","71.1","54.1","point"
"2023-02-06 10:20:00 am","71.7","53.7","71.1","54.1","point"
"2023-02-06 10:30:00 am","71.9","54.6","71.2","54.6","point"
"2023-02-06 10:40:00 am","72.1","55.9","71.6","55.5","point"
"2023-02-06 10:50:00 am","72.1","54.9","71.4","55.0","point"
"2023-02-06 11:00:00 am","72.2","55.9","71.8","55.6","point"
"2023-02-06 11:10:00 am","72.3","55.5","71.8","55.5","point"
"2023-02-06 11:20:00 am","72.4","55.5","72.0","55.6","point"
"2023-02-06 11:30:00 am","72.7","55.3","72.3","55.8","point"
"2024-01-11 09:00:59 pm","73.0","78.9","74.3","66.0","point"
"2024-01-11 11:00:59 pm","70.6","76.2","71.4","62.8","point"
"2024-01-12 01:00:59 am","70.2","76.3","71.1","62.4","point"
"2024-01-12 03:00:59 am","69.9","76.3","70.5","62.1","point"
"2024-01-12 05:00:59 am","69.5","76.4","70.0","61.8","point"
"2024-01-12 07:00:59 am","69.1","76.5","69.6","61.4","point"
"2024-01-12 09:00:59 am","70.2","74.0","70.9","61.5","point"
"2024-01-12 11:00:59 am","70.6","64.9","70.7","58.2","point"
"2024-01-12 01:00:59 pm","74.8","57.5","74.3","58.8","point"
"2024-01-12 03:00:59 pm","76.5","59.0","76.3","61.1","point"
"2024-01-12 05:00:59 pm","75.3","58.5","75.0","59.8","point"
"2024-01-12 07:00:59 pm","69.0","78.8","69.4","62.2","point"
"2024-01-12 09:00:59 pm","66.1","81.6","66.0","60.3","point"
"2024-01-12 11:00:59 pm","65.5","85.6","65.7","61.1","point"
"2024-01-13 01:00:59 am","64.9","83.5","64.8","59.8","point"
"2024-01-13 03:00:59 am","64.2","87.8","64.4","60.5","point"
"2024-01-13 05:00:59 am","63.0","91.6","63.5","60.5","point"
"2024-01-13 07:00:59 am","62.8","94.6","63.7","61.2","point"
"2024-01-13 09:00:59 am","64.9","92.5","65.5","62.6","point"
"2024-01-13 11:00:59 am","70.8","73.1","71.6","61.7","point"
"2024-01-13 01:00:59 pm","74.9","62.9","75.0","61.4","point"
"2024-01-13 03:00:59 pm","76.2","58.7","75.9","60.7","point"
"2024-01-13 05:00:59 pm","74.9","73.3","76.1","65.8","point"
"2024-01-13 07:00:59 pm","69.0","87.7","70.0","65.2","point"
"2024-01-13 09:00:59 pm","67.1","93.0","68.2","65.0","point"
"2024-01-13 11:00:59 pm","65.1","94.5","66.0","63.5","point"
"2024-01-14 01:00:59 am","64.7","94.6","65.5","63.1","point"
"2024-01-14 03:00:59 am","65.8","87.6","66.0","62.0","point"
"2024-01-14 05:00:59 am","65.4","89.3","65.8","62.2","point"
"2024-01-14 07:00:59 am","65.3","89.6","65.8","62.2","point"
"2024-01-14 09:00:59 am","66.9","89.2","67.8","63.7","point"
"2024-01-14 11:00:59 am","72.0","76.6","73.2","64.2","point"
"2024-01-14 01:00:59 pm","76.3","59.7","76.1","61.3","point"
"2024-01-14 03:00:59 pm","78.0","56.7","77.9","61.4","point"
"2024-01-14 05:00:59 pm","76.0","78.3","77.9","68.8","point"
"2024-01-14 07:00:59 pm","70.1","88.2","71.4","66.4","point"
"2024-01-14 09:00:59 pm","64.6","86.5","64.8","60.5","point"
"2024-01-14 11:00:59 pm","68.1","77.1","68.2","60.6","point"
"2024-01-15 01:00:59 am","67.7","76.5","67.6","60.0","point"
"2024-01-15 03:00:59 am","65.3","83.5","65.1","60.1","point"
"2024-01-15 05:00:59 am","63.2","88.8","63.5","59.9","point"
"2024-01-15 07:00:59 am","62.8","90.6","63.1","60.0","point"
"2024-01-15 09:00:59 am","65.2","93.0","66.0","63.1","point"
"2024-01-15 11:00:59 am","70.8","80.7","72.0","64.5","point"
"2024-01-15 01:00:59 pm","75.2","63.4","75.6","61.9","point"
"2024-01-15 03:00:59 pm","75.4","66.6","75.9","63.5","point"
"2024-01-15 05:00:59 pm","73.4","72.0","74.3","63.8","point"
"2024-01-15 07:00:59 pm","68.1","85.8","68.7","63.7","point"
"2024-01-15 09:00:59 pm","65.9","90.7","66.6","63.1","point"
"2024-01-15 11:00:59 pm","64.3","93.9","65.1","62.5","point"
"2024-01-16 01:00:59 am","62.8","95.6","63.7","61.5","point"
"2024-01-16 03:00:59 am","62.5","93.2","63.1","60.5","point"
"2024-01-16 05:00:59 am","62.0","94.9","62.8","60.5","point"
"2024-01-16 07:00:59 am","61.1","94.5","61.9","59.5","point"
"2024-01-16 09:00:59 am","63.2","97.1","64.2","62.4","point"
"2024-01-16 11:00:59 am","69.9","86.2","70.9","65.6","point"
"2024-01-16 01:00:59 pm","73.9","69.6","74.7","63.4","point"
"2024-01-16 03:00:59 pm","74.3","76.1","75.6","66.2","point"
"2024-01-16 05:00:59 pm","72.1","86.5","74.1","67.9","point"
"2024-01-16 07:00:59 pm","68.7","90.1","70.0","65.7","point"
"2024-01-16 09:00:59 pm","67.0","94.7","68.2","65.4","point"
"2024-01-16 11:00:59 pm","65.5","96.6","66.7","64.5","point"
"2024-01-17 01:00:59 am","66.1","97.2","67.3","65.2","point"
"2024-01-17 03:00:59 am","66.1","97.8","67.5","65.4","point"
"2024-01-17 05:00:59 am","65.7","99.0","67.1","65.4","point"
"2024-01-17 07:00:59 am","65.5","98.1","66.9","65.0","point"
"2024-01-17 09:00:59 am","66.2","98.7","67.6","65.8","point"
"2024-01-17 11:00:59 am","71.0","83.4","72.3","65.7","point"
"2024-01-17 01:00:59 pm","73.4","84.1","75.4","68.3","point"
"2024-01-17 03:00:59 pm","74.5","75.6","75.9","66.3","point"
"2024-01-17 05:00:59 pm","73.0","78.2","74.3","65.8","point"
"2024-01-17 07:00:59 pm","67.7","88.2","68.5","64.1","point"
"2024-01-17 09:00:59 pm","68.1","93.2","69.3","66.1","point"
"2024-01-17 11:00:59 pm","67.6","97.1","68.9","66.8","point"
"2024-01-18 01:00:59 am","67.0","97.9","68.5","66.4","point"
"2024-01-18 03:00:59 am","65.2","97.1","66.4","64.3","point"
"2024-01-18 05:00:59 am","64.3","97.5","65.3","63.6","point"
"2024-01-18 07:00:59 am","63.6","98.4","64.8","63.2","point"
"2024-01-18 09:00:59 am","66.7","99.2","68.2","66.4","point"
"2024-01-18 11:00:59 am","70.8","86.3","72.3","66.5","point"
"2024-01-18 01:00:59 pm","73.7","80.1","75.4","67.2","point"
"2024-01-18 03:00:59 pm","74.7","81.0","76.6","68.5","point"
"2024-01-18 05:00:59 pm","72.7","84.8","74.7","67.8","point"
"2024-01-18 07:00:59 pm","69.3","92.4","70.7","67.0","point"
"2024-01-18 09:00:59 pm","67.7","95.8","69.1","66.5","point"
"2024-01-18 11:00:59 pm","66.7","97.4","68.0","65.9","point"
"2024-01-19 01:00:59 am","66.3","98.0","67.6","65.7","point"
"2024-01-19 03:00:59 am","66.4","97.8","68.0","65.8","point"
"2024-01-19 05:00:59 am","65.1","99.1","66.4","64.8","point"
"2024-01-19 07:00:59 am","62.8","98.9","64.0","62.5","point"
"2024-01-19 09:00:59 am","66.1","99.9","67.6","66.1","point"
"2024-01-19 11:00:59 am","71.1","90.6","72.9","68.2","point"
"2024-01-19 01:00:59 pm","73.3","81.4","75.0","67.3","point"
"2024-01-19 03:00:59 pm","74.9","82.9","77.2","69.4","point"
"2024-01-19 05:00:59 pm","73.4","86.3","75.4","69.0","point"
"2024-01-19 07:00:59 pm","69.9","93.6","71.4","68.0","point"
"2024-01-19 09:00:59 pm","69.4","97.9","71.2","68.7","point"
"2024-01-19 11:00:59 pm","66.3","97.2","67.5","65.5","point"
"2024-01-20 01:00:59 am","64.5","98.0","65.7","63.9","point"
"2024-01-20 03:00:59 am","65.8","98.9","67.1","65.4","point"
"2024-01-20 05:00:59 am","64.6","97.2","65.5","63.7","point"
"2024-01-20 07:00:59 am","64.4","97.6","65.5","63.7","point"
"2024-01-20 09:00:59 am","66.3","96.2","67.5","65.2","point"
"2024-01-20 11:00:59 am","70.8","90.3","72.5","67.8","point"
"2024-01-20 01:00:59 pm","73.0","79.0","74.3","66.1","point"
"2024-01-20 03:00:59 pm","73.9","80.2","75.6","67.4","point"
"2024-01-20 05:00:59 pm","73.8","88.2","76.3","70.1","point"
"2024-01-20 07:00:59 pm","70.5","93.5","72.0","68.5","point"
"2024-01-20 09:00:59 pm","67.6","96.3","68.9","66.5","point"
"2024-01-20 11:00:59 pm","65.9","97.5","67.1","65.1","point"
"2024-01-21 01:00:59 am","65.7","98.6","67.1","65.3","point"
"2024-01-21 03:00:59 am","64.6","98.7","65.8","64.3","point"
"2024-01-21 05:00:59 am","65.9","99.8","67.5","65.8","point"
"2024-01-21 07:00:59 am","65.3","99.7","66.9","65.2","point"
"2024-01-21 09:00:59 am","67.0","97.6","68.5","66.3","point"
"2024-01-21 11:00:59 am","71.5","91.0","73.4","68.7","point"
"2024-01-21 01:00:59 pm","76.1","71.3","77.2","66.2","point"
"2024-01-21 03:00:59 pm","77.2","74.6","79.3","68.5","point"
"2024-01-21 05:00:59 pm","75.1","80.0","77.0","68.5","point"
"2024-01-21 07:00:59 pm","71.2","86.8","72.7","67.1","point"
"2024-01-21 09:00:59 pm","70.3","96.0","72.0","69.1","point"
"2024-01-21 11:00:59 pm","67.7","96.9","69.1","66.8","point"
"2024-01-22 01:00:59 am","66.6","97.8","68.2","65.9","point"
"2024-01-22 03:00:59 am","66.0","97.8","67.3","65.4","point"
"2024-01-22 05:00:59 am","65.1","99.3","66.4","64.9","point"
"2024-01-22 07:00:59 am","63.5","98.7","64.8","63.1","point"
"2024-01-22 09:00:59 am","66.9","99.9","68.7","66.9","point"
"2024-01-22 11:00:59 am","72.1","91.1","74.3","69.4","point"
"2024-01-22 01:00:59 pm","75.2","75.6","76.8","67.0","point"
"2024-01-22 03:00:59 pm","76.4","78.5","78.3","69.2","point"
"2024-01-22 05:00:59 pm","74.4","82.3","76.5","68.6","point"
"2024-01-22 07:00:59 pm","70.1","89.7","71.4","67.0","point"
"2024-01-22 09:00:59 pm","70.3","95.2","72.0","68.9","point"
"2024-01-22 11:00:59 pm","67.9","96.8","69.4","67.0","point"
"2024-01-23 01:00:59 am","65.6","96.8","66.7","64.7","point"
"2024-01-23 03:00:59 am","64.5","98.1","65.7","64.0","point"
"2024-01-23 05:00:59 am","63.9","99.0","65.1","63.6","point"
"2024-01-23 07:00:59 am","63.3","97.1","64.4","62.5","point"
"2024-01-23 09:00:59 am","67.6","93.3","68.7","65.6","point"
"2024-01-23 11:00:59 am","71.2","85.8","72.5","66.7","point"
"2024-01-23 01:00:59 pm","74.0","73.8","75.2","65.2","point"
"2024-01-23 03:00:59 pm","75.6","81.9","77.7","69.7","point"
"2024-01-23 05:00:59 pm","73.8","86.6","76.1","69.5","point"
"2024-01-23 07:00:59 pm","69.8","88.9","70.9","66.4","point"
"2024-01-23 09:00:59 pm","66.6","93.6","67.6","64.7","point"
"2024-01-23 11:00:59 pm","64.6","96.1","65.5","63.4","point"
"2024-01-24 01:00:59 am","62.6","97.0","63.5","61.7","point"
"2024-01-24 03:00:59 am","61.3","97.1","62.2","60.4","point"
"2024-01-24 05:00:59 am","60.1","96.1","61.0","59.0","point"
"2024-01-24 07:00:59 am","58.5","96.9","59.4","57.6","point"
"2024-01-24 09:00:59 am","62.3","98.7","63.5","61.9","point"
"2024-01-24 11:00:59 am","71.1","71.8","71.8","61.6","point"
"2024-01-24 01:00:59 pm","73.6","74.6","74.8","65.0","point"
"2024-01-24 03:00:59 pm","74.0","72.3","75.0","64.5","point"
"2024-01-24 05:00:59 pm","72.0","77.5","73.2","64.6","point"
"2024-01-24 07:00:59 pm","67.7","84.8","68.4","63.0","point"
"2024-01-24 09:00:59 pm","66.3","91.4","67.1","63.8","point"
"2024-01-24 11:00:59 pm","63.4","94.5","64.2","61.8","point"
"2024-01-25 01:00:59 am","62.2","95.6","63.0","60.9","point"
"2024-01-25 03:00:59 am","59.3","89.6","59.5","56.2","point"
"2024-01-25 05:00:59 am","59.2","92.9","59.9","57.1","point"
"2024-01-25 07:00:59 am","59.3","93.8","59.9","57.5","point"
"2024-01-25 09:00:59 am","62.7","96.4","63.7","61.7","point"
"2024-01-25 11:00:59 am","70.4","81.6","71.4","64.5","point"
"2024-01-25 01:00:59 pm","73.6","78.3","75.2","66.4","point"
"2024-01-25 03:00:59 pm","73.6","75.0","74.8","65.2","point"
"2024-01-25 05:00:59 pm","71.9","79.3","73.2","65.1","point"
"2024-01-25 07:00:59 pm","68.3","87.5","69.1","64.4","point"
"2024-01-25 09:00:59 pm","66.4","95.1","67.6","65.0","point"
"2024-01-25 11:00:59 pm","64.3","96.6","65.3","63.3","point"
"2024-01-26 01:00:59 am","62.9","96.8","63.9","62.0","point"
"2024-01-26 03:00:59 am","62.0","97.8","63.1","61.4","point"
"2024-01-26 05:00:59 am","65.4","94.9","66.4","63.9","point"
"2024-01-26 07:00:59 am","62.9","96.9","63.9","62.0","point"
"2024-01-26 09:00:59 am","65.6","92.9","66.4","63.4","point"
"2024-01-26 11:00:59 am","70.3","80.0","71.2","63.8","point"
"2024-01-26 01:00:59 pm","73.8","69.8","74.7","63.4","point"
"2024-01-26 03:00:59 pm","75.9","60.5","75.9","61.3","point"
"2024-01-26 05:00:59 pm","74.6","57.3","74.1","58.5","point"
"2024-01-26 07:00:59 pm","69.4","83.7","70.3","64.2","point"
"2024-01-26 09:00:59 pm","65.5","91.8","66.2","63.1","point"
"2024-01-26 11:00:59 pm","62.6","94.7","63.5","61.1","point"
"2024-01-27 01:00:59 am","62.6","86.6","62.8","58.6","point"
"2024-01-27 03:00:59 am","64.2","69.4","62.6","53.9","point"
"2024-01-27 05:00:59 am","62.6","80.2","62.2","56.4","point"
"2024-01-27 07:00:59 am","61.8","88.0","61.9","58.2","point"
"2024-01-27 09:00:59 am","63.5","92.3","64.2","61.3","point"
"2024-01-27 11:00:59 am","68.7","82.0","69.4","63.0","point"
"2024-01-27 01:00:59 pm","73.3","65.6","73.6","61.0","point"
"2024-01-27 03:00:59 pm","75.1","52.4","74.1","56.5","point"
"2024-01-27 05:00:59 pm","74.4","55.7","73.8","57.5","point"
"2024-01-27 07:00:59 pm","68.6","73.5","68.7","59.8","point"
"2024-01-27 09:00:59 pm","64.3","77.1","63.7","56.9","point"
"2024-01-27 11:00:59 pm","65.0","76.7","64.2","57.5","point"
"2024-01-28 01:00:59 am","64.7","75.2","63.9","56.7","point"
"2024-01-28 03:00:59 am","63.5","79.9","63.1","57.2","point"
"2024-01-28 05:00:59 am","62.6","86.1","62.6","58.4","point"
"2024-01-28 07:00:59 am","61.8","92.5","62.4","59.6","point"
"2024-01-28 09:00:59 am","63.9","93.2","64.6","61.9","point"
"2024-01-28 11:00:59 am","69.8","72.2","70.0","60.4","point"
"2024-01-28 01:00:59 pm","73.8","59.4","73.6","58.8","point"
"2024-01-28 03:00:59 pm","75.7","55.4","75.0","58.6","point"
"2024-01-28 05:00:59 pm","74.5","56.4","73.9","57.9","point"
"2024-01-28 07:00:59 pm","69.2","80.1","69.8","62.8","point"
"2024-01-28 09:00:59 pm","64.3","87.8","64.4","60.6","point"
"2024-01-28 11:00:59 pm","62.8","93.3","63.3","60.8","point"
"2024-01-29 01:00:59 am","60.9","93.6","61.5","59.0","point"
"2024-01-29 03:00:59 am","63.3","83.5","63.3","58.2","point"
"2024-01-29 05:00:59 am","64.2","79.0","63.7","57.5","point"
"2024-01-29 07:00:59 am","63.1","83.3","63.0","57.9","point"
"2024-01-29 09:00:59 am","64.1","89.3","64.4","60.9","point"
"2024-01-29 11:00:59 am","68.3","83.5","68.9","63.1","point"
"2024-01-29 01:00:59 pm","74.0","67.2","74.5","62.4","point"
"2024-01-29 03:00:59 pm","75.9","60.3","75.9","61.2","point"
"2024-01-29 05:00:59 pm","73.3","74.0","74.3","64.5","point"
"2024-01-29 07:00:59 pm","68.5","85.1","69.3","63.8","point"
"2024-01-29 09:00:59 pm","64.8","90.5","65.3","62.0","point"
"2024-01-29 11:00:59 pm","62.4","92.6","63.0","60.2","point"
"2024-01-30 01:00:59 am","61.3","84.3","61.2","56.5","point"
"2024-01-30 03:00:59 am","64.3","72.1","63.1","55.1","point"
"2024-01-30 05:00:59 am","64.4","72.7","63.1","55.4","point"
"2024-01-30 07:00:59 am","63.1","79.1","62.6","56.5","point"
"2024-01-30 09:00:59 am","64.2","85.9","64.0","59.9","point"
"2024-01-30 11:00:59 am","70.6","75.6","71.4","62.5","point"
"2024-01-30 01:00:59 pm","74.6","63.8","74.8","61.5","point"
"2024-01-30 03:00:59 pm","75.1","62.3","75.2","61.4","point"
"2024-01-30 05:00:59 pm","73.3","63.1","73.6","60.0","point"
"2024-01-30 07:00:59 pm","67.2","79.7","67.3","60.7","point"
"2024-01-30 09:00:59 pm","65.6","88.9","66.0","62.2","point"
"2024-01-30 11:00:59 pm","64.2","93.0","64.9","62.2","point"
"2024-01-31 01:00:59 am","61.8","92.0","62.4","59.4","point"
"2024-01-31 03:00:59 am","60.5","93.7","61.2","58.7","point"
"2024-01-31 05:00:59 am","59.7","95.7","60.4","58.5","point"
"2024-01-31 07:00:59 am","58.8","94.0","59.4","57.1","point"
"2024-01-31 09:00:59 am","63.7","94.8","64.6","62.2","point"
"2024-01-31 11:00:59 am","70.8","72.9","71.6","61.7","point"
"2024-01-31 01:00:59 pm","74.4","57.5","73.9","58.4","point"
"2024-01-31 03:00:59 pm","74.6","57.4","74.1","58.5","point"
"2024-01-31 05:00:59 pm","73.3","65.6","73.6","61.1","point"
"2024-01-31 07:00:59 pm","67.2","78.6","67.1","60.4","point"
"2024-01-31 09:00:59 pm","62.4","87.0","62.4","58.4","point"
"2024-01-31 11:00:59 pm","62.1","90.4","62.6","59.3","point"
"2024-02-01 01:00:59 am","61.4","90.5","61.9","58.6","point"
"2024-02-01 03:00:59 am","62.6","96.1","63.7","61.5","point"
"2024-02-01 05:00:59 am","61.1","94.8","61.9","59.5","point"
"2024-02-01 07:00:59 am","58.9","92.9","59.5","56.8","point"
"2024-02-01 09:00:59 am","62.1","93.9","63.0","60.3","point"
"2024-02-01 11:00:59 am","70.3","67.7","70.3","59.1","point"
"2024-02-01 01:00:59 pm","73.6","72.0","74.5","64.0","point"
"2024-02-01 03:00:59 pm","74.2","67.4","74.7","62.7","point"
"2024-02-01 05:00:59 pm","72.8","74.3","73.8","64.1","point"
"2024-02-01 07:00:59 pm","68.6","84.9","69.4","63.8","point"
"2024-02-01 09:00:59 pm","65.3","91.5","66.0","62.8","point"
"2024-02-01 11:00:59 pm","63.4","93.0","64.0","61.3","point"
"2024-02-02 01:00:59 am","62.3","94.2","63.1","60.5","point"
"2024-02-02 03:00:59 am","62.6","96.7","63.7","61.7","point"
"2024-02-02 05:00:59 am","59.9","96.0","60.8","58.8","point"
"2024-02-02 07:00:59 am","58.6","95.4","59.2","57.2","point"
"2024-02-02 09:00:59 am","62.9","98.2","64.0","62.3","point"
"2024-02-02 11:00:59 am","70.7","80.5","72.0","64.5","point"
"2024-02-02 01:00:59 pm","74.8","66.8","75.2","63.1","point"
"2024-02-02 03:00:59 pm","74.9","61.8","75.0","60.9","point"
"2024-02-02 05:00:59 pm","73.7","68.2","74.3","62.5","point"
"2024-02-02 07:00:59 pm","69.1","84.1","70.0","64.1","point"
"2024-02-02 09:00:59 pm","66.8","91.6","67.6","64.3","point"
"2024-02-02 11:00:59 pm","63.9","94.4","64.8","62.2","point"
"2024-02-03 01:00:59 am","62.7","95.2","63.5","61.3","point"
"2024-02-03 03:00:59 am","60.8","94.9","61.7","59.3","point"
"2024-02-03 05:00:59 am","58.7","95.5","59.4","57.4","point"
"2024-02-03 07:00:59 am","62.2","94.4","63.0","60.5","point"
"2024-02-03 09:00:59 am","67.3","87.9","68.0","63.6","point"
"2024-02-03 11:00:59 am","72.2","81.0","73.6","66.0","point"
"2024-02-03 01:00:59 pm","77.1","68.3","78.3","65.9","point"
"2024-02-03 03:00:59 pm","76.5","77.0","78.4","68.7","point"
"2024-02-03 05:00:59 pm","74.4","79.2","76.1","67.6","point"
"2024-02-03 07:00:59 pm","71.2","86.4","72.7","66.9","point"
"2024-02-03 09:00:59 pm","68.5","92.8","69.6","66.3","point"
"2024-02-03 11:00:59 pm","67.2","95.2","68.4","65.8","point"
"2024-02-04 01:00:59 am","65.6","95.6","66.6","64.3","point"
"2024-02-04 03:00:59 am","66.6","93.9","67.8","64.8","point"
"2024-02-04 05:00:59 am","67.9","90.1","69.1","64.9","point"
"2024-02-04 07:00:59 am","67.1","91.1","68.2","64.4","point"
"2024-02-04 09:00:59 am","68.7","86.2","69.4","64.4","point"
"2024-02-04 11:00:59 am","73.0","79.3","74.5","66.1","point"
"2024-02-04 01:00:59 pm","75.4","67.6","76.1","64.0","point"
"2024-02-04 03:00:59 pm","77.1","62.4","77.4","63.2","point"
"2024-02-04 05:00:59 pm","76.8","73.1","78.1","67.5","point"
"2024-02-04 07:00:59 pm","72.3","89.1","74.5","69.0","point"
"2024-02-04 09:00:59 pm","69.8","94.2","71.6","68.1","point"
"2024-02-04 11:00:59 pm","67.4","95.8","68.7","66.2","point"
"2024-02-05 01:00:59 am","64.0","97.1","64.9","63.1","point"
"2024-02-05 03:00:59 am","63.5","95.5","64.2","62.2","point"
"2024-02-05 05:00:59 am","62.1","93.9","63.0","60.3","point"
"2024-02-05 07:00:59 am","61.9","91.2","62.4","59.3","point"
"2024-02-05 09:00:59 am","65.0","87.5","65.3","61.2","point"
"2024-02-05 11:00:59 am","71.4","73.8","72.1","62.6","point"
"2024-02-05 01:00:59 pm","76.6","56.6","75.9","60.0","point"
"2024-02-05 03:00:59 pm","79.7","46.7","78.6","57.5","point"
"2024-02-05 05:00:59 pm","78.9","46.1","77.7","56.4","point"
"2024-02-05 07:00:59 pm","71.8","79.0","73.0","64.9","point"
"2024-02-05 09:00:59 pm","69.6","89.1","70.7","66.2","point"
"2024-02-05 11:00:59 pm","68.8","94.3","70.3","67.1","point"
"2024-02-06 01:00:59 am","65.6","95.4","66.6","64.2","point"
"2024-02-06 03:00:59 am","64.2","96.9","65.1","63.3","point"
"2024-02-06 05:00:59 am","62.6","91.9","63.3","60.2","point"
"2024-02-06 07:00:59 am","61.9","92.1","62.6","59.6","point"
"2024-02-06 09:00:59 am","67.4","79.6","67.5","60.9","point"
"2024-02-06 11:00:59 am","73.0","65.6","73.2","60.8","point"
"2024-02-06 01:00:59 pm","78.6","50.7","78.1","58.8","point"
"2024-02-06 03:00:59 pm","81.4","36.8","79.2","52.5","point"
"2024-02-06 05:00:59 pm","80.6","37.2","78.3","52.1","point"
"2024-02-06 07:00:59 pm","71.8","62.8","72.0","58.4","point"
"2024-02-06 09:00:59 pm","69.4","81.4","70.2","63.4","point"
"2024-02-06 11:00:59 pm","66.1","89.1","66.7","62.8","point"
"2024-02-07 01:00:59 am","64.7","86.3","64.6","60.5","point"
"2024-02-07 03:00:59 am","67.3","66.8","66.4","55.9","point"
"2024-02-07 05:00:59 am","67.1","72.6","66.7","58.0","point"
"2024-02-07 07:00:59 am","67.0","74.9","66.6","58.8","point"
"2024-02-07 09:00:59 am","68.8","70.0","68.7","58.6","point"
"2024-02-07 11:00:59 am","74.7","54.7","73.9","57.3","point"
"2024-02-07 01:00:59 pm","80.2","38.9","78.1","52.9","point"
"2024-02-07 03:00:59 pm","82.0","31.8","78.8","49.1","point"
"2024-02-07 05:00:59 pm","80.2","53.5","80.6","61.8","point"
"2024-02-07 07:00:59 pm","72.7","74.0","73.8","63.9","point"
"2024-02-07 09:00:59 pm","69.0","84.5","69.8","64.1","point"
"2024-02-07 11:00:59 pm","66.1","90.6","66.9","63.2","point"
"2024-02-08 01:00:59 am","65.1","85.7","65.1","60.7","point"
"2024-02-08 03:00:59 am","65.2","84.8","65.3","60.5","point"
"2024-02-08 05:00:59 am","65.5","76.6","64.8","57.9","point"
"2024-02-08 07:00:59 am","63.1","78.2","62.4","56.1","point"
"2024-02-08 09:00:59 am","68.1","70.1","67.6","58.0","point"
"2024-02-08 11:00:59 am","73.9","61.0","73.8","59.6","point"
"2024-02-08 01:00:59 pm","80.1","43.6","78.8","56.0","point"
"2024-02-08 03:00:59 pm","79.8","60.0","81.1","64.6","point"
"2024-02-08 05:00:59 pm","76.8","64.5","77.2","63.9","point"
"2024-02-08 07:00:59 pm","72.0","78.9","73.4","65.1","point"
"2024-02-08 09:00:59 pm","68.4","88.4","69.4","64.8","point"
"2024-02-08 11:00:59 pm","65.4","92.3","66.2","63.1","point"
"2024-02-09 01:00:59 am","63.6","91.0","64.0","60.9","point"
"2024-02-09 03:00:59 am","63.5","89.7","63.9","60.4","point"
"2024-02-09 05:00:59 am","60.9","93.0","61.5","58.8","point"
"2024-02-09 07:00:59 am","61.2","93.1","61.9","59.1","point"
"2024-02-09 09:00:59 am","66.1","83.4","66.2","60.9","point"
"2024-02-09 11:00:59 am","73.5","57.0","73.0","57.3","point"
"2024-02-09 01:00:59 pm","78.1","53.2","77.7","59.7","point"
"2024-02-09 03:00:59 pm","80.0","62.0","81.9","65.8","point"
"2024-02-09 05:00:59 pm","77.0","73.9","79.0","68.1","point"
"2024-02-09 07:00:59 pm","72.4","84.6","74.1","67.5","point"
"2024-02-09 09:00:59 pm","70.3","91.8","71.8","67.8","point"
"2024-02-09 11:00:59 pm","68.9","93.4","70.3","66.9","point"
"2024-02-10 01:00:59 am","67.6","94.3","68.9","65.9","point"
"2024-02-10 03:00:59 am","64.2","91.4","64.8","61.7","point"
"2024-02-10 05:00:59 am","63.7","92.4","64.4","61.5","point"
"2024-02-10 07:00:59 am","64.3","89.8","64.6","61.2","point"
"2024-02-10 09:00:59 am","66.2","87.4","66.6","62.3","point"
"2024-02-10 11:00:59 am","72.6","75.7","73.8","64.5","point"
"2024-02-10 01:00:59 pm","77.5","59.5","77.5","62.2","point"
"2024-02-10 03:00:59 pm","80.1","42.7","78.6","55.3","point"
"2024-02-10 05:00:59 pm","78.1","68.3","80.1","66.8","point"
"2024-02-10 07:00:59 pm","73.3","86.5","75.4","69.0","point"
"2024-02-10 09:00:59 pm","70.8","92.4","72.5","68.5","point"
"2024-02-10 11:00:59 pm","68.1","95.0","69.4","66.7","point"
"2024-02-11 01:00:59 am","65.6","95.7","66.7","64.3","point"
"2024-02-11 03:00:59 am","63.2","96.9","64.2","62.3","point"
"2024-02-11 05:00:59 am","63.7","95.8","64.8","62.5","point"
"2024-02-11 07:00:59 am","64.2","93.0","64.8","62.1","point"
"2024-02-11 09:00:59 am","65.7","93.3","66.6","63.7","point"
"2024-02-11 11:00:59 am","71.5","82.4","72.9","65.8","point"
"2024-02-11 01:00:59 pm","76.7","54.6","75.9","59.1","point"
"2024-02-11 03:00:59 pm","79.0","42.3","77.4","54.2","point"
"2024-02-11 05:00:59 pm","78.4","37.8","75.9","50.5","point"
"2024-02-11 07:00:59 pm","69.7","63.5","69.4","56.8","point"
"2024-02-11 09:00:59 pm","65.3","82.0","64.9","59.6","point"
"2024-02-11 11:00:59 pm","64.2","89.9","64.6","61.2","point"
"2024-02-12 01:00:59 am","64.2","85.0","64.0","59.6","point"
"2024-02-12 03:00:59 am","63.0","85.7","63.0","58.7","point"
"2024-02-12 05:00:59 am","65.1","79.6","64.8","58.7","point"
"2024-02-12 07:00:59 am","64.1","83.8","64.0","59.1","point"
"2024-02-12 09:00:59 am","64.8","79.8","64.4","58.4","point"
"2024-02-12 11:00:59 am","72.4","51.5","71.6","53.5","point"
"2024-02-12 01:00:59 pm","78.5","34.8","75.7","48.5","point"
"2024-02-12 03:00:59 pm","80.4","28.4","77.0","44.7","point"
"2024-02-12 05:00:59 pm","79.6","31.0","76.3","46.3","point"
"2024-02-12 07:00:59 pm","69.9","55.2","69.1","53.1","point"
"2024-02-12 09:00:59 pm","68.9","81.6","69.4","63.0","point"
"2024-02-12 11:00:59 pm","65.2","88.2","65.7","61.6","point"
"2024-02-13 01:00:59 am","62.3","89.0","62.6","59.1","point"
"2024-02-13 03:00:59 am","62.5","85.7","62.4","58.2","point"
"2024-02-13 05:00:59 am","62.2","77.7","61.5","55.1","point"
"2024-02-13 07:00:59 am","61.4","86.2","61.3","57.3","point"
"2024-02-13 09:00:59 am","64.6","87.5","64.6","60.8","point"
"2024-02-13 11:00:59 am","71.8","65.9","72.1","59.8","point"
"2024-02-13 01:00:59 pm","76.6","42.7","74.7","52.3","point"
"2024-02-13 03:00:59 pm","79.4","33.6","76.6","48.3","point"
"2024-02-13 05:00:59 pm","77.5","57.0","77.4","61.1","point"
"2024-02-13 07:00:59 pm","70.6","69.5","71.1","60.1","point"
"2024-02-13 09:00:59 pm","68.1","84.7","68.7","63.3","point"
"2024-02-13 11:00:59 pm","64.8","91.4","65.3","62.2","point"
"2024-02-14 01:00:59 am","63.5","93.0","64.2","61.5","point"
"2024-02-14 03:00:59 am","64.3","90.2","64.8","61.4","point"
"2024-02-14 05:00:59 am","64.6","89.4","64.9","61.4","point"
"2024-02-14 07:00:59 am","65.0","86.9","65.3","61.0","point"
"2024-02-14 09:00:59 am","66.8","88.5","67.5","63.3","point"
"2024-02-14 11:00:59 am","73.3","71.6","74.1","63.6","point"
"2024-02-14 01:00:59 pm","77.9","53.4","77.4","59.6","point"
"2024-02-14 03:00:59 pm","79.8","39.9","77.7","53.3","point"
"2024-02-14 05:00:59 pm","79.3","37.4","76.8","51.0","point"
"2024-02-14 07:00:59 pm","73.1","75.0","74.1","64.7","point"
"2024-02-14 09:00:59 pm","70.8","88.9","72.3","67.4","point"
"2024-02-14 11:00:59 pm","68.4","92.1","69.6","66.0","point"
"2024-02-15 01:00:59 am","65.6","94.3","66.6","63.9","point"
"2024-02-15 03:00:59 am","65.4","94.9","66.4","63.9","point"
"2024-02-15 05:00:59 am","64.2","92.8","64.9","62.1","point"
"2024-02-15 07:00:59 am","65.9","87.9","66.4","62.2","point"
"2024-02-15 09:00:59 am","67.6","86.1","68.2","63.2","point"
"2024-02-15 11:00:59 am","73.1","75.2","74.3","64.8","point"
"2024-02-15 01:00:59 pm","77.2","54.5","76.6","59.5","point"
"2024-02-15 03:00:59 pm","78.0","48.4","77.0","57.0","point"
"2024-02-15 05:00:59 pm","76.5","51.0","75.4","57.0","point"
"2024-02-15 07:00:59 pm","71.0","76.0","72.0","63.0","point"
"2024-02-15 09:00:59 pm","66.3","87.3","66.7","62.4","point"
"2024-02-15 11:00:59 pm","63.7","91.5","64.0","61.2","point"
"2024-02-16 01:00:59 am","64.8","90.4","65.3","61.9","point"
"2024-02-16 03:00:59 am","65.1","77.3","64.6","57.8","point"
"2024-02-16 05:00:59 am","65.1","80.0","64.8","58.8","point"
"2024-02-16 07:00:59 am","63.7","83.6","63.7","58.6","point"
"2024-02-16 09:00:59 am","66.5","75.7","66.0","58.6","point"
"2024-02-16 11:00:59 am","72.4","56.8","72.0","56.2","point"
"2024-02-16 01:00:59 pm","78.0","45.1","76.5","55.0","point"
"2024-02-16 03:00:59 pm","80.3","38.7","78.3","52.9","point"
"2024-02-16 05:00:59 pm","79.5","36.0","77.0","50.2","point"
"2024-02-16 07:00:59 pm","72.1","68.4","72.5","61.2","point"
"2024-02-16 09:00:59 pm","68.4","82.4","68.9","62.8","point"
"2024-02-16 11:00:59 pm","66.1","89.5","66.7","62.9","point"
"2024-02-17 01:00:59 am","65.2","90.9","65.8","62.5","point"
"2024-02-17 03:00:59 am","64.5","91.3","64.9","61.8","point"
"2024-02-17 05:00:59 am","64.8","87.8","64.9","61.1","point"
"2024-02-17 07:00:59 am","64.7","90.7","65.1","61.9","point"
"2024-02-17 09:00:59 am","67.1","83.7","67.6","62.0","point"
"2024-02-17 11:00:59 am","72.8","69.7","73.4","62.3","point"
"2024-02-17 01:00:59 pm","78.0","57.3","78.1","61.7","point"
"2024-02-17 03:00:59 pm","81.1","43.3","79.9","56.7","point"
"2024-02-17 05:00:59 pm","78.4","65.2","79.9","65.8","point"
"2024-02-17 07:00:59 pm","73.0","78.1","74.3","65.7","point"
"2024-02-17 09:00:59 pm","70.5","88.6","71.8","67.0","point"
"2024-02-17 11:00:59 pm","67.6","92.5","68.7","65.4","point"
"2024-02-18 01:00:59 am","66.1","94.5","67.1","64.5","point"
"2024-02-18 03:00:59 am","64.0","94.7","64.8","62.4","point"
"2024-02-18 05:00:59 am","62.9","96.4","63.9","61.8","point"
"2024-02-18 07:00:59 am","62.3","95.0","63.1","60.9","point"
"2024-02-18 09:00:59 am","66.1","95.9","67.3","64.9","point"
"2024-02-18 11:00:59 am","73.0","75.8","74.1","64.9","point"
"2024-02-18 01:00:59 pm","76.1","72.6","77.4","66.7","point"
"2024-02-18 03:00:59 pm","78.3","67.4","80.1","66.7","point"
"2024-02-18 05:00:59 pm","76.1","74.4","77.5","67.4","point"
"2024-02-18 07:00:59 pm","72.1","83.8","73.6","66.9","point"
"2024-02-18 09:00:59 pm","69.3","90.4","70.7","66.3","point"
"2024-02-18 11:00:59 pm","67.6","93.0","68.7","65.5","point"
"2024-02-19 01:00:59 am","67.3","96.7","68.7","66.3","point"
"2024-02-19 03:00:59 am","66.7","98.0","68.2","66.1","point"
"2024-02-19 05:00:59 am","64.5","94.8","65.3","62.9","point"
"2024-02-19 07:00:59 am","66.4","96.2","67.8","65.3","point"
"2024-02-19 09:00:59 am","67.2","90.6","68.2","64.4","point"
"2024-02-19 11:00:59 am","72.8","82.5","74.5","67.1","point"
"2024-02-19 01:00:59 pm","77.8","65.1","79.0","65.1","point"
"2024-02-19 03:00:59 pm","78.7","67.1","80.8","66.9","point"
"2024-02-19 05:00:59 pm","77.2","71.6","78.6","67.3","point"
"2024-02-19 07:00:59 pm","71.8","80.9","73.2","65.7","point"
"2024-02-19 09:00:59 pm","70.1","90.2","71.6","67.1","point"
"2024-02-19 11:00:59 pm","68.4","94.3","69.8","66.7","point"
"2024-02-20 01:00:59 am","66.9","94.7","68.2","65.4","point"
"2024-02-20 03:00:59 am","65.4","96.1","66.6","64.3","point"
"2024-02-20 05:00:59 am","63.7","97.0","64.6","62.8","point"
"2024-02-20 07:00:59 am","62.1","96.0","63.1","60.9","point"
"2024-02-20 09:00:59 am","67.3","98.3","68.9","66.8","point"
"2024-02-20 11:00:59 am","73.0","83.5","74.8","67.7","point"
"2024-02-20 01:00:59 pm","77.9","65.4","79.3","65.4","point"
"2024-02-20 03:00:59 pm","78.4","75.1","81.5","69.9","point"
"2024-02-20 05:00:59 pm","76.1","79.9","78.3","69.5","point"
"2024-02-20 07:00:59 pm","72.6","85.3","74.3","67.9","point"
"2024-02-20 09:00:59 pm","71.2","92.9","72.9","69.1","point"
"2024-02-20 11:00:59 pm","68.9","94.9","70.3","67.3","point"
"2024-02-21 01:00:59 am","67.7","95.6","69.1","66.4","point"
"2024-02-21 03:00:59 am","68.0","97.9","69.8","67.4","point"
"2024-02-21 05:00:59 am","67.6","98.1","69.1","67.1","point"
"2024-02-21 07:00:59 am","66.2","98.3","67.5","65.7","point"
"2024-02-21 09:00:59 am","68.3","99.2","70.0","68.0","point"
"2024-02-21 11:00:59 am","73.2","80.8","75.0","67.0","point"
"2024-02-21 01:00:59 pm","77.8","73.1","80.1","68.5","point"
"2024-02-21 03:00:59 pm","78.0","78.7","81.5","70.9","point"
"2024-02-21 05:00:59 pm","76.2","77.7","77.9","68.8","point"
"2024-02-21 07:00:59 pm","72.7","86.2","74.7","68.3","point"
"2024-02-21 09:00:59 pm","68.9","91.3","70.3","66.3","point"
"2024-02-21 11:00:59 pm","66.3","93.8","67.3","64.5","point"
"2024-02-22 01:00:59 am","63.8","96.2","64.8","62.7","point"
"2024-02-22 03:00:59 am","62.2","95.5","63.0","60.9","point"
"2024-02-22 05:00:59 am","61.4","96.2","62.4","60.3","point"
"2024-02-22 07:00:59 am","63.9","97.8","65.1","63.2","point"
"2024-02-22 09:00:59 am","64.7","99.1","65.8","64.4","point"
"2024-02-22 11:00:59 am","72.4","57.3","72.0","56.5","point"
"2024-02-22 01:00:59 pm","76.6","68.2","77.5","65.4","point"
"2024-02-22 03:00:59 pm","77.0","70.1","78.4","66.5","point"
"2024-02-22 05:00:59 pm","75.2","66.3","75.6","63.2","point"
"2024-02-22 07:00:59 pm","71.6","74.3","72.3","63.0","point"
"2024-02-22 09:00:59 pm","68.4","89.8","69.4","65.3","point"
"2024-02-22 11:00:59 pm","65.3","93.5","66.0","63.3","point"
"2024-02-23 01:00:59 am","62.5","94.7","63.3","61.0","point"
"2024-02-23 03:00:59 am","61.1","94.5","61.9","59.5","point"
"2024-02-23 05:00:59 am","58.2","89.9","58.5","55.3","point"
"2024-02-23 07:00:59 am","59.3","86.7","59.4","55.3","point"
"2024-02-23 09:00:59 am","63.9","80.3","63.5","57.7","point"
"2024-02-23 11:00:59 am","73.4","50.6","72.5","54.0","point"
"2024-02-23 01:00:59 pm","75.5","61.3","75.4","61.3","point"
"2024-02-23 03:00:59 pm","77.2","53.0","76.5","58.7","point"
"2024-02-23 05:00:59 pm","75.6","62.2","75.7","61.7","point"
"2024-02-23 07:00:59 pm","70.0","72.2","70.5","60.7","point"
"2024-02-23 09:00:59 pm","67.8","87.4","68.7","64.0","point"
"2024-02-23 11:00:59 pm","65.5","91.4","66.2","63.0","point"
"2024-02-24 01:00:59 am","63.1","94.8","63.9","61.6","point"
"2024-02-24 03:00:59 am","62.0","93.8","62.6","60.2","point"
"2024-02-24 05:00:59 am","59.9","94.0","60.6","58.2","point"
"2024-02-24 07:00:59 am","58.3","93.1","58.8","56.3","point"
"2024-02-24 09:00:59 am","63.1","93.5","63.7","61.1","point"
"2024-02-24 11:00:59 am","73.5","67.2","73.9","62.0","point"
"2024-02-24 01:00:59 pm","74.7","59.1","74.5","59.5","point"
"2024-02-24 03:00:59 pm","76.1","57.9","75.7","60.2","point"
"2024-02-24 05:00:59 pm","74.6","61.9","74.7","60.6","point"
"2024-02-24 07:00:59 pm","70.8","84.2","72.1","65.8","point"
"2024-02-24 09:00:59 pm","67.9","92.2","69.1","65.6","point"
"2024-02-24 11:00:59 pm","66.4","94.0","67.6","64.6","point"
"2024-02-25 01:00:59 am","63.9","94.1","64.8","62.2","point"
"2024-02-25 03:00:59 am","61.4","89.2","61.7","58.2","point"
"2024-02-25 05:00:59 am","59.7","90.0","59.9","56.7","point"
"2024-02-25 07:00:59 am","61.7","94.3","62.6","60.0","point"
"2024-02-25 09:00:59 am","66.7","90.3","67.5","63.8","point"
"2024-02-25 11:00:59 am","72.0","87.3","73.8","68.0","point"
"2024-02-25 01:00:59 pm","77.5","74.3","79.7","68.6","point"
"2024-02-25 03:00:59 pm","76.1","81.9","78.4","70.2","point"
"2024-02-25 05:00:59 pm","76.3","82.3","78.8","70.5","point"
"2024-02-25 07:00:59 pm","72.3","86.0","73.9","67.8","point"
"2024-02-25 09:00:59 pm","68.6","91.5","69.8","66.1","point"
"2024-02-25 11:00:59 pm","65.6","95.0","66.6","64.1","point"
"2024-02-26 01:00:59 am","65.3","96.5","66.4","64.2","point"
"2024-02-26 03:00:59 am","66.2","97.3","67.5","65.4","point"
"2024-02-26 05:00:59 am","66.6","93.2","67.6","64.5","point"
"2024-02-26 07:00:59 am","66.3","91.2","67.1","63.6","point"
"2024-02-26 09:00:59 am","67.6","89.3","68.4","64.3","point"
"2024-02-26 11:00:59 am","73.0","67.8","73.4","61.7","point"
"2024-02-26 01:00:59 pm","77.6","59.8","77.9","62.5","point"
"2024-02-26 03:00:59 pm","79.9","51.0","79.7","60.1","point"
"2024-02-26 05:00:59 pm","79.4","44.7","78.1","56.1","point"
"2024-02-26 07:00:59 pm","72.8","68.1","73.2","61.6","point"
"2024-02-26 09:00:59 pm","70.8","87.9","72.3","67.0","point"
"2024-02-26 11:00:59 pm","67.4","93.1","68.5","65.4","point"
"2024-02-27 01:00:59 am","66.1","92.7","66.9","63.9","point"
"2024-02-27 03:00:59 am","65.8","89.3","66.2","62.5","point"
"2024-02-27 05:00:59 am","65.5","90.3","66.2","62.6","point"
"2024-02-27 07:00:59 am","65.3","91.0","65.8","62.6","point"
"2024-02-27 09:00:59 am","68.2","89.8","69.3","65.1","point"
"2024-02-27 11:00:59 am","74.0","74.9","75.2","65.5","point"
"2024-02-27 01:00:59 pm","78.9","55.9","79.2","61.8","point"
"2024-02-27 03:00:59 pm","81.6","43.3","80.6","57.1","point"
"2024-02-27 05:00:59 pm","80.4","64.4","82.9","67.3","point"
"2024-02-27 07:00:59 pm","75.3","77.5","76.8","67.8","point"
"2024-02-27 09:00:59 pm","71.3","88.3","72.9","67.6","point"
"2024-02-27 11:00:59 pm","68.6","93.2","70.0","66.6","point"
"2024-02-28 01:00:59 am","66.9","95.2","68.2","65.5","point"
"2024-02-28 03:00:59 am","66.7","93.8","67.6","64.9","point"
"2024-02-28 05:00:59 am","66.2","91.0","67.1","63.5","point"
"2024-02-28 07:00:59 am","64.3","93.9","65.1","62.5","point"
"2024-02-28 09:00:59 am","68.5","90.8","69.6","65.7","point"
"2024-02-28 11:00:59 am","75.1","72.6","76.3","65.7","point"
"2024-02-28 01:00:59 pm","79.5","55.4","79.9","62.1","point"
"2024-02-28 03:00:59 pm","81.4","63.9","84.6","68.0","point"
"2024-02-28 05:00:59 pm","79.1","68.5","81.7","67.8","point"
"2024-02-28 07:00:59 pm","74.7","83.4","77.0","69.3","point"
"2024-02-28 09:00:59 pm","71.4","90.9","73.2","68.6","point"
"2024-02-28 11:00:59 pm","69.5","94.9","71.1","68.0","point"
"2024-02-29 01:00:59 am","67.0","85.9","67.5","62.6","point"
"2024-02-29 03:00:59 am","67.3","77.5","67.3","60.0","point"
"2024-02-29 05:00:59 am","66.3","80.6","66.0","60.1","point"
"2024-02-29 07:00:59 am","65.5","84.0","65.5","60.6","point"
"2024-02-29 09:00:59 am","68.5","83.3","69.1","63.2","point"
"2024-02-29 11:00:59 am","74.9","60.9","74.8","60.5","point"
"2024-02-29 01:00:59 pm","80.0","42.5","78.4","55.1","point"
"2024-02-29 03:00:59 pm","82.5","28.5","79.0","46.6","point"
"2024-02-29 05:00:59 pm","79.2","57.5","79.9","62.9","point"
"2024-02-29 07:00:59 pm","74.4","87.8","77.0","70.5","point"
"2024-02-29 09:00:59 pm","72.2","93.8","74.5","70.3","point"
"2024-02-29 11:00:59 pm","69.9","94.6","71.6","68.3","point"
"2024-03-01 01:00:59 am","67.8","94.5","69.3","66.2","point"
"2024-03-01 03:00:59 am","65.7","93.6","66.6","63.8","point"
"2024-03-01 05:00:59 am","63.3","93.7","64.0","61.5","point"
"2024-03-01 07:00:59 am","63.2","91.5","63.7","60.7","point"
"2024-03-01 09:00:59 am","66.9","88.1","67.5","63.2","point"
"2024-03-01 11:00:59 am","73.3","61.2","73.2","59.1","point"
"2024-03-01 01:00:59 pm","76.6","50.4","75.4","56.8","point"
"2024-03-01 03:00:59 pm","82.2","38.1","80.2","54.1","point"
"2024-03-01 05:00:59 pm","79.9","39.6","77.9","53.2","point"
"2024-03-01 07:00:59 pm","73.6","74.9","74.8","65.1","point"
"2024-03-01 09:00:59 pm","72.3","92.0","74.5","69.8","point"
"2024-03-01 11:00:59 pm","70.4","94.9","72.1","68.9","point"
"2024-03-02 01:00:59 am","67.7","96.0","69.1","66.5","point"
"2024-03-02 03:00:59 am","66.2","93.1","67.3","64.1","point"
"2024-03-02 05:00:59 am","65.0","90.9","65.7","62.3","point"
"2024-03-02 07:00:59 am","63.0","92.4","63.7","60.7","point"
"2024-03-02 09:00:59 am","66.5","86.7","66.9","62.5","point"
"2024-03-02 11:00:59 am","73.8","64.7","74.1","61.2","point"
"2024-03-02 01:00:59 pm","78.9","45.6","77.5","56.1","point"
"2024-03-02 03:00:59 pm","78.4","58.6","78.8","62.7","point"
"2024-03-02 05:00:59 pm","76.3","66.1","76.8","64.1","point"
"2024-03-02 07:00:59 pm","73.5","85.7","75.6","68.9","point"
"2024-03-02 09:00:59 pm","71.7","92.7","73.8","69.5","point"
"2024-03-02 11:00:59 pm","70.1","94.2","71.8","68.4","point"
"2024-03-03 01:00:59 am","69.8","95.5","71.4","68.4","point"
"2024-03-03 03:00:59 am","67.1","95.7","68.5","65.9","point"
"2024-03-03 05:00:59 am","66.8","96.9","68.2","65.9","point"
"2024-03-03 07:00:59 am","66.0","96.6","67.1","65.0","point"
"2024-03-03 09:00:59 am","68.7","92.6","70.2","66.5","point"
"2024-03-03 11:00:59 am","74.9","77.3","76.5","67.3","point"
"2024-03-03 01:00:59 pm","76.5","77.7","78.4","69.0","point"
"2024-03-03 03:00:59 pm","78.9","71.9","81.9","69.1","point"
"2024-03-03 05:00:59 pm","77.2","75.5","79.2","68.8","point"
"2024-03-03 07:00:59 pm","73.4","84.4","75.2","68.4","point"
"2024-03-03 09:00:59 pm","70.1","91.5","71.6","67.5","point"
"2024-03-03 11:00:59 pm","67.6","94.5","68.9","66.0","point"
"2024-03-04 01:00:59 am","66.2","96.3","67.5","65.1","point"
"2024-03-04 03:00:59 am","64.8","96.5","65.8","63.8","point"
"2024-03-04 05:00:59 am","64.5","96.2","65.5","63.3","point"
"2024-03-04 07:00:59 am","63.5","95.4","64.4","62.2","point"
"2024-03-04 09:00:59 am","66.7","93.9","67.8","64.9","point"
"2024-03-04 11:00:59 am","74.4","75.8","75.7","66.3","point"
"2024-03-04 01:00:59 pm","77.1","77.0","79.3","69.4","point"
"2024-03-04 03:00:59 pm","78.3","75.4","81.5","69.9","point"
"2024-03-04 05:00:59 pm","76.9","77.8","79.2","69.4","point"
"2024-03-04 07:00:59 pm","72.9","87.8","75.0","69.1","point"
"2024-03-04 09:00:59 pm","70.0","92.8","71.6","67.8","point"
"2024-03-04 11:00:59 pm","67.9","95.7","69.3","66.6","point"
"2024-03-05 01:00:59 am","66.1","96.9","67.3","65.2","point"
"2024-03-05 03:00:59 am","65.2","97.3","66.4","64.4","point"
"2024-03-05 05:00:59 am","63.8","97.7","64.9","63.2","point"
"2024-03-05 07:00:59 am","62.9","98.4","64.0","62.4","point"
"2024-03-05 09:00:59 am","68.3","100.0","70.0","68.2","point"
"2024-03-05 11:00:59 am","74.7","83.7","77.0","69.4","point"
"2024-03-05 01:00:59 pm","78.2","81.6","82.2","72.1","point"
"2024-03-05 03:00:59 pm","78.9","78.2","83.1","71.5","point"
"2024-03-05 05:00:59 pm","76.9","77.3","79.0","69.3","point"
"2024-03-05 07:00:59 pm","73.2","87.3","75.6","69.2","point"
"2024-03-05 09:00:59 pm","70.7","94.0","72.3","68.9","point"
"2024-03-05 11:00:59 pm","67.9","95.8","69.4","66.6","point"
"2024-03-06 01:00:59 am","67.2","96.6","68.5","66.2","point"
"2024-03-06 03:00:59 am","66.8","97.9","68.4","66.1","point"
"2024-03-06 05:00:59 am","64.0","94.5","64.8","62.4","point"
"2024-03-06 07:00:59 am","61.8","94.8","62.6","60.2","point"
"2024-03-06 09:00:59 am","66.5","89.3","67.1","63.3","point"
"2024-03-06 11:00:59 am","75.9","67.8","76.6","64.5","point"
"2024-03-06 01:00:59 pm","77.5","71.4","79.2","67.5","point"
"2024-03-06 03:00:59 pm","78.6","71.3","81.1","68.5","point"
"2024-03-06 05:00:59 pm","76.7","74.0","78.3","67.8","point"
"2024-03-06 07:00:59 pm","73.8","82.5","75.7","68.1","point"
"2024-03-06 09:00:59 pm","69.9","90.4","71.4","67.0","point"
"2024-03-06 11:00:59 pm","67.3","92.6","68.5","65.0","point"
"2024-03-07 01:00:59 am","64.6","93.9","65.5","62.8","point"
"2024-03-07 03:00:59 am","63.0","95.2","63.9","61.6","point"
"2024-03-07 05:00:59 am","62.9","96.3","63.9","61.8","point"
"2024-03-07 07:00:59 am","64.5","91.7","64.9","62.0","point"
"2024-03-07 09:00:59 am","67.8","91.3","68.7","65.2","point"
"2024-03-07 11:00:59 am","75.3","67.8","75.9","64.0","point"
"2024-03-07 01:00:59 pm","79.6","66.6","82.2","67.5","point"
"2024-03-07 03:00:59 pm","79.2","68.4","81.9","67.8","point"
"2024-03-07 05:00:59 pm","78.1","69.6","80.2","67.3","point"
"2024-03-07 07:00:59 pm","73.7","78.5","75.2","66.6","point"
"2024-03-07 09:00:59 pm","70.6","87.5","72.0","66.7","point"
"2024-03-07 11:00:59 pm","67.9","91.7","69.1","65.4","point"
"2024-03-08 01:00:59 am","66.5","85.7","66.7","62.1","point"
"2024-03-08 03:00:59 am","66.7","79.7","66.6","60.2","point"
"2024-03-08 05:00:59 am","65.4","70.3","64.0","55.5","point"
"2024-03-08 07:00:59 am","62.8","73.4","61.7","54.1","point"
"2024-03-08 09:00:59 am","67.3","70.8","66.7","57.5","point"
"2024-03-08 11:00:59 am","76.3","45.1","74.7","53.5","point"
"2024-03-08 01:00:59 pm","78.3","62.9","79.3","64.6","point"
"2024-03-08 03:00:59 pm","79.3","67.5","81.7","67.6","point"
"2024-03-08 05:00:59 pm","77.7","64.1","78.4","64.6","point"
"2024-03-08 07:00:59 pm","73.6","79.8","75.4","67.0","point"
"2024-03-08 09:00:59 pm","70.3","89.4","71.6","67.0","point"
"2024-03-08 11:00:59 pm","67.0","92.8","68.0","64.8","point"
"2024-03-09 01:00:59 am","66.5","92.8","67.5","64.3","point"
"2024-03-09 03:00:59 am","64.5","94.0","65.3","62.7","point"
"2024-03-09 05:00:59 am","63.5","94.4","64.2","61.8","point"
"2024-03-09 07:00:59 am","62.7","95.0","63.5","61.2","point"
"2024-03-09 09:00:59 am","66.7","93.6","67.6","64.8","point"
"2024-03-09 11:00:59 am","76.4","57.8","75.9","60.4","point"
"2024-03-09 01:00:59 pm","78.1","64.1","79.3","65.0","point"
"2024-03-09 03:00:59 pm","79.8","66.1","82.4","67.4","point"
"2024-03-09 05:00:59 pm","77.1","65.2","77.7","64.5","point"
"2024-03-09 07:00:59 pm","74.7","84.6","77.0","69.7","point"
"2024-03-09 09:00:59 pm","72.2","93.7","74.5","70.3","point"
"2024-03-09 11:00:59 pm","70.8","94.3","72.7","69.1","point"
"2024-03-10 01:00:59 am","70.1","95.6","71.8","68.8","point"
"2024-03-10 03:00:59 am","68.9","96.5","70.3","67.8","point"
"2024-03-10 05:00:59 am","68.5","97.8","70.2","67.9","point"
"2024-03-10 07:00:59 am","66.8","95.9","68.2","65.6","point"
"2024-03-10 09:00:59 am","67.5","86.0","68.2","63.2","point"
"2024-03-10 11:00:59 am","74.9","67.8","75.6","63.6","point"
"2024-03-10 01:00:59 pm","77.4","68.4","78.8","66.2","point"
"2024-03-10 03:00:59 pm","79.2","64.8","81.3","66.3","point"
"2024-03-10 05:00:59 pm","77.0","74.7","79.0","68.3","point"
"2024-03-10 07:00:59 pm","74.3","90.5","77.0","71.3","point"
"2024-03-10 09:00:59 pm","72.7","94.6","75.4","71.1","point"
"2024-03-10 11:00:59 pm","71.7","96.6","73.9","70.7","point"
"2024-03-11 01:00:59 am","71.2","97.6","73.2","70.5","point"
"2024-03-11 03:00:59 am","70.2","97.7","72.1","69.5","point"
"2024-03-11 05:00:59 am","68.7","96.5","70.3","67.7","point"
"2024-03-11 07:00:59 am","69.1","97.4","70.7","68.3","point"
"2024-03-11 09:00:59 am","72.0","89.6","73.9","68.8","point"
"2024-03-11 11:00:59 am","76.0","75.9","77.5","67.8","point"
"2024-03-11 01:00:59 pm","78.5","78.4","82.4","71.3","point"
"2024-03-11 03:00:59 pm","79.0","74.4","82.6","70.2","point"
"2024-03-11 05:00:59 pm","77.6","74.9","80.1","69.0","point"
"2024-03-11 07:00:59 pm","75.0","89.4","77.7","71.7","point"
"2024-03-11 09:00:59 pm","72.1","92.6","74.5","69.9","point"
"2024-03-11 11:00:59 pm","71.5","95.9","73.6","70.3","point"
"2024-03-12 01:00:59 am","71.2","96.7","73.0","70.2","point"
"2024-03-12 03:00:59 am","70.3","96.4","72.0","69.3","point"
"2024-03-12 05:00:59 am","68.9","97.3","70.3","68.1","point"
"2024-03-12 07:00:59 am","67.0","97.6","68.5","66.3","point"
"2024-03-12 09:00:59 am","70.8","97.2","72.7","69.9","point"
"2024-03-12 11:00:59 am","76.2","75.3","77.7","67.8","point"
"2024-03-12 01:00:59 pm","79.2","77.3","83.7","71.5","point"
"2024-03-12 03:00:59 pm","79.7","74.4","84.0","70.8","point"
"2024-03-12 05:00:59 pm","77.6","79.6","81.0","70.8","point"
"2024-03-12 07:00:59 pm","74.5","88.5","77.2","70.9","point"
"2024-03-12 09:00:59 pm","71.9","92.8","73.9","69.7","point"
"2024-03-12 11:00:59 pm","71.2","96.1","73.0","70.0","point"
"2024-03-13 01:00:59 am","68.8","94.3","70.3","67.1","point"
"2024-03-13 03:00:59 am","66.5","96.3","67.8","65.4","point"
"2024-03-13 05:00:59 am","66.0","96.2","67.1","64.9","point"
"2024-03-13 07:00:59 am","64.8","96.7","65.8","63.9","point"
"2024-03-13 09:00:59 am","69.4","89.5","70.5","66.1","point"
"2024-03-13 11:00:59 am","72.7","84.9","74.7","67.9","point"
"2024-03-13 01:00:59 pm","75.6","82.5","77.9","69.9","point"
"2024-03-13 03:00:59 pm","77.7","79.7","81.0","70.9","point"
"2024-03-13 05:00:59 pm","76.5","83.1","79.2","71.0","point"
"2024-03-13 07:00:59 pm","74.0","91.6","76.8","71.4","point"
"2024-03-13 09:00:59 pm","72.0","94.8","74.3","70.4","point"
"2024-03-13 11:00:59 pm","70.3","96.1","72.0","69.2","point"
"2024-03-14 01:00:59 am","69.1","97.2","70.5","68.2","point"
"2024-03-14 03:00:59 am","68.5","97.7","70.2","67.7","point"
"2024-03-14 05:00:59 am","67.7","98.6","69.3","67.3","point"
"2024-03-14 07:00:59 am","67.2","98.1","68.7","66.7","point"
"2024-03-14 09:00:59 am","68.6","96.0","70.2","67.4","point"
"2024-03-14 11:00:59 am","72.8","83.9","74.5","67.7","point"
"2024-03-14 01:00:59 pm","76.5","81.4","79.0","70.4","point"
"2024-03-14 03:00:59 pm","77.3","79.1","80.1","70.3","point"
"2024-03-14 05:00:59 pm","76.0","79.1","78.1","69.1","point"
"2024-03-14 07:00:59 pm","73.4","89.5","75.6","70.1","point"
"2024-03-14 09:00:59 pm","70.6","92.3","72.1","68.3","point"
"2024-03-14 11:00:59 pm","67.7","95.8","69.1","66.5","point"
"2024-03-15 01:00:59 am","66.1","96.4","67.3","65.0","point"
"2024-03-15 03:00:59 am","65.9","96.6","67.1","64.9","point"
"2024-03-15 05:00:59 am","64.1","96.8","65.1","63.2","point"
"2024-03-15 07:00:59 am","63.3","97.8","64.6","62.7","point"
"2024-03-15 09:00:59 am","67.0","96.1","68.4","65.9","point"
"2024-03-15 11:00:59 am","75.7","72.4","76.8","66.1","point"
"2024-03-15 01:00:59 pm","77.9","75.8","80.6","69.6","point"
"2024-03-15 03:00:59 pm","78.6","77.2","82.6","70.9","point"
"2024-03-15 05:00:59 pm","77.4","77.5","80.1","69.8","point"
"2024-03-15 07:00:59 pm","74.3","87.0","76.6","70.2","point"
"2024-03-15 09:00:59 pm","71.3","94.1","73.4","69.5","point"
"2024-03-15 11:00:59 pm","69.5","97.5","71.4","68.8","point"
"2024-03-16 01:00:59 am","69.0","98.5","70.7","68.6","point"
"2024-03-16 03:00:59 am","67.8","98.7","69.3","67.4","point"
"2024-03-16 05:00:59 am","65.2","97.1","66.4","64.3","point"
"2024-03-16 07:00:59 am","63.5","93.9","64.4","61.7","point"
"2024-03-16 09:00:59 am","69.1","92.6","70.5","66.9","point"
"2024-03-16 11:00:59 am","75.3","69.6","76.1","64.7","point"
"2024-03-16 01:00:59 pm","78.6","71.2","81.5","68.5","point"
"2024-03-16 03:00:59 pm","79.0","75.2","82.9","70.5","point"
"2024-03-16 05:00:59 pm","77.5","78.4","80.2","70.3","point"
"2024-03-16 07:00:59 pm","74.2","88.7","76.8","70.6","point"
"2024-03-16 09:00:59 pm","71.5","94.9","73.6","69.9","point"
"2024-03-16 11:00:59 pm","69.2","96.6","70.7","68.2","point"
"2024-03-17 01:00:59 am","67.6","97.0","68.9","66.7","point"
"2024-03-17 03:00:59 am","66.0","97.8","67.3","65.3","point"
"2024-03-17 05:00:59 am","64.7","96.3","65.7","63.6","point"
"2024-03-17 07:00:59 am","69.1","79.1","69.8","62.4","point"
"2024-03-17 09:00:59 am","72.5","74.1","73.6","63.8","point"
"2024-03-17 11:00:59 am","76.9","72.0","78.3","67.2","point"
"2024-03-17 01:00:59 pm","80.2","70.9","84.0","69.9","point"
"2024-03-17 03:00:59 pm","80.7","75.5","86.0","72.2","point"
"2024-03-17 05:00:59 pm","78.8","77.3","82.9","71.1","point"
"2024-03-17 07:00:59 pm","73.7","87.9","76.1","69.8","point"
"2024-03-17 09:00:59 pm","72.0","92.9","74.1","69.8","point"
"2024-03-17 11:00:59 pm","70.7","94.5","72.3","69.0","point"
"2024-03-18 01:00:59 am","69.9","95.7","71.6","68.6","point"
"2024-03-18 03:00:59 am","68.3","96.1","69.8","67.1","point"
"2024-03-18 05:00:59 am","65.7","95.5","66.7","64.3","point"
"2024-03-18 07:00:59 am","64.2","96.6","65.1","63.2","point"
"2024-03-18 09:00:59 am","69.5","75.2","70.0","61.3","point"
"2024-03-18 11:00:59 am","76.6","59.6","76.5","61.5","point"
"2024-03-18 01:00:59 pm","77.6","78.3","80.6","70.3","point"
"2024-03-18 03:00:59 pm","79.5","75.1","83.7","70.9","point"
"2024-03-18 05:00:59 pm","77.5","75.9","79.9","69.3","point"
"2024-03-18 07:00:59 pm","74.1","88.6","76.5","70.5","point"
"2024-03-18 09:00:59 pm","70.8","90.0","72.5","67.7","point"
"2024-03-18 11:00:59 pm","67.9","93.7","69.1","66.0","point"
"2024-03-19 01:00:59 am","66.2","95.9","67.5","65.0","point"
"2024-03-19 03:00:59 am","65.8","95.7","66.9","64.5","point"
"2024-03-19 05:00:59 am","64.7","93.2","65.3","62.7","point"
"2024-03-19 07:00:59 am","66.2","88.3","66.7","62.6","point"
"2024-03-19 09:00:59 am","71.3","66.8","71.8","59.7","point"
"2024-03-19 11:00:59 am","76.8","58.1","76.5","61.0","point"
"2024-03-19 01:00:59 pm","81.0","51.4","81.3","61.4","point"
"2024-03-19 01:00:17 pm","80.7","55.8","81.7","63.4","point"
"2024-03-19 02:00:00 pm","80.4","70.5","84.2","69.9","point"
"2024-03-19 04:00:00 pm","79.9","72.3","83.7","70.2","point"
"2024-03-19 06:00:00 pm","77.2","80.4","80.2","70.7","point"
"2024-03-19 08:00:00 pm","73.0","89.6","75.2","69.7","point"
"2024-03-19 10:00:00 pm","69.4","91.9","70.7","66.9","point"
"2024-03-20 12:00:00 am","67.6","95.2","68.9","66.1","point"
"2024-03-20 02:00:00 am","66.1","95.3","67.1","64.8","point"
"2024-03-20 04:00:00 am","64.8","94.3","65.7","63.1","point"
"2024-03-20 06:00:00 am","63.9","92.9","64.6","61.8","point"
"2024-03-20 08:00:00 am","64.1","95.6","64.9","62.8","point"
"2024-03-20 10:00:00 am","73.3","80.0","74.8","66.8","point"
"2024-03-20 12:00:00 pm","76.8","76.5","78.6","68.8","point"
"2024-03-20 02:00:00 pm","78.8","74.0","82.2","69.8","point"
"2024-03-20 04:00:00 pm","78.2","74.3","81.0","69.3","point"
"2024-03-20 06:00:00 pm","75.8","84.1","78.4","70.7","point"
"2024-03-20 08:00:00 pm","73.5","91.8","76.1","70.9","point"
"2024-03-20 10:00:00 pm","71.7","94.4","73.9","70.0","point"
"2024-03-21 12:00:00 am","69.5","96.1","71.2","68.4","point"
"2024-03-21 02:00:00 am","68.5","97.5","70.2","67.7","point"
"2024-03-21 04:00:00 am","68.5","98.1","70.2","67.9","point"
"2024-03-21 06:00:00 am","66.9","98.4","68.5","66.5","point"
"2024-03-21 08:00:00 am","69.7","98.9","71.6","69.3","point"
"2024-03-21 10:00:00 am","71.7","87.3","73.4","67.7","point"
"2024-03-21 12:00:00 pm","76.1","78.2","78.1","68.8","point"
"2024-03-21 02:00:00 pm","79.1","68.5","81.7","67.8","point"
"2024-03-21 04:00:00 pm","78.5","72.8","81.3","69.0","point"
"2024-03-21 06:00:00 pm","77.0","78.6","79.5","69.8","point"
"2024-03-21 08:00:00 pm","74.7","93.8","78.1","72.8","point"
"2024-03-21 10:00:00 pm","73.1","96.2","75.9","71.9","point"
"2024-03-22 12:00:00 am","71.7","97.3","73.9","70.9","point"
"2024-03-22 02:00:00 am","70.5","97.2","72.3","69.7","point"
"2024-03-22 04:00:00 am","69.1","98.0","70.7","68.5","point"
"2024-03-22 06:00:00 am","68.0","98.1","69.8","67.5","point"
"2024-03-22 08:00:00 am","68.3","98.9","70.0","67.9","point"
"2024-03-22 10:00:00 am","72.4","94.1","74.8","70.6","point"
"2024-03-22 12:00:00 pm","76.8","86.1","80.1","72.3","point"
"2024-03-22 02:00:00 pm","78.6","82.4","83.7","72.8","point"
"2024-03-22 04:00:00 pm","78.3","83.4","83.1","72.8","point"
"2024-03-22 06:00:00 pm","75.9","91.2","79.2","73.1","point"
"2024-03-22 08:00:00 pm","73.5","95.5","76.5","72.1","point"
"2024-03-22 10:00:00 pm","72.9","97.8","75.9","72.2","point"
"2024-03-23 12:00:00 am","72.3","98.0","75.2","71.8","point"
"2024-03-23 02:00:00 am","71.2","98.3","73.2","70.6","point"
"2024-03-23 04:00:00 am","69.4","98.0","71.2","68.8","point"
"2024-03-23 06:00:00 am","69.6","97.4","71.4","68.9","point"
"2024-03-23 08:00:00 am","70.4","95.0","72.1","68.9","point"
"2024-03-23 10:00:00 am","74.2","88.5","76.6","70.6","point"
"2024-03-23 12:00:00 pm","77.2","80.9","80.4","70.9","point"
"2024-03-23 02:00:00 pm","80.0","81.1","86.0","73.7","point"
"2024-03-23 04:00:00 pm","80.5","76.2","85.8","72.3","point"
"2024-03-23 06:00:00 pm","77.9","85.6","82.2","73.2","point"
"2024-03-23 08:00:00 pm","75.0","93.8","78.3","73.1","point"
"2024-03-23 10:00:00 pm","72.9","96.0","75.7","71.7","point"
"2024-03-24 12:00:00 am","72.2","96.9","74.7","71.3","point"
"2024-03-24 02:00:00 am","71.2","97.5","73.2","70.4","point"
"2024-03-24 04:00:00 am","68.7","97.8","70.5","68.1","point"
"2024-03-24 06:00:00 am","67.7","98.3","69.3","67.2","point"
"2024-03-24 08:00:00 am","68.4","98.6","70.2","67.9","point"
"2024-03-24 10:00:00 am","74.4","92.8","77.5","72.1","point"
"2024-03-24 12:00:00 pm","79.7","74.9","83.7","71.0","point"
"2024-03-24 02:00:00 pm","80.3","77.9","85.8","72.8","point"
"2024-03-24 04:00:00 pm","80.9","76.0","86.4","72.6","point"
"2024-03-24 06:00:00 pm","77.8","83.9","81.9","72.6","point"
"2024-03-24 08:00:00 pm","74.8","93.0","77.9","72.6","point"
"2024-03-24 10:00:00 pm","73.5","96.8","76.6","72.5","point"
"2024-03-25 12:00:00 am","72.5","97.7","75.2","71.8","point"
"2024-03-25 02:00:00 am","70.0","97.4","71.8","69.2","point"
"2024-03-25 04:00:00 am","69.3","98.6","71.2","68.9","point"
"2024-03-25 06:00:00 am","66.5","98.1","68.0","65.9","point"
"2024-03-25 08:00:00 am","67.4","98.9","68.9","67.1","point"
"2024-03-25 10:00:00 am","73.1","80.9","74.7","66.9","point"
"2024-03-25 12:00:00 pm","80.3","51.7","80.4","60.9","point"
"2024-03-25 02:00:00 pm","82.2","63.9","86.0","68.8","point"
"2024-03-25 04:00:00 pm","81.7","65.0","85.5","68.8","point"
"2024-03-25 06:00:00 pm","78.8","75.7","82.2","70.4","point"
"2024-03-25 08:00:00 pm","75.5","91.1","78.6","72.7","point"
"2024-03-25 10:00:00 pm","73.7","94.7","76.6","72.1","point"
"2024-03-26 12:00:00 am","71.5","95.7","73.6","70.2","point"
"2024-03-26 02:00:00 am","66.9","91.5","68.0","64.4","point"
"2024-03-26 04:00:00 am","65.4","94.4","66.4","63.8","point"
"2024-03-26 06:00:00 am","65.3","95.4","66.4","64.0","point"
"2024-03-26 08:00:00 am","68.0","98.2","69.8","67.5","point"
"2024-03-26 10:00:00 am","75.2","80.3","77.0","68.7","point"
"2024-03-26 12:00:00 pm","78.5","74.0","81.7","69.5","point"
"2024-03-26 02:00:00 pm","80.4","73.1","84.7","71.0","point"
"2024-03-26 04:00:00 pm","79.6","76.2","84.0","71.4","point"
"2024-03-26 06:00:00 pm","77.2","87.3","81.0","73.1","point"
"2024-03-26 08:00:00 pm","74.8","94.3","78.1","73.0","point"
"2024-03-26 10:00:00 pm","73.7","95.8","76.8","72.4","point"
"2024-03-27 12:00:00 am","71.9","96.0","74.1","70.7","point"
"2024-03-27 02:00:00 am","71.7","97.6","74.1","71.0","point"
"2024-03-27 04:00:00 am","70.9","97.3","72.9","70.1","point"
"2024-03-27 06:00:00 am","70.3","97.0","72.0","69.4","point"
"2024-03-27 08:00:00 am","68.6","96.4","70.2","67.5","point"
"2024-03-27 10:00:00 am","75.8","80.7","78.1","69.5","point"
"2024-03-27 12:00:00 pm","80.9","59.7","82.8","65.6","point"
"2024-03-27 02:00:00 pm","81.2","72.9","86.4","71.7","point"
"2024-03-27 04:00:00 pm","81.5","73.9","86.9","72.3","point"
"2024-03-27 06:00:00 pm","77.9","87.2","82.9","73.8","point"
"2024-03-27 08:00:00 pm","75.1","94.2","78.6","73.3","point"
"2024-03-27 10:00:00 pm","73.3","96.3","76.3","72.2","point"
"2024-03-28 12:00:00 am","71.3","96.4","73.4","70.3","point"
"2024-03-28 02:00:00 am","69.1","96.6","70.5","68.1","point"
"2024-03-28 04:00:00 am","66.7","97.4","68.0","65.9","point"
"2024-03-28 06:00:00 am","65.1","97.3","66.4","64.4","point"
"2024-03-28 08:00:00 am","66.3","98.0","67.6","65.7","point"
"2024-03-28 10:00:00 am","74.9","78.7","76.6","67.8","point"
"2024-03-28 12:00:00 pm","80.0","58.8","81.1","64.3","point"
"2024-03-28 02:00:00 pm","84.3","62.9","90.0","70.3","point"
"2024-03-28 04:00:00 pm","81.1","75.6","86.7","72.6","point"
"2024-03-28 06:00:00 pm","78.3","88.3","83.8","74.6","point"
"2024-03-28 08:00:00 pm","75.3","93.8","79.0","73.4","point"
"2024-03-28 10:00:00 pm","74.0","95.7","77.2","72.6","point"
"2024-03-29 12:00:00 am","72.9","96.3","75.7","71.8","point"
"2024-03-29 02:00:00 am","72.2","97.3","74.7","71.4","point"
"2024-03-29 04:00:00 am","70.0","96.7","71.8","69.0","point"
"2024-03-29 06:00:00 am","67.9","96.4","69.4","66.8","point"
"2024-03-29 08:00:00 am","68.4","97.6","70.2","67.6","point"
"2024-03-29 10:00:00 am","73.2","85.6","75.2","68.6","point"
"2024-03-29 12:00:00 pm","78.2","76.9","81.5","70.4","point"
"2024-03-29 02:00:00 pm","80.4","77.4","85.6","72.6","point"
"2024-03-29 04:00:00 pm","79.7","80.5","85.5","73.2","point"
"2024-03-29 06:00:00 pm","76.5","84.6","79.3","71.5","point"
"2024-03-29 08:00:00 pm","73.7","91.2","76.3","70.9","point"
"2024-03-29 10:00:00 pm","72.3","94.1","74.7","70.5","point"
"2024-03-30 12:00:00 am","70.1","96.1","71.8","68.9","point"
"2024-03-30 02:00:00 am","68.9","95.5","70.5","67.6","point"
"2024-03-30 04:00:00 am","65.4","89.9","65.8","62.4","point"
"2024-03-30 06:00:00 am","65.8","89.5","66.2","62.6","point"
"2024-03-30 08:00:00 am","66.3","93.1","67.3","64.3","point"
"2024-03-30 10:00:00 am","75.0","80.7","77.0","68.6","point"
"2024-03-30 12:00:00 pm","79.1","72.6","82.4","69.5","point"
"2024-03-30 02:00:00 pm","81.3","68.5","85.3","69.9","point"
"2024-03-30 04:00:00 pm","81.0","70.4","85.5","70.5","point"
"2024-03-30 06:00:00 pm","78.5","80.8","82.9","72.1","point"
"2024-03-30 08:00:00 pm","74.0","88.0","76.5","70.2","point"
"2024-03-30 10:00:00 pm","72.8","93.5","75.2","70.7","point"
"2024-03-31 12:00:00 am","71.7","93.8","73.8","69.8","point"
"2024-03-31 02:00:00 am","70.7","94.9","72.3","69.1","point"
"2024-03-31 04:00:00 am","68.1","95.5","69.4","66.8","point"
"2024-03-31 06:00:00 am","66.1","97.1","67.3","65.2","point"
"2024-03-31 08:00:00 am","66.0","96.6","67.1","65.0","point"
"2024-03-31 10:00:00 am","74.1","80.0","75.7","67.5","point"
"2024-03-31 12:00:00 pm","79.0","74.8","82.8","70.4","point"
"2024-03-31 02:00:00 pm","80.7","74.0","85.6","71.6","point"
"2024-03-31 04:00:00 pm","80.6","74.2","85.3","71.6","point"
"2024-03-31 06:00:00 pm","77.6","81.7","81.1","71.6","point"
"2024-03-31 08:00:00 pm","75.3","94.2","79.0","73.5","point"
"2024-03-31 10:00:00 pm","73.3","96.9","76.3","72.4","point"
"2024-04-01 12:00:00 am","72.4","97.2","75.0","71.6","point"
"2024-04-01 02:00:00 am","71.8","98.0","74.3","71.2","point"
"2024-04-01 04:00:00 am","71.3","97.8","73.6","70.7","point"
"2024-04-01 06:00:00 am","70.4","98.0","72.3","69.8","point"
"2024-04-01 08:00:00 am","71.3","98.5","73.6","70.9","point"
"2024-04-01 10:00:00 am","73.5","93.2","76.3","71.4","point"
"2024-04-01 12:00:00 pm","78.0","80.8","81.9","71.7","point"
"2024-04-01 02:00:00 pm","80.5","76.0","85.6","72.2","point"
"2024-04-01 04:00:00 pm","80.7","76.2","86.2","72.5","point"
"2024-04-01 06:00:00 pm","77.9","83.2","81.7","72.3","point"
"2024-04-01 08:00:00 pm","75.8","94.7","79.7","74.2","point"
"2024-04-01 10:00:00 pm","74.4","96.4","77.9","73.3","point"
"2024-04-02 12:00:00 am","73.7","97.0","76.8","72.8","point"
"2024-04-02 02:00:00 am","72.2","96.2","74.7","71.1","point"
"2024-04-02 04:00:00 am","70.3","96.8","72.0","69.4","point"
"2024-04-02 06:00:00 am","68.1","96.8","69.6","67.2","point"
"2024-04-02 08:00:00 am","68.7","98.3","70.3","68.2","point"
"2024-04-02 10:00:00 am","74.4","81.6","76.3","68.5","point"
"2024-04-02 12:00:00 pm","78.4","77.9","82.0","70.9","point"
"2024-04-02 02:00:00 pm","81.5","77.1","88.2","73.6","point"
"2024-04-02 04:00:00 pm","81.0","78.7","87.6","73.8","point"
"2024-04-02 06:00:00 pm","78.0","88.4","83.1","74.2","point"
"2024-04-02 08:00:00 pm","75.6","94.1","79.3","73.8","point"
"2024-04-02 10:00:00 pm","73.9","97.5","77.0","73.1","point"
"2024-04-03 12:00:00 am","73.0","98.5","75.9","72.5","point"
"2024-04-03 02:00:00 am","72.8","98.9","75.7","72.5","point"
"2024-04-03 04:00:00 am","72.1","99.2","74.7","71.9","point"
"2024-04-03 06:00:00 am","70.7","98.6","72.9","70.3","point"
"2024-04-03 08:00:00 am","70.4","96.6","72.1","69.4","point"
"2024-04-03 10:00:00 am","73.2","89.7","75.4","70.0","point"
"2024-04-03 12:00:00 pm","77.8","79.7","81.3","71.0","point"
"2024-04-03 02:00:00 pm","80.2","78.7","85.8","73.0","point"
"2024-04-03 04:00:00 pm","80.2","77.6","85.5","72.6","point"
"2024-04-03 06:00:00 pm","78.0","87.0","82.9","73.8","point"
"2024-04-03 08:00:00 pm","75.1","91.9","78.4","72.5","point"
"2024-04-03 10:00:00 pm","73.6","94.4","76.6","71.9","point"
"2024-04-04 12:00:00 am","71.6","96.0","73.6","70.4","point"
"2024-04-04 02:00:00 am","70.2","96.0","72.0","69.0","point"
"2024-04-04 04:00:00 am","68.5","96.6","70.0","67.5","point"
"2024-04-04 06:00:00 am","67.2","96.1","68.5","66.1","point"
"2024-04-04 08:00:00 am","68.3","97.7","70.0","67.6","point"
"2024-04-04 10:00:00 am","75.4","77.7","77.2","68.0","point"
"2024-04-04 12:00:00 pm","78.9","69.8","81.5","68.2","point"
"2024-04-04 02:00:00 pm","81.7","71.2","86.9","71.5","point"
"2024-04-04 04:00:00 pm","80.9","74.7","86.2","72.1","point"
"2024-04-04 06:00:00 pm","78.5","81.5","82.9","72.4","point"
"2024-04-04 08:00:00 pm","75.7","92.8","79.2","73.5","point"
"2024-04-04 10:00:00 pm","73.3","96.0","76.3","72.1","point"
"2024-04-05 12:00:00 am","72.6","96.1","75.2","71.4","point"
"2024-04-05 02:00:00 am","71.1","96.8","73.0","70.1","point"
"2024-04-05 04:00:00 am","69.5","96.1","71.2","68.3","point"
"2024-04-05 06:00:00 am","67.6","96.8","68.9","66.6","point"
"2024-04-05 08:00:00 am","68.8","97.5","70.5","68.1","point"
"2024-04-05 10:00:00 am","75.8","78.8","77.7","68.8","point"
"2024-04-05 12:00:00 pm","79.7","75.2","83.8","71.1","point"
"2024-04-05 02:00:00 pm","81.2","79.3","88.2","74.2","point"
"2024-04-05 04:00:00 pm","80.8","81.5","87.8","74.6","point"
"2024-04-05 06:00:00 pm","78.5","85.8","83.8","73.9","point"
"2024-04-05 08:00:00 pm","75.6","92.9","79.2","73.4","point"
"2024-04-05 10:00:00 pm","73.9","95.3","77.0","72.4","point"
"2024-04-06 12:00:00 am","72.5","95.6","74.8","71.1","point"
"2024-04-06 02:00:00 am","70.5","96.4","72.3","69.5","point"
"2024-04-06 04:00:00 am","68.8","97.5","70.5","68.0","point"
"2024-04-06 06:00:00 am","67.5","96.6","68.9","66.5","point"
"2024-04-06 08:00:00 am","68.2","96.4","69.8","67.1","point"
"2024-04-06 10:00:00 am","76.5","86.0","79.7","72.0","point"
"2024-04-06 12:00:00 pm","81.6","76.1","87.8","73.3","point"
"2024-04-06 02:00:00 pm","84.1","73.5","93.0","74.7","point"
"2024-04-06 04:00:00 pm","83.5","74.3","91.8","74.5","point"
"2024-04-06 06:00:00 pm","79.8","83.4","86.0","74.3","point"
"2024-04-06 08:00:00 pm","76.5","93.2","80.6","74.4","point"
"2024-04-06 10:00:00 pm","74.9","95.0","78.4","73.3","point"
"2024-04-07 12:00:00 am","73.9","97.2","77.0","73.0","point"
"2024-04-07 02:00:00 am","73.4","98.2","76.5","72.8","point"
"2024-04-07 04:00:00 am","72.8","98.4","75.7","72.3","point"
"2024-04-07 06:00:00 am","72.3","97.8","74.8","71.7","point"
"2024-04-07 08:00:00 am","72.3","96.5","74.7","71.2","point"
"2024-04-07 10:00:00 am","74.0","91.0","76.8","71.3","point"
"2024-04-07 12:00:00 pm","78.4","81.3","82.6","72.2","point"
"2024-04-07 02:00:00 pm","80.7","79.0","86.9","73.6","point"
"2024-04-07 04:00:00 pm","80.7","79.5","87.1","73.8","point"
"2024-04-07 06:00:00 pm","77.3","83.8","80.8","72.1","point"
"2024-04-07 08:00:00 pm","74.0","88.2","76.5","70.3","point"
"2024-04-07 10:00:00 pm","73.4","93.4","75.9","71.3","point"
"2024-04-08 12:00:00 am","71.9","94.2","74.1","70.1","point"
"2024-04-08 02:00:00 am","70.4","95.7","72.1","69.1","point"
"2024-04-08 04:00:00 am","68.4","95.2","69.8","66.9","point"
"2024-04-08 06:00:00 am","65.2","92.8","66.0","63.1","point"
"2024-04-08 08:00:00 am","67.2","95.2","68.4","65.8","point"
"2024-04-08 10:00:00 am","75.6","73.6","77.0","66.5","point"
"2024-04-08 12:00:00 pm","79.8","65.2","82.2","67.0","point"
"2024-04-08 02:00:00 pm","83.0","59.9","86.4","67.6","point"
"2024-04-08 04:00:00 pm","82.8","64.2","87.3","69.4","point"
"2024-04-08 06:00:00 pm","79.2","80.1","84.2","72.5","point"
"2024-04-08 08:00:00 pm","75.2","85.8","77.5","70.6","point"
"2024-04-08 10:00:00 pm","74.0","92.2","76.8","71.6","point"
"2024-04-09 12:00:00 am","71.0","94.2","72.9","69.2","point"
"2024-04-09 02:00:00 am","68.3","92.5","69.4","66.0","point"
"2024-04-09 04:00:00 am","65.6","92.2","66.4","63.3","point"
"2024-04-09 06:00:00 am","62.9","83.7","62.8","57.8","point"
"2024-04-09 08:00:00 am","65.7","90.0","66.4","62.7","point"
"2024-04-09 10:00:00 am","75.4","82.8","77.7","69.8","point"
"2024-04-09 12:00:00 pm","79.6","73.0","83.5","70.2","point"
"2024-04-09 02:00:00 pm","82.3","66.6","86.7","70.1","point"
"2024-04-09 04:00:00 pm","83.0","68.2","88.9","71.5","point"
"2024-04-09 06:00:00 pm","78.8","82.9","83.7","73.1","point"
"2024-04-09 08:00:00 pm","75.3","90.4","78.4","72.3","point"
"2024-04-09 10:00:00 pm","74.0","93.3","77.0","71.9","point"
"2024-04-10 12:00:00 am","72.2","93.9","74.7","70.4","point"
"2024-04-10 02:00:00 am","69.7","94.4","71.4","68.0","point"
"2024-04-10 04:00:00 am","67.0","95.4","68.2","65.6","point"
"2024-04-10 06:00:00 am","66.1","95.3","67.1","64.7","point"
"2024-04-10 08:00:00 am","70.0","97.9","72.0","69.4","point"
"2024-04-10 10:00:00 am","76.2","81.2","78.4","70.0","point"
"2024-04-10 12:00:00 pm","80.9","69.4","84.9","69.9","point"
"2024-04-10 02:00:00 pm","82.9","72.1","89.4","73.0","point"
"2024-04-10 04:00:00 pm","83.8","69.5","90.9","72.8","point"
"2024-04-10 06:00:00 pm","78.4","76.3","81.7","70.4","point"
"2024-04-10 08:00:00 pm","74.6","83.7","76.8","69.3","point"
"2024-04-10 10:00:00 pm","72.8","92.4","75.2","70.4","point"
"2024-04-11 12:00:00 am","71.0","94.3","72.9","69.3","point"
"2024-04-11 02:00:00 am","69.2","95.3","70.7","67.8","point"
"2024-04-11 04:00:00 am","66.3","92.2","67.3","64.0","point"
"2024-04-11 06:00:00 am","65.5","93.6","66.4","63.6","point"
"2024-04-11 08:00:00 am","67.2","95.6","68.4","65.9","point"
"2024-04-11 10:00:00 am","74.4","78.8","76.1","67.4","point"
"2024-04-11 12:00:00 pm","79.0","74.4","82.8","70.2","point"
"2024-04-11 02:00:00 pm","81.6","70.5","86.5","71.0","point"
"2024-04-11 04:00:00 pm","83.0","67.9","88.7","71.3","point"
"2024-04-11 06:00:00 pm","78.8","76.4","82.8","70.8","point"
"2024-04-11 08:00:00 pm","74.7","82.2","76.8","68.8","point"
"2024-04-11 10:00:00 pm","71.4","89.1","73.0","68.0","point"
"2024-04-12 12:00:00 am","69.7","92.9","71.2","67.5","point"
"2024-04-12 02:00:00 am","67.1","91.4","68.2","64.5","point"
"2024-04-12 04:00:00 am","66.8","93.8","67.8","65.0","point"
"2024-04-12 06:00:00 am","66.1","94.5","67.1","64.4","point"
"2024-04-12 08:00:00 am","68.2","96.1","69.8","67.0","point"
"2024-04-12 10:00:00 am","75.3","83.0","77.5","69.8","point"
"2024-04-12 12:00:00 pm","78.3","74.3","81.3","69.5","point"
"2024-04-12 02:00:00 pm","81.6","70.0","86.4","70.8","point"
"2024-04-12 04:00:00 pm","81.8","66.9","85.8","69.7","point"
"2024-04-12 06:00:00 pm","75.8","79.6","77.9","69.1","point"
"2024-04-12 08:00:00 pm","74.2","92.4","77.2","71.8","point"
"2024-04-12 10:00:00 pm","72.6","94.1","75.2","70.8","point"
"2024-04-13 12:00:00 am","71.5","95.0","73.6","69.9","point"
"2024-04-13 02:00:00 am","69.9","95.6","71.6","68.6","point"
"2024-04-13 04:00:00 am","66.5","92.8","67.5","64.3","point"
"2024-04-13 06:00:00 am","64.6","93.5","65.3","62.7","point"
"2024-04-13 08:00:00 am","67.4","96.2","68.7","66.3","point"
"2024-04-13 10:00:00 am","74.2","77.7","75.6","66.8","point"
"2024-04-13 12:00:00 pm","77.8","71.8","79.9","68.0","point"
"2024-04-13 02:00:00 pm","80.6","74.8","85.8","71.9","point"
"2024-04-13 04:00:00 pm","79.1","75.2","82.9","70.6","point"
"2024-04-13 06:00:00 pm","76.8","81.8","79.7","70.8","point"
"2024-04-13 08:00:00 pm","72.8","90.5","75.0","69.9","point"
"2024-04-13 10:00:00 pm","70.0","97.1","71.8","69.1","point"
"2024-04-14 12:00:00 am","69.7","97.8","71.6","69.0","point"
"2024-04-14 02:00:00 am","68.2","97.3","69.8","67.4","point"
"2024-04-14 04:00:00 am","67.1","97.4","68.5","66.3","point"
"2024-04-14 06:00:00 am","67.3","98.1","68.9","66.7","point"
"2024-04-14 08:00:00 am","69.7","99.3","71.6","69.5","point"
"2024-04-14 10:00:00 am","75.2","88.5","78.1","71.6","point"
"2024-04-14 12:00:00 pm","79.7","77.9","84.4","72.1","point"
"2024-04-14 02:00:00 pm","81.0","81.1","88.2","74.6","point"
"2024-04-14 04:00:00 pm","82.2","77.9","89.4","74.6","point"
"2024-04-14 06:00:00 pm","77.8","85.1","82.2","73.0","point"
"2024-04-14 08:00:00 pm","76.1","93.0","80.1","73.9","point"
"2024-04-14 10:00:00 pm","74.5","95.2","78.1","73.0","point"
"2024-04-15 12:00:00 am","72.1","95.6","74.7","70.8","point"
"2024-04-15 02:00:00 am","70.3","95.5","72.0","68.9","point"
"2024-04-15 04:00:00 am","68.1","95.1","69.4","66.6","point"
"2024-04-15 06:00:00 am","68.2","95.7","69.8","66.9","point"
"2024-04-15 08:00:00 am","69.0","96.6","70.5","68.0","point"
"2024-04-15 10:00:00 am","75.2","80.7","77.2","68.8","point"
"2024-04-15 12:00:00 pm","80.6","56.6","81.9","63.8","point"
"2024-04-15 02:00:00 pm","85.1","40.2","85.1","58.2","point"
"2024-04-15 04:00:00 pm","87.4","33.2","86.0","55.0","point"
"2024-04-15 06:00:00 pm","81.1","76.9","87.1","73.2","point"
"2024-04-15 08:00:00 pm","76.2","89.1","79.5","72.8","point"
"2024-04-15 10:00:00 pm","74.6","92.5","77.7","72.3","point"
"2024-04-16 12:00:00 am","71.3","92.3","73.2","69.0","point"
"2024-04-16 02:00:00 am","69.8","93.0","71.2","67.7","point"
"2024-04-16 04:00:00 am","68.3","93.9","69.6","66.4","point"
"2024-04-16 06:00:00 am","67.3","93.7","68.5","65.4","point"
"2024-04-16 08:00:00 am","69.8","97.1","71.4","68.9","point"
"2024-04-16 10:00:00 am","75.8","81.9","78.3","69.9","point"
"2024-04-16 12:00:00 pm","82.2","69.6","87.3","71.2","point"
"2024-04-16 02:00:00 pm","82.6","73.6","89.4","73.3","point"
"2024-04-16 04:00:00 pm","82.4","72.8","88.7","72.8","point"
"2024-04-16 06:00:00 pm","78.5","85.0","83.7","73.6","point"
"2024-04-16 08:00:00 pm","75.3","91.2","78.4","72.6","point"
"2024-04-16 10:00:00 pm","74.2","93.7","77.2","72.2","point"
"2024-04-17 12:00:00 am","72.7","94.7","75.4","71.1","point"
"2024-04-17 02:00:00 am","70.8","94.7","72.7","69.2","point"
"2024-04-17 04:00:00 am","69.2","94.5","70.7","67.6","point"
"2024-04-17 06:00:00 am","68.3","94.6","69.6","66.7","point"
"2024-04-17 08:00:00 am","70.0","92.0","71.6","67.6","point"
"2024-04-17 10:00:00 am","73.4","84.6","75.2","68.5","point"
"2024-04-17 12:00:00 pm","76.5","84.9","79.5","71.6","point"
"2024-04-17 02:00:00 pm","79.3","77.2","83.7","71.5","point"
"2024-04-17 04:00:00 pm","79.0","80.0","83.8","72.3","point"
"2024-04-17 06:00:00 pm","76.4","89.0","79.7","72.9","point"
"2024-04-17 08:00:00 pm","74.0","91.1","76.8","71.2","point"
"2024-04-17 10:00:00 pm","71.9","92.1","73.9","69.5","point"
"2024-04-18 12:00:00 am","70.4","94.5","72.1","68.8","point"
"2024-04-18 02:00:00 am","70.6","95.9","72.3","69.4","point"
"2024-04-18 04:00:00 am","69.0","95.7","70.5","67.7","point"
"2024-04-18 06:00:00 am","66.0","91.7","66.6","63.5","point"
"2024-04-18 08:00:00 am","67.6","91.4","68.5","64.9","point"
"2024-04-18 10:00:00 am","75.2","69.5","75.9","64.5","point"
"2024-04-18 12:00:00 pm","79.7","72.2","83.7","70.0","point"
"2024-04-18 02:00:00 pm","82.6","69.0","88.2","71.4","point"
"2024-04-18 04:00:00 pm","80.6","74.7","85.5","71.8","point"
"2024-04-18 06:00:00 pm","78.7","85.7","84.2","74.0","point"
"2024-04-18 08:00:00 pm","75.1","94.2","78.6","73.4","point"
"2024-04-18 10:00:00 pm","69.1","98.9","70.7","68.7","point"
"2024-04-19 12:00:00 am","70.9","99.5","73.0","70.7","point"
"2024-04-19 02:00:00 am","71.3","99.7","73.6","71.2","point"
"2024-04-19 04:00:00 am","72.0","99.7","74.7","71.9","point"
"2024-04-19 06:00:00 am","71.5","99.7","73.9","71.3","point"
"2024-04-19 08:00:00 am","72.1","99.7","74.7","72.0","point"
"2024-04-19 10:00:00 am","73.3","99.6","76.6","73.1","point"
"2024-04-19 12:00:00 pm","75.9","96.3","80.1","74.8","point"
"2024-04-19 02:00:00 pm","78.8","87.8","85.1","74.9","point"
"2024-04-19 04:00:00 pm","78.3","89.8","84.2","75.1","point"
"2024-04-19 06:00:00 pm","77.0","94.1","82.0","75.1","point"
"2024-04-19 08:00:00 pm","74.0","95.9","77.2","72.8","point"
"2024-04-19 10:00:00 pm","66.6","98.7","68.2","66.2","point"
"2024-04-20 12:00:00 am","69.9","99.5","71.8","69.7","point"
"2024-04-20 02:00:00 am","69.9","99.6","71.8","69.8","point"
"2024-04-20 04:00:00 am","68.6","99.9","70.3","68.5","point"
"2024-04-20 06:00:00 am","68.5","100.0","70.2","68.4","point"
"2024-04-20 08:00:00 am","67.4","100.0","69.1","67.4","point"
"2024-04-20 10:00:00 am","69.6","100.0","71.4","69.6","point"
"2024-04-20 12:00:00 pm","72.1","99.7","74.7","72.0","point"
"2024-04-20 02:00:00 pm","74.3","99.4","77.9","74.1","point"
"2024-04-20 04:00:00 pm","74.8","98.7","78.6","74.4","point"
"2024-04-20 06:00:00 pm","73.9","97.3","77.0","73.1","point"
"2024-04-20 08:00:00 pm","71.5","98.6","73.8","71.1","point"
"2024-04-20 10:00:00 pm","69.7","98.9","71.6","69.4","point"
"2024-04-21 12:00:00 am","68.8","99.0","70.5","68.5","point"
"2024-04-21 02:00:00 am","68.6","99.0","70.3","68.4","point"
"2024-04-21 04:00:00 am","68.0","99.0","69.8","67.7","point"
"2024-04-21 06:00:00 am","67.4","98.9","68.9","67.1","point"
"2024-04-21 08:00:00 am","69.8","99.3","71.6","69.6","point"
"2024-04-21 10:00:00 am","75.4","92.6","79.0","73.1","point"
"2024-04-21 12:00:00 pm","77.2","91.5","82.0","74.5","point"
"2024-04-21 02:00:00 pm","80.7","86.7","88.9","76.4","point"
"2024-04-21 04:00:00 pm","80.2","89.6","88.3","76.8","point"
"2024-04-21 06:00:00 pm","77.5","92.0","82.4","74.9","point"
"2024-04-21 08:00:00 pm","75.8","96.5","80.1","74.8","point"
"2024-04-21 10:00:00 pm","74.4","98.0","78.1","73.7","point"
"2024-04-22 12:00:00 am","73.5","98.2","76.8","73.0","point"
"2024-04-22 02:00:00 am","73.1","98.2","76.3","72.6","point"
"2024-04-22 04:00:00 am","71.4","96.5","73.4","70.4","point"
"2024-04-22 06:00:00 am","70.6","96.9","72.3","69.6","point"
"2024-04-22 08:00:00 am","70.5","96.8","72.3","69.6","point"
"2024-04-22 10:00:00 am","74.9","91.5","78.1","72.2","point"
"2024-04-22 12:00:00 pm","78.2","87.3","83.3","74.1","point"
"2024-04-22 02:00:00 pm","79.5","82.1","85.1","73.5","point"
"2024-04-22 04:00:00 pm","79.6","86.6","86.4","75.2","point"
"2024-04-22 06:00:00 pm","75.1","92.6","78.4","72.9","point"
"2024-04-22 08:00:00 pm","72.7","95.7","75.4","71.4","point"
"2024-04-22 10:00:00 pm","72.8","93.5","75.2","70.8","point"
"2024-04-23 12:00:00 am","71.8","96.3","74.1","70.7","point"
"2024-04-23 02:00:00 am","70.2","96.8","72.0","69.2","point"
"2024-04-23 04:00:00 am","68.5","96.1","70.0","67.3","point"
"2024-04-23 06:00:00 am","65.3","93.6","66.2","63.4","point"
"2024-04-23 08:00:00 am","71.6","84.5","73.0","66.6","point"
"2024-04-23 10:00:00 am","77.0","82.1","79.9","71.1","point"
"2024-04-23 12:00:00 pm","81.7","76.3","88.3","73.5","point"
"2024-04-23 02:00:00 pm","81.9","79.1","89.4","74.8","point"
"2024-04-23 04:00:00 pm","81.0","79.7","87.8","74.1","point"
"2024-04-23 06:00:00 pm","78.4","91.0","84.4","75.5","point"
"2024-04-23 08:00:00 pm","76.0","94.5","79.9","74.3","point"
"2024-04-23 10:00:00 pm","74.6","95.7","78.1","73.3","point"
"2024-04-24 12:00:00 am","73.8","96.3","77.0","72.7","point"
"2024-04-24 02:00:00 am","73.4","96.3","76.3","72.2","point"
"2024-04-24 04:00:00 am","72.9","97.1","75.7","72.0","point"
"2024-04-24 06:00:00 am","72.0","96.7","74.5","71.0","point"
"2024-04-24 08:00:00 am","72.7","97.0","75.6","71.8","point"
"2024-04-24 10:00:00 am","74.8","89.0","77.5","71.3","point"
"2024-04-24 12:00:00 pm","78.5","82.2","83.1","72.6","point"
"2024-04-24 02:00:00 pm","81.2","78.5","87.8","73.9","point"
"2024-04-24 04:00:00 pm","81.2","76.9","87.4","73.2","point"
"2024-04-24 06:00:00 pm","78.6","81.7","83.1","72.5","point"
"2024-04-24 08:00:00 pm","75.3","89.0","78.3","71.8","point"
"2024-04-24 10:00:00 pm","73.5","93.6","76.3","71.6","point"
"2024-04-25 12:00:00 am","73.0","94.2","75.6","71.2","point"
"2024-04-25 02:00:00 am","70.7","94.6","72.7","69.1","point"
"2024-04-25 04:00:00 am","68.7","95.0","70.3","67.2","point"
"2024-04-25 06:00:00 am","67.0","93.8","68.0","65.1","point"
"2024-04-25 08:00:00 am","68.9","95.4","70.3","67.5","point"
"2024-04-25 10:00:00 am","77.1","75.7","79.2","68.9","point"
"2024-04-25 12:00:00 pm","81.4","59.4","83.5","65.8","point"
"2024-04-25 02:00:00 pm","84.9","42.0","84.9","59.2","point"
"2024-04-25 04:00:00 pm","80.8","78.1","87.1","73.3","point"
"2024-04-25 06:00:00 pm","79.4","79.0","84.4","72.4","point"
"2024-04-25 08:00:00 pm","75.3","83.3","77.7","69.9","point"
"2024-04-25 10:00:00 pm","73.9","91.2","76.5","71.1","point"
"2024-04-26 12:00:00 am","72.9","92.5","75.4","70.6","point"
"2024-04-26 02:00:00 am","70.3","93.2","71.8","68.2","point"
"2024-04-26 04:00:00 am","67.9","92.8","69.1","65.8","point"
"2024-04-26 06:00:00 am","65.5","89.8","66.0","62.4","point"
"2024-04-26 08:00:00 am","68.5","90.5","69.6","65.6","point"
"2024-04-26 10:00:00 am","77.2","77.1","79.7","69.5","point"
"2024-04-26 12:00:00 pm","81.6","70.4","86.4","71.0","point"
"2024-04-26 02:00:00 pm","82.3","72.1","88.2","72.4","point"
"2024-04-26 04:00:00 pm","82.4","75.8","89.2","73.9","point"
"2024-04-26 06:00:00 pm","78.4","81.4","82.6","72.2","point"
"2024-04-26 08:00:00 pm","75.1","87.3","77.9","71.1","point"
"2024-04-26 10:00:00 pm","74.2","91.7","77.2","71.6","point"
"2024-04-27 12:00:00 am","73.0","93.5","75.4","71.0","point"
"2024-04-27 02:00:00 am","71.0","93.2","72.7","68.9","point"
"2024-04-27 04:00:00 am","68.0","88.1","68.7","64.3","point"
"2024-04-27 06:00:00 am","68.1","87.5","68.9","64.2","point"
"2024-04-27 08:00:00 am","70.4","88.5","71.8","66.8","point"
"2024-04-27 10:00:00 am","78.5","70.4","81.0","68.0","point"
"2024-04-27 12:00:00 pm","82.6","59.0","85.5","66.8","point"
"2024-04-27 02:00:00 pm","85.2","61.1","91.2","70.3","point"
"2024-04-27 04:00:00 pm","84.2","67.5","91.2","72.2","point"
"2024-04-27 06:00:00 pm","79.9","85.8","86.5","75.2","point"
"2024-04-27 08:00:00 pm","76.7","91.0","80.6","73.9","point"
"2024-04-27 10:00:00 pm","75.5","92.9","79.0","73.3","point"
"2024-04-28 12:00:00 am","74.5","94.5","77.9","72.8","point"
"2024-04-28 02:00:00 am","72.9","93.6","75.4","71.0","point"
"2024-04-28 04:00:00 am","71.2","95.0","73.0","69.7","point"
"2024-04-28 06:00:00 am","71.2","95.6","73.0","69.8","point"
"2024-04-28 08:00:00 am","71.7","95.4","73.9","70.3","point"
"2024-04-28 10:00:00 am","77.8","75.8","80.6","69.5","point"
"2024-04-28 12:00:00 pm","81.6","77.3","88.2","73.7","point"
"2024-04-28 02:00:00 pm","83.2","77.0","91.9","75.2","point"
"2024-04-28 04:00:00 pm","82.4","77.1","89.6","74.5","point"
"2024-04-28 06:00:00 pm","79.6","82.4","85.5","73.8","point"
"2024-04-28 08:00:00 pm","76.4","90.1","79.9","73.2","point"
"2024-04-28 10:00:00 pm","75.2","94.3","79.0","73.5","point"
"2024-04-29 12:00:00 am","73.7","92.0","76.5","71.2","point"
"2024-04-29 02:00:00 am","71.3","93.7","73.2","69.3","point"
"2024-04-29 04:00:00 am","70.3","94.3","72.0","68.6","point"
"2024-04-29 06:00:00 am","70.2","95.5","72.0","68.8","point"
"2024-04-29 08:00:00 am","71.7","96.0","73.9","70.4","point"
"2024-04-29 10:00:00 am","76.4","74.7","77.7","67.7","point"
"2024-04-29 12:00:00 pm","80.2","70.8","84.0","69.9","point"
"2024-04-29 02:00:00 pm","82.5","72.4","88.7","72.7","point"
"2024-04-29 04:00:00 pm","82.3","75.8","89.2","73.9","point"
"2024-04-29 06:00:00 pm","80.0","76.5","84.9","72.0","point"
"2024-04-29 08:00:00 pm","77.6","89.3","82.4","74.2","point"
"2024-04-29 10:00:00 pm","75.0","92.4","78.1","72.7","point"
"2024-04-30 12:00:00 am","73.7","93.2","76.5","71.6","point"
"2024-04-30 02:00:00 am","72.1","94.3","74.3","70.4","point"
"2024-04-30 04:00:00 am","70.2","94.6","72.0","68.6","point"
"2024-04-30 06:00:00 am","69.0","94.7","70.5","67.4","point"
"2024-04-30 08:00:00 am","70.6","95.4","72.3","69.3","point"
"2024-04-30 10:00:00 am","74.4","89.9","77.0","71.3","point"
"2024-04-30 12:00:00 pm","78.4","82.8","82.8","72.7","point"
"2024-04-30 02:00:00 pm","80.9","79.5","87.4","73.9","point"
"2024-04-30 04:00:00 pm","80.1","80.9","86.2","73.7","point"
"2024-04-30 06:00:00 pm","78.1","88.7","83.5","74.5","point"
"2024-04-30 08:00:00 pm","76.5","92.5","80.4","74.1","point"
"2024-04-30 10:00:00 pm","74.9","95.2","78.6","73.4","point"
"2024-05-01 12:00:00 am","73.9","94.1","76.8","72.1","point"
"2024-05-01 02:00:00 am","73.3","96.1","76.3","72.1","point"
"2024-05-01 04:00:00 am","72.9","96.4","75.7","71.8","point"
"2024-05-01 06:00:00 am","72.8","95.6","75.4","71.4","point"
"2024-05-01 08:00:00 am","73.2","94.8","76.1","71.6","point"
"2024-05-01 10:00:00 am","75.3","90.4","78.4","72.3","point"
"2024-05-01 12:00:00 pm","78.4","85.3","83.3","73.6","point"
"2024-05-01 02:00:00 pm","80.7","78.8","86.9","73.5","point"
"2024-05-01 04:00:00 pm","80.4","80.8","86.5","73.9","point"
"2024-05-01 06:00:00 pm","78.3","84.9","83.3","73.3","point"
"2024-05-01 08:00:00 pm","75.9","91.7","79.3","73.3","point"
"2024-05-01 10:00:00 pm","74.5","92.8","77.7","72.2","point"
"2024-05-02 12:00:00 am","73.7","93.1","76.5","71.5","point"
"2024-05-02 02:00:00 am","72.9","93.9","75.6","71.0","point"
"2024-05-02 04:00:00 am","72.2","93.8","74.7","70.3","point"
"2024-05-02 06:00:00 am","70.7","94.6","72.7","69.1","point"
"2024-05-02 08:00:00 am","72.5","95.3","74.8","71.0","point"
"2024-05-02 10:00:00 am","76.1","90.5","79.7","73.1","point"
"2024-05-02 12:00:00 pm","79.6","82.6","85.5","73.8","point"
"2024-05-02 02:00:00 pm","82.8","78.0","91.2","75.2","point"
"2024-05-02 04:00:00 pm","82.9","79.1","91.6","75.7","point"
"2024-05-02 06:00:00 pm","79.9","83.8","86.2","74.5","point"
"2024-05-02 08:00:00 pm","77.7","91.4","83.3","75.0","point"
"2024-05-02 10:00:00 pm","76.4","93.5","80.2","74.4","point"
"2024-05-03 12:00:00 am","75.6","94.7","79.3","73.9","point"
"2024-05-03 02:00:00 am","74.6","95.8","78.1","73.3","point"
"2024-05-03 04:00:00 am","72.3","87.7","74.1","68.4","point"
"2024-05-03 06:00:00 am","69.8","86.1","70.9","65.5","point"
"2024-05-03 08:00:00 am","71.0","80.1","72.1","64.5","point"
"2024-05-03 10:00:00 am","73.2","80.5","75.0","66.9","point"
"2024-05-03 12:00:00 pm","77.1","88.0","81.0","73.2","point"
"2024-05-03 02:00:00 pm","78.4","85.4","83.3","73.6","point"
"2024-05-03 04:00:00 pm","79.5","82.1","85.5","73.6","point"
"2024-05-03 06:00:00 pm","77.9","85.3","82.2","73.1","point"
"2024-05-03 08:00:00 pm","75.3","88.3","78.1","71.6","point"
"2024-05-03 10:00:00 pm","73.1","88.7","75.4","69.5","point"
"2024-05-04 12:00:00 am","70.6","92.1","72.1","68.2","point"
"2024-05-04 02:00:00 am","70.2","93.3","71.8","68.1","point"
"2024-05-04 04:00:00 am","69.8","94.0","71.4","68.0","point"
"2024-05-04 06:00:00 am","70.8","94.3","72.7","69.1","point"
"2024-05-04 08:00:00 am","71.8","93.8","73.9","69.9","point"
"2024-05-04 10:00:00 am","74.4","87.8","77.0","70.6","point"
"2024-05-04 12:00:00 pm","78.6","80.5","83.3","72.1","point"
"2024-05-04 02:00:00 pm","80.9","73.6","85.8","71.7","point"
"2024-05-04 04:00:00 pm","80.6","69.9","84.4","69.8","point"
"2024-05-04 06:00:00 pm","78.5","75.7","81.9","70.2","point"
"2024-05-04 08:00:00 pm","75.7","87.6","78.6","71.7","point"
"2024-05-04 10:00:00 pm","73.2","90.2","75.7","70.2","point"
"2024-05-05 12:00:00 am","71.4","93.2","73.2","69.3","point"
"2024-05-05 02:00:00 am","69.5","91.2","70.9","66.8","point"
"2024-05-05 04:00:00 am","68.7","93.1","70.2","66.7","point"
"2024-05-05 06:00:00 am","67.2","94.1","68.4","65.4","point"
"2024-05-05 08:00:00 am","68.8","94.7","70.3","67.2","point"
"2024-05-05 10:00:00 am","71.7","84.2","73.2","66.7","point"
"2024-05-05 12:00:00 pm","76.8","74.9","78.3","68.2","point"
"2024-05-05 02:00:00 pm","79.3","66.6","81.5","67.2","point"
"2024-05-05 04:00:00 pm","80.0","70.2","83.5","69.4","point"
"2024-05-05 06:00:00 pm","77.8","76.7","80.8","69.9","point"
"2024-05-05 08:00:00 pm","74.6","87.5","77.2","70.6","point"
"2024-05-05 10:00:00 pm","73.5","92.3","76.1","71.2","point"
"2024-05-06 12:00:00 am","72.0","91.5","74.1","69.4","point"
"2024-05-06 02:00:00 am","71.6","92.8","73.4","69.4","point"
"2024-05-06 04:00:00 am","71.5","93.8","73.6","69.6","point"
"2024-05-06 06:00:00 am","71.3","94.6","73.4","69.7","point"
"2024-05-06 08:00:00 am","71.5","91.6","73.4","69.0","point"
"2024-05-06 10:00:00 am","73.3","87.3","75.4","69.3","point"
"2024-05-06 12:00:00 pm","76.8","82.5","79.5","71.0","point"
"2024-05-06 02:00:00 pm","79.4","77.3","84.0","71.7","point"
"2024-05-06 04:00:00 pm","79.4","78.3","84.2","72.1","point"
"2024-05-06 06:00:00 pm","76.8","83.9","79.7","71.5","point"
"2024-05-06 08:00:00 pm","74.8","88.8","77.5","71.3","point"
"2024-05-06 10:00:00 pm","73.6","91.7","76.5","71.0","point"
"2024-05-07 12:00:00 am","73.2","94.3","76.1","71.5","point"
"2024-05-07 02:00:00 am","73.0","95.0","75.6","71.4","point"
"2024-05-07 04:00:00 am","72.5","95.1","74.8","71.0","point"
"2024-05-07 06:00:00 am","72.1","94.7","74.3","70.5","point"
"2024-05-07 08:00:00 am","69.6","95.4","71.1","68.2","point"
"2024-05-07 10:00:00 am","72.6","98.4","75.4","72.1","point"
"2024-05-07 12:00:00 pm","75.8","94.8","79.7","74.2","point"
"2024-05-07 02:00:00 pm","78.9","89.8","85.5","75.7","point"
"2024-05-07 04:00:00 pm","76.2","92.6","80.1","73.9","point"
"2024-05-07 06:00:00 pm","75.5","96.7","79.5","74.4","point"
"2024-05-07 08:00:00 pm","74.4","97.9","78.1","73.7","point"
"2024-05-07 10:00:00 pm","74.1","98.5","77.5","73.6","point"
"2024-05-08 12:00:00 am","73.2","98.6","76.3","72.8","point"
"2024-05-08 02:00:00 am","72.2","98.8","74.8","71.9","point"
"2024-05-08 04:00:00 am","71.7","98.8","74.1","71.3","point"
"2024-05-08 06:00:00 am","70.4","98.7","72.3","70.0","point"
"2024-05-08 08:00:00 am","72.0","98.8","74.7","71.6","point"
"2024-05-08 10:00:00 am","73.9","97.1","77.0","73.0","point"
"2024-05-08 12:00:00 pm","78.2","86.5","83.1","73.9","point"
"2024-05-08 02:00:00 pm","81.7","83.7","90.3","76.3","point"
"2024-05-08 04:00:00 pm","81.9","82.6","90.3","76.0","point"
"2024-05-08 06:00:00 pm","67.8","97.2","69.4","67.0","point"
"2024-05-08 08:00:00 pm","68.0","98.3","69.6","67.5","point"
"2024-05-08 10:00:00 pm","70.7","98.6","72.9","70.3","point"
"2024-05-09 12:00:00 am","71.3","98.7","73.6","71.0","point"
"2024-05-09 02:00:00 am","69.7","98.8","71.6","69.4","point"
"2024-05-09 04:00:00 am","68.9","98.9","70.7","68.6","point"
"2024-05-09 06:00:00 am","69.7","99.0","71.6","69.4","point"
"2024-05-09 08:00:00 am","71.3","99.0","73.6","71.0","point"
"2024-05-09 10:00:00 am","72.6","98.9","75.6","72.3","point"
"2024-05-09 12:00:00 pm","76.2","89.0","79.5","72.7","point"
"2024-05-09 02:00:00 pm","78.2","87.7","83.5","74.2","point"
"2024-05-09 04:00:00 pm","67.6","93.1","68.7","65.5","point"
"2024-05-09 06:00:00 pm","68.7","98.0","70.5","68.1","point"
"2024-05-09 08:00:00 pm","69.8","98.5","71.6","69.3","point"
"2024-05-09 10:00:00 pm","71.0","98.7","73.0","70.6","point"
"2024-05-10 12:00:00 am","71.0","98.8","73.0","70.6","point"
"2024-05-10 02:00:00 am","71.1","98.9","73.4","70.8","point"
"2024-05-10 04:00:00 am","70.2","98.9","72.1","69.8","point"
"2024-05-10 06:00:00 am","70.0","99.0","72.0","69.7","point"
"2024-05-10 08:00:00 am","71.0","99.0","73.0","70.7","point"
"2024-05-10 10:00:00 am","72.3","98.9","75.0","72.0","point"
"2024-05-10 12:00:00 pm","76.7","91.1","80.6","73.9","point"
"2024-05-10 02:00:00 pm","77.6","88.1","82.2","73.8","point"
"2024-05-10 04:00:00 pm","77.5","87.5","81.9","73.5","point"
"2024-05-10 06:00:00 pm","76.9","89.9","80.8","73.7","point"
"2024-05-10 08:00:00 pm","75.3","94.8","79.0","73.7","point"
"2024-05-10 10:00:00 pm","74.2","96.4","77.5","73.1","point"
"2024-05-11 12:00:00 am","73.3","96.4","76.3","72.2","point"
"2024-05-11 02:00:00 am","70.2","93.3","71.8","68.1","point"
"2024-05-11 04:00:00 am","70.4","93.3","72.0","68.3","point"
"2024-05-11 06:00:00 am","69.6","95.0","71.1","68.1","point"
"2024-05-11 08:00:00 am","70.4","94.2","72.1","68.6","point"
"2024-05-11 10:00:00 am","75.5","84.2","77.9","70.4","point"
"2024-05-11 12:00:00 pm","78.2","86.7","83.1","73.9","point"
"2024-05-11 02:00:00 pm","80.0","81.5","86.0","73.7","point"
"2024-05-11 04:00:00 pm","71.4","97.3","73.4","70.6","point"
"2024-05-11 06:00:00 pm","70.5","98.1","72.3","69.9","point"
"2024-05-11 08:00:00 pm","70.2","98.4","72.1","69.7","point"
"2024-05-11 10:00:00 pm","70.5","98.6","72.3","70.1","point"
"2024-05-12 12:00:00 am","71.0","98.7","73.0","70.6","point"
"2024-05-12 02:00:00 am","71.5","98.8","73.9","71.2","point"
"2024-05-12 04:00:00 am","71.0","98.9","73.0","70.7","point"
"2024-05-12 06:00:00 am","70.0","98.9","72.0","69.7","point"
"2024-05-12 08:00:00 am","71.9","98.9","74.5","71.5","point"
"2024-05-12 10:00:00 am","74.2","98.9","77.9","73.9","point"
"2024-05-12 12:00:00 pm","77.0","92.2","81.7","74.6","point"
"2024-05-12 02:00:00 pm","76.6","95.7","81.0","75.2","point"
"2024-05-12 04:00:00 pm","69.0","85.4","69.8","64.5","point"
"2024-05-12 06:00:00 pm","68.0","98.2","69.8","67.5","point"
"2024-05-12 08:00:00 pm","69.1","98.7","70.9","68.7","point"
"2024-05-12 10:00:00 pm","68.3","98.8","70.0","67.9","point"
"2024-05-13 12:00:00 am","69.1","98.9","70.9","68.8","point"
"2024-05-13 02:00:00 am","69.7","99.1","71.6","69.5","point"
"2024-05-13 04:00:00 am","69.5","99.1","71.4","69.2","point"
"2024-05-13 06:00:00 am","65.7","99.4","67.3","65.5","point"
"2024-05-13 08:00:00 am","66.4","99.4","68.0","66.3","point"
"2024-05-13 10:00:00 am","67.3","99.4","69.1","67.2","point"
"2024-05-13 12:00:00 pm","72.3","98.5","74.8","71.9","point"
"2024-05-13 02:00:00 pm","75.8","91.1","79.2","73.1","point"
"2024-05-13 04:00:00 pm","76.5","92.1","80.4","74.1","point"
"2024-05-13 06:00:00 pm","74.7","94.8","78.1","73.1","point"
"2024-05-13 08:00:00 pm","72.6","96.8","75.2","71.6","point"
"2024-05-13 10:00:00 pm","71.2","97.4","73.0","70.4","point"
"2024-05-14 12:00:00 am","69.9","97.2","71.6","69.0","point"
"2024-05-14 02:00:00 am","70.3","98.0","72.1","69.7","point"
"2024-05-14 04:00:00 am","70.1","97.8","72.0","69.4","point"
"2024-05-14 06:00:00 am","69.4","97.8","71.2","68.7","point"
"2024-05-14 08:00:00 am","69.6","98.3","71.6","69.1","point"
"2024-05-14 10:00:00 am","72.1","97.2","74.7","71.3","point"
"2024-05-14 12:00:00 pm","75.6","91.3","79.0","72.8","point"
"2024-05-14 02:00:00 pm","76.7","87.8","80.2","72.8","point"
"2024-05-14 04:00:00 pm","75.4","94.2","79.2","73.6","point"
"2024-05-14 06:00:00 pm","74.0","97.1","77.4","73.1","point"
"2024-05-14 08:00:00 pm","73.1","98.1","76.3","72.5","point"
"2024-05-14 10:00:00 pm","72.8","98.5","75.7","72.3","point"
"2024-05-15 12:00:00 am","72.4","98.8","75.2","72.0","point"
"2024-05-15 02:00:00 am","72.0","98.8","74.7","71.7","point"
"2024-05-15 04:00:00 am","71.6","98.8","73.9","71.2","point"
"2024-05-15 06:00:00 am","71.2","98.8","73.2","70.8","point"
"2024-05-15 08:00:00 am","67.3","98.6","68.9","66.9","point"
"2024-05-15 10:00:00 am","71.7","98.9","74.1","71.4","point"
"2024-05-15 12:00:00 pm","76.5","90.5","80.2","73.5","point"
"2024-05-15 02:00:00 pm","78.8","88.3","84.7","75.0","point"
"2024-05-15 04:00:00 pm","79.5","87.0","86.0","75.3","point"
"2024-05-15 06:00:00 pm","71.0","97.6","73.0","70.3","point"
"2024-05-15 08:00:00 pm","70.8","98.4","72.9","70.3","point"
"2024-05-15 10:00:00 pm","70.8","98.6","72.9","70.4","point"
"2024-05-16 12:00:00 am","71.8","98.9","74.5","71.5","point"
"2024-05-16 02:00:00 am","71.8","98.9","74.5","71.5","point"
"2024-05-16 04:00:00 am","70.2","--","--","--","point"
