"Device Name","D2 - 2815041"
"Device Model","Kestrel DROP 2"
"Serial Number","2815040"
"FORMATTED DATE_TIME","Temperature","Relative Humidity","Heat Index","Dew Point","Data Type","Record name","Start time","Duration (H:M:S)","Location description","Location address","Location coordinates","Notes"
"YYYY-MM-DD HH:MM:SS","°F","%","°F","°F"
"2000-01-01 12:10:00 am","73.0","16.3","68.7","24.6","point"
"2000-01-01 12:20:00 am","72.5","16.5","68.4","24.6","point"
"2023-02-07 12:10:00 pm","73.4","52.3","72.7","54.9","point"
"2024-01-13 07:00:23 pm","73.8","83.6","75.9","68.5","point"
"2024-01-13 09:00:23 pm","71.7","79.5","72.9","65.0","point"
"2024-01-13 11:00:23 pm","71.1","79.4","72.3","64.4","point"
"2024-01-14 01:00:23 am","70.5","79.3","71.4","63.8","point"
"2024-01-14 03:00:23 am","70.2","80.6","71.2","63.9","point"
"2024-01-14 05:00:23 am","69.5","79.1","70.3","62.7","point"
"2024-01-14 07:00:23 am","69.2","79.9","69.8","62.7","point"
"2024-01-14 09:00:23 am","70.3","82.8","71.4","64.8","point"
"2024-01-14 11:00:23 am","74.7","71.2","75.7","64.7","point"
"2024-01-14 01:00:23 pm","77.6","55.9","77.4","60.6","point"
"2024-01-14 03:00:23 pm","84.1","56.5","87.6","66.9","point"
"2024-01-14 05:00:23 pm","74.5","82.3","76.6","68.8","point"
"2024-01-14 07:00:23 pm","69.7","91.5","71.1","67.1","point"
"2024-01-14 09:00:23 pm","63.9","93.3","64.6","61.9","point"
"2024-01-14 11:00:23 pm","64.8","89.4","65.1","61.6","point"
"2024-01-15 01:00:23 am","64.8","85.9","64.8","60.5","point"
"2024-01-15 03:00:23 am","61.7","91.2","62.2","59.1","point"
"2024-01-15 05:00:23 am","60.6","94.9","61.3","59.1","point"
"2024-01-15 07:00:23 am","61.8","93.7","62.4","59.9","point"
"2024-01-15 09:00:23 am","65.7","93.4","66.6","63.7","point"
"2024-01-15 11:00:23 am","72.6","71.8","73.2","63.0","point"
"2024-01-15 01:00:23 pm","74.5","69.6","75.4","63.9","point"
"2024-01-15 03:00:23 pm","74.0","73.7","75.2","65.0","point"
"2024-01-15 05:00:23 pm","71.4","83.6","72.7","66.2","point"
"2024-01-15 07:00:23 pm","67.2","89.8","68.0","64.1","point"
"2024-01-15 09:00:23 pm","63.9","93.9","64.8","62.1","point"
"2024-01-15 11:00:23 pm","61.8","95.5","62.6","60.5","point"
"2024-01-16 01:00:23 am","60.4","96.5","61.3","59.3","point"
"2024-01-16 03:00:23 am","59.3","97.0","60.1","58.4","point"
"2024-01-16 05:00:23 am","59.3","97.7","60.3","58.6","point"
"2024-01-16 07:00:23 am","61.0","96.8","62.1","60.1","point"
"2024-01-16 09:00:23 am","64.5","95.5","65.3","63.1","point"
"2024-01-16 11:00:23 am","71.1","82.6","72.5","65.5","point"
"2024-01-16 01:00:23 pm","73.8","71.3","74.7","63.9","point"
"2024-01-16 03:00:23 pm","72.3","80.9","73.8","66.1","point"
"2024-01-16 05:00:23 pm","71.0","90.0","72.7","67.9","point"
"2024-01-16 07:00:23 pm","67.8","92.9","68.9","65.7","point"
"2024-01-16 09:00:23 pm","65.4","96.1","66.6","64.3","point"
"2024-01-16 11:00:23 pm","64.1","97.2","65.1","63.2","point"
"2024-01-17 01:00:23 am","63.8","98.0","64.9","63.2","point"
"2024-01-17 03:00:23 am","63.5","98.5","64.8","63.1","point"
"2024-01-17 05:00:23 am","63.7","99.0","64.9","63.5","point"
"2024-01-17 07:00:23 am","65.1","99.4","66.6","64.9","point"
"2024-01-17 09:00:23 am","66.7","98.9","68.2","66.4","point"
"2024-01-17 11:00:23 am","72.1","81.5","73.6","66.2","point"
"2024-01-17 01:00:23 pm","73.6","85.9","75.7","69.1","point"
"2024-01-17 03:00:23 pm","73.6","85.7","75.7","69.0","point"
"2024-01-17 05:00:23 pm","71.1","85.0","72.5","66.3","point"
"2024-01-17 07:00:23 pm","66.6","91.4","67.5","64.0","point"
"2024-01-17 09:00:23 pm","65.9","95.8","67.1","64.6","point"
"2024-01-17 11:00:23 pm","66.1","97.6","67.5","65.3","point"
"2024-01-18 01:00:23 am","66.2","98.6","67.6","65.8","point"
"2024-01-18 03:00:23 am","64.2","98.7","65.3","63.8","point"
"2024-01-18 05:00:23 am","62.9","98.9","64.0","62.6","point"
"2024-01-18 07:00:23 am","61.6","98.9","62.8","61.3","point"
"2024-01-18 09:00:23 am","66.1","99.2","67.5","65.8","point"
"2024-01-18 11:00:23 am","71.9","83.5","73.4","66.6","point"
"2024-01-18 01:00:23 pm","74.5","74.4","75.7","65.8","point"
"2024-01-18 03:00:23 pm","74.4","86.6","76.8","70.2","point"
"2024-01-18 05:00:23 pm","71.7","89.8","73.4","68.5","point"
"2024-01-18 07:00:23 pm","68.7","93.8","70.2","66.8","point"
"2024-01-18 09:00:23 pm","66.3","96.7","67.5","65.3","point"
"2024-01-18 11:00:23 pm","64.9","97.8","66.4","64.3","point"
"2024-01-19 01:00:23 am","64.8","98.5","66.0","64.4","point"
"2024-01-19 03:00:23 am","64.2","99.0","65.3","63.9","point"
"2024-01-19 05:00:23 am","63.6","99.2","64.8","63.3","point"
"2024-01-19 07:00:23 am","63.0","99.8","64.4","63.0","point"
"2024-01-19 09:00:23 am","66.5","99.8","68.0","66.4","point"
"2024-01-19 11:00:23 am","70.7","93.9","72.7","68.9","point"
"2024-01-19 01:00:23 pm","75.4","80.3","77.4","68.9","point"
"2024-01-19 03:00:23 pm","74.7","88.1","77.4","70.9","point"
"2024-01-19 05:00:23 pm","72.2","92.8","74.5","70.0","point"
"2024-01-19 07:00:23 pm","69.4","95.6","70.9","68.0","point"
"2024-01-19 09:00:23 pm","68.7","97.9","70.3","68.1","point"
"2024-01-19 11:00:23 pm","66.1","98.2","67.5","65.6","point"
"2024-01-20 01:00:23 am","62.9","98.1","64.0","62.4","point"
"2024-01-20 03:00:23 am","64.5","99.0","65.7","64.2","point"
"2024-01-20 05:00:23 am","64.0","98.6","65.1","63.6","point"
"2024-01-20 07:00:23 am","63.1","98.8","64.2","62.7","point"
"2024-01-20 09:00:23 am","66.7","97.2","68.0","65.8","point"
"2024-01-20 11:00:23 am","72.0","87.4","73.9","68.0","point"
"2024-01-20 01:00:23 pm","72.8","83.4","74.5","67.5","point"
"2024-01-20 03:00:23 pm","73.8","85.8","75.9","69.2","point"
"2024-01-20 05:00:23 pm","72.8","93.1","75.2","70.6","point"
"2024-01-20 07:00:23 pm","69.7","95.6","71.4","68.4","point"
"2024-01-20 09:00:23 pm","66.5","97.5","67.8","65.8","point"
"2024-01-20 11:00:23 pm","64.3","98.0","65.5","63.7","point"
"2024-01-21 01:00:23 am","63.6","98.7","64.8","63.2","point"
"2024-01-21 03:00:23 am","63.4","99.2","64.6","63.2","point"
"2024-01-21 05:00:23 am","65.1","99.9","66.6","65.0","point"
"2024-01-21 07:00:23 am","65.4","100.0","66.9","65.4","point"
"2024-01-21 09:00:23 am","67.7","98.1","69.3","67.1","point"
"2024-01-21 11:00:23 am","72.8","88.5","74.8","69.1","point"
"2024-01-21 01:00:23 pm","75.6","69.6","76.5","65.0","point"
"2024-01-21 03:00:23 pm","76.1","80.3","78.3","69.6","point"
"2024-01-21 05:00:23 pm","73.4","89.5","75.9","70.2","point"
"2024-01-21 07:00:23 pm","69.7","92.8","71.2","67.6","point"
"2024-01-21 09:00:23 pm","68.9","96.8","70.5","68.0","point"
"2024-01-21 11:00:23 pm","66.8","97.9","68.4","66.2","point"
"2024-01-22 01:00:23 am","65.1","98.6","66.4","64.7","point"
"2024-01-22 03:00:23 am","63.8","98.9","64.9","63.5","point"
"2024-01-22 05:00:23 am","63.9","99.2","65.1","63.7","point"
"2024-01-22 07:00:23 am","62.0","99.1","63.1","61.7","point"
"2024-01-22 09:00:23 am","67.3","99.2","68.9","67.0","point"
"2024-01-22 11:00:23 am","73.3","85.2","75.2","68.6","point"
"2024-01-22 01:00:23 pm","76.5","72.5","77.9","67.0","point"
"2024-01-22 03:00:23 pm","74.4","88.9","77.0","70.9","point"
"2024-01-22 05:00:23 pm","72.6","90.7","74.8","69.7","point"
"2024-01-22 07:00:23 pm","69.1","93.4","70.3","67.1","point"
"2024-01-22 09:00:23 pm","68.1","97.3","69.6","67.3","point"
"2024-01-22 11:00:23 pm","66.0","98.1","67.3","65.4","point"
"2024-01-23 01:00:23 am","64.6","98.7","65.8","64.2","point"
"2024-01-23 03:00:23 am","63.2","99.0","64.4","63.0","point"
"2024-01-23 05:00:23 am","62.4","99.5","63.7","62.3","point"
"2024-01-23 07:00:23 am","61.4","99.4","62.8","61.3","point"
"2024-01-23 09:00:23 am","67.9","95.1","69.3","66.5","point"
"2024-01-23 11:00:23 am","73.2","77.5","74.7","65.8","point"
"2024-01-23 01:00:23 pm","73.4","79.7","75.0","66.8","point"
"2024-01-23 03:00:23 pm","74.9","86.5","77.5","70.6","point"
"2024-01-23 05:00:23 pm","72.5","91.1","74.7","69.7","point"
"2024-01-23 07:00:23 pm","68.9","91.5","70.0","66.3","point"
"2024-01-23 09:00:23 pm","65.4","95.8","66.6","64.2","point"
"2024-01-23 11:00:23 pm","62.9","97.1","63.9","62.0","point"
"2024-01-24 01:00:23 am","60.9","97.7","61.9","60.2","point"
"2024-01-24 03:00:23 am","59.3","98.0","60.3","58.7","point"
"2024-01-24 05:00:23 am","57.6","98.2","58.6","57.1","point"
"2024-01-24 07:00:23 am","56.0","98.4","56.8","55.5","point"
"2024-01-24 09:00:23 am","61.7","99.0","63.0","61.4","point"
"2024-01-24 11:00:23 am","69.7","84.3","70.7","64.8","point"
"2024-01-24 01:00:23 pm","74.0","79.2","75.7","67.1","point"
"2024-01-24 03:00:23 pm","72.6","83.1","74.3","67.2","point"
"2024-01-24 05:00:23 pm","69.6","87.1","70.9","65.6","point"
"2024-01-24 07:00:23 pm","65.9","90.9","66.6","63.2","point"
"2024-01-24 09:00:23 pm","64.5","95.5","65.3","63.2","point"
"2024-01-24 11:00:23 pm","61.8","97.0","62.8","60.9","point"
"2024-01-25 01:00:23 am","59.5","97.5","60.4","58.7","point"
"2024-01-25 03:00:23 am","56.9","96.5","57.7","55.9","point"
"2024-01-25 05:00:23 am","55.6","97.3","56.5","54.9","point"
"2024-01-25 07:00:23 am","55.1","98.3","55.9","54.6","point"
"2024-01-25 09:00:23 am","61.3","98.8","62.4","61.0","point"
"2024-01-25 11:00:23 am","70.1","85.5","71.2","65.5","point"
"2024-01-25 01:00:23 pm","73.5","80.7","75.2","67.2","point"
"2024-01-25 03:00:23 pm","72.4","84.0","74.1","67.3","point"
"2024-01-25 05:00:23 pm","70.1","89.0","71.4","66.7","point"
"2024-01-25 07:00:23 pm","66.7","92.6","67.6","64.5","point"
"2024-01-25 09:00:23 pm","65.5","97.1","66.7","64.6","point"
"2024-01-25 11:00:23 pm","63.0","97.8","64.2","62.4","point"
"2024-01-26 01:00:23 am","61.8","98.5","63.0","61.3","point"
"2024-01-26 03:00:23 am","60.1","98.6","61.2","59.7","point"
"2024-01-26 05:00:23 am","59.7","99.1","60.8","59.5","point"
"2024-01-26 07:00:23 am","62.5","97.5","63.5","61.8","point"
"2024-01-26 09:00:23 am","66.6","91.2","67.5","64.0","point"
"2024-01-26 11:00:23 am","71.3","79.9","72.5","64.7","point"
"2024-01-26 01:00:23 pm","74.2","73.6","75.4","65.2","point"
"2024-01-26 03:00:23 pm","76.1","62.4","76.3","62.3","point"
"2024-01-26 05:00:23 pm","73.0","65.3","73.2","60.6","point"
"2024-01-26 07:00:23 pm","68.1","88.1","68.9","64.4","point"
"2024-01-26 09:00:23 pm","63.7","93.7","64.2","61.8","point"
"2024-01-26 11:00:23 pm","60.9","95.6","61.7","59.6","point"
"2024-01-27 01:00:23 am","58.3","96.3","59.2","57.3","point"
"2024-01-27 03:00:23 am","57.4","93.5","57.9","55.6","point"
"2024-01-27 05:00:23 am","62.4","83.5","62.2","57.3","point"
"2024-01-27 07:00:23 am","61.7","88.8","62.1","58.4","point"
"2024-01-27 09:00:23 am","64.9","89.4","65.1","61.7","point"
"2024-01-27 11:00:23 am","71.5","67.2","72.0","60.1","point"
"2024-01-27 01:00:23 pm","75.1","53.2","74.1","56.9","point"
"2024-01-27 03:00:23 pm","76.0","49.8","74.7","55.9","point"
"2024-01-27 05:00:23 pm","74.8","54.5","73.9","57.3","point"
"2024-01-27 07:00:23 pm","66.7","76.7","66.2","59.2","point"
"2024-01-27 09:00:23 pm","61.3","87.7","61.3","57.6","point"
"2024-01-27 11:00:23 pm","59.4","91.2","59.9","56.8","point"
"2024-01-28 01:00:23 am","59.7","90.1","60.1","56.8","point"
"2024-01-28 03:00:23 am","61.6","88.9","61.9","58.3","point"
"2024-01-28 05:00:23 am","62.8","86.2","62.8","58.6","point"
"2024-01-28 07:00:23 am","61.7","92.5","62.2","59.5","point"
"2024-01-28 09:00:23 am","65.0","90.9","65.7","62.3","point"
"2024-01-28 11:00:23 am","71.1","68.4","71.6","60.1","point"
"2024-01-28 01:00:23 pm","74.6","56.7","73.9","58.2","point"
"2024-01-28 03:00:23 pm","74.5","60.7","74.5","60.0","point"
"2024-01-28 05:00:23 pm","72.9","64.0","73.2","60.0","point"
"2024-01-28 07:00:23 pm","67.6","84.7","68.2","62.8","point"
"2024-01-28 09:00:23 pm","63.0","91.7","63.5","60.5","point"
"2024-01-28 11:00:23 pm","60.5","94.5","61.3","58.9","point"
"2024-01-29 01:00:23 am","58.7","95.8","59.5","57.5","point"
"2024-01-29 03:00:23 am","57.5","96.6","58.3","56.5","point"
"2024-01-29 05:00:23 am","57.5","97.1","58.3","56.6","point"
"2024-01-29 07:00:23 am","58.4","96.8","59.2","57.5","point"
"2024-01-29 09:00:23 am","64.4","91.6","64.9","61.9","point"
"2024-01-29 11:00:23 am","69.9","78.2","70.5","62.8","point"
"2024-01-29 01:00:23 pm","74.4","67.8","75.0","63.0","point"
"2024-01-29 03:00:23 pm","74.1","67.4","74.5","62.6","point"
"2024-01-29 05:00:23 pm","71.5","83.1","72.9","66.0","point"
"2024-01-29 07:00:23 pm","67.2","89.4","68.0","64.0","point"
"2024-01-29 09:00:23 pm","63.2","94.0","64.0","61.4","point"
"2024-01-29 11:00:23 pm","60.1","95.4","61.0","58.8","point"
"2024-01-30 01:00:23 am","57.4","96.1","58.3","56.3","point"
"2024-01-30 03:00:23 am","58.9","93.0","59.5","56.8","point"
"2024-01-30 05:00:23 am","61.2","82.9","61.2","55.9","point"
"2024-01-30 07:00:23 am","61.4","83.2","61.3","56.3","point"
"2024-01-30 09:00:23 am","64.0","89.7","64.2","60.9","point"
"2024-01-30 11:00:23 am","70.9","79.2","72.1","64.1","point"
"2024-01-30 01:00:23 pm","74.3","61.0","74.3","60.0","point"
"2024-01-30 03:00:23 pm","73.8","73.1","74.8","64.6","point"
"2024-01-30 05:00:23 pm","70.8","77.7","71.8","63.5","point"
"2024-01-30 07:00:23 pm","65.6","85.1","65.7","60.9","point"
"2024-01-30 09:00:23 pm","62.1","92.4","62.8","59.8","point"
"2024-01-30 11:00:23 pm","60.9","95.5","61.7","59.6","point"
"2024-01-31 01:00:23 am","59.1","96.5","59.9","58.1","point"
"2024-01-31 03:00:23 am","57.2","97.0","57.9","56.3","point"
"2024-01-31 05:00:23 am","55.9","97.5","56.7","55.1","point"
"2024-01-31 07:00:23 am","54.9","97.8","55.8","54.3","point"
"2024-01-31 09:00:23 am","62.0","98.7","63.1","61.6","point"
"2024-01-31 11:00:23 am","70.0","79.4","70.9","63.3","point"
"2024-01-31 01:00:23 pm","74.0","72.4","75.0","64.5","point"
"2024-01-31 03:00:23 pm","72.6","71.4","73.2","62.8","point"
"2024-01-31 05:00:23 pm","70.5","77.5","71.2","63.1","point"
"2024-01-31 07:00:23 pm","64.9","85.6","65.1","60.5","point"
"2024-01-31 09:00:23 pm","60.5","92.4","61.2","58.3","point"
"2024-01-31 11:00:23 pm","58.1","95.0","58.6","56.6","point"
"2024-02-01 01:00:23 am","56.3","96.2","57.0","55.2","point"
"2024-02-01 03:00:23 am","55.8","97.1","56.7","55.0","point"
"2024-02-01 05:00:23 am","55.3","97.7","56.1","54.6","point"
"2024-02-01 07:00:23 am","54.1","97.9","55.0","53.5","point"
"2024-02-01 09:00:23 am","61.1","98.6","62.2","60.6","point"
"2024-02-01 11:00:23 am","70.0","74.4","70.5","61.5","point"
"2024-02-01 01:00:23 pm","74.0","74.6","75.2","65.4","point"
"2024-02-01 03:00:23 pm","72.9","76.9","74.1","65.2","point"
"2024-02-01 05:00:23 pm","70.2","85.5","71.4","65.7","point"
"2024-02-01 07:00:23 pm","66.6","89.8","67.3","63.5","point"
"2024-02-01 09:00:23 pm","63.1","95.2","63.9","61.7","point"
"2024-02-01 11:00:23 pm","60.5","96.5","61.5","59.5","point"
"2024-02-02 01:00:23 am","58.9","97.3","59.7","58.1","point"
"2024-02-02 03:00:23 am","58.7","98.1","59.7","58.2","point"
"2024-02-02 05:00:23 am","56.5","98.1","57.4","56.0","point"
"2024-02-02 07:00:23 am","54.9","98.2","55.8","54.4","point"
"2024-02-02 09:00:23 am","62.4","99.2","63.7","62.2","point"
"2024-02-02 11:00:23 am","71.5","82.9","72.9","66.0","point"
"2024-02-02 01:00:23 pm","74.7","76.2","76.1","66.7","point"
"2024-02-02 03:00:23 pm","73.3","78.3","74.7","66.1","point"
"2024-02-02 05:00:23 pm","70.9","82.4","72.1","65.3","point"
"2024-02-02 07:00:23 pm","67.0","89.9","67.8","64.0","point"
"2024-02-02 09:00:23 pm","64.2","95.5","64.9","62.9","point"
"2024-02-02 11:00:23 pm","61.4","96.6","62.4","60.5","point"
"2024-02-03 01:00:23 am","59.4","97.2","60.3","58.6","point"
"2024-02-03 03:00:23 am","57.7","97.7","58.8","57.1","point"
"2024-02-03 05:00:23 am","56.1","97.8","56.8","55.5","point"
"2024-02-03 07:00:23 am","56.3","98.4","57.0","55.8","point"
"2024-02-03 09:00:23 am","64.8","97.9","66.0","64.1","point"
"2024-02-03 11:00:23 am","74.0","75.0","75.2","65.5","point"
"2024-02-03 01:00:23 pm","76.4","72.9","77.5","67.0","point"
"2024-02-03 03:00:23 pm","75.3","83.5","77.7","70.0","point"
"2024-02-03 05:00:23 pm","72.6","86.7","74.5","68.4","point"
"2024-02-03 07:00:23 pm","69.9","91.6","71.4","67.4","point"
"2024-02-03 09:00:23 pm","67.2","95.8","68.5","65.9","point"
"2024-02-03 11:00:23 pm","65.7","97.4","66.9","65.0","point"
"2024-02-04 01:00:23 am","64.2","98.0","65.3","63.6","point"
"2024-02-04 03:00:23 am","63.9","98.8","65.1","63.6","point"
"2024-02-04 05:00:23 am","66.1","97.6","67.5","65.4","point"
"2024-02-04 07:00:23 am","65.7","94.1","66.7","63.9","point"
"2024-02-04 09:00:23 am","68.2","92.4","69.4","65.9","point"
"2024-02-04 11:00:23 am","74.2","76.1","75.6","66.2","point"
"2024-02-04 01:00:23 pm","76.3","65.7","76.6","64.0","point"
"2024-02-04 03:00:23 pm","75.8","67.9","76.5","64.5","point"
"2024-02-04 05:00:23 pm","74.8","80.4","76.6","68.4","point"
"2024-02-04 07:00:23 pm","71.0","91.4","72.7","68.4","point"
"2024-02-04 09:00:23 pm","68.2","95.9","69.8","67.0","point"
"2024-02-04 11:00:23 pm","66.8","97.4","68.2","66.1","point"
"2024-02-05 01:00:23 am","64.5","99.1","65.7","64.2","point"
"2024-02-05 03:00:23 am","61.1","98.3","62.2","60.7","point"
"2024-02-05 05:00:23 am","59.2","98.3","60.3","58.7","point"
"2024-02-05 07:00:23 am","58.1","98.7","59.0","57.7","point"
"2024-02-05 09:00:23 am","65.8","93.7","66.6","63.9","point"
"2024-02-05 11:00:23 am","73.2","74.8","74.3","64.7","point"
"2024-02-05 01:00:23 pm","77.9","56.5","77.7","61.2","point"
"2024-02-05 03:00:23 pm","78.4","59.3","79.0","63.0","point"
"2024-02-05 05:00:23 pm","76.3","56.9","75.9","59.9","point"
"2024-02-05 07:00:23 pm","69.8","84.6","70.7","64.9","point"
"2024-02-05 09:00:23 pm","66.4","92.7","67.5","64.2","point"
"2024-02-05 11:00:23 pm","65.7","95.7","66.7","64.5","point"
"2024-02-06 01:00:23 am","63.2","96.6","64.2","62.3","point"
"2024-02-06 03:00:23 am","60.6","97.0","61.7","59.8","point"
"2024-02-06 05:00:23 am","59.8","97.6","60.8","59.1","point"
"2024-02-06 07:00:23 am","58.6","97.6","59.5","57.9","point"
"2024-02-06 09:00:23 am","66.7","86.8","67.1","62.6","point"
"2024-02-06 11:00:23 am","75.7","60.0","75.6","60.9","point"
"2024-02-06 01:00:23 pm","81.8","36.6","79.5","52.7","point"
"2024-02-06 03:00:23 pm","79.4","49.0","78.8","58.6","point"
"2024-02-06 05:00:23 pm","80.2","42.3","78.6","55.2","point"
"2024-02-06 07:00:23 pm","69.7","70.9","69.8","59.8","point"
"2024-02-06 09:00:23 pm","64.1","85.0","64.0","59.5","point"
"2024-02-06 11:00:23 pm","62.5","92.5","63.1","60.3","point"
"2024-02-07 01:00:23 am","60.7","94.9","61.5","59.2","point"
"2024-02-07 03:00:23 am","60.0","94.1","60.8","58.2","point"
"2024-02-07 05:00:23 am","60.4","90.7","61.0","57.7","point"
"2024-02-07 07:00:23 am","59.5","93.7","60.1","57.7","point"
"2024-02-07 09:00:23 am","68.1","76.9","68.2","60.6","point"
"2024-02-07 11:00:23 am","77.1","48.6","75.7","56.3","point"
"2024-02-07 01:00:23 pm","81.2","35.7","78.8","51.5","point"
"2024-02-07 03:00:23 pm","82.5","34.1","80.1","51.4","point"
"2024-02-07 05:00:23 pm","77.6","60.5","78.1","62.9","point"
"2024-02-07 07:00:23 pm","70.5","80.5","71.6","64.2","point"
"2024-02-07 09:00:23 pm","66.5","90.6","67.3","63.7","point"
"2024-02-07 11:00:23 pm","63.9","94.0","64.8","62.2","point"
"2024-02-08 01:00:23 am","61.1","95.2","61.9","59.8","point"
"2024-02-08 03:00:23 am","60.2","95.8","61.0","58.9","point"
"2024-02-08 05:00:23 am","61.4","90.9","61.9","58.7","point"
"2024-02-08 07:00:23 am","59.6","91.2","60.1","57.0","point"
"2024-02-08 09:00:23 am","67.7","75.7","67.6","59.8","point"
"2024-02-08 11:00:23 am","77.0","50.8","75.9","57.4","point"
"2024-02-08 01:00:23 pm","80.9","49.3","80.8","60.2","point"
"2024-02-08 03:00:23 pm","78.8","63.5","80.4","65.4","point"
"2024-02-08 05:00:23 pm","75.3","76.6","76.8","67.4","point"
"2024-02-08 07:00:23 pm","70.4","82.6","71.6","64.8","point"
"2024-02-08 09:00:23 pm","66.6","92.7","67.6","64.4","point"
"2024-02-08 11:00:23 pm","63.6","94.7","64.4","62.0","point"
"2024-02-09 01:00:23 am","61.1","95.7","61.9","59.9","point"
"2024-02-09 03:00:23 am","59.3","96.5","60.1","58.3","point"
"2024-02-09 05:00:23 am","57.4","96.9","58.3","56.5","point"
"2024-02-09 07:00:23 am","56.4","97.5","57.2","55.7","point"
"2024-02-09 09:00:23 am","63.1","97.6","64.2","62.4","point"
"2024-02-09 11:00:23 am","72.6","70.9","73.2","62.6","point"
"2024-02-09 01:00:23 pm","78.8","57.4","79.3","62.5","point"
"2024-02-09 03:00:23 pm","78.8","68.5","81.3","67.6","point"
"2024-02-09 05:00:23 pm","74.9","82.6","77.2","69.3","point"
"2024-02-09 07:00:23 pm","70.9","89.4","72.5","67.6","point"
"2024-02-09 09:00:23 pm","67.4","94.5","68.7","65.7","point"
"2024-02-09 11:00:23 pm","67.2","96.6","68.5","66.2","point"
"2024-02-10 01:00:23 am","66.5","97.6","68.0","65.8","point"
"2024-02-10 03:00:23 am","62.1","96.9","63.1","61.2","point"
"2024-02-10 05:00:23 am","61.1","97.7","62.2","60.4","point"
"2024-02-10 07:00:23 am","62.2","95.4","63.0","60.9","point"
"2024-02-10 09:00:23 am","66.8","87.6","67.5","63.0","point"
"2024-02-10 11:00:23 am","75.1","69.5","75.9","64.4","point"
"2024-02-10 01:00:23 pm","79.5","53.9","79.7","61.3","point"
"2024-02-10 03:00:23 pm","78.7","50.4","78.1","58.7","point"
"2024-02-10 05:00:23 pm","76.2","71.9","77.2","66.5","point"
"2024-02-10 07:00:23 pm","71.5","86.5","73.2","67.2","point"
"2024-02-10 09:00:23 pm","69.7","94.4","71.4","68.0","point"
"2024-02-10 11:00:23 pm","66.5","95.9","67.8","65.3","point"
"2024-02-11 01:00:23 am","64.9","97.2","66.2","64.1","point"
"2024-02-11 03:00:23 am","62.3","97.5","63.5","61.6","point"
"2024-02-11 05:00:23 am","60.6","97.7","61.5","59.9","point"
"2024-02-11 07:00:23 am","59.2","98.1","60.3","58.7","point"
"2024-02-11 09:00:23 am","66.9","91.7","68.0","64.5","point"
"2024-02-11 11:00:23 am","73.7","77.9","75.2","66.4","point"
"2024-02-11 01:00:23 pm","77.9","56.6","77.9","61.3","point"
"2024-02-11 03:00:23 pm","78.2","47.1","77.0","56.4","point"
"2024-02-11 05:00:23 pm","76.0","47.8","74.5","54.8","point"
"2024-02-11 07:00:23 pm","67.3","70.1","66.7","57.2","point"
"2024-02-11 09:00:23 pm","62.2","85.3","62.1","57.7","point"
"2024-02-11 11:00:23 pm","60.2","92.5","60.8","58.0","point"
"2024-02-12 01:00:23 am","58.9","94.2","59.5","57.2","point"
"2024-02-12 03:00:23 am","58.2","95.5","58.8","56.9","point"
"2024-02-12 05:00:23 am","60.3","95.2","61.2","58.9","point"
"2024-02-12 07:00:23 am","60.0","94.1","60.8","58.3","point"
"2024-02-12 09:00:23 am","66.7","78.1","66.4","59.7","point"
"2024-02-12 11:00:23 am","76.1","42.3","73.9","51.5","point"
"2024-02-12 01:00:23 pm","80.0","33.2","77.0","48.5","point"
"2024-02-12 03:00:23 pm","79.4","36.6","77.0","50.6","point"
"2024-02-12 05:00:23 pm","77.0","36.9","74.3","48.6","point"
"2024-02-12 07:00:23 pm","67.3","64.3","66.2","54.9","point"
"2024-02-12 09:00:23 pm","64.4","86.7","64.6","60.4","point"
"2024-02-12 11:00:23 pm","62.1","92.7","62.8","60.0","point"
"2024-02-13 01:00:23 am","59.6","94.5","60.4","58.0","point"
"2024-02-13 03:00:23 am","57.8","95.3","58.5","56.4","point"
"2024-02-13 05:00:23 am","58.6","94.7","59.2","57.0","point"
"2024-02-13 07:00:23 am","58.1","94.7","58.8","56.6","point"
"2024-02-13 09:00:23 am","63.9","91.8","64.4","61.5","point"
"2024-02-13 11:00:23 am","73.6","63.0","73.9","60.2","point"
"2024-02-13 01:00:23 pm","78.3","39.5","76.1","51.7","point"
"2024-02-13 03:00:23 pm","77.6","42.5","75.7","53.0","point"
"2024-02-13 05:00:23 pm","75.0","63.8","75.2","61.9","point"
"2024-02-13 07:00:23 pm","68.5","76.7","68.5","60.9","point"
"2024-02-13 09:00:23 pm","64.5","89.6","64.8","61.4","point"
"2024-02-13 11:00:23 pm","62.4","93.7","63.0","60.5","point"
"2024-02-14 01:00:23 am","60.5","95.3","61.3","59.2","point"
"2024-02-14 03:00:23 am","59.9","96.5","60.6","58.9","point"
"2024-02-14 05:00:23 am","59.2","97.2","60.1","58.4","point"
"2024-02-14 07:00:23 am","60.0","98.2","61.0","59.5","point"
"2024-02-14 09:00:23 am","68.0","89.3","69.1","64.8","point"
"2024-02-14 11:00:23 am","75.6","67.7","76.3","64.2","point"
"2024-02-14 01:00:23 pm","80.7","45.6","79.9","57.7","point"
"2024-02-14 03:00:23 pm","79.3","45.9","78.1","56.7","point"
"2024-02-14 05:00:23 pm","77.0","46.7","75.4","55.1","point"
"2024-02-14 07:00:23 pm","71.0","80.6","72.1","64.8","point"
"2024-02-14 09:00:23 pm","70.2","91.0","71.8","67.5","point"
"2024-02-14 11:00:23 pm","66.8","94.5","68.0","65.2","point"
"2024-02-15 01:00:23 am","64.1","95.8","65.1","62.9","point"
"2024-02-15 03:00:23 am","62.1","96.8","63.1","61.2","point"
"2024-02-15 05:00:23 am","61.7","97.3","62.8","60.9","point"
"2024-02-15 07:00:23 am","63.0","98.0","64.2","62.4","point"
"2024-02-15 09:00:23 am","68.4","85.6","69.3","63.9","point"
"2024-02-15 11:00:23 am","75.3","68.7","75.9","64.3","point"
"2024-02-15 01:00:23 pm","78.8","54.9","78.6","61.2","point"
"2024-02-15 03:00:23 pm","77.8","52.4","77.2","59.0","point"
"2024-02-15 05:00:23 pm","75.6","52.3","74.7","56.9","point"
"2024-02-15 07:00:23 pm","68.7","82.9","69.6","63.3","point"
"2024-02-15 09:00:23 pm","64.1","90.5","64.6","61.3","point"
"2024-02-15 11:00:23 pm","61.6","93.9","62.4","59.9","point"
"2024-02-16 01:00:23 am","60.9","95.6","61.7","59.6","point"
"2024-02-16 03:00:23 am","60.4","93.5","61.2","58.6","point"
"2024-02-16 05:00:23 am","63.7","85.0","63.5","59.1","point"
"2024-02-16 07:00:23 am","63.8","82.8","63.7","58.5","point"
"2024-02-16 09:00:23 am","67.6","73.5","67.3","58.8","point"
"2024-02-16 11:00:23 am","75.7","53.4","74.8","57.6","point"
"2024-02-16 01:00:23 pm","80.5","41.5","79.0","55.0","point"
"2024-02-16 03:00:23 pm","79.6","45.0","78.4","56.4","point"
"2024-02-16 05:00:23 pm","77.7","43.6","75.9","53.8","point"
"2024-02-16 07:00:23 pm","70.0","74.7","70.5","61.6","point"
"2024-02-16 09:00:23 pm","65.1","86.9","65.3","61.1","point"
"2024-02-16 11:00:23 pm","63.0","92.5","63.7","60.8","point"
"2024-02-17 01:00:23 am","61.4","94.9","62.2","60.0","point"
"2024-02-17 03:00:23 am","61.0","96.2","61.9","59.9","point"
"2024-02-17 05:00:23 am","64.1","89.6","64.4","61.0","point"
"2024-02-17 07:00:23 am","65.4","87.4","65.7","61.6","point"
"2024-02-17 09:00:23 am","68.7","80.1","69.1","62.3","point"
"2024-02-17 11:00:23 am","75.8","61.4","75.7","61.5","point"
"2024-02-17 01:00:23 pm","80.3","51.0","80.4","60.5","point"
"2024-02-17 03:00:23 pm","80.4","47.3","79.7","58.5","point"
"2024-02-17 05:00:23 pm","76.2","72.3","77.4","66.7","point"
"2024-02-17 07:00:23 pm","71.5","83.1","72.9","66.1","point"
"2024-02-17 09:00:23 pm","68.6","92.0","70.0","66.2","point"
"2024-02-17 11:00:23 pm","65.9","94.8","66.9","64.3","point"
"2024-02-18 01:00:23 am","64.8","96.2","65.8","63.7","point"
"2024-02-18 03:00:23 am","62.1","96.6","63.1","61.1","point"
"2024-02-18 05:00:23 am","60.4","97.1","61.3","59.6","point"
"2024-02-18 07:00:23 am","58.9","97.5","59.7","58.2","point"
"2024-02-18 09:00:23 am","66.2","97.3","67.3","65.4","point"
"2024-02-18 11:00:23 am","74.0","80.1","75.7","67.5","point"
"2024-02-18 01:00:23 pm","79.1","68.0","81.5","67.6","point"
"2024-02-18 03:00:23 pm","77.2","76.0","79.5","69.1","point"
"2024-02-18 05:00:23 pm","74.4","82.6","76.5","68.7","point"
"2024-02-18 07:00:23 pm","70.9","87.2","72.5","66.9","point"
"2024-02-18 09:00:23 pm","67.3","93.7","68.5","65.4","point"
"2024-02-18 11:00:23 pm","66.0","96.3","67.1","64.9","point"
"2024-02-19 01:00:23 am","66.7","99.2","68.2","66.5","point"
"2024-02-19 03:00:23 am","66.1","98.9","67.5","65.8","point"
"2024-02-19 05:00:23 am","63.8","98.6","64.9","63.4","point"
"2024-02-19 07:00:23 am","63.8","98.7","64.9","63.4","point"
"2024-02-19 09:00:23 am","68.4","87.3","69.4","64.5","point"
"2024-02-19 11:00:00 am","75.5","77.7","77.2","68.0","point"
"2024-02-19 01:00:00 pm","76.9","74.6","78.6","68.2","point"
"2024-02-19 03:00:00 pm","78.0","75.7","81.0","69.7","point"
"2024-02-19 05:00:00 pm","74.6","80.9","76.5","68.4","point"
"2024-02-19 07:00:00 pm","71.1","85.6","72.5","66.5","point"
"2024-02-19 09:00:00 pm","68.5","93.8","69.6","66.7","point"
"2024-02-19 11:00:00 pm","66.0","96.0","67.1","64.8","point"
"2024-02-20 01:00:00 am","64.5","97.2","65.5","63.7","point"
"2024-02-20 03:00:00 am","63.8","97.3","64.8","63.0","point"
"2024-02-20 05:00:00 am","61.6","97.8","62.8","61.0","point"
"2024-02-20 07:00:00 am","59.9","98.1","61.0","59.4","point"
"2024-02-20 09:00:00 am","68.5","97.5","70.0","67.8","point"
"2024-02-20 11:00:00 am","75.6","81.6","77.7","69.5","point"
"2024-02-20 01:00:00 pm","77.9","70.7","80.2","67.6","point"
"2024-02-20 03:00:00 pm","78.0","79.4","81.7","71.1","point"
"2024-02-20 05:00:00 pm","74.8","86.9","77.4","70.6","point"
"2024-02-20 07:00:00 pm","71.8","89.4","73.8","68.5","point"
"2024-02-20 09:00:00 pm","69.8","95.1","71.6","68.3","point"
"2024-02-20 11:00:00 pm","67.4","96.9","68.7","66.4","point"
"2024-02-21 01:00:00 am","66.5","98.1","68.0","66.0","point"
"2024-02-21 03:00:00 am","67.0","99.3","68.5","66.8","point"
"2024-02-21 05:00:00 am","66.9","99.5","68.7","66.8","point"
"2024-02-21 07:00:00 am","65.4","99.5","66.9","65.3","point"
"2024-02-21 09:00:00 am","68.9","99.0","70.7","68.6","point"
"2024-02-21 11:00:00 am","75.8","76.2","77.4","67.8","point"
"2024-02-21 01:00:00 pm","80.4","72.1","84.6","70.6","point"
"2024-02-21 03:00:00 pm","78.3","81.9","82.8","72.3","point"
"2024-02-21 05:00:00 pm","74.9","85.6","77.4","70.3","point"
"2024-02-21 07:00:00 pm","71.9","88.6","73.6","68.3","point"
"2024-02-21 09:00:00 pm","68.4","92.8","69.6","66.2","point"
"2024-02-21 11:00:00 pm","65.4","96.0","66.6","64.2","point"
"2024-02-22 01:00:00 am","62.4","96.5","63.5","61.4","point"
"2024-02-22 03:00:00 am","60.3","97.1","61.3","59.5","point"
"2024-02-22 05:00:00 am","58.7","97.6","59.7","58.0","point"
"2024-02-22 07:00:00 am","60.5","98.7","61.5","60.2","point"
"2024-02-22 09:00:00 am","65.6","98.5","66.9","65.1","point"
"2024-02-22 11:00:00 am","71.9","67.2","72.3","60.4","point"
"2024-02-22 01:00:00 pm","78.5","66.8","80.4","66.5","point"
"2024-02-22 03:00:00 pm","76.5","76.5","78.4","68.5","point"
"2024-02-22 05:00:00 pm","72.8","80.4","74.3","66.4","point"
"2024-02-22 07:00:00 pm","69.6","82.2","70.5","64.0","point"
"2024-02-22 09:00:00 pm","67.1","93.0","68.2","65.0","point"
"2024-02-22 11:00:00 pm","63.7","95.4","64.4","62.3","point"
"2024-02-23 01:00:00 am","60.4","96.0","61.3","59.2","point"
"2024-02-23 03:00:00 am","58.5","96.8","59.4","57.5","point"
"2024-02-23 05:00:00 am","56.2","96.9","57.0","55.3","point"
"2024-02-23 07:00:00 am","54.6","97.0","55.2","53.7","point"
"2024-02-23 09:00:00 am","62.1","95.0","63.0","60.6","point"
"2024-02-23 11:00:00 am","72.2","66.2","72.7","60.3","point"
"2024-02-23 01:00:00 pm","77.4","61.4","77.7","63.1","point"
"2024-02-23 03:00:00 pm","74.9","63.5","75.2","61.7","point"
"2024-02-23 05:00:00 pm","72.3","74.5","73.2","63.7","point"
"2024-02-23 07:00:00 pm","67.8","78.1","68.0","60.8","point"
"2024-02-23 09:00:00 pm","65.2","92.0","66.0","62.8","point"
"2024-02-23 11:00:00 pm","62.9","95.1","63.7","61.4","point"
"2024-02-24 01:00:00 am","61.0","96.3","61.9","59.9","point"
"2024-02-24 03:00:00 am","59.1","97.0","59.9","58.2","point"
"2024-02-24 05:00:00 am","57.4","97.3","58.3","56.7","point"
"2024-02-24 07:00:00 am","55.7","97.7","56.5","55.0","point"
"2024-02-24 09:00:00 am","62.6","97.2","63.7","61.8","point"
"2024-02-24 11:00:00 am","73.4","75.7","74.7","65.3","point"
"2024-02-24 01:00:00 pm","76.9","60.2","77.0","62.0","point"
"2024-02-24 03:00:00 pm","74.5","68.7","75.2","63.5","point"
"2024-02-24 05:00:00 pm","71.3","75.4","72.3","63.1","point"
"2024-02-24 07:00:00 pm","69.9","87.9","71.1","66.1","point"
"2024-02-24 09:00:00 pm","66.4","94.0","67.6","64.6","point"
"2024-02-24 11:00:00 pm","64.7","96.2","65.7","63.6","point"
"2024-02-25 01:00:00 am","62.1","97.0","63.1","61.2","point"
"2024-02-25 03:00:00 am","59.6","96.4","60.4","58.6","point"
"2024-02-25 05:00:00 am","58.0","96.8","58.8","57.1","point"
"2024-02-25 07:00:00 am","58.3","98.2","59.4","57.8","point"
"2024-02-25 09:00:00 am","64.3","98.6","65.5","63.9","point"
"2024-02-25 11:00:00 am","72.3","88.3","74.1","68.7","point"
"2024-02-25 01:00:00 pm","78.8","77.4","82.9","71.1","point"
"2024-02-25 03:00:00 pm","77.1","83.9","80.4","71.8","point"
"2024-02-25 05:00:00 pm","74.7","89.3","77.5","71.3","point"
"2024-02-25 07:00:00 pm","71.3","91.6","73.2","68.7","point"
"2024-02-25 09:00:00 pm","67.6","94.4","68.9","65.9","point"
"2024-02-25 11:00:00 pm","64.8","96.6","65.8","63.8","point"
"2024-02-26 01:00:00 am","63.7","97.6","64.9","63.1","point"
"2024-02-26 03:00:00 am","63.0","98.3","64.2","62.5","point"
"2024-02-26 05:00:00 am","63.2","98.7","64.4","62.9","point"
"2024-02-26 07:00:00 am","65.1","94.9","66.2","63.6","point"
"2024-02-26 09:00:00 am","69.3","85.9","70.3","64.9","point"
"2024-02-26 11:00:00 am","74.9","68.1","75.6","63.6","point"
"2024-02-26 01:00:00 pm","80.7","56.6","81.9","63.9","point"
"2024-02-26 03:00:00 pm","79.8","53.9","80.1","61.6","point"
"2024-02-26 05:00:00 pm","77.6","55.1","77.4","60.2","point"
"2024-02-26 07:00:00 pm","70.6","73.0","71.2","61.6","point"
"2024-02-26 09:00:00 pm","68.0","90.9","69.3","65.3","point"
"2024-02-26 11:00:00 pm","65.6","94.6","66.6","64.0","point"
"2024-02-27 01:00:00 am","63.2","96.1","64.2","62.1","point"
"2024-02-27 03:00:00 am","63.5","96.1","64.4","62.3","point"
"2024-02-27 05:00:00 am","64.5","92.2","65.1","62.1","point"
"2024-02-27 07:00:00 am","65.2","91.4","65.8","62.6","point"
"2024-02-27 09:00:00 am","69.6","85.9","70.5","65.2","point"
"2024-02-27 11:00:00 am","77.5","63.0","78.1","63.9","point"
"2024-02-27 01:00:00 pm","83.3","44.4","82.9","59.3","point"
"2024-02-27 03:00:00 pm","80.9","52.1","81.3","61.7","point"
"2024-02-27 05:00:00 pm","78.1","70.0","80.2","67.5","point"
"2024-02-27 07:00:00 pm","73.9","83.1","75.7","68.4","point"
"2024-02-27 09:00:00 pm","70.5","90.7","72.0","67.6","point"
"2024-02-27 11:00:00 pm","68.1","94.8","69.4","66.6","point"
"2024-02-28 01:00:00 am","65.6","96.0","66.7","64.4","point"
"2024-02-28 03:00:00 am","64.3","96.9","65.3","63.4","point"
"2024-02-28 05:00:00 am","63.9","96.4","64.9","62.9","point"
"2024-02-28 07:00:00 am","62.2","97.0","63.1","61.3","point"
"2024-02-28 09:00:00 am","71.1","83.5","72.5","65.8","point"
"2024-02-28 11:00:00 am","77.6","71.2","79.5","67.5","point"
"2024-02-28 01:00:00 pm","82.5","51.8","83.5","63.0","point"
"2024-02-28 03:00:00 pm","81.0","64.3","84.0","67.8","point"
"2024-02-28 05:00:00 pm","77.2","76.7","79.7","69.3","point"
"2024-02-28 07:00:00 pm","73.9","86.7","76.1","69.6","point"
"2024-02-28 09:00:00 pm","69.8","93.4","71.4","67.8","point"
"2024-02-28 11:00:00 pm","68.9","96.0","70.5","67.7","point"
"2024-02-29 01:00:00 am","66.2","98.0","67.5","65.6","point"
"2024-02-29 03:00:00 am","68.2","71.1","68.0","58.5","point"
"2024-02-29 05:00:00 am","66.3","79.5","66.0","59.8","point"
"2024-02-29 07:00:00 am","63.9","86.8","64.0","59.9","point"
"2024-02-29 09:00:00 am","69.4","83.0","70.3","64.0","point"
"2024-02-29 11:00:00 am","78.2","50.6","77.4","58.3","point"
"2024-02-29 01:00:00 pm","84.2","34.1","82.4","52.9","point"
"2024-02-29 03:00:00 pm","82.5","30.4","79.3","48.3","point"
"2024-02-29 05:00:00 pm","78.4","61.2","79.2","64.0","point"
"2024-02-29 07:00:00 pm","73.9","88.6","76.3","70.3","point"
"2024-02-29 09:00:00 pm","71.1","94.4","73.0","69.4","point"
"2024-02-29 11:00:00 pm","68.7","95.9","70.2","67.5","point"
"2024-03-01 01:00:00 am","65.9","96.5","67.1","64.8","point"
"2024-03-01 03:00:00 am","63.9","97.1","64.9","63.0","point"
"2024-03-01 05:00:00 am","61.4","97.1","62.4","60.6","point"
"2024-03-01 07:00:00 am","60.6","97.5","61.7","59.9","point"
"2024-03-01 09:00:00 am","68.3","86.0","68.9","64.0","point"
"2024-03-01 11:00:00 am","76.9","50.6","75.7","57.2","point"
"2024-03-01 01:00:00 pm","79.7","39.4","77.7","52.9","point"
"2024-03-01 03:00:00 pm","82.4","33.3","79.7","50.6","point"
"2024-03-01 05:00:00 pm","78.6","44.4","77.2","55.1","point"
"2024-03-01 07:00:00 pm","72.0","79.4","73.4","65.2","point"
"2024-03-01 09:00:00 pm","72.3","91.1","74.3","69.6","point"
"2024-03-01 11:00:00 pm","70.3","94.8","72.0","68.8","point"
"2024-03-02 01:00:00 am","67.3","96.1","68.7","66.2","point"
"2024-03-02 03:00:00 am","66.0","94.1","66.9","64.2","point"
"2024-03-02 05:00:00 am","62.6","95.9","63.5","61.4","point"
"2024-03-02 07:00:00 am","60.8","96.6","61.7","59.8","point"
"2024-03-02 09:00:00 am","66.9","91.5","68.0","64.4","point"
"2024-03-02 11:00:00 am","75.0","66.7","75.4","63.2","point"
"2024-03-02 01:00:00 pm","82.1","48.3","82.0","60.6","point"
"2024-03-02 03:00:00 pm","77.8","66.6","79.2","65.8","point"
"2024-03-02 05:00:00 pm","74.2","74.0","75.4","65.4","point"
"2024-03-02 07:00:00 pm","72.7","87.4","74.8","68.7","point"
"2024-03-02 09:00:00 pm","71.7","93.6","73.8","69.8","point"
"2024-03-02 11:00:00 pm","69.8","95.7","71.6","68.5","point"
"2024-03-03 01:00:00 am","69.5","96.9","71.2","68.6","point"
"2024-03-03 03:00:00 am","66.4","97.1","67.8","65.6","point"
"2024-03-03 05:00:00 am","64.5","97.6","65.7","63.8","point"
"2024-03-03 07:00:00 am","63.7","97.9","64.8","63.1","point"
"2024-03-03 09:00:00 am","69.3","96.7","71.1","68.3","point"
"2024-03-03 11:00:00 am","72.9","85.9","74.8","68.4","point"
"2024-03-03 01:00:00 pm","79.9","75.2","84.6","71.3","point"
"2024-03-03 03:00:00 pm","78.5","79.2","82.8","71.5","point"
"2024-03-03 05:00:00 pm","75.3","85.9","77.9","70.8","point"
"2024-03-03 07:00:00 pm","72.2","89.1","74.1","68.9","point"
"2024-03-03 09:00:00 pm","68.9","94.0","70.5","67.1","point"
"2024-03-03 11:00:00 pm","66.7","96.2","68.0","65.6","point"
"2024-03-04 01:00:00 am","64.9","97.3","65.8","64.1","point"
"2024-03-04 03:00:00 am","63.4","97.8","64.6","62.8","point"
"2024-03-04 05:00:00 am","62.1","98.2","63.3","61.6","point"
"2024-03-04 07:00:00 am","61.1","98.5","62.2","60.6","point"
"2024-03-04 09:00:00 am","67.5","97.4","68.9","66.7","point"
"2024-03-04 11:00:00 am","75.2","81.2","77.4","69.1","point"
"2024-03-04 01:00:00 pm","80.4","74.9","85.1","71.7","point"
"2024-03-04 03:00:00 pm","78.0","79.5","81.7","71.1","point"
"2024-03-04 05:00:00 pm","75.2","84.9","77.9","70.3","point"
"2024-03-04 07:00:00 pm","72.3","90.7","74.3","69.4","point"
"2024-03-04 09:00:00 pm","69.0","94.9","70.5","67.5","point"
"2024-03-04 11:00:00 pm","66.8","96.7","68.2","65.9","point"
"2024-03-05 01:00:00 am","66.0","98.9","67.3","65.7","point"
"2024-03-05 03:00:00 am","64.8","98.8","66.0","64.4","point"
"2024-03-05 05:00:00 am","63.6","99.6","64.9","63.5","point"
"2024-03-05 07:00:00 am","61.6","99.0","62.8","61.4","point"
"2024-03-05 09:00:00 am","67.8","98.4","69.6","67.4","point"
"2024-03-05 11:00:00 am","77.1","77.7","79.3","69.6","point"
"2024-03-05 01:00:00 pm","81.9","74.7","88.2","73.1","point"
"2024-03-05 03:00:00 pm","78.8","82.6","83.7","73.0","point"
"2024-03-05 05:00:00 pm","75.8","86.4","78.6","71.5","point"
"2024-03-05 07:00:00 pm","72.9","90.1","75.4","69.8","point"
"2024-03-05 09:00:00 pm","70.2","94.9","72.0","68.6","point"
"2024-03-05 11:00:00 pm","67.3","96.6","68.7","66.3","point"
"2024-03-06 01:00:00 am","66.4","97.8","68.0","65.8","point"
"2024-03-06 03:00:00 am","66.2","98.4","67.6","65.8","point"
"2024-03-06 05:00:00 am","63.9","98.5","65.1","63.5","point"
"2024-03-06 07:00:00 am","61.3","98.2","62.4","60.7","point"
"2024-03-06 09:00:00 am","67.3","96.3","68.7","66.2","point"
"2024-03-06 11:00:00 am","75.6","78.0","77.5","68.3","point"
"2024-03-06 01:00:00 pm","80.7","67.5","84.0","68.9","point"
"2024-03-06 03:00:00 pm","77.9","78.6","81.1","70.7","point"
"2024-03-06 05:00:00 pm","75.3","83.7","77.7","70.0","point"
"2024-03-06 07:00:00 pm","72.3","84.1","73.9","67.2","point"
"2024-03-06 09:00:00 pm","69.6","92.2","70.9","67.2","point"
"2024-03-06 11:00:00 pm","66.3","95.5","67.5","65.0","point"
"2024-03-07 01:00:00 am","63.7","96.1","64.8","62.6","point"
"2024-03-07 03:00:00 am","62.0","97.0","63.0","61.1","point"
"2024-03-07 05:00:00 am","60.7","97.4","61.7","59.9","point"
"2024-03-07 07:00:00 am","60.9","97.8","61.9","60.2","point"
"2024-03-07 09:00:00 am","69.7","84.6","70.7","64.8","point"
"2024-03-07 11:00:00 am","75.7","74.8","77.0","67.2","point"
"2024-03-07 01:00:00 pm","81.0","66.1","84.4","68.6","point"
"2024-03-07 03:00:00 pm","78.1","75.2","81.1","69.6","point"
"2024-03-07 05:00:00 pm","75.8","77.9","77.7","68.5","point"
"2024-03-07 07:00:00 pm","72.8","84.0","74.5","67.6","point"
"2024-03-07 09:00:00 pm","68.9","91.1","70.0","66.2","point"
"2024-03-07 11:00:00 pm","66.4","94.9","67.6","64.9","point"
"2024-03-08 01:00:00 am","64.8","96.2","65.8","63.6","point"
"2024-03-08 03:00:00 am","62.5","90.7","63.0","59.8","point"
"2024-03-08 05:00:00 am","60.4","88.7","60.8","57.1","point"
"2024-03-08 07:00:00 am","57.7","91.7","58.1","55.3","point"
"2024-03-08 09:00:00 am","65.8","85.9","65.8","61.5","point"
"2024-03-08 11:00:00 am","75.4","63.2","75.7","62.0","point"
"2024-03-08 01:00:00 pm","80.8","59.0","82.6","65.1","point"
"2024-03-08 03:00:00 pm","78.2","73.6","81.0","69.1","point"
"2024-03-08 05:00:00 pm","75.1","76.5","76.6","67.2","point"
"2024-03-08 07:00:00 pm","72.6","81.0","74.1","66.4","point"
"2024-03-08 09:00:00 pm","69.3","91.9","70.7","66.8","point"
"2024-03-08 11:00:00 pm","65.9","95.0","66.9","64.5","point"
"2024-03-09 01:00:00 am","63.5","96.3","64.6","62.4","point"
"2024-03-09 03:00:00 am","62.2","97.0","63.1","61.3","point"
"2024-03-09 05:00:00 am","60.4","97.4","61.3","59.6","point"
"2024-03-09 07:00:00 am","59.8","98.0","60.8","59.2","point"
"2024-03-09 09:00:00 am","66.2","95.8","67.5","65.0","point"
"2024-03-09 11:00:00 am","75.4","68.5","76.1","64.3","point"
"2024-03-09 01:00:00 pm","81.8","64.0","85.1","68.4","point"
"2024-03-09 03:00:00 pm","78.5","75.0","81.7","69.9","point"
"2024-03-09 05:00:00 pm","75.1","77.2","76.6","67.5","point"
"2024-03-09 07:00:00 pm","73.2","84.3","75.2","68.2","point"
"2024-03-09 09:00:00 pm","72.3","94.0","74.7","70.5","point"
"2024-03-09 11:00:00 pm","71.2","94.7","73.0","69.5","point"
"2024-03-10 01:00:00 am","70.4","95.6","72.1","69.1","point"
"2024-03-10 03:00:00 am","68.9","96.8","70.3","67.9","point"
"2024-03-10 05:00:00 am","68.7","97.8","70.3","68.0","point"
"2024-03-10 07:00:00 am","66.7","98.1","68.2","66.2","point"
"2024-03-10 09:00:00 am","69.4","91.9","70.7","66.9","point"
"2024-03-10 11:00:00 am","75.7","72.8","76.8","66.4","point"
"2024-03-10 01:00:00 pm","80.9","67.4","84.4","69.1","point"
"2024-03-10 03:00:00 pm","78.0","74.8","80.8","69.4","point"
"2024-03-10 05:00:00 pm","75.6","81.7","77.7","69.6","point"
"2024-03-10 07:00:00 pm","74.3","91.3","77.2","71.6","point"
"2024-03-10 09:00:00 pm","73.0","94.7","75.6","71.3","point"
"2024-03-10 11:00:00 pm","72.1","96.1","74.5","70.9","point"
"2024-03-11 01:00:00 am","71.4","97.4","73.4","70.6","point"
"2024-03-11 03:00:00 am","70.4","97.4","72.1","69.6","point"
"2024-03-11 05:00:00 am","68.9","98.3","70.5","68.3","point"
"2024-03-11 07:00:00 am","68.1","98.0","69.8","67.5","point"
"2024-03-11 09:00:00 am","72.1","93.4","74.1","70.1","point"
"2024-03-11 11:00:00 am","77.1","77.1","79.3","69.4","point"
"2024-03-11 01:00:00 pm","81.8","74.4","87.6","72.8","point"
"2024-03-11 03:00:00 pm","78.7","78.0","82.8","71.2","point"
"2024-03-11 05:00:00 pm","76.0","82.7","78.4","70.3","point"
"2024-03-11 07:00:00 pm","74.7","90.6","77.7","71.7","point"
"2024-03-11 09:00:00 pm","72.1","92.9","74.5","70.0","point"
"2024-03-11 11:00:00 pm","71.8","95.6","74.1","70.5","point"
"2024-03-12 01:00:00 am","71.5","96.4","73.6","70.4","point"
"2024-03-12 03:00:00 am","70.6","96.6","72.3","69.6","point"
"2024-03-12 05:00:00 am","68.5","97.5","70.2","67.8","point"
"2024-03-12 07:00:00 am","66.4","98.1","68.0","65.8","point"
"2024-03-12 09:00:00 am","72.1","96.2","74.5","71.0","point"
"2024-03-12 11:00:00 am","77.1","81.0","80.1","70.8","point"
"2024-03-12 01:00:00 pm","82.6","73.6","88.9","73.3","point"
"2024-03-12 03:00:00 pm","79.1","80.9","84.0","72.7","point"
"2024-03-12 05:00:00 pm","76.9","85.7","80.2","72.3","point"
"2024-03-12 07:00:00 pm","74.2","90.2","77.0","71.1","point"
"2024-03-12 09:00:00 pm","71.7","93.4","73.8","69.7","point"
"2024-03-12 11:00:00 pm","70.8","96.3","72.7","69.7","point"
"2024-03-13 01:00:00 am","68.3","96.0","69.8","67.1","point"
"2024-03-13 03:00:00 am","66.2","97.4","67.5","65.4","point"
"2024-03-13 05:00:00 am","65.4","98.0","66.7","64.8","point"
"2024-03-13 07:00:00 am","63.9","98.2","65.1","63.4","point"
"2024-03-13 09:00:00 am","69.4","94.7","70.9","67.8","point"
"2024-03-13 11:00:00 am","74.7","84.2","77.0","69.6","point"
"2024-03-13 01:00:00 pm","78.8","80.0","83.1","72.1","point"
"2024-03-13 03:00:00 pm","77.6","83.8","81.5","72.3","point"
"2024-03-13 05:00:00 pm","75.3","89.0","78.3","71.9","point"
"2024-03-13 07:00:00 pm","73.9","92.8","76.6","71.7","point"
"2024-03-13 09:00:00 pm","72.1","95.2","74.7","70.7","point"
"2024-03-13 11:00:00 pm","70.3","96.1","72.0","69.1","point"
"2024-03-14 01:00:00 am","68.8","97.5","70.3","68.1","point"
"2024-03-14 03:00:00 am","68.1","98.1","69.8","67.5","point"
"2024-03-14 05:00:00 am","67.0","98.8","68.5","66.6","point"
"2024-03-14 07:00:00 am","66.8","99.3","68.4","66.6","point"
"2024-03-14 09:00:00 am","70.6","96.8","72.3","69.6","point"
"2024-03-14 11:00:00 am","75.1","83.8","77.5","69.9","point"
"2024-03-14 01:00:00 pm","80.1","78.7","85.8","72.8","point"
"2024-03-14 03:00:00 pm","76.8","81.5","79.3","70.7","point"
"2024-03-14 05:00:00 pm","74.8","87.7","77.4","70.9","point"
"2024-03-14 07:00:00 pm","72.6","90.9","74.8","69.8","point"
"2024-03-14 09:00:00 pm","70.8","93.0","72.5","68.6","point"
"2024-03-14 11:00:00 pm","67.5","96.3","68.9","66.4","point"
"2024-03-15 01:00:00 am","65.1","97.2","66.4","64.3","point"
"2024-03-15 03:00:00 am","63.9","97.9","65.1","63.3","point"
"2024-03-15 05:00:00 am","62.9","98.4","64.0","62.4","point"
"2024-03-15 07:00:00 am","61.6","98.5","62.8","61.2","point"
"2024-03-15 09:00:00 am","68.2","97.2","69.8","67.4","point"
"2024-03-15 11:00:00 am","76.0","78.2","77.9","68.7","point"
"2024-03-15 01:00:00 pm","81.2","70.9","85.8","70.8","point"
"2024-03-15 03:00:00 pm","78.3","81.7","82.6","72.2","point"
"2024-03-15 05:00:00 pm","75.8","86.8","78.6","71.6","point"
"2024-03-15 07:00:00 pm","73.3","89.8","75.6","70.1","point"
"2024-03-15 09:00:00 pm","71.0","95.2","72.9","69.5","point"
"2024-03-15 11:00:00 pm","69.7","97.4","71.4","69.0","point"
"2024-03-16 01:00:00 am","69.1","98.3","70.7","68.6","point"
"2024-03-16 03:00:00 am","68.0","99.5","69.8","67.9","point"
"2024-03-16 05:00:00 am","65.8","99.3","67.1","65.6","point"
"2024-03-16 07:00:00 am","62.4","97.8","63.5","61.8","point"
"2024-03-16 09:00:00 am","69.0","96.7","70.5","68.0","point"
"2024-03-16 11:00:00 am","75.8","76.8","77.5","68.0","point"
"2024-03-16 01:00:00 pm","82.5","69.2","87.8","71.3","point"
"2024-03-16 03:00:00 pm","79.0","80.9","84.0","72.7","point"
"2024-03-16 05:00:00 pm","76.3","84.5","79.0","71.3","point"
"2024-03-16 07:00:00 pm","73.8","90.6","76.5","70.8","point"
"2024-03-16 09:00:00 pm","70.8","95.9","72.7","69.6","point"
"2024-03-16 11:00:00 pm","68.7","97.0","70.2","67.8","point"
"2024-03-17 01:00:00 am","67.0","97.9","68.5","66.4","point"
"2024-03-17 03:00:00 am","65.4","98.1","66.7","64.9","point"
"2024-03-17 05:00:00 am","63.8","98.3","64.9","63.3","point"
"2024-03-17 07:00:00 am","64.5","97.8","65.7","63.9","point"
"2024-03-17 09:00:00 am","71.1","87.7","72.7","67.3","point"
"2024-03-17 11:00:00 am","78.2","76.8","81.5","70.3","point"
"2024-03-17 01:00:00 pm","83.7","69.2","90.9","72.5","point"
"2024-03-17 03:00:00 pm","80.3","79.1","86.2","73.2","point"
"2024-03-17 05:00:00 pm","76.9","82.8","79.9","71.3","point"
"2024-03-17 07:00:00 pm","73.8","89.2","76.3","70.4","point"
"2024-03-17 09:00:00 pm","72.2","93.2","74.5","70.2","point"
"2024-03-17 11:00:00 pm","71.1","94.4","73.0","69.4","point"
"2024-03-18 01:00:00 am","70.1","95.9","71.8","68.8","point"
"2024-03-18 03:00:00 am","67.6","97.1","68.9","66.7","point"
"2024-03-18 05:00:00 am","65.1","97.5","66.2","64.3","point"
"2024-03-18 07:00:00 am","62.9","97.7","64.0","62.2","point"
"2024-03-18 09:00:00 am","68.9","90.8","70.3","66.1","point"
"2024-03-18 11:00:00 am","78.2","63.7","79.3","64.9","point"
"2024-03-18 01:00:00 pm","81.1","72.5","86.0","71.4","point"
"2024-03-18 03:00:00 pm","79.4","79.8","84.6","72.6","point"
"2024-03-18 05:00:00 pm","76.7","84.4","79.7","71.6","point"
"2024-03-18 07:00:00 pm","74.0","89.7","76.6","70.8","point"
"2024-03-18 09:00:00 pm","70.8","89.6","72.3","67.6","point"
"2024-03-18 11:00:00 pm","67.4","94.5","68.7","65.8","point"
"2024-03-19 01:00:00 am","65.4","96.3","66.6","64.3","point"
"2024-03-19 03:00:00 am","64.9","97.2","65.8","64.1","point"
"2024-03-19 05:00:00 am","63.3","97.5","64.4","62.6","point"
"2024-03-19 07:00:00 am","64.1","94.6","64.9","62.6","point"
"2024-03-19 09:00:00 am","69.2","87.7","70.3","65.4","point"
"2024-03-19 11:00:00 am","78.3","54.5","78.3","60.5","point"
"2024-03-19 01:00:00 pm","84.1","55.6","87.4","66.5","point"
"2024-03-19 03:00:00 pm","80.0","72.1","83.8","70.2","point"
"2024-03-19 05:00:00 pm","77.3","80.0","80.2","70.7","point"
"2024-03-19 07:00:00 pm","74.7","88.3","77.4","71.0","point"
"2024-03-19 09:00:00 pm","70.6","93.0","72.1","68.5","point"
"2024-03-19 11:00:00 pm","67.7","95.3","69.1","66.3","point"
"2024-03-20 01:00:00 am","65.4","96.4","66.6","64.4","point"
"2024-03-20 03:00:00 am","63.9","97.3","64.9","63.1","point"
"2024-03-20 05:00:00 am","62.2","97.4","63.1","61.5","point"
"2024-03-20 07:00:00 am","60.7","97.8","61.7","60.1","point"
"2024-03-20 09:00:00 am","68.1","95.9","69.6","66.8","point"
"2024-03-20 11:00:00 am","76.8","78.4","78.8","69.5","point"
"2024-03-20 01:00:00 pm","81.5","70.6","86.2","71.0","point"
"2024-03-20 03:00:00 pm","78.3","80.8","82.6","71.9","point"
"2024-03-20 05:00:00 pm","75.9","86.1","79.0","71.5","point"
"2024-03-20 07:00:00 pm","74.4","91.2","77.2","71.6","point"
"2024-03-20 09:00:00 pm","72.8","93.5","75.2","70.8","point"
"2024-03-20 11:00:00 pm","70.8","95.6","72.7","69.5","point"
"2024-03-21 01:00:00 am","68.5","97.3","70.0","67.7","point"
"2024-03-21 03:00:00 am","68.6","98.9","70.3","68.3","point"
"2024-03-21 05:00:00 am","67.8","99.0","69.3","67.5","point"
"2024-03-21 07:00:00 am","67.7","99.3","69.3","67.5","point"
"2024-03-21 09:00:00 am","71.1","95.4","73.0","69.7","point"
"2024-03-21 11:00:00 am","76.2","75.4","77.7","67.8","point"
"2024-03-21 01:00:00 pm","80.3","71.2","84.4","70.1","point"
"2024-03-21 03:00:00 pm","79.0","71.3","82.0","68.9","point"
"2024-03-21 05:00:00 pm","76.8","83.0","79.5","71.2","point"
"2024-03-21 07:00:00 pm","74.7","90.3","77.7","71.6","point"
"2024-03-21 09:00:00 pm","73.8","95.7","77.0","72.5","point"
"2024-03-21 11:00:00 pm","72.3","97.2","74.7","71.5","point"
"2024-03-22 01:00:00 am","71.6","98.2","73.8","71.0","point"
"2024-03-22 03:00:00 am","69.4","98.2","71.2","68.8","point"
"2024-03-22 05:00:00 am","68.0","98.7","69.8","67.6","point"
"2024-03-22 07:00:00 am","66.3","98.7","67.6","65.9","point"
"2024-03-22 09:00:00 am","71.6","95.2","73.6","70.1","point"
"2024-03-22 11:00:00 am","76.7","85.4","79.9","72.0","point"
"2024-03-22 01:00:00 pm","78.8","83.3","84.2","73.3","point"
"2024-03-22 03:00:00 pm","79.3","84.3","85.1","74.1","point"
"2024-03-22 05:00:00 pm","76.3","89.3","79.7","72.9","point"
"2024-03-22 07:00:00 pm","74.5","94.4","77.9","72.8","point"
"2024-03-22 09:00:00 pm","73.0","97.1","75.7","72.2","point"
"2024-03-22 11:00:00 pm","73.0","98.0","75.9","72.3","point"
"2024-03-23 01:00:00 am","71.3","98.2","73.6","70.7","point"
"2024-03-23 03:00:00 am","70.6","98.7","72.5","70.2","point"
"2024-03-23 05:00:00 am","68.3","98.3","70.0","67.7","point"
"2024-03-23 07:00:00 am","68.5","98.3","70.2","67.9","point"
"2024-03-23 09:00:00 am","73.6","92.7","76.5","71.3","point"
"2024-03-23 11:00:00 am","75.7","87.4","78.6","71.7","point"
"2024-03-23 01:00:00 pm","80.0","82.7","86.2","74.3","point"
"2024-03-23 03:00:00 pm","79.8","83.3","86.0","74.2","point"
"2024-03-23 05:00:00 pm","77.6","87.9","82.2","73.8","point"
"2024-03-23 07:00:00 pm","75.1","89.8","78.1","71.9","point"
"2024-03-23 09:00:00 pm","73.2","93.9","75.9","71.3","point"
"2024-03-23 11:00:00 pm","72.8","97.0","75.6","71.9","point"
"2024-03-24 01:00:00 am","72.3","97.4","74.7","71.5","point"
"2024-03-24 03:00:00 am","69.9","98.2","71.8","69.3","point"
"2024-03-24 05:00:00 am","67.7","98.4","69.3","67.2","point"
"2024-03-24 07:00:00 am","66.3","98.7","67.6","65.9","point"
"2024-03-24 09:00:00 am","72.2","97.4","74.7","71.5","point"
"2024-03-24 11:00:00 am","78.8","84.8","84.6","73.8","point"
"2024-03-24 01:00:00 pm","82.9","75.4","90.3","74.3","point"
"2024-03-24 03:00:00 pm","80.3","80.9","86.5","73.9","point"
"2024-03-24 05:00:00 pm","77.9","86.8","82.4","73.6","point"
"2024-03-24 07:00:00 pm","75.5","92.2","78.8","73.1","point"
"2024-03-24 09:00:00 pm","73.5","96.0","76.5","72.3","point"
"2024-03-24 11:00:00 pm","72.9","98.2","75.9","72.4","point"
"2024-03-25 01:00:00 am","71.1","98.0","73.2","70.4","point"
"2024-03-25 03:00:00 am","69.8","99.0","71.6","69.5","point"
"2024-03-25 05:00:00 am","68.3","99.6","70.0","68.1","point"
"2024-03-25 07:00:00 am","66.0","99.6","67.5","65.9","point"
"2024-03-25 09:00:00 am","72.4","98.0","75.2","71.8","point"
"2024-03-25 11:00:00 am","77.6","66.7","78.8","65.7","point"
"2024-03-25 01:00:00 pm","84.4","61.3","89.8","69.7","point"
"2024-03-25 03:00:00 pm","80.7","76.0","86.0","72.4","point"
"2024-03-25 05:00:00 pm","77.9","79.8","81.3","71.1","point"
"2024-03-25 07:00:00 pm","76.0","90.1","79.3","72.9","point"
"2024-03-25 09:00:00 pm","74.6","94.4","77.9","72.8","point"
"2024-03-25 11:00:00 pm","72.6","96.3","75.2","71.5","point"
"2024-03-26 01:00:00 am","69.9","97.2","71.6","69.0","point"
"2024-03-26 03:00:00 am","65.3","96.1","66.6","64.2","point"
"2024-03-26 05:00:00 am","63.9","97.3","64.9","63.1","point"
"2024-03-26 07:00:00 am","63.1","98.0","64.2","62.5","point"
"2024-03-26 09:00:00 am","71.5","97.6","73.8","70.7","point"
"2024-03-26 11:00:00 am","78.5","81.1","82.9","72.2","point"
"2024-03-26 01:00:00 pm","82.3","73.1","88.5","72.8","point"
"2024-03-26 03:00:00 pm","79.4","81.2","84.9","73.1","point"
"2024-03-26 05:00:00 pm","76.8","85.9","79.9","72.2","point"
"2024-03-26 07:00:00 pm","75.9","92.8","79.5","73.7","point"
"2024-03-26 09:00:00 pm","74.4","95.7","77.7","73.1","point"
"2024-03-26 11:00:00 pm","73.2","96.9","76.1","72.2","point"
"2024-03-27 01:00:00 am","71.8","98.0","74.3","71.2","point"
"2024-03-27 03:00:00 am","71.7","98.3","74.1","71.2","point"
"2024-03-27 05:00:00 am","70.9","98.0","73.0","70.3","point"
"2024-03-27 07:00:00 am","69.2","98.2","70.9","68.6","point"
"2024-03-27 09:00:00 am","72.5","91.4","74.8","69.9","point"
"2024-03-27 11:00:00 am","79.2","71.1","82.4","69.0","point"
"2024-03-27 01:00:00 pm","85.6","67.2","94.3","73.4","point"
"2024-03-27 03:00:00 pm","81.4","78.4","88.2","74.1","point"
"2024-03-27 05:00:00 pm","78.7","83.6","83.8","73.3","point"
"2024-03-27 07:00:00 pm","76.2","92.3","79.9","73.8","point"
"2024-03-27 09:00:00 pm","74.4","95.4","77.7","73.0","point"
"2024-03-27 11:00:00 pm","72.5","96.6","75.0","71.4","point"
"2024-03-28 01:00:00 am","69.8","97.4","71.4","69.0","point"
"2024-03-28 03:00:00 am","66.9","97.6","68.5","66.2","point"
"2024-03-28 05:00:00 am","64.5","97.6","65.7","63.7","point"
"2024-03-28 07:00:00 am","62.7","98.1","63.9","62.2","point"
"2024-03-28 09:00:00 am","71.5","97.0","73.6","70.6","point"
"2024-03-28 11:00:00 am","78.4","78.8","82.2","71.2","point"
"2024-03-28 01:00:00 pm","86.8","49.0","90.1","65.4","point"
"2024-03-28 03:00:00 pm","82.3","74.5","88.9","73.4","point"
"2024-03-28 05:00:00 pm","78.8","82.5","84.0","73.1","point"
"2024-03-28 07:00:00 pm","76.8","92.3","80.8","74.4","point"
"2024-03-28 09:00:00 pm","74.7","95.5","78.3","73.3","point"
"2024-03-28 11:00:00 pm","73.7","95.8","76.8","72.5","point"
"2024-03-29 01:00:00 am","72.9","97.1","75.7","72.0","point"
"2024-03-29 03:00:00 am","70.7","97.4","72.7","69.9","point"
"2024-03-29 05:00:00 am","68.3","98.0","70.0","67.7","point"
"2024-03-29 07:00:00 am","66.4","98.1","68.0","65.8","point"
"2024-03-29 09:00:00 am","72.2","94.0","74.7","70.4","point"
"2024-03-29 11:00:00 am","78.6","83.5","83.5","73.2","point"
"2024-03-29 01:00:00 pm","82.9","73.5","89.8","73.6","point"
"2024-03-29 03:00:00 pm","79.8","82.5","85.8","74.0","point"
"2024-03-29 05:00:00 pm","77.9","86.7","82.4","73.6","point"
"2024-03-29 07:00:00 pm","74.6","90.5","77.5","71.6","point"
"2024-03-29 09:00:00 pm","73.2","93.6","75.9","71.3","point"
"2024-03-29 11:00:00 pm","70.9","95.6","72.9","69.5","point"
"2024-03-30 01:00:00 am","68.7","97.2","70.3","67.9","point"
"2024-03-30 03:00:00 am","66.8","97.7","68.4","66.1","point"
"2024-03-30 05:00:00 am","63.6","96.3","64.6","62.5","point"
"2024-03-30 07:00:00 am","62.5","97.4","63.5","61.8","point"
"2024-03-30 09:00:00 am","70.4","94.8","72.1","68.8","point"
"2024-03-30 11:00:00 am","78.3","79.4","82.4","71.4","point"
"2024-03-30 01:00:00 pm","83.9","68.2","90.9","72.3","point"
"2024-03-30 03:00:00 pm","80.4","77.8","86.2","72.9","point"
"2024-03-30 05:00:00 pm","77.7","84.1","82.0","72.6","point"
"2024-03-30 07:00:00 pm","75.8","91.0","79.2","73.0","point"
"2024-03-30 09:00:00 pm","73.1","91.4","75.6","70.4","point"
"2024-03-30 11:00:00 pm","72.7","95.2","75.4","71.2","point"
"2024-03-31 01:00:00 am","70.9","96.3","72.9","69.8","point"
"2024-03-31 03:00:00 am","69.1","96.3","70.5","68.0","point"
"2024-03-31 05:00:00 am","66.1","97.3","67.3","65.4","point"
"2024-03-31 07:00:00 am","64.2","97.9","65.3","63.6","point"
"2024-03-31 09:00:00 am","71.1","95.1","73.0","69.6","point"
"2024-03-31 11:00:00 am","78.4","75.3","81.5","69.9","point"
"2024-03-31 01:00:00 pm","83.4","72.2","90.9","73.5","point"
"2024-03-31 03:00:00 pm","80.0","79.4","85.6","73.0","point"
"2024-03-31 05:00:00 pm","77.5","84.1","81.1","72.3","point"
"2024-03-31 07:00:00 pm","76.2","90.9","79.7","73.3","point"
"2024-03-31 09:00:00 pm","74.7","95.5","78.3","73.3","point"
"2024-03-31 11:00:00 pm","73.2","97.5","76.5","72.5","point"
"2024-04-01 01:00:00 am","72.6","98.3","75.4","72.0","point"
"2024-04-01 03:00:00 am","71.8","98.5","74.3","71.3","point"
"2024-04-01 05:00:00 am","70.6","98.9","72.5","70.2","point"
"2024-04-01 07:00:00 am","70.1","99.4","72.0","69.9","point"
"2024-04-01 09:00:00 am","73.5","97.6","76.8","72.8","point"
"2024-04-01 11:00:00 am","78.3","85.9","83.5","73.7","point"
"2024-04-01 01:00:00 pm","83.0","75.0","90.9","74.2","point"
"2024-04-01 03:00:00 pm","80.3","82.8","86.9","74.6","point"
"2024-04-01 05:00:00 pm","78.0","86.7","82.8","73.7","point"
"2024-04-01 07:00:00 pm","76.8","92.9","81.0","74.6","point"
"2024-04-01 09:00:00 pm","75.3","96.1","79.0","74.2","point"
"2024-04-01 11:00:00 pm","74.4","97.3","77.9","73.6","point"
"2024-04-02 01:00:00 am","73.4","97.6","76.8","72.7","point"
"2024-04-02 03:00:00 am","71.3","96.8","73.4","70.3","point"
"2024-04-02 05:00:00 am","68.6","98.0","70.3","68.0","point"
"2024-04-02 07:00:00 am","66.8","98.5","68.4","66.4","point"
"2024-04-02 09:00:00 am","73.0","94.6","75.6","71.3","point"
"2024-04-02 11:00:00 am","78.2","76.7","81.5","70.3","point"
"2024-04-02 01:00:00 pm","84.3","73.8","93.6","75.0","point"
"2024-04-02 03:00:00 pm","81.2","82.0","88.7","75.2","point"
"2024-04-02 05:00:00 pm","78.4","86.9","83.7","74.1","point"
"2024-04-02 07:00:00 pm","76.8","92.5","81.3","74.5","point"
"2024-04-02 09:00:00 pm","75.1","96.3","79.0","74.0","point"
"2024-04-02 11:00:00 pm","73.9","98.4","77.2","73.5","point"
"2024-04-03 01:00:00 am","73.3","99.0","76.6","73.0","point"
"2024-04-03 03:00:00 am","72.7","99.9","75.7","72.7","point"
"2024-04-03 05:00:00 am","71.9","100.0","74.5","71.9","point"
"2024-04-03 07:00:00 am","70.6","99.0","72.5","70.3","point"
"2024-04-03 09:00:00 am","73.1","91.5","75.6","70.5","point"
"2024-04-03 11:00:00 am","78.4","82.4","82.8","72.6","point"
"2024-04-03 01:00:00 pm","84.2","73.1","93.4","74.7","point"
"2024-04-03 03:00:00 pm","80.5","81.3","87.1","74.2","point"
"2024-04-03 05:00:00 pm","78.4","85.4","83.3","73.7","point"
"2024-04-03 07:00:00 pm","76.3","90.7","79.9","73.4","point"
"2024-04-03 09:00:00 pm","74.4","94.6","77.7","72.7","point"
"2024-04-03 11:00:00 pm","72.3","96.1","74.7","71.1","point"
"2024-04-04 01:00:00 am","70.8","97.4","72.7","70.0","point"
"2024-04-04 03:00:00 am","68.7","98.0","70.5","68.1","point"
"2024-04-04 05:00:00 am","67.0","98.2","68.5","66.5","point"
"2024-04-04 07:00:00 am","65.6","98.5","66.9","65.2","point"
"2024-04-04 09:00:00 am","72.8","95.6","75.4","71.5","point"
"2024-04-04 11:00:00 am","80.0","79.0","85.5","72.8","point"
"2024-04-04 01:00:00 pm","85.2","70.8","94.8","74.7","point"
"2024-04-04 03:00:00 pm","81.2","80.3","88.2","74.5","point"
"2024-04-04 05:00:00 pm","78.1","85.3","82.9","73.3","point"
"2024-04-04 07:00:00 pm","77.1","91.7","81.7","74.5","point"
"2024-04-04 09:00:00 pm","74.7","94.9","78.1","73.1","point"
"2024-04-04 11:00:00 pm","73.4","97.4","76.6","72.6","point"
"2024-04-05 01:00:00 am","72.4","96.5","75.0","71.3","point"
"2024-04-05 03:00:00 am","70.6","97.8","72.5","70.0","point"
"2024-04-05 05:00:00 am","68.1","98.0","69.8","67.5","point"
"2024-04-05 07:00:00 am","66.1","98.3","67.5","65.6","point"
"2024-04-05 09:00:00 am","73.3","96.0","76.3","72.0","point"
"2024-04-05 11:00:00 am","80.2","79.6","86.0","73.3","point"
"2024-04-05 01:00:00 pm","84.6","73.2","94.3","75.0","point"
"2024-04-05 03:00:00 pm","80.9","84.1","88.5","75.6","point"
"2024-04-05 05:00:00 pm","78.8","87.9","85.1","74.9","point"
"2024-04-05 07:00:00 pm","77.0","91.9","81.7","74.4","point"
"2024-04-05 09:00:00 pm","75.2","94.9","78.6","73.6","point"
"2024-04-05 11:00:00 pm","73.8","95.9","77.0","72.6","point"
"2024-04-06 01:00:00 am","71.7","97.1","73.9","70.9","point"
"2024-04-06 03:00:00 am","69.7","99.1","71.6","69.4","point"
"2024-04-06 05:00:00 am","69.1","100.0","70.9","69.1","point"
"2024-04-06 07:00:00 am","66.8","99.5","68.4","66.7","point"
"2024-04-06 09:00:00 am","74.4","96.2","77.7","73.2","point"
"2024-04-06 11:00:00 am","80.9","78.3","87.1","73.5","point"
"2024-04-06 01:00:00 pm","86.1","72.0","97.5","76.0","point"
"2024-04-06 03:00:00 pm","83.1","79.9","93.0","76.3","point"
"2024-04-06 05:00:00 pm","80.2","84.5","87.1","75.1","point"
"2024-04-06 07:00:00 pm","77.8","92.5","83.5","75.4","point"
"2024-04-06 09:00:00 pm","75.9","95.0","79.7","74.4","point"
"2024-04-06 11:00:00 pm","74.2","96.5","77.5","73.1","point"
"2024-04-07 01:00:00 am","73.8","98.9","77.4","73.5","point"
"2024-04-07 03:00:00 am","73.4","99.7","76.6","73.3","point"
"2024-04-07 05:00:00 am","73.1","99.9","76.3","73.0","point"
"2024-04-07 07:00:00 am","71.9","99.3","74.5","71.7","point"
"2024-04-07 09:00:00 am","74.0","95.1","77.2","72.5","point"
"2024-04-07 11:00:00 am","78.7","86.4","84.4","74.3","point"
"2024-04-07 01:00:00 pm","84.4","75.5","94.6","75.8","point"
"2024-04-07 03:00:00 pm","81.0","83.0","88.7","75.3","point"
"2024-04-07 05:00:00 pm","78.4","86.1","83.5","73.9","point"
"2024-04-07 07:00:00 pm","75.5","87.6","78.4","71.5","point"
"2024-04-07 09:00:00 pm","73.0","92.5","75.4","70.7","point"
"2024-04-07 11:00:00 pm","72.9","95.8","75.7","71.6","point"
"2024-04-08 01:00:00 am","70.9","96.5","72.9","69.8","point"
"2024-04-08 03:00:00 am","68.8","97.5","70.3","68.1","point"
"2024-04-08 05:00:00 am","66.5","97.8","68.0","65.8","point"
"2024-04-08 07:00:00 am","64.7","97.7","65.8","64.0","point"
"2024-04-08 09:00:00 am","72.0","92.6","74.1","69.7","point"
"2024-04-08 11:00:00 am","79.2","72.2","82.6","69.5","point"
"2024-04-08 01:00:00 pm","84.1","66.3","90.7","71.6","point"
"2024-04-08 03:00:00 pm","81.2","73.8","86.5","72.0","point"
"2024-04-08 05:00:00 pm","78.7","81.5","83.3","72.6","point"
"2024-04-08 07:00:00 pm","76.4","86.1","79.3","71.9","point"
"2024-04-08 09:00:00 pm","74.5","92.5","77.5","72.2","point"
"2024-04-08 11:00:00 pm","72.8","94.6","75.4","71.2","point"
"2024-04-09 01:00:00 am","69.7","96.5","71.4","68.7","point"
"2024-04-09 03:00:00 am","66.7","95.9","68.0","65.5","point"
"2024-04-09 05:00:00 am","63.7","96.2","64.8","62.7","point"
"2024-04-09 07:00:00 am","61.8","96.3","62.8","60.8","point"
"2024-04-09 09:00:00 am","71.3","93.5","73.2","69.3","point"
"2024-04-09 11:00:00 am","79.9","80.6","85.5","73.4","point"
"2024-04-09 01:00:00 pm","85.3","69.0","94.5","74.0","point"
"2024-04-09 03:00:00 pm","81.2","75.0","86.7","72.5","point"
"2024-04-09 05:00:00 pm","78.8","82.5","84.0","73.0","point"
"2024-04-09 07:00:00 pm","76.7","89.3","80.4","73.3","point"
"2024-04-09 09:00:00 pm","74.8","93.8","77.9","72.8","point"
"2024-04-09 11:00:00 pm","73.3","95.5","76.3","71.9","point"
"2024-04-10 01:00:00 am","70.4","96.8","72.1","69.4","point"
"2024-04-10 03:00:00 am","67.9","97.4","69.4","67.2","point"
"2024-04-10 05:00:00 am","65.6","97.5","66.9","64.8","point"
"2024-04-10 07:00:00 am","64.8","98.2","66.0","64.2","point"
"2024-04-10 09:00:00 am","73.9","95.7","77.0","72.6","point"
"2024-04-10 11:00:00 am","79.8","76.3","84.4","71.7","point"
"2024-04-10 01:00:00 pm","85.9","67.5","95.4","73.9","point"
"2024-04-10 03:00:00 pm","82.3","77.0","89.6","74.4","point"
"2024-04-10 05:00:00 pm","79.4","82.7","85.1","73.7","point"
"2024-04-10 07:00:00 pm","75.6","83.4","78.1","70.2","point"
"2024-04-10 09:00:00 pm","73.2","91.5","75.9","70.6","point"
"2024-04-10 11:00:00 pm","71.0","95.9","72.9","69.8","point"
"2024-04-11 01:00:00 am","68.8","97.1","70.3","67.9","point"
"2024-04-11 03:00:00 am","66.8","97.5","68.4","66.1","point"
"2024-04-11 05:00:00 am","64.9","97.3","66.2","64.1","point"
"2024-04-11 07:00:00 am","63.6","97.9","64.8","63.0","point"
"2024-04-11 09:00:00 am","72.0","95.1","74.5","70.5","point"
"2024-04-11 11:00:00 am","78.5","78.8","82.6","71.3","point"
"2024-04-11 01:00:00 pm","83.9","70.3","91.4","73.1","point"
"2024-04-11 03:00:00 pm","80.6","78.7","86.9","73.4","point"
"2024-04-11 05:00:00 pm","78.5","83.2","83.5","73.0","point"
"2024-04-11 07:00:00 pm","76.0","85.1","78.8","71.2","point"
"2024-04-11 09:00:00 pm","72.0","89.5","73.9","68.8","point"
"2024-04-11 11:00:00 pm","69.4","94.9","70.9","67.9","point"
"2024-04-12 01:00:00 am","67.4","96.3","68.7","66.3","point"
"2024-04-12 03:00:00 am","65.6","97.0","66.7","64.7","point"
"2024-04-12 05:00:00 am","64.5","97.6","65.7","63.7","point"
"2024-04-12 07:00:00 am","64.2","98.3","65.5","63.8","point"
"2024-04-12 09:00:00 am","72.2","94.6","74.7","70.6","point"
"2024-04-12 11:00:00 am","78.9","78.9","83.3","71.8","point"
"2024-04-12 01:00:00 pm","82.4","71.5","88.0","72.2","point"
"2024-04-12 03:00:00 pm","80.2","76.8","85.3","72.2","point"
"2024-04-12 05:00:00 pm","77.7","81.8","81.5","71.7","point"
"2024-04-12 07:00:00 pm","74.1","89.2","76.6","70.7","point"
"2024-04-12 09:00:00 pm","73.9","95.1","77.0","72.4","point"
"2024-04-12 11:00:00 pm","72.4","96.2","74.8","71.3","point"
"2024-04-13 01:00:00 am","70.4","97.1","72.1","69.5","point"
"2024-04-13 03:00:00 am","67.7","97.4","69.1","67.0","point"
"2024-04-13 05:00:00 am","65.1","97.4","66.4","64.4","point"
"2024-04-13 07:00:00 am","64.1","98.0","65.3","63.5","point"
"2024-04-13 09:00:00 am","71.7","95.0","73.9","70.2","point"
"2024-04-13 11:00:00 am","78.6","78.7","82.6","71.4","point"
"2024-04-13 01:00:00 pm","82.7","67.5","87.6","70.8","point"
"2024-04-13 03:00:00 pm","80.2","79.0","85.8","73.1","point"
"2024-04-13 05:00:00 pm","77.3","86.2","81.1","72.8","point"
"2024-04-13 07:00:00 pm","75.8","92.2","79.3","73.4","point"
"2024-04-13 09:00:00 pm","71.5","96.9","73.6","70.6","point"
"2024-04-13 11:00:00 pm","69.6","98.9","71.6","69.3","point"
"2024-04-14 01:00:00 am","68.4","99.6","70.2","68.3","point"
"2024-04-14 03:00:00 am","67.0","99.7","68.7","66.8","point"
"2024-04-14 05:00:00 am","66.3","100.0","67.8","66.3","point"
"2024-04-14 07:00:00 am","65.9","100.0","67.5","65.9","point"
"2024-04-14 09:00:00 am","72.8","100.0","75.7","72.7","point"
"2024-04-14 11:00:00 am","77.6","86.9","82.0","73.4","point"
"2024-04-14 01:00:00 pm","82.0","76.6","88.7","73.9","point"
"2024-04-14 03:00:00 pm","79.5","88.1","86.4","75.7","point"
"2024-04-14 05:00:00 pm","78.7","90.3","85.1","75.6","point"
"2024-04-14 07:00:00 pm","75.9","92.6","79.7","73.6","point"
"2024-04-14 09:00:00 pm","75.1","97.0","79.0","74.2","point"
"2024-04-14 11:00:00 pm","73.5","97.8","76.8","72.8","point"
"2024-04-15 01:00:00 am","70.9","99.2","73.0","70.6","point"
"2024-04-15 03:00:00 am","68.1","98.7","69.8","67.7","point"
"2024-04-15 05:00:00 am","65.9","98.6","67.3","65.4","point"
"2024-04-15 07:00:00 am","65.0","99.0","66.4","64.7","point"
"2024-04-15 09:00:00 am","73.0","94.3","75.6","71.3","point"
"2024-04-15 11:00:00 am","80.4","67.5","84.0","68.7","point"
"2024-04-15 01:00:00 pm","85.9","43.1","86.9","60.9","point"
"2024-04-15 03:00:00 pm","86.9","38.2","87.1","58.4","point"
"2024-04-15 05:00:00 pm","82.2","60.0","84.7","66.9","point"
"2024-04-15 07:00:00 pm","77.8","87.9","82.6","73.9","point"
"2024-04-15 09:00:00 pm","75.1","93.4","78.4","73.1","point"
"2024-04-15 11:00:00 pm","72.3","94.0","74.7","70.5","point"
"2024-04-16 01:00:00 am","69.4","96.3","71.1","68.3","point"
"2024-04-16 03:00:00 am","67.6","96.7","68.9","66.7","point"
"2024-04-16 05:00:00 am","66.0","97.4","67.1","65.2","point"
"2024-04-16 07:00:00 am","64.9","97.9","66.4","64.3","point"
"2024-04-16 09:00:00 am","73.9","95.2","77.0","72.5","point"
"2024-04-16 11:00:00 am","80.5","71.8","84.7","70.5","point"
"2024-04-16 01:00:00 pm","85.1","68.0","93.7","73.4","point"
"2024-04-16 03:00:00 pm","82.0","78.4","89.2","74.6","point"
"2024-04-16 05:00:00 pm","79.5","83.6","85.8","74.1","point"
"2024-04-16 07:00:00 pm","76.8","90.1","81.0","73.7","point"
"2024-04-16 09:00:00 pm","74.9","94.7","78.4","73.2","point"
"2024-04-16 11:00:00 pm","73.1","95.3","75.9","71.7","point"
"2024-04-17 01:00:00 am","72.0","96.6","74.5","71.0","point"
"2024-04-17 03:00:00 am","69.4","97.5","71.1","68.6","point"
"2024-04-17 05:00:00 am","67.4","97.7","68.9","66.8","point"
"2024-04-17 07:00:00 am","66.8","98.2","68.4","66.3","point"
"2024-04-17 09:00:00 am","73.1","92.9","75.7","70.9","point"
"2024-04-17 11:00:00 am","76.4","83.8","79.0","71.1","point"
"2024-04-17 01:00:00 pm","78.3","80.3","82.4","71.7","point"
"2024-04-17 03:00:00 pm","78.9","82.6","84.0","73.2","point"
"2024-04-17 05:00:00 pm","77.2","88.1","81.0","73.4","point"
"2024-04-17 07:00:00 pm","75.7","92.8","79.2","73.5","point"
"2024-04-17 09:00:00 pm","72.5","93.0","74.7","70.3","point"
"2024-04-17 11:00:00 pm","70.2","96.2","72.0","69.1","point"
"2024-04-18 01:00:00 am","69.4","97.8","71.2","68.7","point"
"2024-04-18 03:00:00 am","68.6","98.3","70.3","68.1","point"
"2024-04-18 05:00:00 am","66.8","98.5","68.4","66.4","point"
"2024-04-18 07:00:00 am","65.0","98.1","66.4","64.5","point"
"2024-04-18 09:00:00 am","71.5","85.7","73.0","67.0","point"
"2024-04-18 11:00:00 am","78.7","76.5","82.4","70.7","point"
"2024-04-18 01:00:00 pm","83.4","68.3","89.6","71.8","point"
"2024-04-18 03:00:00 pm","80.4","79.2","86.2","73.4","point"
"2024-04-18 05:00:00 pm","78.8","81.3","83.7","72.6","point"
"2024-04-18 07:00:00 pm","77.0","92.1","81.1","74.5","point"
"2024-04-18 09:00:00 pm","71.2","97.4","73.0","70.4","point"
"2024-04-18 11:00:00 pm","69.8","100.0","71.8","69.8","point"
"2024-04-19 01:00:00 am","71.0","100.0","73.0","71.0","point"
"2024-04-19 03:00:00 am","71.5","100.0","73.9","71.4","point"
"2024-04-19 05:00:00 am","71.7","100.0","74.1","71.7","point"
"2024-04-19 07:00:00 am","71.7","100.0","74.1","71.7","point"
"2024-04-19 09:00:00 am","73.1","100.0","76.3","73.1","point"
"2024-04-19 11:00:00 am","75.3","100.0","79.7","75.3","point"
"2024-04-19 01:00:00 pm","80.3","92.1","89.2","77.8","point"
"2024-04-19 03:00:00 pm","78.9","95.5","86.7","77.5","point"
"2024-04-19 05:00:00 pm","77.5","97.0","83.3","76.6","point"
"2024-04-19 07:00:00 pm","75.2","98.3","79.2","74.7","point"
"2024-04-19 09:00:00 pm","74.5","99.9","78.4","74.5","point"
"2024-04-19 11:00:00 pm","67.5","100.0","69.3","67.5","point"
"2024-04-20 01:00:00 am","69.3","100.0","71.2","69.3","point"
"2024-04-20 03:00:00 am","69.1","100.0","71.1","69.1","point"
"2024-04-20 05:00:00 am","68.6","100.0","70.3","68.6","point"
"2024-04-20 07:00:00 am","68.2","100.0","70.0","68.2","point"
"2024-04-20 09:00:00 am","68.3","100.0","70.0","68.3","point"
"2024-04-20 11:00:00 am","71.6","100.0","73.9","71.6","point"
"2024-04-20 01:00:00 pm","73.5","100.0","76.8","73.5","point"
"2024-04-20 03:00:00 pm","75.1","100.0","79.3","75.1","point"
"2024-04-20 05:00:00 pm","74.6","100.0","78.6","74.6","point"
"2024-04-20 07:00:00 pm","73.2","100.0","76.3","73.2","point"
"2024-04-20 09:00:00 pm","70.3","100.0","72.1","70.3","point"
"2024-04-20 11:00:00 pm","68.5","100.0","70.2","68.5","point"
"2024-04-21 01:00:00 am","67.4","100.0","69.1","67.4","point"
"2024-04-21 03:00:00 am","66.3","100.0","67.8","66.3","point"
"2024-04-21 05:00:00 am","65.3","100.0","66.9","65.3","point"
"2024-04-21 07:00:00 am","65.4","100.0","66.9","65.4","point"
"2024-04-21 09:00:00 am","72.7","100.0","75.7","72.7","point"
"2024-04-21 11:00:00 am","78.2","93.5","84.4","76.1","point"
"2024-04-21 01:00:00 pm","81.3","90.8","91.0","78.3","point"
"2024-04-21 03:00:00 pm","80.3","93.2","89.6","78.2","point"
"2024-04-21 05:00:00 pm","78.5","96.7","86.0","77.5","point"
"2024-04-21 07:00:00 pm","76.7","99.4","81.9","76.6","point"
"2024-04-21 09:00:00 pm","75.3","100.0","79.7","75.3","point"
"2024-04-21 11:00:00 pm","74.4","100.0","78.3","74.4","point"
"2024-04-22 01:00:00 am","73.7","100.0","77.2","73.7","point"
"2024-04-22 03:00:00 am","72.9","100.0","76.1","72.9","point"
"2024-04-22 05:00:00 am","71.1","100.0","73.4","71.1","point"
"2024-04-22 07:00:00 am","69.9","100.0","71.8","69.9","point"
"2024-04-22 09:00:00 am","73.9","99.2","77.4","73.6","point"
"2024-04-22 11:00:00 am","78.3","91.2","84.4","75.5","point"
"2024-04-22 01:00:00 pm","82.1","85.3","91.6","77.3","point"
"2024-04-22 03:00:00 pm","80.0","91.4","88.3","77.3","point"
"2024-04-22 05:00:00 pm","73.1","98.1","76.3","72.6","point"
"2024-04-22 07:00:00 pm","73.2","100.0","76.3","73.2","point"
"2024-04-22 09:00:00 pm","72.8","100.0","75.7","72.8","point"
"2024-04-22 11:00:00 pm","72.3","100.0","75.0","72.3","point"
"2024-04-23 01:00:00 am","70.2","100.0","72.1","70.2","point"
"2024-04-23 03:00:00 am","68.8","100.0","70.5","68.8","point"
"2024-04-23 05:00:00 am","66.1","100.0","67.6","66.1","point"
"2024-04-23 07:00:00 am","66.2","100.0","67.8","66.2","point"
"2024-04-23 09:00:00 am","73.3","99.5","76.6","73.2","point"
"2024-04-23 11:00:00 am","79.4","87.8","86.4","75.4","point"
"2024-04-23 01:00:00 pm","82.9","83.1","92.8","77.2","point"
"2024-04-23 03:00:00 pm","80.9","90.7","90.3","77.9","point"
"2024-04-23 05:00:00 pm","78.3","93.5","84.9","76.2","point"
"2024-04-23 07:00:00 pm","76.9","97.4","82.0","76.1","point"
"2024-04-23 09:00:00 pm","75.7","98.9","80.1","75.3","point"
"2024-04-23 11:00:00 pm","74.3","99.0","77.9","74.0","point"
"2024-04-24 01:00:00 am","74.0","99.8","77.7","73.9","point"
"2024-04-24 03:00:00 am","72.4","99.7","75.2","72.3","point"
"2024-04-24 05:00:00 am","72.6","100.0","75.6","72.6","point"
"2024-04-24 07:00:00 am","71.5","100.0","73.9","71.4","point"
"2024-04-24 09:00:00 am","74.5","98.1","78.3","73.9","point"
"2024-04-24 11:00:00 am","78.9","89.2","85.3","75.5","point"
"2024-04-24 01:00:00 pm","82.2","81.5","90.9","76.0","point"
"2024-04-24 03:00:00 pm","80.5","85.2","88.0","75.7","point"
"2024-04-24 05:00:00 pm","78.7","89.2","84.9","75.2","point"
"2024-04-24 07:00:00 pm","77.0","95.4","82.2","75.6","point"
"2024-04-24 09:00:00 pm","74.1","95.7","77.2","72.8","point"
"2024-04-24 11:00:00 pm","73.1","98.3","76.3","72.6","point"
"2024-04-25 01:00:00 am","71.3","98.6","73.6","70.9","point"
"2024-04-25 03:00:00 am","69.0","98.9","70.7","68.6","point"
"2024-04-25 05:00:00 am","67.0","99.0","68.5","66.7","point"
"2024-04-25 07:00:00 am","65.8","99.2","67.1","65.6","point"
"2024-04-25 09:00:00 am","73.9","98.5","77.2","73.4","point"
"2024-04-25 11:00:00 am","80.3","77.7","85.8","72.7","point"
"2024-04-25 01:00:00 pm","83.4","58.9","86.9","67.6","point"
"2024-04-25 03:00:00 pm","81.8","79.3","89.2","74.7","point"
"2024-04-25 05:00:00 pm","79.9","86.5","87.3","75.5","point"
"2024-04-25 07:00:00 pm","76.3","89.9","79.7","73.1","point"
"2024-04-25 09:00:00 pm","73.2","92.2","75.6","70.8","point"
"2024-04-25 11:00:00 pm","73.4","96.6","76.6","72.4","point"
"2024-04-26 01:00:00 am","71.2","97.3","73.0","70.4","point"
"2024-04-26 03:00:00 am","68.2","97.6","70.0","67.5","point"
"2024-04-26 05:00:00 am","65.5","97.2","66.7","64.7","point"
"2024-04-26 07:00:00 am","64.4","97.9","65.5","63.8","point"
"2024-04-26 09:00:00 am","73.0","93.2","75.4","70.9","point"
"2024-04-26 11:00:00 am","80.6","72.5","85.3","71.0","point"
"2024-04-26 01:00:00 pm","84.8","71.2","94.1","74.5","point"
"2024-04-26 03:00:00 pm","82.1","81.3","90.3","75.8","point"
"2024-04-26 05:00:00 pm","79.5","87.3","86.2","75.3","point"
"2024-04-26 07:00:00 pm","75.8","88.9","79.0","72.3","point"
"2024-04-26 09:00:00 pm","74.8","94.4","78.1","73.1","point"
"2024-04-26 11:00:00 pm","73.7","95.6","76.8","72.3","point"
"2024-04-27 01:00:00 am","71.9","97.4","74.1","71.1","point"
"2024-04-27 03:00:00 am","68.8","97.2","70.3","67.9","point"
"2024-04-27 05:00:00 am","66.9","97.4","68.2","66.1","point"
"2024-04-27 07:00:00 am","65.7","97.8","67.1","65.0","point"
"2024-04-27 09:00:00 am","74.5","93.3","77.7","72.5","point"
"2024-04-27 11:00:00 am","81.2","73.4","86.4","71.9","point"
"2024-04-27 01:00:00 pm","85.6","57.4","90.7","68.8","point"
"2024-04-27 03:00:00 pm","83.5","76.6","92.7","75.4","point"
"2024-04-27 05:00:00 pm","80.5","83.7","87.6","75.1","point"
"2024-04-27 07:00:00 pm","78.0","92.9","84.0","75.7","point"
"2024-04-27 09:00:00 pm","76.1","95.6","80.4","74.7","point"
"2024-04-27 11:00:00 pm","74.3","96.5","77.9","73.2","point"
"2024-04-28 01:00:00 am","74.2","97.5","77.7","73.5","point"
"2024-04-28 03:00:00 am","71.2","97.8","73.2","70.5","point"
"2024-04-28 05:00:00 am","71.3","98.9","73.6","70.9","point"
"2024-04-28 07:00:00 am","71.5","99.5","73.9","71.3","point"
"2024-04-28 09:00:00 am","75.5","95.7","79.3","74.1","point"
"2024-04-28 11:00:00 am","81.0","82.2","88.3","75.0","point"
"2024-04-28 01:00:00 pm","83.8","75.0","92.7","75.0","point"
"2024-04-28 03:00:00 pm","83.0","83.5","93.6","77.5","point"
"2024-04-28 05:00:00 pm","80.2","87.9","88.0","76.3","point"
"2024-04-28 07:00:00 pm","77.8","92.1","83.3","75.3","point"
"2024-04-28 09:00:00 pm","75.9","95.5","79.9","74.5","point"
"2024-04-28 11:00:00 pm","75.3","97.9","79.3","74.6","point"
"2024-04-29 01:00:00 am","72.3","96.6","74.7","71.2","point"
"2024-04-29 03:00:00 am","69.8","97.7","71.8","69.1","point"
"2024-04-29 05:00:00 am","69.0","98.4","70.7","68.5","point"
"2024-04-29 07:00:00 am","68.5","98.8","70.2","68.1","point"
"2024-04-29 09:00:00 am","74.3","93.5","77.5","72.3","point"
"2024-04-29 11:00:00 am","79.5","77.7","84.0","71.9","point"
"2024-04-29 01:00:00 pm","83.9","74.8","93.0","75.0","point"
"2024-04-29 03:00:00 pm","81.5","82.9","89.8","75.8","point"
"2024-04-29 05:00:00 pm","79.5","83.4","85.5","74.0","point"
"2024-04-29 07:00:00 pm","77.1","90.3","81.3","74.0","point"
"2024-04-29 09:00:00 pm","75.6","94.1","79.3","73.8","point"
"2024-04-29 11:00:00 pm","73.7","97.0","76.8","72.8","point"
"2024-04-30 01:00:00 am","72.1","97.9","74.7","71.5","point"
"2024-04-30 03:00:00 am","72.0","99.5","74.7","71.9","point"
"2024-04-30 05:00:00 am","68.2","98.7","70.0","67.8","point"
"2024-04-30 07:00:00 am","67.0","98.5","68.5","66.6","point"
"2024-04-30 09:00:00 am","73.9","96.2","77.0","72.7","point"
"2024-04-30 11:00:00 am","78.0","86.8","82.8","73.7","point"
"2024-04-30 01:00:00 pm","82.0","79.6","89.6","75.0","point"
"2024-04-30 03:00:00 pm","80.4","86.1","87.8","75.9","point"
"2024-04-30 05:00:00 pm","78.3","89.3","84.0","74.9","point"
"2024-04-30 07:00:00 pm","77.4","94.1","82.9","75.5","point"
"2024-04-30 09:00:00 pm","76.1","95.8","80.4","74.8","point"
"2024-04-30 11:00:00 pm","74.2","96.5","77.5","73.1","point"
"2024-05-01 01:00:00 am","74.2","98.3","77.7","73.6","point"
"2024-05-01 03:00:00 am","73.4","98.8","76.5","73.0","point"
"2024-05-01 05:00:00 am","73.0","99.0","76.1","72.6","point"
"2024-05-01 07:00:00 am","73.0","98.6","75.9","72.6","point"
"2024-05-01 09:00:00 am","75.2","95.4","79.0","73.8","point"
"2024-05-01 11:00:00 am","78.4","90.2","84.4","75.3","point"
"2024-05-01 01:00:00 pm","80.4","84.5","87.4","75.3","point"
"2024-05-01 03:00:00 pm","79.7","88.6","86.7","76.0","point"
"2024-05-01 05:00:00 pm","78.9","90.6","85.6","75.9","point"
"2024-05-01 07:00:00 pm","77.4","93.8","82.9","75.5","point"
"2024-05-01 09:00:00 pm","75.7","95.7","79.5","74.4","point"
"2024-05-01 11:00:00 pm","74.2","95.5","77.5","72.9","point"
"2024-05-02 01:00:00 am","73.7","96.5","76.8","72.6","point"
"2024-05-02 03:00:00 am","73.3","97.1","76.3","72.4","point"
"2024-05-02 05:00:00 am","71.2","97.6","73.2","70.5","point"
"2024-05-02 07:00:00 am","70.7","98.6","72.9","70.3","point"
"2024-05-02 09:00:00 am","75.5","94.7","79.2","73.9","point"
"2024-05-02 11:00:00 am","79.5","88.6","86.4","75.8","point"
"2024-05-02 01:00:00 pm","83.6","79.0","93.6","76.4","point"
"2024-05-02 03:00:00 pm","81.9","85.6","91.2","77.1","point"
"2024-05-02 05:00:00 pm","80.2","87.6","87.8","76.2","point"
"2024-05-02 07:00:00 pm","77.9","91.3","83.3","75.1","point"
"2024-05-02 09:00:00 pm","77.3","95.3","82.8","75.9","point"
"2024-05-02 11:00:00 pm","76.4","96.6","80.8","75.4","point"
"2024-05-03 01:00:00 am","75.3","98.2","79.3","74.7","point"
"2024-05-03 03:00:00 am","74.6","98.0","78.3","73.9","point"
"2024-05-03 05:00:00 am","70.8","85.1","72.1","66.1","point"
"2024-05-03 07:00:00 am","68.9","91.8","70.3","66.4","point"
"2024-05-03 09:00:00 am","72.3","85.3","73.9","67.6","point"
"2024-05-03 11:00:00 am","75.8","89.1","79.0","72.3","point"
"2024-05-03 01:00:00 pm","78.6","88.9","84.6","75.0","point"
"2024-05-03 03:00:00 pm","78.4","90.0","84.2","75.2","point"
"2024-05-03 05:00:00 pm","78.1","91.5","84.2","75.4","point"
"2024-05-03 07:00:00 pm","76.3","92.7","80.2","74.0","point"
"2024-05-03 09:00:00 pm","74.2","92.0","77.2","71.7","point"
"2024-05-03 11:00:00 pm","71.5","94.7","73.6","69.9","point"
"2024-05-04 01:00:00 am","69.5","96.9","71.2","68.6","point"
"2024-05-04 03:00:00 am","68.1","97.8","69.8","67.4","point"
"2024-05-04 05:00:00 am","67.0","98.3","68.5","66.5","point"
"2024-05-04 07:00:00 am","67.9","98.6","69.6","67.5","point"
"2024-05-04 09:00:00 am","74.0","95.7","77.2","72.7","point"
"2024-05-04 11:00:00 am","77.9","82.7","82.0","72.2","point"
"2024-05-04 01:00:00 pm","81.6","78.8","88.7","74.4","point"
"2024-05-04 03:00:00 pm","79.5","82.0","85.1","73.5","point"
"2024-05-04 05:00:00 pm","78.0","84.0","82.4","72.7","point"
"2024-05-04 07:00:00 pm","76.1","90.2","79.7","73.0","point"
"2024-05-04 09:00:00 pm","74.5","93.6","77.7","72.5","point"
"2024-05-04 11:00:00 pm","71.5","93.9","73.6","69.7","point"
"2024-05-05 01:00:00 am","70.9","95.1","72.9","69.4","point"
"2024-05-05 03:00:00 am","69.5","96.2","71.2","68.4","point"
"2024-05-05 05:00:00 am","67.2","96.7","68.5","66.3","point"
"2024-05-05 07:00:00 am","65.7","97.6","67.1","65.0","point"
"2024-05-05 09:00:00 am","71.9","92.5","73.9","69.6","point"
"2024-05-05 11:00:00 am","75.8","83.4","78.4","70.4","point"
"2024-05-05 01:00:00 pm","79.1","71.2","82.0","68.9","point"
"2024-05-05 03:00:00 pm","78.3","76.5","81.9","70.3","point"
"2024-05-05 05:00:00 pm","76.8","82.3","79.9","71.0","point"
"2024-05-05 07:00:00 pm","74.1","86.4","76.5","69.8","point"
"2024-05-05 09:00:00 pm","73.1","95.4","75.9","71.7","point"
"2024-05-05 11:00:00 pm","72.8","95.1","75.4","71.3","point"
"2024-05-06 01:00:00 am","71.9","95.6","74.1","70.5","point"
"2024-05-06 03:00:00 am","71.7","96.0","73.9","70.5","point"
"2024-05-06 05:00:00 am","71.7","97.1","73.9","70.8","point"
"2024-05-06 07:00:00 am","71.6","97.6","73.8","70.8","point"
"2024-05-06 09:00:00 am","72.8","95.1","75.4","71.3","point"
"2024-05-06 11:00:00 am","76.2","85.6","79.0","71.6","point"
"2024-05-06 01:00:00 pm","81.0","78.0","87.4","73.5","point"
"2024-05-06 03:00:00 pm","79.4","84.6","85.5","74.3","point"
"2024-05-06 05:00:00 pm","77.4","89.1","82.0","73.9","point"
"2024-05-06 07:00:00 pm","75.7","90.8","79.0","72.8","point"
"2024-05-06 09:00:00 pm","74.3","93.3","77.2","72.2","point"
"2024-05-06 11:00:00 pm","73.7","95.5","76.8","72.3","point"
"2024-05-07 01:00:00 am","73.5","97.2","76.6","72.6","point"
"2024-05-07 03:00:00 am","72.9","98.5","75.9","72.5","point"
"2024-05-07 05:00:00 am","72.6","98.6","75.4","72.2","point"
"2024-05-07 07:00:00 am","72.2","98.7","74.8","71.8","point"
"2024-05-07 09:00:00 am","69.2","99.1","70.9","68.9","point"
"2024-05-07 11:00:00 am","75.7","99.4","80.1","75.6","point"
"2024-05-07 01:00:00 pm","80.0","92.9","88.7","77.7","point"
"2024-05-07 03:00:00 pm","78.9","94.7","86.5","77.2","point"
"2024-05-07 05:00:00 pm","76.2","98.5","80.8","75.8","point"
"2024-05-07 07:00:00 pm","75.3","100.0","79.7","75.3","point"
"2024-05-07 09:00:00 pm","74.3","100.0","78.1","74.3","point"
"2024-05-07 11:00:00 pm","73.9","100.0","77.5","73.9","point"
"2024-05-08 01:00:00 am","72.6","100.0","75.6","72.6","point"
"2024-05-08 03:00:00 am","73.0","100.0","76.1","73.0","point"
"2024-05-08 05:00:00 am","72.8","100.0","75.7","72.8","point"
"2024-05-08 07:00:00 am","72.0","100.0","74.7","72.0","point"
"2024-05-08 09:00:00 am","74.5","100.0","78.6","74.5","point"
"2024-05-08 11:00:00 am","78.4","92.4","84.7","76.0","point"
"2024-05-08 01:00:00 pm","80.4","89.5","88.7","77.0","point"
"2024-05-08 03:00:00 pm","81.5","91.3","91.8","78.7","point"
"2024-05-08 05:00:00 pm","74.1","87.1","76.5","70.0","point"
"2024-05-08 07:00:00 pm","67.6","100.0","69.3","67.6","point"
"2024-05-08 09:00:00 pm","68.8","100.0","70.5","68.8","point"
"2024-05-08 11:00:00 pm","70.8","100.0","72.9","70.8","point"
"2024-05-09 01:00:00 am","70.6","100.0","72.5","70.6","point"
"2024-05-09 03:00:00 am","69.0","100.0","70.9","69.0","point"
"2024-05-09 05:00:00 am","68.3","100.0","70.0","68.2","point"
"2024-05-09 07:00:00 am","68.6","100.0","70.3","68.6","point"
"2024-05-09 09:00:00 am","73.0","100.0","76.1","73.0","point"
"2024-05-09 11:00:00 am","75.8","100.0","80.4","75.8","point"
"2024-05-09 01:00:00 pm","79.4","96.1","88.2","78.2","point"
"2024-05-09 03:00:00 pm","78.8","94.4","86.5","77.1","point"
"2024-05-09 05:00:00 pm","68.6","98.8","70.3","68.2","point"
"2024-05-09 07:00:00 pm","69.4","100.0","71.2","69.3","point"
"2024-05-09 09:00:00 pm","70.0","100.0","72.0","70.0","point"
"2024-05-09 11:00:00 pm","71.2","100.0","73.4","71.2","point"
"2024-05-10 01:00:00 am","70.9","100.0","73.0","70.9","point"
"2024-05-10 03:00:00 am","70.9","100.0","73.0","70.9","point"
"2024-05-10 05:00:00 am","69.9","100.0","71.8","69.9","point"
"2024-05-10 07:00:00 am","69.9","100.0","71.8","69.9","point"
"2024-05-10 09:00:00 am","72.3","100.0","75.0","72.3","point"
"2024-05-10 11:00:00 am","75.8","100.0","80.4","75.8","point"
"2024-05-10 01:00:00 pm","79.8","91.8","88.0","77.1","point"
"2024-05-10 03:00:00 pm","77.8","90.0","83.1","74.6","point"
"2024-05-10 05:00:00 pm","76.1","96.5","80.6","75.0","point"
"2024-05-10 07:00:00 pm","75.8","98.4","80.2","75.3","point"
"2024-05-10 09:00:00 pm","74.9","99.3","79.0","74.6","point"
"2024-05-10 11:00:00 pm","74.0","99.4","77.7","73.8","point"
"2024-05-11 01:00:00 am","72.6","99.2","75.6","72.4","point"
"2024-05-11 03:00:00 am","70.4","96.1","72.1","69.2","point"
"2024-05-11 05:00:00 am","69.4","97.1","71.1","68.6","point"
"2024-05-11 07:00:00 am","69.0","98.7","70.7","68.6","point"
"2024-05-11 09:00:00 am","73.1","97.1","76.1","72.2","point"
"2024-05-11 11:00:00 am","77.7","91.0","83.1","74.9","point"
"2024-05-11 01:00:00 pm","81.5","86.3","90.7","77.0","point"
"2024-05-11 03:00:00 pm","72.6","91.2","74.8","69.9","point"
"2024-05-11 05:00:00 pm","71.3","99.2","73.6","71.0","point"
"2024-05-11 07:00:00 pm","69.8","99.8","71.8","69.7","point"
"2024-05-11 09:00:00 pm","70.8","100.0","72.9","70.8","point"
"2024-05-11 11:00:00 pm","71.2","100.0","73.4","71.2","point"
"2024-05-12 01:00:00 am","71.4","100.0","73.6","71.4","point"
"2024-05-12 03:00:00 am","71.2","100.0","73.4","71.2","point"
"2024-05-12 05:00:00 am","70.4","100.0","72.3","70.4","point"
"2024-05-12 07:00:00 am","70.7","100.0","72.9","70.7","point"
"2024-05-12 09:00:00 am","73.7","100.0","77.2","73.6","point"
"2024-05-12 11:00:00 am","77.2","100.0","83.5","77.2","point"
"2024-05-12 01:00:00 pm","78.6","92.4","85.5","76.2","point"
"2024-05-12 03:00:00 pm","77.8","98.5","84.6","77.3","point"
"2024-05-12 05:00:00 pm","66.8","99.0","68.4","66.6","point"
"2024-05-12 07:00:00 pm","68.6","100.0","70.3","68.6","point"
"2024-05-12 09:00:00 pm","68.8","100.0","70.5","68.8","point"
"2024-05-12 11:00:00 pm","67.9","100.0","69.6","67.9","point"
"2024-05-13 01:00:00 am","67.9","100.0","69.6","67.9","point"
"2024-05-13 03:00:00 am","69.7","100.0","71.6","69.7","point"
"2024-05-13 05:00:00 am","65.5","100.0","67.1","65.5","point"
"2024-05-13 07:00:00 am","66.5","100.0","68.0","66.5","point"
"2024-05-13 09:00:00 am","67.1","100.0","68.9","67.1","point"
"2024-05-13 11:00:00 am","71.2","100.0","73.4","71.2","point"
"2024-05-13 01:00:00 pm","75.9","93.5","79.5","73.9","point"
"2024-05-13 03:00:00 pm","76.4","95.7","80.6","75.0","point"
"2024-05-13 05:00:00 pm","75.4","96.9","79.5","74.5","point"
"2024-05-13 07:00:00 pm","73.9","98.6","77.2","73.5","point"
"2024-05-13 09:00:00 pm","71.7","99.0","74.1","71.4","point"
"2024-05-13 11:00:00 pm","70.1","99.3","72.0","69.9","point"
"2024-05-14 01:00:00 am","69.1","99.4","71.1","69.0","point"
"2024-05-14 03:00:00 am","70.5","99.8","72.5","70.5","point"
"2024-05-14 05:00:00 am","69.4","99.6","71.2","69.2","point"
"2024-05-14 07:00:00 am","68.9","99.9","70.9","68.9","point"
"2024-05-14 09:00:00 am","70.8","100.0","72.9","70.8","point"
"2024-05-14 11:00:00 am","75.6","96.7","79.7","74.6","point"
"2024-05-14 01:00:00 pm","77.8","92.0","83.3","75.3","point"
"2024-05-14 03:00:00 pm","77.5","94.2","82.9","75.7","point"
"2024-05-14 05:00:00 pm","75.3","98.3","79.3","74.8","point"
"2024-05-14 07:00:00 pm","72.9","99.3","76.1","72.7","point"
"2024-05-14 09:00:00 pm","72.8","99.8","75.7","72.8","point"
"2024-05-14 11:00:00 pm","72.8","100.0","75.7","72.7","point"
"2024-05-15 01:00:00 am","72.1","100.0","74.7","72.1","point"
"2024-05-15 03:00:00 am","72.1","100.0","75.0","72.1","point"
"2024-05-15 05:00:00 am","71.8","100.0","74.5","71.8","point"
"2024-05-15 07:00:00 am","67.6","100.0","69.3","67.6","point"
"2024-05-15 09:00:00 am","71.0","100.0","73.0","71.0","point"
"2024-05-15 11:00:00 am","76.6","93.0","80.6","74.4","point"
"2024-05-15 01:00:00 pm","79.6","90.2","87.3","76.5","point"
"2024-05-15 03:00:00 pm","79.3","92.9","87.1","77.1","point"
"2024-05-15 05:00:00 pm","74.5","94.4","77.9","72.8","point"
"2024-05-15 07:00:00 pm","70.8","100.0","72.9","70.8","point"
"2024-05-15 09:00:00 pm","70.7","100.0","72.9","70.7","point"
"2024-05-15 11:00:00 pm","70.9","100.0","73.0","70.9","point"
"2024-05-16 01:00:00 am","71.9","100.0","74.5","71.9","point"
"2024-05-16 03:00:00 am","71.0","100.0","73.0","70.9","point"
"2024-05-16 05:00:00 am","69.8","100.0","71.6","69.8","point"
"2024-05-16 07:00:00 am","70.2","100.0","72.1","70.2","point"
"2024-05-16 09:00:00 am","73.4","100.0","76.8","73.4","point"
"2024-05-16 11:00:00 am","74.8","100.0","78.8","74.8","point"
"2024-05-16 01:00:00 pm","77.7","100.0","84.7","77.7","point"
"2024-05-16 03:00:00 pm","78.1","99.8","85.6","78.0","point"
"2024-05-16 05:00:00 pm","74.9","99.6","79.0","74.8","point"
"2024-05-16 07:00:00 pm","70.3","98.9","72.1","69.9","point"
"2024-05-16 09:00:00 pm","69.9","99.2","71.8","69.7","point"
"2024-05-16 11:00:00 pm","70.6","99.5","72.5","70.4","point"
"2024-05-17 01:00:00 am","69.9","99.6","71.8","69.8","point"
"2024-05-17 03:00:00 am","70.4","99.7","72.3","70.3","point"
"2024-05-17 05:00:00 am","70.3","99.7","72.1","70.2","point"
"2024-05-17 07:00:00 am","69.7","99.9","71.6","69.6","point"
"2024-05-17 09:00:00 am","72.7","99.6","75.7","72.6","point"
"2024-05-17 11:00:00 am","75.8","98.9","80.4","75.5","point"
"2024-05-17 01:00:00 pm","69.9","96.0","71.6","68.7","point"
"2024-05-17 03:00:00 pm","73.7","98.5","77.0","73.3","point"
"2024-05-17 05:00:00 pm","74.5","99.0","78.4","74.2","point"
"2024-05-17 07:00:00 pm","72.0","99.2","74.7","71.8","point"
"2024-05-17 09:00:00 pm","72.1","99.4","74.7","71.9","point"
"2024-05-17 11:00:00 pm","70.3","99.5","72.1","70.1","point"
"2024-05-18 01:00:00 am","69.2","99.7","71.1","69.1","point"
"2024-05-18 03:00:00 am","68.4","99.8","70.2","68.3","point"
"2024-05-18 05:00:00 am","67.7","99.9","69.4","67.7","point"
"2024-05-18 07:00:00 am","67.7","99.9","69.4","67.7","point"
"2024-05-18 09:00:00 am","72.3","99.8","75.2","72.3","point"
"2024-05-18 11:00:00 am","75.1","99.5","79.3","74.9","point"
"2024-05-18 01:00:00 pm","76.9","98.8","82.2","76.5","point"
"2024-05-18 03:00:00 pm","77.3","96.0","82.8","76.1","point"
"2024-05-18 05:00:00 pm","70.6","98.1","72.5","70.1","point"
"2024-05-18 07:00:00 pm","70.7","98.9","72.9","70.4","point"
"2024-05-18 09:00:00 pm","71.4","99.2","73.6","71.2","point"
"2024-05-18 11:00:00 pm","71.0","99.3","73.0","70.8","point"
"2024-05-19 01:00:00 am","70.8","99.4","72.9","70.6","point"
"2024-05-19 03:00:00 am","69.4","99.4","71.2","69.2","point"
"2024-05-19 05:00:00 am","69.0","99.5","70.9","68.8","point"
"2024-05-19 07:00:00 am","69.1","99.5","70.9","68.9","point"
"2024-05-19 09:00:00 am","71.8","99.4","74.5","71.6","point"
"2024-05-19 11:00:00 am","73.9","99.0","77.4","73.6","point"
"2024-05-19 01:00:00 pm","74.7","98.7","78.6","74.3","point"
"2024-05-19 03:00:00 pm","75.9","96.9","80.1","74.9","point"
"2024-05-19 05:00:00 pm","75.3","96.6","79.2","74.2","point"
"2024-05-19 07:00:00 pm","74.2","97.8","77.7","73.5","point"
"2024-05-19 09:00:00 pm","70.0","98.0","72.0","69.4","point"
"2024-05-19 11:00:00 pm","69.3","98.8","71.2","68.9","point"
"2024-05-20 01:00:00 am","69.1","99.1","70.9","68.8","point"
"2024-05-20 03:00:00 am","68.3","99.2","70.0","68.1","point"
"2024-05-20 05:00:00 am","69.1","99.3","70.7","68.9","point"
"2024-05-20 07:00:00 am","69.7","99.3","71.6","69.5","point"
"2024-05-20 09:00:00 am","70.9","99.4","73.0","70.7","point"
"2024-05-20 11:00:00 am","72.6","99.3","75.6","72.4","point"
"2024-05-20 01:00:00 pm","75.4","98.7","79.7","75.0","point"
"2024-05-20 03:00:00 pm","74.1","98.0","77.5","73.5","point"
"2024-05-20 05:00:00 pm","73.4","98.5","76.8","73.0","point"
"2024-05-20 07:00:00 pm","71.8","98.7","74.3","71.5","point"
"2024-05-20 09:00:00 pm","71.1","98.9","73.4","70.8","point"
"2024-05-20 11:00:00 pm","70.9","99.1","73.0","70.6","point"
"2024-05-21 01:00:00 am","69.9","99.2","71.8","69.7","point"
"2024-05-21 03:00:00 am","69.1","99.3","70.9","68.9","point"
"2024-05-21 05:00:00 am","68.9","99.3","70.7","68.7","point"
"2024-05-21 07:00:00 am","69.4","99.3","71.2","69.1","point"
"2024-05-21 09:00:00 am","71.9","99.2","74.5","71.7","point"
"2024-05-21 11:00:00 am","75.6","98.7","79.9","75.2","point"
"2024-05-21 01:00:00 pm","77.5","90.4","82.2","74.5","point"
"2024-05-21 03:00:00 pm","76.8","94.5","81.5","75.1","point"
"2024-05-21 05:00:00 pm","76.0","96.2","80.1","74.8","point"
"2024-05-21 07:00:00 pm","72.0","97.9","74.7","71.4","point"
"2024-05-21 09:00:00 pm","72.1","98.5","74.7","71.7","point"
"2024-05-21 11:00:00 pm","71.4","98.7","73.6","71.0","point"
"2024-05-22 01:00:00 am","70.9","98.9","73.0","70.5","point"
"2024-05-22 03:00:00 am","70.3","99.0","72.1","69.9","point"
"2024-05-22 05:00:00 am","70.1","99.1","72.0","69.8","point"
"2024-05-22 07:00:00 am","70.4","99.2","72.3","70.1","point"
"2024-05-22 09:00:00 am","73.8","99.0","77.4","73.5","point"
"2024-05-22 11:00:00 am","77.2","96.4","82.4","76.1","point"
"2024-05-22 01:00:00 pm","80.0","85.8","87.1","75.3","point"
"2024-05-22 03:00:00 pm","79.5","81.0","84.7","73.1","point"
"2024-05-22 05:00:00 pm","78.0","94.4","84.2","76.3","point"
"2024-05-22 07:00:00 pm","73.5","96.1","76.5","72.3","point"
"2024-05-22 09:00:00 pm","73.3","97.4","76.3","72.6","point"
"2024-05-22 11:00:00 pm","72.8","97.9","75.7","72.2","point"
"2024-05-23 01:00:00 am","73.2","98.1","76.3","72.6","point"
"2024-05-23 03:00:00 am","70.2","96.6","72.0","69.2","point"
"2024-05-23 05:00:00 am","68.9","96.8","70.5","67.9","point"
"2024-05-23 07:00:00 am","69.7","97.4","71.4","69.0","point"
"2024-05-23 09:00:00 am","74.1","97.9","77.5","73.5","point"
"2024-05-23 11:00:00 am","76.6","96.6","81.1","75.6","point"
"2024-05-23 01:00:00 pm","77.7","92.4","83.3","75.3","point"
"2024-05-23 03:00:00 pm","75.3","95.8","79.0","74.0","point"
"2024-05-23 05:00:00 pm","75.0","96.7","78.6","74.0","point"
"2024-05-23 07:00:00 pm","73.7","97.8","77.0","73.0","point"
"2024-05-23 09:00:00 pm","73.7","98.2","77.0","73.1","point"
"2024-05-23 11:00:00 pm","73.4","98.4","76.8","73.0","point"
"2024-05-24 01:00:00 am","72.8","98.4","75.7","72.3","point"
"2024-05-24 03:00:00 am","72.7","98.5","75.7","72.2","point"
"2024-05-24 05:00:00 am","72.8","98.7","75.7","72.4","point"
"2024-05-24 07:00:00 am","72.3","98.7","75.2","72.0","point"
"2024-05-24 09:00:00 am","71.8","98.8","74.3","71.5","point"
"2024-05-24 11:00:00 am","73.3","98.8","76.6","73.0","point"
"2024-05-24 01:00:00 pm","74.1","98.4","77.5","73.6","point"
"2024-05-24 03:00:00 pm","73.1","98.4","76.3","72.6","point"
"2024-05-24 05:00:00 pm","73.4","98.6","76.5","73.0","point"
"2024-05-24 07:00:00 pm","73.3","98.7","76.5","72.9","point"
"2024-05-24 09:00:00 pm","67.3","98.9","68.9","67.0","point"
"2024-05-24 11:00:00 pm","67.9","99.0","69.6","67.6","point"
"2024-05-25 01:00:00 am","68.3","99.0","70.0","68.0","point"
"2024-05-25 03:00:00 am","67.4","99.1","68.9","67.2","point"
"2024-05-25 05:00:00 am","67.0","99.2","68.5","66.8","point"
"2024-05-25 07:00:00 am","66.8","99.2","68.4","66.6","point"
"2024-05-25 09:00:00 am","68.2","99.1","70.0","67.9","point"
"2024-05-25 11:00:00 am","69.5","99.0","71.4","69.2","point"
"2024-05-25 01:00:00 pm","70.2","99.0","72.1","69.9","point"
"2024-05-25 03:00:00 pm","70.6","99.0","72.5","70.3","point"
"2024-05-25 05:00:00 pm","70.5","98.9","72.5","70.2","point"
"2024-05-25 07:00:00 pm","70.0","98.9","72.0","69.7","point"
"2024-05-25 09:00:00 pm","70.1","98.9","72.0","69.7","point"
"2024-05-25 11:00:00 pm","70.6","98.9","72.5","70.3","point"
"2024-05-26 01:00:00 am","70.6","98.9","72.5","70.3","point"
"2024-05-26 03:00:00 am","70.6","98.9","72.5","70.3","point"
"2024-05-26 05:00:00 am","71.0","99.0","73.0","70.6","point"
"2024-05-26 07:00:00 am","71.3","99.0","73.6","71.0","point"
"2024-05-26 09:00:00 am","72.0","99.0","74.7","71.7","point"
"2024-05-26 11:00:00 am","72.2","98.9","75.0","71.9","point"
"2024-05-26 01:00:00 pm","73.1","98.9","76.3","72.8","point"
"2024-05-26 03:00:00 pm","73.9","98.8","77.4","73.5","point"
"2024-05-26 05:00:00 pm","72.3","98.8","74.8","71.9","point"
"2024-05-26 07:00:00 pm","71.6","98.8","74.1","71.3","point"
"2024-05-26 09:00:00 pm","71.2","98.8","73.4","70.8","point"
"2024-05-26 11:00:00 pm","71.2","98.9","73.4","70.8","point"
"2024-05-27 01:00:00 am","70.7","98.9","72.5","70.3","point"
"2024-05-27 03:00:00 am","68.7","98.9","70.3","68.4","point"
"2024-05-27 05:00:00 am","69.6","98.8","71.4","69.2","point"
"2024-05-27 07:00:00 am","70.7","98.9","72.5","70.3","point"
"2024-05-27 09:00:00 am","71.7","98.8","74.1","71.4","point"
"2024-05-27 11:00:00 am","73.7","98.8","77.0","73.4","point"
"2024-05-27 01:00:00 pm","75.9","98.3","80.2","75.4","point"
"2024-05-27 03:00:00 pm","75.2","97.3","79.0","74.4","point"
"2024-05-27 05:00:00 pm","73.9","96.8","77.0","72.9","point"
"2024-05-27 07:00:00 pm","72.8","97.2","75.6","71.9","point"
"2024-05-27 09:00:00 pm","72.0","97.6","74.7","71.3","point"
"2024-05-27 11:00:00 pm","71.7","97.8","74.1","71.1","point"
"2024-05-28 01:00:00 am","71.5","97.9","73.8","70.9","point"
"2024-05-28 03:00:00 am","71.5","98.0","73.8","70.8","point"
"2024-05-28 05:00:00 am","71.4","98.2","73.6","70.8","point"
"2024-05-28 07:00:00 am","71.7","98.3","74.1","71.2","point"
"2024-05-28 09:00:00 am","72.3","98.4","74.8","71.8","point"
"2024-05-28 11:00:00 am","74.2","98.2","77.7","73.7","point"
"2024-05-28 01:00:00 pm","74.7","97.6","78.6","74.0","point"
"2024-05-28 03:00:00 pm","73.8","97.3","77.0","72.9","point"
"2024-05-28 05:00:00 pm","71.3","97.7","73.6","70.6","point"
"2024-05-28 07:00:00 pm","70.5","98.0","72.3","69.9","point"
"2024-05-28 09:00:00 pm","69.7","98.1","71.6","69.2","point"
"2024-05-28 11:00:00 pm","71.0","98.3","73.0","70.5","point"
"2024-05-29 01:00:00 am","71.5","98.5","73.8","71.0","point"
"2024-05-29 03:00:00 am","71.9","98.5","74.3","71.5","point"
"2024-05-29 05:00:00 am","72.0","98.6","74.7","71.5","point"
"2024-05-29 07:00:00 am","72.3","98.7","74.8","71.9","point"
"2024-05-29 09:00:00 am","73.0","98.7","75.9","72.6","point"
"2024-05-29 11:00:00 am","73.4","98.7","76.5","73.0","point"
"2024-05-29 01:00:00 pm","74.4","98.7","78.1","74.0","point"
"2024-05-29 03:00:00 pm","74.0","--","--","--","point"
"2024-05-29 05:00:00 pm","72.6","98.7","75.4","72.2","point"
"2024-05-29 07:00:00 pm","72.8","98.7","75.7","72.3","point"
"2024-05-29 09:00:00 pm","72.1","98.7","74.7","71.7","point"
"2024-05-29 11:00:00 pm","70.7","98.7","72.9","70.3","point"
"2024-05-30 01:00:00 am","69.0","98.7","70.7","68.6","point"
"2024-05-30 03:00:00 am","67.5","98.7","69.1","67.1","point"
"2024-05-30 05:00:00 am","67.8","98.8","69.3","67.4","point"
"2024-05-30 07:00:00 am","69.3","98.7","71.2","68.9","point"
"2024-05-30 09:00:00 am","73.1","98.7","76.3","72.7","point"
"2024-05-30 11:00:00 am","75.5","98.4","79.7","74.9","point"
"2024-05-30 01:00:00 pm","77.9","97.0","84.7","77.0","point"
"2024-05-30 03:00:00 pm","75.1","94.9","78.6","73.5","point"
"2024-05-30 05:00:00 pm","72.6","95.5","75.2","71.2","point"
"2024-05-30 07:00:00 pm","72.0","97.1","74.5","71.1","point"
"2024-05-30 09:00:00 pm","72.2","97.8","74.8","71.6","point"
"2024-05-30 11:00:00 pm","72.1","98.1","74.7","71.5","point"
"2024-05-31 01:00:00 am","71.6","98.3","73.8","71.1","point"
"2024-05-31 03:00:00 am","70.4","98.4","72.3","69.9","point"
"2024-05-31 05:00:00 am","69.6","98.4","71.6","69.1","point"
"2024-05-31 07:00:00 am","70.5","98.5","72.3","70.0","point"
"2024-05-31 09:00:00 am","72.6","98.5","75.4","72.1","point"
"2024-05-31 11:00:00 am","75.6","98.2","79.9","75.1","point"
"2024-05-31 01:00:00 pm","77.2","96.7","82.9","76.2","point"
"2024-05-31 03:00:00 pm","78.3","95.7","85.5","76.9","point"
"2024-05-31 05:00:00 pm","76.5","96.3","81.1","75.4","point"
"2024-05-31 07:00:00 pm","75.3","97.2","79.2","74.4","point"
"2024-05-31 09:00:00 pm","75.0","97.6","78.8","74.3","point"
"2024-05-31 11:00:00 pm","74.7","98.0","78.6","74.1","point"
"2024-06-01 01:00:00 am","74.0","98.1","77.5","73.4","point"
"2024-06-01 03:00:00 am","73.7","98.3","77.0","73.1","point"
"2024-06-01 05:00:00 am","73.2","98.3","76.3","72.7","point"
"2024-06-01 07:00:00 am","73.2","98.4","76.5","72.7","point"
"2024-06-01 09:00:00 am","74.0","98.4","77.5","73.5","point"
"2024-06-01 11:00:00 am","75.5","98.4","79.7","75.0","point"
"2024-06-01 01:00:00 pm","77.6","97.2","83.8","76.7","point"
"2024-06-01 03:00:00 pm","77.3","96.0","82.8","76.0","point"
"2024-06-01 05:00:00 pm","74.7","96.5","78.4","73.6","point"
"2024-06-01 07:00:00 pm","73.6","97.1","76.8","72.7","point"
"2024-06-01 09:00:00 pm","73.5","97.4","76.6","72.7","point"
"2024-06-01 11:00:00 pm","72.8","97.4","75.6","72.0","point"
"2024-06-02 01:00:00 am","72.3","97.4","74.7","71.5","point"
"2024-06-02 03:00:00 am","71.4","97.6","73.6","70.7","point"
"2024-06-02 05:00:00 am","69.8","97.4","71.6","69.0","point"
"2024-06-02 07:00:00 am","70.5","97.6","72.5","69.8","point"
"2024-06-02 09:00:00 am","73.7","97.8","77.0","73.0","point"
"2024-06-02 11:00:00 am","76.3","95.2","80.6","74.8","point"
"2024-06-02 01:00:00 pm","78.1","91.4","84.2","75.4","point"
"2024-06-02 03:00:00 pm","77.9","93.4","84.0","75.8","point"
"2024-06-02 05:00:00 pm","76.1","94.6","80.2","74.4","point"
"2024-06-02 07:00:00 pm","71.7","93.3","73.8","69.6","point"
"2024-06-02 09:00:00 pm","72.1","96.1","74.5","70.9","point"
"2024-06-02 11:00:00 pm","72.5","96.9","75.0","71.5","point"
"2024-06-03 01:00:00 am","72.3","97.1","74.7","71.4","point"
"2024-06-03 03:00:00 am","71.8","97.1","74.1","70.9","point"
"2024-06-03 05:00:00 am","71.8","97.4","74.1","71.0","point"
"2024-06-03 07:00:00 am","72.3","97.7","75.2","71.7","point"
"2024-06-03 09:00:00 am","73.1","97.6","76.3","72.4","point"
"2024-06-03 11:00:00 am","76.2","95.3","80.4","74.8","point"
"2024-06-03 01:00:00 pm","75.4","94.5","79.2","73.7","point"
"2024-06-03 03:00:00 pm","71.5","97.0","73.6","70.6","point"
"2024-06-03 05:00:00 pm","71.1","97.7","73.2","70.4","point"
