"Device Name","D2 - 2815044"
"Device Model","Kestrel DROP 2"
"Serial Number","2815044"
"FORMATTED DATE_TIME","Temperature","Relative Humidity","Heat Index","Dew Point","Data Type","Record name","Start time","Duration (H:M:S)","Location description","Location address","Location coordinates","Notes"
"YYYY-MM-DD HH:MM:SS","°F","%","°F","°F"
"2000-01-01 12:10:00 am","73.6","16.1","69.3","24.8","point"
"2000-01-01 12:20:00 am","72.8","16.7","68.5","25.0","point"
"2000-01-01 12:30:00 am","73.6","19.4","69.6","29.4","point"
"2023-02-06 12:10:00 pm","74.1","55.4","73.4","57.1","point"
"2024-01-13 08:00:00 pm","72.3","78.0","73.6","65.1","point"
"2024-01-13 10:00:00 pm","71.3","80.0","72.5","64.8","point"
"2024-01-14 12:00:00 am","70.8","79.8","72.0","64.3","point"
"2024-01-14 02:00:00 am","70.4","80.8","71.4","64.2","point"
"2024-01-14 04:00:00 am","70.0","79.8","70.9","63.4","point"
"2024-01-14 06:00:00 am","69.5","79.4","70.3","62.8","point"
"2024-01-14 08:00:00 am","65.4","77.4","64.8","58.2","point"
"2024-01-14 10:00:00 am","76.9","66.0","77.5","64.7","point"
"2024-01-14 12:00:00 pm","74.7","70.1","75.6","64.3","point"
"2024-01-14 02:00:00 pm","81.2","55.1","82.4","63.6","point"
"2024-01-14 04:00:00 pm","73.6","71.4","74.5","63.8","point"
"2024-01-14 06:00:00 pm","72.8","88.3","74.8","69.1","point"
"2024-01-14 08:00:00 pm","67.0","92.4","68.0","64.7","point"
"2024-01-14 10:00:00 pm","63.6","94.2","64.4","61.9","point"
"2024-01-15 12:00:00 am","64.0","89.1","64.2","60.7","point"
"2024-01-15 02:00:00 am","63.1","91.3","63.5","60.5","point"
"2024-01-15 04:00:00 am","60.7","92.7","61.3","58.6","point"
"2024-01-15 06:00:00 am","61.3","95.1","62.1","59.9","point"
"2024-01-15 08:00:00 am","62.3","96.1","63.3","61.2","point"
"2024-01-15 10:00:00 am","67.0","94.9","68.2","65.4","point"
"2024-01-15 12:00:00 pm","71.9","82.9","73.4","66.3","point"
"2024-01-15 02:00:00 pm","74.0","70.4","74.8","63.7","point"
"2024-01-15 04:00:00 pm","73.6","82.3","75.6","67.8","point"
"2024-01-15 06:00:00 pm","70.4","84.5","71.6","65.5","point"
"2024-01-15 08:00:00 pm","65.6","91.8","66.2","63.1","point"
"2024-01-15 10:00:00 pm","63.2","94.7","64.0","61.7","point"
"2024-01-16 12:00:00 am","61.4","95.6","62.2","60.2","point"
"2024-01-16 02:00:00 am","60.9","96.1","61.9","59.7","point"
"2024-01-16 04:00:00 am","59.4","96.7","60.3","58.4","point"
"2024-01-16 06:00:00 am","59.7","97.7","60.8","59.1","point"
"2024-01-16 08:00:00 am","61.4","97.4","62.4","60.6","point"
"2024-01-16 10:00:00 am","65.8","94.9","66.7","64.3","point"
"2024-01-16 12:00:00 pm","71.0","86.1","72.3","66.7","point"
"2024-01-16 02:00:00 pm","72.8","77.4","73.9","65.4","point"
"2024-01-16 04:00:00 pm","72.8","87.6","74.8","68.8","point"
"2024-01-16 06:00:00 pm","70.3","90.5","71.8","67.3","point"
"2024-01-16 08:00:00 pm","66.9","94.1","68.2","65.2","point"
"2024-01-16 10:00:00 pm","64.9","95.9","65.8","63.7","point"
"2024-01-17 12:00:00 am","64.5","97.0","65.5","63.6","point"
"2024-01-17 02:00:00 am","64.9","97.7","66.0","64.2","point"
"2024-01-17 04:00:00 am","65.0","98.2","66.4","64.5","point"
"2024-01-17 06:00:00 am","64.9","98.6","66.4","64.5","point"
"2024-01-17 08:00:00 am","64.8","98.9","66.0","64.5","point"
"2024-01-17 10:00:00 am","68.2","97.0","69.8","67.3","point"
"2024-01-17 12:00:00 pm","71.8","85.5","73.4","67.2","point"
"2024-01-17 02:00:00 pm","73.8","85.8","75.9","69.3","point"
"2024-01-17 04:00:00 pm","73.3","83.0","75.2","67.8","point"
"2024-01-17 06:00:00 pm","70.1","84.9","71.2","65.3","point"
"2024-01-17 08:00:00 pm","65.8","93.6","66.6","63.9","point"
"2024-01-17 10:00:00 pm","67.3","95.7","68.7","66.0","point"
"2024-01-18 12:00:00 am","67.0","97.7","68.5","66.3","point"
"2024-01-18 02:00:00 am","65.9","97.5","67.3","65.2","point"
"2024-01-18 04:00:00 am","64.5","98.1","65.7","63.9","point"
"2024-01-18 06:00:00 am","62.7","98.1","63.9","62.1","point"
"2024-01-18 08:00:00 am","63.4","98.7","64.6","63.1","point"
"2024-01-18 10:00:00 am","68.0","98.2","69.8","67.5","point"
"2024-01-18 12:00:00 pm","72.0","85.1","73.6","67.2","point"
"2024-01-18 02:00:00 pm","74.4","82.9","76.5","68.9","point"
"2024-01-18 04:00:00 pm","73.8","88.4","76.3","70.2","point"
"2024-01-18 06:00:00 pm","71.3","92.2","73.2","69.0","point"
"2024-01-18 08:00:00 pm","68.0","95.4","69.4","66.7","point"
"2024-01-18 10:00:00 pm","66.3","96.8","67.5","65.4","point"
"2024-01-19 12:00:00 am","65.3","98.0","66.7","64.7","point"
"2024-01-19 02:00:00 am","64.8","98.6","66.0","64.4","point"
"2024-01-19 04:00:00 am","64.2","98.5","65.3","63.8","point"
"2024-01-19 06:00:00 am","64.0","99.4","65.1","63.8","point"
"2024-01-19 08:00:00 am","63.4","99.6","64.8","63.3","point"
"2024-01-19 10:00:00 am","68.2","98.5","70.0","67.8","point"
"2024-01-19 12:00:00 pm","71.0","95.1","72.9","69.5","point"
"2024-01-19 02:00:00 pm","74.8","88.9","77.5","71.3","point"
"2024-01-19 04:00:00 pm","74.3","89.8","76.8","71.1","point"
"2024-01-19 06:00:00 pm","71.7","94.1","73.9","69.9","point"
"2024-01-19 08:00:00 pm","68.8","96.8","70.3","67.8","point"
"2024-01-19 10:00:00 pm","68.1","97.8","69.8","67.5","point"
"2024-01-20 12:00:00 am","64.6","97.6","65.8","64.0","point"
"2024-01-20 02:00:00 am","64.4","99.2","65.7","64.2","point"
"2024-01-20 04:00:00 am","64.4","99.5","65.8","64.2","point"
"2024-01-20 06:00:00 am","62.9","99.1","64.0","62.6","point"
"2024-01-20 08:00:00 am","63.2","99.4","64.4","63.1","point"
"2024-01-20 10:00:00 am","67.7","98.9","69.3","67.4","point"
"2024-01-20 12:00:00 pm","72.0","92.1","74.1","69.6","point"
"2024-01-20 02:00:00 pm","75.3","87.9","78.1","71.4","point"
"2024-01-20 04:00:00 pm","74.6","88.6","77.2","71.0","point"
"2024-01-20 06:00:00 pm","72.0","94.2","74.3","70.3","point"
"2024-01-20 08:00:00 pm","68.4","96.8","70.0","67.5","point"
"2024-01-20 10:00:00 pm","65.6","97.6","66.9","64.9","point"
"2024-01-21 12:00:00 am","63.8","98.2","64.9","63.3","point"
"2024-01-21 02:00:00 am","64.3","98.5","65.5","63.9","point"
"2024-01-21 04:00:00 am","64.9","99.7","66.6","64.9","point"
"2024-01-21 06:00:00 am","64.9","100.0","66.2","64.9","point"
"2024-01-21 08:00:00 am","65.8","100.0","67.3","65.8","point"
"2024-01-21 10:00:00 am","68.5","98.5","70.2","68.1","point"
"2024-01-21 12:00:00 pm","73.2","89.8","75.4","70.0","point"
"2024-01-21 02:00:00 pm","76.5","82.4","79.2","70.7","point"
"2024-01-21 04:00:00 pm","75.4","88.3","78.4","71.7","point"
"2024-01-21 06:00:00 pm","72.6","90.6","74.8","69.6","point"
"2024-01-21 08:00:00 pm","69.7","94.8","71.4","68.2","point"
"2024-01-21 10:00:00 pm","68.4","97.1","70.0","67.6","point"
"2024-01-22 12:00:00 am","66.5","98.4","68.0","66.1","point"
"2024-01-22 02:00:00 am","65.2","98.4","66.6","64.7","point"
"2024-01-22 04:00:00 am","63.4","98.5","64.6","63.0","point"
"2024-01-22 06:00:00 am","63.1","98.8","64.2","62.7","point"
"2024-01-22 08:00:00 am","63.4","98.9","64.6","63.1","point"
"2024-01-22 10:00:00 am","68.6","99.3","70.3","68.4","point"
"2024-01-22 12:00:00 pm","73.7","86.0","75.9","69.2","point"
"2024-01-22 02:00:00 pm","73.4","90.2","75.7","70.3","point"
"2024-01-22 04:00:00 pm","74.4","90.6","77.2","71.5","point"
"2024-01-22 06:00:00 pm","71.8","91.2","73.9","69.1","point"
"2024-01-22 08:00:00 pm","69.4","95.2","70.9","67.9","point"
"2024-01-22 10:00:00 pm","68.2","97.5","69.8","67.4","point"
"2024-01-23 12:00:00 am","65.5","97.8","66.9","64.9","point"
"2024-01-23 02:00:00 am","64.8","99.0","66.0","64.5","point"
"2024-01-23 04:00:00 am","63.1","99.0","64.2","62.8","point"
"2024-01-23 06:00:00 am","62.3","99.1","63.5","62.0","point"
"2024-01-23 08:00:00 am","63.4","99.8","64.8","63.3","point"
"2024-01-23 10:00:00 am","67.9","96.6","69.4","66.8","point"
"2024-01-23 12:00:00 pm","72.9","86.6","75.0","68.7","point"
"2024-01-23 02:00:00 pm","75.8","83.8","78.4","70.6","point"
"2024-01-23 04:00:00 pm","74.2","88.6","76.6","70.6","point"
"2024-01-23 06:00:00 pm","72.0","91.4","74.1","69.3","point"
"2024-01-23 08:00:00 pm","67.6","92.9","68.7","65.5","point"
"2024-01-23 10:00:00 pm","64.6","96.1","65.5","63.4","point"
"2024-01-24 12:00:00 am","62.2","97.3","63.1","61.4","point"
"2024-01-24 02:00:00 am","60.2","97.3","61.0","59.5","point"
"2024-01-24 04:00:00 am","58.8","97.5","59.7","58.1","point"
"2024-01-24 06:00:00 am","57.3","97.7","58.3","56.6","point"
"2024-01-24 08:00:00 am","57.4","98.8","58.5","57.0","point"
"2024-01-24 10:00:00 am","65.6","95.9","66.7","64.4","point"
"2024-01-24 12:00:00 pm","72.8","84.2","74.5","67.7","point"
"2024-01-24 02:00:00 pm","74.7","77.2","76.3","67.0","point"
"2024-01-24 04:00:00 pm","72.3","82.8","73.9","66.8","point"
"2024-01-24 06:00:00 pm","69.4","87.7","70.5","65.5","point"
"2024-01-24 08:00:00 pm","66.6","92.5","67.6","64.4","point"
"2024-01-24 10:00:00 pm","63.2","95.5","64.0","61.9","point"
"2024-01-25 12:00:00 am","61.2","95.9","62.2","60.0","point"
"2024-01-25 02:00:00 am","58.6","95.3","59.2","57.3","point"
"2024-01-25 04:00:00 am","56.5","95.3","57.2","55.1","point"
"2024-01-25 06:00:00 am","56.3","96.8","57.2","55.4","point"
"2024-01-25 08:00:00 am","56.8","98.5","57.6","56.3","point"
"2024-01-25 10:00:00 am","65.5","95.8","66.7","64.2","point"
"2024-01-25 12:00:00 pm","70.8","84.5","72.1","65.9","point"
"2024-01-25 02:00:00 pm","74.3","80.3","76.1","67.8","point"
"2024-01-25 04:00:00 pm","72.4","85.0","74.1","67.6","point"
"2024-01-25 06:00:00 pm","69.7","89.9","70.9","66.6","point"
"2024-01-25 08:00:00 pm","67.1","94.7","68.4","65.5","point"
"2024-01-25 10:00:00 pm","64.7","96.8","65.7","63.8","point"
"2024-01-26 12:00:00 am","62.7","97.7","63.9","62.1","point"
"2024-01-26 02:00:00 am","61.9","97.8","63.1","61.2","point"
"2024-01-26 04:00:00 am","60.5","98.4","61.5","60.1","point"
"2024-01-26 06:00:00 am","61.8","99.8","63.1","61.7","point"
"2024-01-26 08:00:00 am","63.5","97.8","64.8","62.9","point"
"2024-01-26 10:00:00 am","67.2","93.9","68.4","65.3","point"
"2024-01-26 12:00:00 pm","71.4","83.0","72.7","65.9","point"
"2024-01-26 02:00:00 pm","74.0","75.8","75.4","65.9","point"
"2024-01-26 04:00:00 pm","72.4","70.9","73.0","62.4","point"
"2024-01-26 06:00:00 pm","71.9","80.8","73.2","65.6","point"
"2024-01-26 08:00:00 pm","65.8","92.2","66.6","63.4","point"
"2024-01-26 10:00:00 pm","62.6","95.2","63.5","61.2","point"
"2024-01-27 12:00:00 am","59.8","95.8","60.6","58.6","point"
"2024-01-27 02:00:00 am","57.5","94.2","58.1","55.8","point"
"2024-01-27 04:00:00 am","58.3","92.5","58.6","56.1","point"
"2024-01-27 06:00:00 am","60.2","93.7","60.8","58.4","point"
"2024-01-27 08:00:00 am","60.9","96.3","61.9","59.9","point"
"2024-01-27 10:00:00 am","66.1","93.6","66.9","64.2","point"
"2024-01-27 12:00:00 pm","70.3","77.7","71.1","63.0","point"
"2024-01-27 02:00:00 pm","74.3","68.4","74.8","63.2","point"
"2024-01-27 04:00:00 pm","72.3","69.1","72.9","61.6","point"
"2024-01-27 06:00:00 pm","70.1","70.2","70.3","59.9","point"
"2024-01-27 08:00:00 pm","63.6","81.8","63.3","57.9","point"
"2024-01-27 10:00:00 pm","60.4","89.1","60.6","57.1","point"
"2024-01-28 12:00:00 am","61.5","84.5","61.3","56.8","point"
"2024-01-28 02:00:00 am","60.7","85.9","60.6","56.5","point"
"2024-01-28 04:00:00 am","61.3","90.3","61.7","58.4","point"
"2024-01-28 06:00:00 am","60.7","92.9","61.3","58.6","point"
"2024-01-28 08:00:00 am","61.4","95.7","62.4","60.2","point"
"2024-01-28 10:00:00 am","66.0","92.1","66.7","63.6","point"
"2024-01-28 12:00:00 pm","70.7","78.3","71.4","63.6","point"
"2024-01-28 02:00:00 pm","74.5","65.3","74.8","62.1","point"
"2024-01-28 04:00:00 pm","72.7","70.0","73.4","62.3","point"
"2024-01-28 06:00:00 pm","71.2","78.6","72.1","64.2","point"
"2024-01-28 08:00:00 pm","65.1","90.1","65.8","62.2","point"
"2024-01-28 10:00:00 pm","62.0","93.5","62.6","60.1","point"
"2024-01-29 12:00:00 am","60.0","95.6","60.8","58.7","point"
"2024-01-29 02:00:00 am","58.5","96.6","59.4","57.5","point"
"2024-01-29 04:00:00 am","57.5","96.9","58.3","56.6","point"
"2024-01-29 06:00:00 am","58.4","97.5","59.4","57.7","point"
"2024-01-29 08:00:00 am","60.3","97.4","61.3","59.6","point"
"2024-01-29 10:00:00 am","65.7","92.6","66.6","63.5","point"
"2024-01-29 12:00:00 pm","68.6","86.5","69.6","64.4","point"
"2024-01-29 02:00:00 pm","71.8","81.9","73.2","66.0","point"
"2024-01-29 04:00:00 pm","73.9","77.0","75.2","66.2","point"
"2024-01-29 06:00:00 pm","70.5","85.1","71.6","65.8","point"
"2024-01-29 08:00:00 pm","65.0","92.8","65.8","62.9","point"
"2024-01-29 10:00:00 pm","61.8","95.2","62.6","60.4","point"
"2024-01-30 12:00:00 am","59.0","95.8","59.9","57.8","point"
"2024-01-30 02:00:00 am","56.7","95.3","57.4","55.4","point"
"2024-01-30 04:00:00 am","59.0","94.6","59.7","57.5","point"
"2024-01-30 06:00:00 am","62.0","86.6","62.1","58.0","point"
"2024-01-30 08:00:00 am","59.9","93.1","60.6","57.9","point"
"2024-01-30 10:00:00 am","65.3","91.1","66.0","62.7","point"
"2024-01-30 12:00:00 pm","71.1","78.6","72.1","64.1","point"
"2024-01-30 02:00:00 pm","74.7","71.6","75.7","64.9","point"
"2024-01-30 04:00:00 pm","72.8","79.3","74.3","66.1","point"
"2024-01-30 06:00:00 pm","69.7","81.5","70.5","63.8","point"
"2024-01-30 08:00:00 pm","64.2","87.5","64.2","60.4","point"
"2024-01-30 10:00:00 pm","63.4","93.9","64.2","61.6","point"
"2024-01-31 12:00:00 am","61.3","95.7","62.2","60.0","point"
"2024-01-31 02:00:00 am","58.6","96.0","59.4","57.4","point"
"2024-01-31 04:00:00 am","57.0","96.8","57.9","56.1","point"
"2024-01-31 06:00:00 am","56.4","97.3","57.2","55.7","point"
"2024-01-31 08:00:00 am","56.6","97.9","57.4","56.0","point"
"2024-01-31 10:00:00 am","65.3","95.8","66.6","64.1","point"
"2024-01-31 12:00:00 pm","71.2","78.0","72.1","64.0","point"
"2024-01-31 02:00:00 pm","74.2","72.6","75.2","64.8","point"
"2024-01-31 04:00:00 pm","73.0","71.4","73.8","63.2","point"
"2024-01-31 06:00:00 pm","69.7","80.7","70.5","63.4","point"
"2024-01-31 08:00:00 pm","62.7","89.8","63.0","59.7","point"
"2024-01-31 10:00:00 pm","59.1","93.6","59.7","57.3","point"
"2024-02-01 12:00:00 am","58.0","95.7","58.6","56.8","point"
"2024-02-01 02:00:00 am","57.6","96.2","58.5","56.6","point"
"2024-02-01 04:00:00 am","56.9","96.5","57.7","56.0","point"
"2024-02-01 06:00:00 am","55.7","97.1","56.5","54.9","point"
"2024-02-01 08:00:00 am","56.1","98.1","56.8","55.6","point"
"2024-02-01 10:00:00 am","64.9","90.8","65.3","62.1","point"
"2024-02-01 12:00:00 pm","71.8","76.5","72.9","64.1","point"
"2024-02-01 02:00:00 pm","74.5","75.5","75.9","66.3","point"
"2024-02-01 04:00:00 pm","72.8","80.2","74.3","66.4","point"
"2024-02-01 06:00:00 pm","70.1","86.6","71.4","65.9","point"
"2024-02-01 08:00:00 pm","65.7","91.6","66.4","63.2","point"
"2024-02-01 10:00:00 pm","62.4","95.3","63.1","61.0","point"
"2024-02-02 12:00:00 am","60.1","96.3","61.0","59.1","point"
"2024-02-02 02:00:00 am","59.5","97.0","60.3","58.6","point"
"2024-02-02 04:00:00 am","58.6","97.2","59.4","57.7","point"
"2024-02-02 06:00:00 am","56.4","97.2","57.2","55.6","point"
"2024-02-02 08:00:00 am","56.7","98.3","57.6","56.2","point"
"2024-02-02 10:00:00 am","66.2","96.2","67.3","65.0","point"
"2024-02-02 12:00:00 pm","72.6","80.6","74.1","66.2","point"
"2024-02-02 02:00:00 pm","74.5","77.3","76.1","66.9","point"
"2024-02-02 04:00:00 pm","73.6","78.9","75.2","66.7","point"
"2024-02-02 06:00:00 pm","70.3","84.4","71.4","65.3","point"
"2024-02-02 08:00:00 pm","66.8","92.2","67.8","64.5","point"
"2024-02-02 10:00:00 pm","63.6","95.3","64.4","62.2","point"
"2024-02-03 12:00:00 am","61.1","96.4","62.1","60.1","point"
"2024-02-03 02:00:00 am","59.5","97.0","60.3","58.6","point"
"2024-02-03 04:00:00 am","57.4","97.0","58.3","56.6","point"
"2024-02-03 06:00:00 am","56.2","97.6","57.0","55.5","point"
"2024-02-03 08:00:00 am","58.6","98.4","59.5","58.1","point"
"2024-02-03 10:00:00 am","67.1","96.8","68.5","66.2","point"
"2024-02-03 12:00:00 pm","72.7","86.0","74.7","68.3","point"
"2024-02-03 02:00:00 pm","75.3","77.7","76.8","67.9","point"
"2024-02-03 04:00:00 pm","74.6","84.4","76.8","69.6","point"
"2024-02-03 06:00:00 pm","72.3","87.7","74.1","68.4","point"
"2024-02-03 08:00:00 pm","69.3","92.7","70.7","67.0","point"
"2024-02-03 10:00:00 pm","67.1","96.6","68.5","66.1","point"
"2024-02-04 12:00:00 am","65.6","97.2","66.7","64.8","point"
"2024-02-04 02:00:00 am","64.4","98.3","65.7","63.9","point"
"2024-02-04 04:00:00 am","64.7","99.0","65.8","64.4","point"
"2024-02-04 06:00:00 am","66.2","96.4","67.3","65.1","point"
"2024-02-04 08:00:00 am","66.4","94.2","67.6","64.7","point"
"2024-02-04 10:00:00 am","69.7","92.1","71.2","67.4","point"
"2024-02-04 12:00:00 pm","73.2","83.2","74.8","67.7","point"
"2024-02-04 02:00:00 pm","74.2","78.7","75.7","67.1","point"
"2024-02-04 04:00:00 pm","74.9","74.1","76.1","66.1","point"
"2024-02-04 06:00:00 pm","73.6","85.9","75.7","69.1","point"
"2024-02-04 08:00:00 pm","70.4","94.5","72.1","68.7","point"
"2024-02-04 10:00:00 pm","67.2","96.7","68.5","66.2","point"
"2024-02-05 12:00:00 am","66.5","99.3","68.0","66.2","point"
"2024-02-05 02:00:00 am","62.7","97.4","63.7","61.9","point"
"2024-02-05 04:00:00 am","60.3","97.3","61.3","59.5","point"
"2024-02-05 06:00:00 am","58.9","97.1","59.7","58.1","point"
"2024-02-05 08:00:00 am","59.6","98.8","60.6","59.2","point"
"2024-02-05 10:00:00 am","66.4","94.1","67.6","64.7","point"
"2024-02-05 12:00:00 pm","72.0","77.1","73.2","64.5","point"
"2024-02-05 02:00:00 pm","76.2","64.1","76.5","63.2","point"
"2024-02-05 04:00:00 pm","75.6","62.6","75.7","61.9","point"
"2024-02-05 06:00:00 pm","74.3","76.2","75.6","66.3","point"
"2024-02-05 08:00:00 pm","68.3","88.7","69.3","64.8","point"
"2024-02-05 10:00:00 pm","68.0","92.4","69.1","65.7","point"
"2024-02-06 12:00:00 am","66.0","96.1","67.1","64.9","point"
"2024-02-06 02:00:00 am","62.4","96.6","63.3","61.4","point"
"2024-02-06 04:00:00 am","61.1","97.6","62.2","60.5","point"
"2024-02-06 06:00:00 am","59.0","96.7","59.9","58.1","point"
"2024-02-06 08:00:00 am","60.4","98.0","61.3","59.8","point"
"2024-02-06 10:00:00 am","67.4","92.0","68.5","65.0","point"
"2024-02-06 12:00:00 pm","73.1","73.5","74.1","64.1","point"
"2024-02-06 02:00:00 pm","77.1","58.0","76.8","61.2","point"
"2024-02-06 04:00:00 pm","77.2","52.7","76.5","58.6","point"
"2024-02-06 06:00:00 pm","75.1","53.6","74.3","57.2","point"
"2024-02-06 08:00:00 pm","66.8","75.6","66.6","58.9","point"
"2024-02-06 10:00:00 pm","64.6","92.5","65.1","62.3","point"
"2024-02-07 12:00:00 am","62.4","94.2","63.3","60.7","point"
"2024-02-07 02:00:00 am","60.6","94.7","61.3","59.1","point"
"2024-02-07 04:00:00 am","61.8","88.4","62.1","58.4","point"
"2024-02-07 06:00:00 am","61.5","89.8","61.7","58.4","point"
"2024-02-07 08:00:00 am","62.5","92.4","63.1","60.3","point"
"2024-02-07 10:00:00 am","68.8","77.7","69.1","61.6","point"
"2024-02-07 12:00:00 pm","75.1","62.4","75.2","61.3","point"
"2024-02-07 02:00:00 pm","78.2","55.0","77.9","60.7","point"
"2024-02-07 04:00:00 pm","77.5","50.9","76.5","57.8","point"
"2024-02-07 06:00:00 pm","75.5","70.8","76.5","65.3","point"
"2024-02-07 08:00:00 pm","69.2","84.7","70.2","64.4","point"
"2024-02-07 10:00:00 pm","66.2","93.3","66.9","64.2","point"
"2024-02-08 12:00:00 am","62.8","94.4","63.5","61.1","point"
"2024-02-08 02:00:00 am","61.8","94.3","62.6","60.2","point"
"2024-02-08 04:00:00 am","62.8","91.8","63.3","60.4","point"
"2024-02-08 06:00:00 am","61.7","81.4","61.5","56.0","point"
"2024-02-08 08:00:00 am","60.6","90.5","61.0","57.8","point"
"2024-02-08 10:00:00 am","68.9","76.4","69.3","61.2","point"
"2024-02-08 12:00:00 pm","74.5","68.7","75.2","63.6","point"
"2024-02-08 02:00:00 pm","79.4","60.6","80.8","64.6","point"
"2024-02-08 04:00:00 pm","77.4","72.1","79.3","67.7","point"
"2024-02-08 06:00:00 pm","74.0","78.4","75.6","66.9","point"
"2024-02-08 08:00:00 pm","68.8","88.9","69.8","65.4","point"
"2024-02-08 10:00:00 pm","65.4","94.0","66.4","63.7","point"
"2024-02-09 12:00:00 am","62.9","95.2","63.7","61.5","point"
"2024-02-09 02:00:00 am","61.2","95.8","62.2","60.0","point"
"2024-02-09 04:00:00 am","59.3","96.3","60.1","58.2","point"
"2024-02-09 06:00:00 am","57.7","96.8","58.5","56.8","point"
"2024-02-09 08:00:00 am","58.3","97.1","59.2","57.5","point"
"2024-02-09 10:00:00 am","68.0","94.7","69.3","66.4","point"
"2024-02-09 12:00:00 pm","73.8","75.6","75.2","65.6","point"
"2024-02-09 02:00:00 pm","77.1","66.2","77.9","64.9","point"
"2024-02-09 04:00:00 pm","77.6","77.3","80.4","69.9","point"
"2024-02-09 06:00:00 pm","74.3","83.4","76.6","69.0","point"
"2024-02-09 08:00:00 pm","69.7","91.8","71.1","67.2","point"
"2024-02-09 10:00:00 pm","67.2","95.4","68.4","65.9","point"
"2024-02-10 12:00:00 am","67.8","96.5","69.4","66.8","point"
"2024-02-10 02:00:00 am","64.8","94.6","65.7","63.2","point"
"2024-02-10 04:00:00 am","61.9","95.5","62.8","60.6","point"
"2024-02-10 06:00:00 am","63.5","94.8","64.4","62.0","point"
"2024-02-10 08:00:00 am","63.3","94.3","64.0","61.6","point"
"2024-02-10 10:00:00 am","68.6","88.9","69.6","65.2","point"
"2024-02-10 12:00:00 pm","73.7","72.2","74.7","64.2","point"
"2024-02-10 02:00:00 pm","76.9","61.3","77.0","62.6","point"
"2024-02-10 04:00:00 pm","76.2","57.1","75.7","60.0","point"
"2024-02-10 06:00:00 pm","74.6","79.2","76.3","67.7","point"
"2024-02-10 08:00:00 pm","71.4","92.1","73.2","69.0","point"
"2024-02-10 10:00:00 pm","68.5","95.5","69.8","67.2","point"
"2024-02-11 12:00:00 am","65.8","96.7","66.9","64.8","point"
"2024-02-11 02:00:00 am","64.1","96.9","65.1","63.2","point"
"2024-02-11 04:00:00 am","61.6","96.5","62.6","60.5","point"
"2024-02-11 06:00:00 am","60.9","97.4","61.9","60.1","point"
"2024-02-11 08:00:00 am","63.7","96.5","64.8","62.7","point"
"2024-02-11 10:00:00 am","68.1","93.0","69.3","66.0","point"
"2024-02-11 12:00:00 pm","73.0","77.1","74.1","65.4","point"
"2024-02-11 02:00:00 pm","76.1","64.9","76.5","63.5","point"
"2024-02-11 04:00:00 pm","75.9","55.2","75.2","58.7","point"
"2024-02-11 06:00:00 pm","73.7","56.8","73.2","57.4","point"
"2024-02-11 08:00:00 pm","64.9","77.5","64.2","57.7","point"
"2024-02-11 10:00:00 pm","61.7","90.4","62.2","58.9","point"
"2024-02-12 12:00:00 am","60.6","93.2","61.2","58.6","point"
"2024-02-12 02:00:00 am","59.9","92.4","60.6","57.7","point"
"2024-02-12 04:00:00 am","59.7","92.9","60.3","57.7","point"
"2024-02-12 06:00:00 am","62.3","90.4","62.8","59.5","point"
"2024-02-12 08:00:00 am","63.3","91.4","63.7","60.7","point"
"2024-02-12 10:00:00 am","67.3","78.6","67.3","60.4","point"
"2024-02-12 12:00:00 pm","74.1","58.4","73.8","58.6","point"
"2024-02-12 02:00:00 pm","77.3","47.7","75.9","56.0","point"
"2024-02-12 04:00:00 pm","76.7","43.3","74.7","52.7","point"
"2024-02-12 06:00:00 pm","74.4","48.9","73.2","54.0","point"
"2024-02-12 08:00:00 pm","67.8","75.9","67.6","59.9","point"
"2024-02-12 10:00:00 pm","64.5","90.6","64.9","61.7","point"
"2024-02-13 12:00:00 am","61.8","93.8","62.4","60.0","point"
"2024-02-13 02:00:00 am","59.0","94.5","59.5","57.4","point"
"2024-02-13 04:00:00 am","59.4","92.6","60.1","57.2","point"
"2024-02-13 06:00:00 am","58.6","90.9","59.0","55.9","point"
"2024-02-13 08:00:00 am","59.7","93.4","60.3","57.8","point"
"2024-02-13 10:00:00 am","66.7","87.8","67.1","62.9","point"
"2024-02-13 12:00:00 pm","72.8","70.6","73.6","62.7","point"
"2024-02-13 02:00:00 pm","76.1","52.6","75.2","57.6","point"
"2024-02-13 04:00:00 pm","76.2","51.5","75.0","57.1","point"
"2024-02-13 06:00:00 pm","73.3","68.9","73.8","62.5","point"
"2024-02-13 08:00:00 pm","67.3","82.3","67.6","61.8","point"
"2024-02-13 10:00:00 pm","64.6","91.6","65.1","62.2","point"
"2024-02-14 12:00:00 am","62.2","94.2","63.0","60.4","point"
"2024-02-14 02:00:00 am","61.0","95.6","61.7","59.7","point"
"2024-02-14 04:00:00 am","61.4","95.6","62.2","60.2","point"
"2024-02-14 06:00:00 am","60.4","96.1","61.5","59.3","point"
"2024-02-14 08:00:00 am","62.2","97.1","63.1","61.3","point"
"2024-02-14 10:00:00 am","68.6","92.7","70.0","66.4","point"
"2024-02-14 12:00:00 pm","74.1","77.3","75.4","66.5","point"
"2024-02-14 02:00:00 pm","76.8","57.9","76.3","60.8","point"
"2024-02-14 04:00:00 pm","76.4","51.7","75.4","57.3","point"
"2024-02-14 06:00:00 pm","75.4","70.8","76.5","65.3","point"
"2024-02-14 08:00:00 pm","72.3","86.2","74.1","68.0","point"
"2024-02-14 10:00:00 pm","68.8","92.8","70.2","66.6","point"
"2024-02-15 12:00:00 am","65.7","94.8","66.7","64.1","point"
"2024-02-15 02:00:00 am","63.5","96.5","64.4","62.4","point"
"2024-02-15 04:00:00 am","63.2","96.5","64.2","62.2","point"
"2024-02-15 06:00:00 am","62.2","95.5","63.0","60.9","point"
"2024-02-15 08:00:00 am","64.1","95.0","64.9","62.6","point"
"2024-02-15 10:00:00 am","69.4","88.0","70.5","65.6","point"
"2024-02-15 12:00:00 pm","74.2","75.0","75.6","65.8","point"
"2024-02-15 02:00:00 pm","76.1","60.0","76.1","61.2","point"
"2024-02-15 04:00:00 pm","76.1","59.5","75.7","61.0","point"
"2024-02-15 06:00:00 pm","73.7","70.5","74.5","63.5","point"
"2024-02-15 08:00:00 pm","66.9","86.1","67.3","62.6","point"
"2024-02-15 10:00:00 pm","63.1","92.9","63.7","61.0","point"
"2024-02-16 12:00:00 am","61.3","94.9","62.1","59.8","point"
"2024-02-16 02:00:00 am","62.4","87.5","62.4","58.7","point"
"2024-02-16 04:00:00 am","63.7","86.6","63.7","59.6","point"
"2024-02-16 06:00:00 am","64.3","84.6","64.2","59.6","point"
"2024-02-16 08:00:00 am","64.6","84.7","64.6","59.9","point"
"2024-02-16 10:00:00 am","68.5","78.6","68.7","61.5","point"
"2024-02-16 12:00:00 pm","74.0","60.3","73.9","59.4","point"
"2024-02-16 02:00:00 pm","77.2","55.8","76.8","60.2","point"
"2024-02-16 04:00:00 pm","77.4","47.2","76.1","55.7","point"
"2024-02-16 06:00:00 pm","75.4","63.5","75.7","62.2","point"
"2024-02-16 08:00:00 pm","68.2","78.6","68.5","61.3","point"
"2024-02-16 10:00:00 pm","65.3","90.8","66.0","62.5","point"
"2024-02-17 12:00:00 am","63.3","94.0","64.0","61.5","point"
"2024-02-17 02:00:00 am","62.6","94.7","63.3","61.0","point"
"2024-02-17 04:00:00 am","62.2","94.9","63.0","60.7","point"
"2024-02-17 06:00:00 am","62.9","94.7","63.7","61.4","point"
"2024-02-17 08:00:00 am","64.9","93.0","65.8","62.9","point"
"2024-02-17 10:00:00 am","69.1","84.4","70.0","64.2","point"
"2024-02-17 12:00:00 pm","74.4","71.7","75.2","64.6","point"
"2024-02-17 02:00:00 pm","77.8","59.4","78.1","62.5","point"
"2024-02-17 04:00:00 pm","78.4","65.0","79.9","65.7","point"
"2024-02-17 06:00:00 pm","75.1","76.5","76.6","67.2","point"
"2024-02-17 08:00:00 pm","71.0","86.4","72.5","66.7","point"
"2024-02-17 10:00:00 pm","67.9","93.5","69.1","65.9","point"
"2024-02-18 12:00:00 am","65.5","95.4","66.6","64.1","point"
"2024-02-18 02:00:00 am","63.9","96.3","64.9","62.8","point"
"2024-02-18 04:00:00 am","61.6","96.8","62.6","60.7","point"
"2024-02-18 06:00:00 am","60.3","97.0","61.3","59.4","point"
"2024-02-18 08:00:00 am","61.3","96.1","62.2","60.1","point"
"2024-02-18 10:00:00 am","68.9","93.2","70.2","66.8","point"
"2024-02-18 12:00:00 pm","75.3","79.5","77.2","68.5","point"
"2024-02-18 02:00:00 pm","78.4","74.2","81.3","69.4","point"
"2024-02-18 04:00:00 pm","76.8","77.4","78.6","69.2","point"
"2024-02-18 06:00:00 pm","73.9","82.3","75.7","68.1","point"
"2024-02-18 08:00:00 pm","69.7","89.7","70.9","66.5","point"
"2024-02-18 10:00:00 pm","66.5","95.2","67.6","65.1","point"
"2024-02-19 12:00:00 am","66.9","97.7","68.5","66.3","point"
"2024-02-19 02:00:00 am","65.9","97.7","67.3","65.2","point"
"2024-02-19 04:00:00 am","65.5","99.3","66.9","65.3","point"
"2024-02-19 06:00:00 am","63.1","98.2","64.2","62.5","point"
"2024-02-19 08:00:00 am","63.5","98.7","64.6","63.1","point"
"2024-02-19 10:00:00 am","68.9","92.2","70.2","66.5","point"
"2024-02-19 12:00:00 pm","74.8","81.0","76.6","68.6","point"
"2024-02-19 02:00:00 pm","76.2","78.7","78.1","69.1","point"
"2024-02-19 04:00:00 pm","76.8","76.2","78.8","68.8","point"
"2024-02-19 06:00:00 pm","73.9","80.8","75.6","67.7","point"
"2024-02-19 08:00:00 pm","70.4","89.4","71.8","67.2","point"
"2024-02-19 10:00:00 pm","67.9","95.5","69.3","66.6","point"
"2024-02-20 12:00:00 am","65.9","96.2","67.1","64.8","point"
"2024-02-20 02:00:00 am","65.3","96.7","66.6","64.3","point"
"2024-02-20 04:00:00 am","63.2","97.1","64.2","62.4","point"
"2024-02-20 06:00:00 am","61.3","97.9","62.4","60.7","point"
"2024-02-20 08:00:00 am","62.4","97.7","63.7","61.8","point"
"2024-02-20 10:00:00 am","69.3","96.7","71.1","68.3","point"
"2024-02-20 12:00:00 pm","74.6","82.1","76.6","68.7","point"
"2024-02-20 02:00:00 pm","76.6","78.1","78.6","69.3","point"
"2024-02-20 04:00:00 pm","76.7","82.7","79.5","71.0","point"
"2024-02-20 06:00:00 pm","74.2","85.2","76.5","69.4","point"
"2024-02-20 08:00:00 pm","71.9","93.8","73.9","70.0","point"
"2024-02-20 10:00:00 pm","69.4","96.5","71.1","68.3","point"
"2024-02-21 12:00:00 am","67.0","97.8","68.5","66.3","point"
"2024-02-21 02:00:00 am","67.4","98.7","68.9","67.0","point"
"2024-02-21 04:00:00 am","67.5","98.9","69.1","67.2","point"
"2024-02-21 06:00:00 am","66.0","98.6","67.3","65.6","point"
"2024-02-21 08:00:00 am","66.7","99.1","68.2","66.5","point"
"2024-02-21 10:00:00 am","70.6","93.9","72.3","68.8","point"
"2024-02-21 12:00:00 pm","75.1","78.3","76.8","67.9","point"
"2024-02-21 02:00:00 pm","78.4","81.2","82.6","72.2","point"
"2024-02-21 04:00:00 pm","77.5","81.4","80.8","71.3","point"
"2024-02-21 06:00:00 pm","74.3","84.0","76.6","69.2","point"
"2024-02-21 08:00:00 pm","69.9","90.0","71.4","66.9","point"
"2024-02-21 10:00:00 pm","67.0","94.4","68.2","65.3","point"
"2024-02-22 12:00:00 am","64.3","96.0","65.3","63.1","point"
"2024-02-22 02:00:00 am","61.6","96.4","62.6","60.5","point"
"2024-02-22 04:00:00 am","60.0","97.5","60.8","59.3","point"
"2024-02-22 06:00:00 am","60.5","97.7","61.5","59.9","point"
"2024-02-22 08:00:00 am","62.9","98.3","64.0","62.3","point"
"2024-02-22 10:00:00 am","67.6","89.4","68.4","64.4","point"
"2024-02-22 12:00:00 pm","74.0","74.0","75.2","65.2","point"
"2024-02-22 02:00:00 pm","77.2","74.4","79.0","68.4","point"
"2024-02-22 04:00:00 pm","75.6","77.0","77.4","67.9","point"
"2024-02-22 06:00:00 pm","72.2","79.2","73.6","65.4","point"
"2024-02-22 08:00:00 pm","70.0","88.0","71.4","66.3","point"
"2024-02-22 10:00:00 pm","65.7","94.0","66.7","64.0","point"
"2024-02-23 12:00:00 am","62.3","95.2","63.1","60.9","point"
"2024-02-23 02:00:00 am","60.0","96.5","60.8","59.0","point"
"2024-02-23 04:00:00 am","57.7","95.9","58.5","56.5","point"
"2024-02-23 06:00:00 am","55.7","96.0","56.5","54.6","point"
"2024-02-23 08:00:00 am","56.0","96.0","56.8","54.9","point"
"2024-02-23 10:00:00 am","65.9","82.9","66.0","60.6","point"
"2024-02-23 12:00:00 pm","74.4","64.5","74.7","61.7","point"
"2024-02-23 02:00:00 pm","75.9","66.3","76.5","63.9","point"
"2024-02-23 04:00:00 pm","74.9","69.8","75.7","64.4","point"
"2024-02-23 06:00:00 pm","71.7","74.0","72.5","63.0","point"
"2024-02-23 08:00:00 pm","67.9","85.0","68.5","63.2","point"
"2024-02-23 10:00:00 pm","65.4","93.4","66.2","63.4","point"
"2024-02-24 12:00:00 am","62.4","94.9","63.1","60.9","point"
"2024-02-24 02:00:00 am","60.8","96.2","61.9","59.7","point"
"2024-02-24 04:00:00 am","58.6","96.4","59.4","57.6","point"
"2024-02-24 06:00:00 am","57.0","96.3","57.9","56.0","point"
"2024-02-24 08:00:00 am","57.3","98.4","58.3","56.8","point"
"2024-02-24 10:00:00 am","67.5","91.1","68.5","64.8","point"
"2024-02-24 12:00:00 pm","74.0","78.2","75.6","66.8","point"
"2024-02-24 02:00:00 pm","75.4","64.8","75.7","62.7","point"
"2024-02-24 04:00:00 pm","74.1","70.1","74.8","63.7","point"
"2024-02-24 06:00:00 pm","71.5","76.9","72.5","63.9","point"
"2024-02-24 08:00:00 pm","69.1","89.5","70.2","65.8","point"
"2024-02-24 10:00:00 pm","66.5","94.6","67.6","64.9","point"
"2024-02-25 12:00:00 am","63.6","96.0","64.6","62.5","point"
"2024-02-25 02:00:00 am","61.3","95.8","62.2","60.1","point"
"2024-02-25 04:00:00 am","59.0","95.7","59.7","57.8","point"
"2024-02-25 06:00:00 am","58.0","97.2","58.8","57.3","point"
"2024-02-25 08:00:00 am","60.6","98.1","61.5","60.1","point"
"2024-02-25 10:00:00 am","67.8","95.6","69.1","66.5","point"
"2024-02-25 12:00:00 pm","73.3","89.7","75.6","70.1","point"
"2024-02-25 02:00:00 pm","76.2","85.0","79.0","71.4","point"
"2024-02-25 04:00:00 pm","76.7","84.7","79.9","71.7","point"
"2024-02-25 06:00:00 pm","74.3","88.2","76.6","70.5","point"
"2024-02-25 08:00:00 pm","69.9","90.9","71.4","67.2","point"
"2024-02-25 10:00:00 pm","66.3","95.3","67.5","64.9","point"
"2024-02-26 12:00:00 am","64.7","97.0","65.7","63.8","point"
"2024-02-26 02:00:00 am","64.0","97.6","65.1","63.3","point"
"2024-02-26 04:00:00 am","64.4","98.5","65.5","63.9","point"
"2024-02-26 06:00:00 am","64.0","98.7","65.1","63.6","point"
"2024-02-26 08:00:00 am","65.4","96.4","66.6","64.3","point"
"2024-02-26 10:00:00 am","69.4","84.2","70.3","64.4","point"
"2024-02-26 12:00:00 pm","74.9","73.6","76.1","65.9","point"
"2024-02-26 02:00:00 pm","77.4","65.7","78.4","65.0","point"
"2024-02-26 04:00:00 pm","77.1","62.0","77.4","63.1","point"
"2024-02-26 06:00:00 pm","75.6","57.9","75.2","59.7","point"
"2024-02-26 08:00:00 pm","70.8","81.9","72.0","65.0","point"
"2024-02-26 10:00:00 pm","67.5","93.7","68.7","65.6","point"
"2024-02-27 12:00:00 am","65.0","95.4","66.0","63.7","point"
"2024-02-27 02:00:00 am","63.6","94.3","64.4","61.9","point"
"2024-02-27 04:00:00 am","63.8","93.4","64.4","61.8","point"
"2024-02-27 06:00:00 am","65.1","91.9","65.7","62.7","point"
"2024-02-27 08:00:00 am","66.3","92.5","67.3","64.0","point"
"2024-02-27 10:00:00 am","70.6","86.2","71.8","66.3","point"
"2024-02-27 12:00:00 pm","75.8","72.5","77.0","66.4","point"
"2024-02-27 02:00:00 pm","79.2","60.5","80.4","64.4","point"
"2024-02-27 04:00:00 pm","78.7","55.4","78.8","61.4","point"
"2024-02-27 06:00:00 pm","76.6","77.0","78.4","68.8","point"
"2024-02-27 08:00:00 pm","72.8","85.9","74.7","68.3","point"
"2024-02-27 10:00:00 pm","69.4","93.4","70.7","67.5","point"
"2024-02-28 12:00:00 am","67.1","95.0","68.4","65.6","point"
"2024-02-28 02:00:00 am","65.1","96.7","66.4","64.2","point"
"2024-02-28 04:00:00 am","65.5","94.0","66.6","63.7","point"
"2024-02-28 06:00:00 am","64.3","94.2","65.1","62.6","point"
"2024-02-28 08:00:00 am","63.9","96.5","64.9","62.9","point"
"2024-02-28 10:00:00 am","70.6","88.4","72.0","67.0","point"
"2024-02-28 12:00:00 pm","76.0","75.9","77.5","67.8","point"
"2024-02-28 02:00:00 pm","78.8","60.5","79.7","64.0","point"
"2024-02-28 04:00:00 pm","79.7","72.7","83.7","70.2","point"
"2024-02-28 06:00:00 pm","76.0","81.9","78.4","70.1","point"
"2024-02-28 08:00:00 pm","72.7","89.6","74.8","69.4","point"
"2024-02-28 10:00:00 pm","69.7","95.1","71.4","68.2","point"
"2024-02-29 12:00:00 am","68.7","98.3","70.5","68.2","point"
"2024-02-29 02:00:00 am","63.7","88.3","63.9","60.1","point"
"2024-02-29 04:00:00 am","66.1","84.7","66.4","61.4","point"
"2024-02-29 06:00:00 am","64.8","85.0","64.8","60.1","point"
"2024-02-29 08:00:00 am","65.7","86.6","66.0","61.5","point"
"2024-02-29 10:00:00 am","71.0","78.7","72.0","64.1","point"
"2024-02-29 12:00:00 pm","75.8","62.8","75.9","62.3","point"
"2024-02-29 02:00:00 pm","79.1","46.4","77.9","56.8","point"
"2024-02-29 04:00:00 pm","79.2","51.4","79.0","59.8","point"
"2024-02-29 06:00:00 pm","76.6","80.9","79.3","70.3","point"
"2024-02-29 08:00:00 pm","73.2","91.1","75.6","70.4","point"
"2024-02-29 10:00:00 pm","70.5","94.3","72.3","68.8","point"
"2024-03-01 12:00:00 am","67.6","95.8","68.9","66.4","point"
"2024-03-01 02:00:00 am","66.2","97.0","67.3","65.3","point"
"2024-03-01 04:00:00 am","63.7","95.4","64.4","62.3","point"
"2024-03-01 06:00:00 am","61.8","96.0","62.8","60.6","point"
"2024-03-01 08:00:00 am","64.1","93.6","64.8","62.2","point"
"2024-03-01 10:00:00 am","69.3","86.1","70.3","64.9","point"
"2024-03-01 12:00:00 pm","74.4","65.1","74.7","61.9","point"
"2024-03-01 02:00:00 pm","77.2","53.2","76.5","58.8","point"
"2024-03-01 04:00:00 pm","76.5","49.6","75.2","56.2","point"
"2024-03-01 06:00:00 pm","75.5","68.5","76.1","64.4","point"
"2024-03-01 08:00:00 pm","73.1","89.4","75.4","69.8","point"
"2024-03-01 10:00:00 pm","71.7","93.3","73.8","69.7","point"
"2024-03-02 12:00:00 am","68.7","96.3","70.2","67.6","point"
"2024-03-02 02:00:00 am","66.6","96.3","68.0","65.5","point"
"2024-03-02 04:00:00 am","65.0","93.4","65.8","63.0","point"
"2024-03-02 06:00:00 am","62.8","93.8","63.7","61.0","point"
"2024-03-02 08:00:00 am","62.8","94.9","63.7","61.3","point"
"2024-03-02 10:00:00 am","69.7","83.1","70.7","64.3","point"
"2024-03-02 12:00:00 pm","75.7","65.0","75.9","63.1","point"
"2024-03-02 02:00:00 pm","78.6","63.7","80.2","65.3","point"
"2024-03-02 04:00:00 pm","77.0","70.1","78.1","66.5","point"
"2024-03-02 06:00:00 pm","74.0","78.7","75.6","66.9","point"
"2024-03-02 08:00:00 pm","72.6","90.0","74.7","69.5","point"
"2024-03-02 10:00:00 pm","71.2","92.9","72.9","69.0","point"
"2024-03-03 12:00:00 am","70.1","94.6","71.8","68.5","point"
"2024-03-03 02:00:00 am","68.4","95.7","69.8","67.1","point"
"2024-03-03 04:00:00 am","65.0","96.4","66.2","64.0","point"
"2024-03-03 06:00:00 am","63.9","97.1","64.9","63.1","point"
"2024-03-03 08:00:00 am","64.3","96.1","65.3","63.2","point"
"2024-03-03 10:00:00 am","70.8","90.8","72.5","68.0","point"
"2024-03-03 12:00:00 pm","74.8","88.5","77.4","71.1","point"
"2024-03-03 02:00:00 pm","78.0","79.9","81.7","71.3","point"
"2024-03-03 04:00:00 pm","77.7","80.2","81.0","71.1","point"
"2024-03-03 06:00:00 pm","74.7","85.0","77.2","69.9","point"
"2024-03-03 08:00:00 pm","71.0","90.1","72.7","68.0","point"
"2024-03-03 10:00:00 pm","68.1","95.2","69.4","66.7","point"
"2024-03-04 12:00:00 am","65.9","96.2","67.1","64.8","point"
"2024-03-04 02:00:00 am","64.4","97.3","65.5","63.6","point"
"2024-03-04 04:00:00 am","63.1","97.7","64.2","62.4","point"
"2024-03-04 06:00:00 am","62.2","98.4","63.3","61.8","point"
"2024-03-04 08:00:00 am","63.1","98.4","64.2","62.7","point"
"2024-03-04 10:00:00 am","70.0","92.9","71.6","67.8","point"
"2024-03-04 12:00:00 pm","75.8","82.3","78.3","70.0","point"
"2024-03-04 02:00:00 pm","77.6","78.2","80.6","70.3","point"
"2024-03-04 04:00:00 pm","77.5","79.4","80.6","70.6","point"
"2024-03-04 06:00:00 pm","74.6","85.2","76.8","69.9","point"
"2024-03-04 08:00:00 pm","70.8","92.1","72.5","68.4","point"
"2024-03-04 10:00:00 pm","68.3","96.0","69.8","67.1","point"
"2024-03-05 12:00:00 am","67.1","97.6","68.7","66.4","point"
"2024-03-05 02:00:00 am","65.1","97.4","66.4","64.4","point"
"2024-03-05 04:00:00 am","64.9","98.6","66.0","64.5","point"
"2024-03-05 06:00:00 am","62.7","98.0","63.9","62.1","point"
"2024-03-05 08:00:00 am","63.1","99.3","64.2","62.9","point"
"2024-03-05 10:00:00 am","70.4","95.9","72.1","69.2","point"
"2024-03-05 12:00:00 pm","75.9","85.0","78.8","71.1","point"
"2024-03-05 02:00:00 pm","79.2","83.5","84.9","73.7","point"
"2024-03-05 04:00:00 pm","77.8","81.9","81.7","71.9","point"
"2024-03-05 06:00:00 pm","75.0","87.0","77.5","70.9","point"
"2024-03-05 08:00:00 pm","71.2","92.2","72.9","68.8","point"
"2024-03-05 10:00:00 pm","68.8","95.8","70.3","67.5","point"
"2024-03-06 12:00:00 am","67.5","96.2","68.9","66.4","point"
"2024-03-06 02:00:00 am","67.0","97.9","68.5","66.3","point"
"2024-03-06 04:00:00 am","65.5","98.0","66.9","65.0","point"
"2024-03-06 06:00:00 am","62.6","97.1","63.5","61.7","point"
"2024-03-06 08:00:00 am","62.8","98.5","63.9","62.3","point"
"2024-03-06 10:00:00 am","69.7","90.4","71.1","66.8","point"
"2024-03-06 12:00:00 pm","76.4","80.1","78.4","69.8","point"
"2024-03-06 02:00:00 pm","79.1","76.0","82.9","70.8","point"
"2024-03-06 04:00:00 pm","77.8","77.1","80.8","70.0","point"
"2024-03-06 06:00:00 pm","74.7","79.7","76.6","68.0","point"
"2024-03-06 08:00:00 pm","71.7","89.1","73.4","68.3","point"
"2024-03-06 10:00:00 pm","67.9","94.1","69.3","66.1","point"
"2024-03-07 12:00:00 am","64.9","95.8","66.2","63.7","point"
"2024-03-07 02:00:00 am","62.3","96.3","63.3","61.3","point"
"2024-03-07 04:00:00 am","61.6","97.0","62.6","60.7","point"
"2024-03-07 06:00:00 am","60.6","97.2","61.5","59.8","point"
"2024-03-07 08:00:00 am","62.4","98.4","63.7","62.0","point"
"2024-03-07 10:00:00 am","69.4","89.3","70.5","66.1","point"
"2024-03-07 12:00:00 pm","76.0","75.7","77.5","67.8","point"
"2024-03-07 02:00:00 pm","77.2","77.5","79.7","69.7","point"
"2024-03-07 04:00:00 pm","77.8","74.4","80.2","69.0","point"
"2024-03-07 06:00:00 pm","75.3","78.5","77.0","68.1","point"
"2024-03-07 08:00:00 pm","71.9","84.3","73.4","66.9","point"
"2024-03-07 10:00:00 pm","68.1","92.6","69.3","65.8","point"
"2024-03-08 12:00:00 am","65.9","95.2","66.9","64.5","point"
"2024-03-08 02:00:00 am","63.7","93.8","64.2","61.8","point"
"2024-03-08 04:00:00 am","63.1","73.9","62.1","54.6","point"
"2024-03-08 06:00:00 am","61.1","81.3","60.8","55.3","point"
"2024-03-08 08:00:00 am","60.6","87.9","60.6","57.0","point"
"2024-03-08 10:00:00 am","70.3","72.3","70.7","61.0","point"
"2024-03-08 12:00:00 pm","77.0","64.3","77.5","64.1","point"
"2024-03-08 02:00:00 pm","78.2","69.3","80.2","67.3","point"
"2024-03-08 04:00:00 pm","78.0","73.9","80.6","69.0","point"
"2024-03-08 06:00:00 pm","75.0","73.8","76.1","66.0","point"
"2024-03-08 08:00:00 pm","71.6","88.4","73.4","68.0","point"
"2024-03-08 10:00:00 pm","67.7","93.6","68.9","65.8","point"
"2024-03-09 12:00:00 am","64.9","95.2","65.7","63.5","point"
"2024-03-09 02:00:00 am","63.5","96.0","64.4","62.3","point"
"2024-03-09 04:00:00 am","61.7","96.2","62.8","60.6","point"
"2024-03-09 06:00:00 am","60.7","97.1","61.7","59.9","point"
"2024-03-09 08:00:00 am","61.8","98.1","63.0","61.2","point"
"2024-03-09 10:00:00 am","69.8","86.8","70.9","65.7","point"
"2024-03-09 12:00:00 pm","76.3","72.4","77.5","66.7","point"
"2024-03-09 02:00:00 pm","78.2","74.8","81.0","69.6","point"
"2024-03-09 04:00:00 pm","77.6","71.7","79.5","67.7","point"
"2024-03-09 06:00:00 pm","74.5","74.1","75.7","65.8","point"
"2024-03-09 08:00:00 pm","73.4","90.1","75.7","70.3","point"
"2024-03-09 10:00:00 pm","71.7","93.7","73.8","69.8","point"
"2024-03-10 12:00:00 am","70.8","94.6","72.7","69.2","point"
"2024-03-10 02:00:00 am","69.9","95.6","71.6","68.5","point"
"2024-03-10 04:00:00 am","68.6","97.5","70.2","67.9","point"
"2024-03-10 06:00:00 am","67.9","97.8","69.6","67.2","point"
"2024-03-10 08:00:00 am","66.7","96.9","68.0","65.8","point"
"2024-03-10 10:00:00 am","71.1","81.4","72.3","65.1","point"
"2024-03-10 12:00:00 pm","76.4","77.1","78.1","68.6","point"
"2024-03-10 02:00:00 pm","78.1","71.4","80.6","68.1","point"
"2024-03-10 04:00:00 pm","77.3","77.0","79.7","69.5","point"
"2024-03-10 06:00:00 pm","75.1","83.0","77.4","69.6","point"
"2024-03-10 08:00:00 pm","73.6","93.1","76.5","71.5","point"
"2024-03-10 10:00:00 pm","72.6","94.6","75.2","70.9","point"
"2024-03-11 12:00:00 am","71.7","96.5","73.9","70.7","point"
"2024-03-11 02:00:00 am","71.2","97.1","73.0","70.3","point"
"2024-03-11 04:00:00 am","69.8","97.9","71.6","69.2","point"
"2024-03-11 06:00:00 am","68.6","98.3","70.3","68.1","point"
"2024-03-11 08:00:00 am","68.9","98.3","70.7","68.4","point"
"2024-03-11 10:00:00 am","73.3","87.2","75.4","69.2","point"
"2024-03-11 12:00:00 pm","78.0","85.3","82.6","73.2","point"
"2024-03-11 02:00:00 pm","78.5","79.9","82.8","71.7","point"
"2024-03-11 04:00:00 pm","77.4","78.3","80.2","70.1","point"
"2024-03-11 06:00:00 pm","75.8","83.4","78.4","70.4","point"
"2024-03-11 08:00:00 pm","73.8","91.4","76.6","71.1","point"
"2024-03-11 10:00:00 pm","72.0","94.9","74.3","70.5","point"
"2024-03-12 12:00:00 am","71.5","95.9","73.6","70.3","point"
"2024-03-12 02:00:00 am","70.9","96.5","72.9","69.8","point"
"2024-03-12 04:00:00 am","70.0","97.4","71.8","69.2","point"
"2024-03-12 06:00:00 am","67.4","97.7","68.9","66.7","point"
"2024-03-12 08:00:00 am","67.3","98.1","68.9","66.8","point"
"2024-03-12 10:00:00 am","73.0","94.7","75.6","71.3","point"
"2024-03-12 12:00:00 pm","77.6","83.5","81.5","72.2","point"
"2024-03-12 02:00:00 pm","79.7","81.0","85.3","73.3","point"
"2024-03-12 04:00:00 pm","78.8","80.8","83.7","72.4","point"
"2024-03-12 06:00:00 pm","76.0","86.9","79.0","71.8","point"
"2024-03-12 08:00:00 pm","73.4","90.9","76.1","70.6","point"
"2024-03-12 10:00:00 pm","71.2","94.9","73.0","69.6","point"
"2024-03-13 12:00:00 am","69.9","93.8","71.4","68.0","point"
"2024-03-13 02:00:00 am","67.3","96.1","68.7","66.2","point"
"2024-03-13 04:00:00 am","65.8","97.5","67.1","65.0","point"
"2024-03-13 06:00:00 am","64.5","97.5","65.5","63.8","point"
"2024-03-13 08:00:00 am","65.6","98.5","66.9","65.2","point"
"2024-03-13 10:00:00 am","70.7","90.8","72.1","67.8","point"
"2024-03-13 12:00:00 pm","74.8","88.0","77.4","71.0","point"
"2024-03-13 02:00:00 pm","77.2","83.3","80.8","71.8","point"
"2024-03-13 04:00:00 pm","76.8","85.5","79.9","72.1","point"
"2024-03-13 06:00:00 pm","74.9","89.5","77.7","71.6","point"
"2024-03-13 08:00:00 pm","73.1","93.1","75.7","71.0","point"
"2024-03-13 10:00:00 pm","71.3","94.1","73.4","69.5","point"
"2024-03-14 12:00:00 am","69.7","96.3","71.4","68.6","point"
"2024-03-14 02:00:00 am","69.2","97.4","70.7","68.4","point"
"2024-03-14 04:00:00 am","67.7","98.0","69.3","67.2","point"
"2024-03-14 06:00:00 am","67.5","98.9","69.1","67.2","point"
"2024-03-14 08:00:00 am","67.7","98.9","69.3","67.4","point"
"2024-03-14 10:00:00 am","70.9","93.2","72.7","68.8","point"
"2024-03-14 12:00:00 pm","74.8","87.0","77.4","70.7","point"
"2024-03-14 02:00:00 pm","76.8","84.0","79.7","71.6","point"
"2024-03-14 04:00:00 pm","76.4","85.3","79.2","71.6","point"
"2024-03-14 06:00:00 pm","74.4","87.6","77.0","70.4","point"
"2024-03-14 08:00:00 pm","72.7","91.7","75.2","70.1","point"
"2024-03-14 10:00:00 pm","68.9","95.4","70.5","67.6","point"
"2024-03-15 12:00:00 am","66.1","96.6","67.3","65.0","point"
"2024-03-15 02:00:00 am","64.8","97.6","66.0","64.0","point"
"2024-03-15 04:00:00 am","63.7","97.8","64.9","63.1","point"
"2024-03-15 06:00:00 am","62.3","97.5","63.5","61.6","point"
"2024-03-15 08:00:00 am","63.8","98.2","64.9","63.3","point"
"2024-03-15 10:00:00 am","70.6","92.7","72.1","68.4","point"
"2024-03-15 12:00:00 pm","76.1","82.5","78.4","70.4","point"
"2024-03-15 02:00:00 pm","78.3","79.3","82.4","71.3","point"
"2024-03-15 04:00:00 pm","77.6","84.3","81.5","72.4","point"
"2024-03-15 06:00:00 pm","75.1","84.0","77.5","70.0","point"
"2024-03-15 08:00:00 pm","72.7","92.6","75.2","70.4","point"
"2024-03-15 10:00:00 pm","70.1","96.6","71.8","69.1","point"
"2024-03-16 12:00:00 am","69.4","98.4","71.2","68.9","point"
"2024-03-16 02:00:00 am","68.8","98.7","70.5","68.4","point"
"2024-03-16 04:00:00 am","66.9","98.4","68.4","66.4","point"
"2024-03-16 06:00:00 am","64.3","97.3","65.3","63.5","point"
"2024-03-16 08:00:00 am","64.6","97.6","65.8","64.0","point"
"2024-03-16 10:00:00 am","70.5","84.4","71.8","65.6","point"
"2024-03-16 12:00:00 pm","76.9","73.6","78.6","67.8","point"
"2024-03-16 02:00:00 pm","78.9","79.7","83.5","72.1","point"
"2024-03-16 04:00:00 pm","77.5","82.2","81.0","71.6","point"
"2024-03-16 06:00:00 pm","75.3","85.3","77.9","70.6","point"
"2024-03-16 08:00:00 pm","72.5","93.1","74.7","70.4","point"
"2024-03-16 10:00:00 pm","70.2","96.2","72.0","69.0","point"
"2024-03-17 12:00:00 am","67.9","97.0","69.4","67.0","point"
"2024-03-17 02:00:00 am","66.7","97.6","68.2","66.0","point"
"2024-03-17 04:00:00 am","64.5","97.6","65.7","63.8","point"
"2024-03-17 06:00:00 am","63.8","98.8","64.9","63.4","point"
"2024-03-17 08:00:00 am","65.4","97.7","66.7","64.8","point"
"2024-03-17 10:00:00 am","72.0","89.1","73.9","68.6","point"
"2024-03-17 12:00:00 pm","76.8","77.7","78.6","69.3","point"
"2024-03-17 02:00:00 pm","79.8","81.1","85.6","73.5","point"
"2024-03-17 04:00:00 pm","78.6","80.0","83.1","71.9","point"
"2024-03-17 06:00:00 pm","75.8","87.2","78.6","71.7","point"
"2024-03-17 08:00:00 pm","73.1","92.0","75.6","70.6","point"
"2024-03-17 10:00:00 pm","71.5","93.5","73.4","69.5","point"
"2024-03-18 12:00:00 am","70.4","94.3","72.1","68.7","point"
"2024-03-18 02:00:00 am","68.9","95.8","70.5","67.7","point"
"2024-03-18 04:00:00 am","66.7","96.9","68.0","65.8","point"
"2024-03-18 06:00:00 am","63.8","96.7","64.8","62.9","point"
"2024-03-18 08:00:00 am","64.6","98.2","65.8","64.1","point"
"2024-03-18 10:00:00 am","71.7","90.7","73.6","68.8","point"
"2024-03-18 12:00:00 pm","76.7","71.4","77.9","66.7","point"
"2024-03-18 02:00:00 pm","79.0","78.6","83.7","71.8","point"
"2024-03-18 04:00:00 pm","78.2","81.0","82.2","71.8","point"
"2024-03-18 06:00:00 pm","75.7","87.3","78.6","71.7","point"
"2024-03-18 08:00:00 pm","73.0","90.8","75.4","70.1","point"
"2024-03-18 10:00:00 pm","68.7","92.4","70.2","66.4","point"
"2024-03-19 12:00:00 am","65.9","95.6","66.9","64.6","point"
"2024-03-19 02:00:00 am","65.5","97.2","66.7","64.7","point"
"2024-03-19 04:00:00 am","64.6","97.4","65.7","63.9","point"
"2024-03-19 06:00:00 am","63.9","96.5","64.9","62.8","point"
"2024-03-19 08:00:00 am","65.1","92.9","65.8","63.0","point"
"2024-03-19 10:00:00 am","70.0","83.0","71.2","64.6","point"
"2024-03-19 12:00:00 pm","75.9","73.0","77.0","66.6","point"
"2024-03-19 02:00:00 pm","79.5","75.9","84.0","71.3","point"
"2024-03-19 04:00:00 pm","78.5","78.3","82.4","71.2","point"
"2024-03-19 06:00:00 pm","76.3","83.8","79.0","71.1","point"
"2024-03-19 08:00:00 pm","73.2","89.7","75.4","70.0","point"
"2024-03-19 10:00:00 pm","69.0","94.4","70.5","67.4","point"
"2024-03-20 12:00:00 am","66.5","96.0","67.8","65.3","point"
"2024-03-20 02:00:00 am","64.8","95.9","65.8","63.6","point"
"2024-03-20 04:00:00 am","63.6","96.8","64.6","62.7","point"
"2024-03-20 06:00:00 am","61.7","97.2","62.6","60.9","point"
"2024-03-20 08:00:00 am","62.8","98.2","64.0","62.3","point"
"2024-03-20 10:00:00 am","71.2","88.7","72.7","67.6","point"
"2024-03-20 12:00:00 pm","76.4","79.8","78.4","69.7","point"
"2024-03-20 02:00:00 pm","78.3","78.1","82.0","70.9","point"
"2024-03-20 04:00:00 pm","77.2","80.2","79.9","70.6","point"
"2024-03-20 06:00:00 pm","75.3","87.1","78.1","71.2","point"
"2024-03-20 08:00:00 pm","73.8","92.4","76.6","71.4","point"
"2024-03-20 10:00:00 pm","72.0","94.3","74.3","70.3","point"
"2024-03-21 12:00:00 am","69.1","96.7","70.5","68.1","point"
"2024-03-21 02:00:00 am","68.5","98.0","70.2","67.9","point"
"2024-03-21 04:00:00 am","68.9","98.6","70.7","68.5","point"
"2024-03-21 06:00:00 am","67.2","98.6","68.7","66.8","point"
"2024-03-21 08:00:00 am","69.7","98.8","71.6","69.3","point"
"2024-03-21 10:00:00 am","71.4","92.3","73.2","69.0","point"
"2024-03-21 12:00:00 pm","75.5","83.3","77.9","70.1","point"
"2024-03-21 02:00:00 pm","77.0","78.8","79.3","69.9","point"
"2024-03-21 04:00:00 pm","76.6","81.7","79.0","70.6","point"
"2024-03-21 06:00:00 pm","75.8","85.7","78.4","71.3","point"
"2024-03-21 08:00:00 pm","74.6","93.5","77.7","72.6","point"
"2024-03-21 10:00:00 pm","73.3","96.0","76.3","72.1","point"
"2024-03-22 12:00:00 am","72.1","96.8","74.7","71.2","point"
"2024-03-22 02:00:00 am","70.4","97.1","72.1","69.5","point"
"2024-03-22 04:00:00 am","68.7","98.1","70.3","68.1","point"
"2024-03-22 06:00:00 am","67.0","97.9","68.5","66.4","point"
"2024-03-22 08:00:00 am","67.6","98.6","69.1","67.1","point"
"2024-03-22 10:00:00 am","72.3","96.3","75.0","71.2","point"
"2024-03-22 12:00:00 pm","77.0","87.6","81.0","73.1","point"
"2024-03-22 02:00:00 pm","78.9","87.0","84.7","74.7","point"
"2024-03-22 04:00:00 pm","78.2","84.4","82.8","73.1","point"
"2024-03-22 06:00:00 pm","76.0","91.7","79.5","73.4","point"
"2024-03-22 08:00:00 pm","73.7","95.3","76.8","72.2","point"
"2024-03-22 10:00:00 pm","73.0","97.2","75.7","72.2","point"
"2024-03-23 12:00:00 am","72.7","97.7","75.7","72.0","point"
"2024-03-23 02:00:00 am","71.5","98.5","73.8","71.0","point"
"2024-03-23 04:00:00 am","69.2","98.0","70.9","68.6","point"
"2024-03-23 06:00:00 am","68.3","98.8","70.0","67.9","point"
"2024-03-23 08:00:00 am","69.3","98.9","71.2","69.0","point"
"2024-03-23 10:00:00 am","72.9","95.6","75.7","71.5","point"
"2024-03-23 12:00:00 pm","75.9","87.1","79.0","71.8","point"
"2024-03-23 02:00:00 pm","78.8","88.4","85.1","75.1","point"
"2024-03-23 04:00:00 pm","78.7","87.2","84.6","74.6","point"
"2024-03-23 06:00:00 pm","76.7","88.4","80.2","73.0","point"
"2024-03-23 08:00:00 pm","74.9","94.2","78.4","73.1","point"
"2024-03-23 10:00:00 pm","73.0","95.9","75.7","71.7","point"
"2024-03-24 12:00:00 am","72.4","96.6","75.0","71.4","point"
"2024-03-24 02:00:00 am","71.2","97.0","73.0","70.3","point"
"2024-03-24 04:00:00 am","68.5","97.9","70.2","67.8","point"
"2024-03-24 06:00:00 am","66.8","98.0","68.4","66.2","point"
"2024-03-24 08:00:00 am","67.6","98.3","69.1","67.1","point"
"2024-03-24 10:00:00 am","73.8","96.4","77.0","72.7","point"
"2024-03-24 12:00:00 pm","77.0","86.3","80.4","72.5","point"
"2024-03-24 02:00:00 pm","79.8","85.1","86.4","74.9","point"
"2024-03-24 04:00:00 pm","79.4","82.1","85.1","73.5","point"
"2024-03-24 06:00:00 pm","76.8","87.4","80.6","72.8","point"
"2024-03-24 08:00:00 pm","74.9","93.3","78.3","72.8","point"
"2024-03-24 10:00:00 pm","73.1","97.0","76.1","72.2","point"
"2024-03-25 12:00:00 am","72.6","97.7","75.4","72.0","point"
"2024-03-25 02:00:00 am","69.7","97.5","71.6","69.0","point"
"2024-03-25 04:00:00 am","69.6","98.4","71.6","69.1","point"
"2024-03-25 06:00:00 am","67.2","98.6","68.7","66.8","point"
"2024-03-25 08:00:00 am","67.2","99.0","68.7","66.9","point"
"2024-03-25 10:00:00 am","73.0","87.3","75.0","69.0","point"
"2024-03-25 12:00:00 pm","78.1","66.2","79.7","65.9","point"
"2024-03-25 02:00:00 pm","80.4","75.7","85.5","72.0","point"
"2024-03-25 04:00:00 pm","79.5","78.1","84.6","72.1","point"
"2024-03-25 06:00:00 pm","77.1","80.2","79.9","70.5","point"
"2024-03-25 08:00:00 pm","75.3","91.6","78.6","72.7","point"
"2024-03-25 10:00:00 pm","74.0","94.3","77.2","72.2","point"
"2024-03-26 12:00:00 am","71.3","96.2","73.4","70.2","point"
"2024-03-26 02:00:00 am","67.5","94.9","68.9","66.0","point"
"2024-03-26 04:00:00 am","64.5","95.6","65.3","63.2","point"
"2024-03-26 06:00:00 am","63.7","96.7","64.6","62.7","point"
"2024-03-26 08:00:00 am","65.2","97.4","66.4","64.5","point"
"2024-03-26 10:00:00 am","73.0","91.7","75.4","70.4","point"
"2024-03-26 12:00:00 pm","78.7","82.7","83.7","73.0","point"
"2024-03-26 02:00:00 pm","79.6","81.7","85.3","73.5","point"
"2024-03-26 04:00:00 pm","78.4","83.9","83.1","73.1","point"
"2024-03-26 06:00:00 pm","76.8","88.4","80.2","73.1","point"
"2024-03-26 08:00:00 pm","75.1","93.6","78.4","73.1","point"
"2024-03-26 10:00:00 pm","73.9","95.2","77.0","72.4","point"
"2024-03-27 12:00:00 am","72.2","95.7","74.7","70.9","point"
"2024-03-27 02:00:00 am","72.0","97.3","74.5","71.2","point"
"2024-03-27 04:00:00 am","71.2","96.6","73.0","70.1","point"
"2024-03-27 06:00:00 am","70.4","96.7","72.1","69.4","point"
"2024-03-27 08:00:00 am","69.4","96.9","71.1","68.4","point"
"2024-03-27 10:00:00 am","74.5","90.1","77.5","71.4","point"
"2024-03-27 12:00:00 pm","79.4","71.5","82.8","69.4","point"
"2024-03-27 02:00:00 pm","80.9","76.8","86.7","73.0","point"
"2024-03-27 04:00:00 pm","79.9","82.5","86.2","74.1","point"
"2024-03-27 06:00:00 pm","77.7","88.2","82.6","74.0","point"
"2024-03-27 08:00:00 pm","75.3","93.5","78.8","73.3","point"
"2024-03-27 10:00:00 pm","73.8","94.9","76.8","72.2","point"
"2024-03-28 12:00:00 am","71.4","95.8","73.4","70.1","point"
"2024-03-28 02:00:00 am","68.3","96.5","69.8","67.3","point"
"2024-03-28 04:00:00 am","65.5","96.4","66.7","64.4","point"
"2024-03-28 06:00:00 am","63.5","96.9","64.6","62.6","point"
"2024-03-28 08:00:00 am","65.0","98.1","66.4","64.4","point"
"2024-03-28 10:00:00 am","73.8","91.2","76.5","71.1","point"
"2024-03-28 12:00:00 pm","78.6","73.4","81.5","69.4","point"
"2024-03-28 02:00:00 pm","80.4","67.5","84.0","68.7","point"
"2024-03-28 04:00:00 pm","80.2","79.6","86.0","73.3","point"
"2024-03-28 06:00:00 pm","77.9","88.9","83.3","74.4","point"
"2024-03-28 08:00:00 pm","75.6","92.9","79.2","73.4","point"
"2024-03-28 10:00:00 pm","74.2","94.6","77.4","72.5","point"
"2024-03-29 12:00:00 am","73.2","95.1","75.9","71.7","point"
"2024-03-29 02:00:00 am","72.3","96.2","74.7","71.2","point"
"2024-03-29 04:00:00 am","69.7","96.7","71.4","68.7","point"
"2024-03-29 06:00:00 am","67.0","96.8","68.4","66.1","point"
"2024-03-29 08:00:00 am","67.8","97.7","69.3","67.1","point"
"2024-03-29 10:00:00 am","72.8","92.1","75.2","70.4","point"
"2024-03-29 12:00:00 pm","78.8","83.1","83.7","73.2","point"
"2024-03-29 02:00:00 pm","79.8","81.6","85.6","73.7","point"
"2024-03-29 04:00:00 pm","79.4","84.3","85.5","74.2","point"
"2024-03-29 06:00:00 pm","76.5","86.9","79.7","72.3","point"
"2024-03-29 08:00:00 pm","74.0","91.1","76.8","71.2","point"
"2024-03-29 10:00:00 pm","72.6","93.6","75.0","70.7","point"
"2024-03-30 12:00:00 am","69.9","95.5","71.6","68.5","point"
"2024-03-30 02:00:00 am","68.1","96.2","69.6","66.9","point"
"2024-03-30 04:00:00 am","64.9","93.9","65.7","63.1","point"
"2024-03-30 06:00:00 am","63.5","94.3","64.2","61.8","point"
"2024-03-30 08:00:00 am","64.6","96.9","65.7","63.7","point"
"2024-03-30 10:00:00 am","72.7","89.4","74.8","69.4","point"
"2024-03-30 12:00:00 pm","78.7","78.7","82.9","71.5","point"
"2024-03-30 02:00:00 pm","80.4","74.7","85.1","71.6","point"
"2024-03-30 04:00:00 pm","79.7","79.0","84.7","72.6","point"
"2024-03-30 06:00:00 pm","77.1","84.2","80.4","71.9","point"
"2024-03-30 08:00:00 pm","74.2","88.1","76.6","70.4","point"
"2024-03-30 10:00:00 pm","72.8","92.9","75.2","70.6","point"
"2024-03-31 12:00:00 am","72.0","92.9","74.1","69.8","point"
"2024-03-31 02:00:00 am","70.8","93.6","72.5","68.8","point"
"2024-03-31 04:00:00 am","67.4","95.6","68.7","66.1","point"
"2024-03-31 06:00:00 am","64.9","96.2","65.8","63.8","point"
"2024-03-31 08:00:00 am","65.9","97.4","67.1","65.1","point"
"2024-03-31 10:00:00 am","72.0","85.9","73.6","67.6","point"
"2024-03-31 12:00:00 pm","79.3","80.6","84.4","72.8","point"
"2024-03-31 02:00:00 pm","79.8","79.5","85.3","72.9","point"
"2024-03-31 04:00:00 pm","79.0","81.5","84.0","72.9","point"
"2024-03-31 06:00:00 pm","76.9","85.4","80.2","72.2","point"
"2024-03-31 08:00:00 pm","75.6","92.7","79.2","73.3","point"
"2024-03-31 10:00:00 pm","74.0","94.5","77.2","72.3","point"
"2024-04-01 12:00:00 am","73.0","95.5","75.7","71.6","point"
"2024-04-01 02:00:00 am","72.2","96.3","74.7","71.1","point"
"2024-04-01 04:00:00 am","71.5","96.6","73.6","70.5","point"
"2024-04-01 06:00:00 am","70.7","97.3","72.3","69.9","point"
"2024-04-01 08:00:00 am","71.4","97.4","73.4","70.6","point"
"2024-04-01 10:00:00 am","74.0","92.8","77.0","71.8","point"
"2024-04-01 12:00:00 pm","78.9","84.7","84.6","73.9","point"
"2024-04-01 02:00:00 pm","80.0","81.1","86.0","73.6","point"
"2024-04-01 04:00:00 pm","79.5","81.3","84.9","73.2","point"
"2024-04-01 06:00:00 pm","77.2","85.9","80.6","72.6","point"
"2024-04-01 08:00:00 pm","76.1","93.4","79.7","74.0","point"
"2024-04-01 10:00:00 pm","74.7","95.0","78.3","73.1","point"
"2024-04-02 12:00:00 am","74.0","95.8","77.2","72.7","point"
"2024-04-02 02:00:00 am","72.6","94.8","75.2","71.0","point"
"2024-04-02 04:00:00 am","70.3","96.1","72.0","69.1","point"
"2024-04-02 06:00:00 am","67.5","96.3","68.9","66.4","point"
"2024-04-02 08:00:00 am","68.4","97.5","70.0","67.7","point"
"2024-04-02 10:00:00 am","73.9","89.1","76.3","70.4","point"
"2024-04-02 12:00:00 pm","78.9","79.6","83.5","72.1","point"
"2024-04-02 02:00:00 pm","80.8","81.6","87.8","74.7","point"
"2024-04-02 04:00:00 pm","80.1","81.4","86.4","73.9","point"
"2024-04-02 06:00:00 pm","77.9","88.5","82.6","74.2","point"
"2024-04-02 08:00:00 pm","76.0","92.6","79.7","73.7","point"
"2024-04-02 10:00:00 pm","74.4","95.8","77.7","73.1","point"
"2024-04-03 12:00:00 am","73.4","97.0","76.3","72.5","point"
"2024-04-03 02:00:00 am","73.0","97.9","75.9","72.3","point"
"2024-04-03 04:00:00 am","72.4","98.0","75.2","71.8","point"
"2024-04-03 06:00:00 am","71.0","97.3","72.9","70.2","point"
"2024-04-03 08:00:00 am","70.4","94.1","72.1","68.6","point"
"2024-04-03 10:00:00 am","73.7","90.4","76.3","70.7","point"
"2024-04-03 12:00:00 pm","78.2","79.8","82.0","71.4","point"
"2024-04-03 02:00:00 pm","80.1","80.2","86.0","73.4","point"
"2024-04-03 04:00:00 pm","79.4","83.3","85.3","73.9","point"
"2024-04-03 06:00:00 pm","77.6","87.8","82.2","73.7","point"
"2024-04-03 08:00:00 pm","75.1","91.1","78.3","72.3","point"
"2024-04-03 10:00:00 pm","73.6","93.1","76.5","71.5","point"
"2024-04-04 12:00:00 am","71.7","95.8","73.9","70.4","point"
"2024-04-04 02:00:00 am","69.7","96.1","71.4","68.5","point"
"2024-04-04 04:00:00 am","67.6","95.9","68.9","66.4","point"
"2024-04-04 06:00:00 am","66.1","96.4","67.3","65.0","point"
"2024-04-04 08:00:00 am","67.4","97.3","68.7","66.7","point"
"2024-04-04 10:00:00 am","73.3","81.8","75.0","67.4","point"
"2024-04-04 12:00:00 pm","79.5","78.9","84.4","72.4","point"
"2024-04-04 02:00:00 pm","80.9","76.6","86.5","72.9","point"
"2024-04-04 04:00:00 pm","80.2","79.9","86.0","73.4","point"
"2024-04-04 06:00:00 pm","77.7","83.4","81.9","72.3","point"
"2024-04-04 08:00:00 pm","76.0","91.8","79.5","73.4","point"
"2024-04-04 10:00:00 pm","73.9","94.0","76.8","72.0","point"
"2024-04-05 12:00:00 am","73.1","95.1","75.9","71.7","point"
"2024-04-05 02:00:00 am","71.2","95.5","73.0","69.9","point"
"2024-04-05 04:00:00 am","69.3","95.9","71.1","68.1","point"
"2024-04-05 06:00:00 am","66.9","96.0","68.2","65.7","point"
"2024-04-05 08:00:00 am","67.8","96.9","69.1","66.9","point"
"2024-04-05 10:00:00 am","74.6","86.5","77.0","70.3","point"
"2024-04-05 12:00:00 pm","80.5","79.6","86.7","73.7","point"
"2024-04-05 02:00:00 pm","80.6","82.7","87.8","74.9","point"
"2024-04-05 04:00:00 pm","79.9","84.2","86.5","74.7","point"
"2024-04-05 06:00:00 pm","78.0","86.9","82.8","73.8","point"
"2024-04-05 08:00:00 pm","75.9","91.6","79.5","73.3","point"
"2024-04-05 10:00:00 pm","74.3","93.5","77.2","72.3","point"
"2024-04-06 12:00:00 am","72.6","94.2","75.2","70.8","point"
"2024-04-06 02:00:00 am","71.2","96.5","73.0","70.1","point"
"2024-04-06 04:00:00 am","69.5","96.8","71.2","68.5","point"
"2024-04-06 06:00:00 am","68.1","97.0","69.6","67.2","point"
"2024-04-06 08:00:00 am","68.8","97.2","70.3","67.9","point"
"2024-04-06 10:00:00 am","75.5","89.5","78.4","72.2","point"
"2024-04-06 12:00:00 pm","81.5","80.4","89.1","74.9","point"
"2024-04-06 02:00:00 pm","82.8","81.2","92.3","76.5","point"
"2024-04-06 04:00:00 pm","82.4","79.7","90.3","75.5","point"
"2024-04-06 06:00:00 pm","79.3","84.2","85.1","74.1","point"
"2024-04-06 08:00:00 pm","76.7","91.5","80.8","74.0","point"
"2024-04-06 10:00:00 pm","75.3","93.0","78.8","73.1","point"
"2024-04-07 12:00:00 am","74.3","95.4","77.5","72.9","point"
"2024-04-07 02:00:00 am","73.8","96.5","77.0","72.7","point"
"2024-04-07 04:00:00 am","73.2","96.8","76.3","72.2","point"
"2024-04-07 06:00:00 am","72.6","96.1","75.2","71.4","point"
"2024-04-07 08:00:00 am","72.6","95.2","75.2","71.1","point"
"2024-04-07 10:00:00 am","74.6","91.9","77.5","72.1","point"
"2024-04-07 12:00:00 pm","78.6","82.5","83.7","72.9","point"
"2024-04-07 02:00:00 pm","80.7","81.5","87.4","74.5","point"
"2024-04-07 04:00:00 pm","79.9","83.4","86.2","74.4","point"
"2024-04-07 06:00:00 pm","77.3","84.4","80.8","72.3","point"
"2024-04-07 08:00:00 pm","74.6","87.1","77.0","70.4","point"
"2024-04-07 10:00:00 pm","73.5","92.2","76.1","71.1","point"
"2024-04-08 12:00:00 am","72.0","93.0","74.1","69.9","point"
"2024-04-08 02:00:00 am","70.3","94.5","72.0","68.7","point"
"2024-04-08 04:00:00 am","68.1","95.3","69.4","66.7","point"
"2024-04-08 06:00:00 am","65.4","94.8","66.4","63.9","point"
"2024-04-08 08:00:00 am","66.4","95.9","67.8","65.2","point"
"2024-04-08 10:00:00 am","73.7","83.7","75.7","68.5","point"
"2024-04-08 12:00:00 pm","79.4","71.4","82.8","69.3","point"
"2024-04-08 02:00:00 pm","81.5","69.6","85.8","70.5","point"
"2024-04-08 04:00:00 pm","81.0","72.1","85.8","71.2","point"
"2024-04-08 06:00:00 pm","78.4","81.8","82.6","72.4","point"
"2024-04-08 08:00:00 pm","75.2","85.5","77.5","70.5","point"
"2024-04-08 10:00:00 pm","74.2","91.1","77.0","71.4","point"
"2024-04-09 12:00:00 am","70.9","92.7","72.7","68.7","point"
"2024-04-09 02:00:00 am","68.4","94.1","69.8","66.6","point"
"2024-04-09 04:00:00 am","64.8","92.6","65.5","62.6","point"
"2024-04-09 06:00:00 am","62.2","92.8","62.8","60.1","point"
"2024-04-09 08:00:00 am","64.3","94.5","65.1","62.7","point"
"2024-04-09 10:00:00 am","73.5","89.5","75.9","70.2","point"
"2024-04-09 12:00:00 pm","79.3","76.7","83.5","71.4","point"
"2024-04-09 02:00:00 pm","80.7","76.2","86.0","72.5","point"
"2024-04-09 04:00:00 pm","80.5","75.1","85.6","71.9","point"
"2024-04-09 06:00:00 pm","78.3","84.0","83.1","73.1","point"
"2024-04-09 08:00:00 pm","75.6","89.4","78.8","72.3","point"
"2024-04-09 10:00:00 pm","74.0","92.0","76.8","71.5","point"
"2024-04-10 12:00:00 am","72.0","93.4","74.1","69.9","point"
"2024-04-10 02:00:00 am","69.4","95.0","70.9","67.8","point"
"2024-04-10 04:00:00 am","66.6","94.8","67.8","65.1","point"
"2024-04-10 06:00:00 am","65.0","95.6","66.0","63.7","point"
"2024-04-10 08:00:00 am","67.7","96.8","69.1","66.7","point"
"2024-04-10 10:00:00 am","74.9","88.5","77.7","71.3","point"
"2024-04-10 12:00:00 pm","80.1","73.9","84.6","71.0","point"
"2024-04-10 02:00:00 pm","81.6","78.8","88.7","74.4","point"
"2024-04-10 04:00:00 pm","81.7","76.2","88.2","73.4","point"
"2024-04-10 06:00:00 pm","78.1","80.1","82.0","71.4","point"
"2024-04-10 08:00:00 pm","74.3","84.4","76.3","69.3","point"
"2024-04-10 10:00:00 pm","72.3","92.4","74.5","69.9","point"
"2024-04-11 12:00:00 am","70.4","93.5","72.0","68.4","point"
"2024-04-11 02:00:00 am","68.0","94.6","69.4","66.4","point"
"2024-04-11 04:00:00 am","65.9","94.6","66.9","64.3","point"
"2024-04-11 06:00:00 am","63.8","95.1","64.6","62.4","point"
"2024-04-11 08:00:00 am","65.9","96.1","67.1","64.7","point"
"2024-04-11 10:00:00 am","73.5","86.5","75.7","69.2","point"
"2024-04-11 12:00:00 pm","79.2","79.7","84.2","72.3","point"
"2024-04-11 02:00:00 pm","80.7","76.1","86.0","72.5","point"
"2024-04-11 04:00:00 pm","80.7","75.2","86.0","72.1","point"
"2024-04-11 06:00:00 pm","77.8","81.3","81.5","71.6","point"
"2024-04-11 08:00:00 pm","74.5","84.2","76.8","69.4","point"
"2024-04-11 10:00:00 pm","71.0","89.7","72.5","67.8","point"
"2024-04-12 12:00:00 am","68.9","93.4","70.3","66.9","point"
"2024-04-12 02:00:00 am","66.3","93.9","67.5","64.5","point"
"2024-04-12 04:00:00 am","65.3","94.7","66.4","63.7","point"
"2024-04-12 06:00:00 am","64.7","95.2","65.5","63.3","point"
"2024-04-12 08:00:00 am","66.8","95.9","68.2","65.6","point"
"2024-04-12 10:00:00 am","74.2","85.9","76.5","69.6","point"
"2024-04-12 12:00:00 pm","78.1","79.2","81.9","71.1","point"
"2024-04-12 02:00:00 pm","80.0","76.5","84.9","71.9","point"
"2024-04-12 04:00:00 pm","79.4","77.6","84.0","71.8","point"
"2024-04-12 06:00:00 pm","76.1","79.0","78.1","69.1","point"
"2024-04-12 08:00:00 pm","74.6","90.5","77.5","71.6","point"
"2024-04-12 10:00:00 pm","73.1","92.6","75.7","70.8","point"
"2024-04-13 12:00:00 am","71.5","94.5","73.6","69.8","point"
"2024-04-13 02:00:00 am","69.5","95.1","71.1","68.0","point"
"2024-04-13 04:00:00 am","66.7","94.5","67.8","65.0","point"
"2024-04-13 06:00:00 am","64.7","95.0","65.5","63.2","point"
"2024-04-13 08:00:00 am","65.9","95.3","66.9","64.6","point"
"2024-04-13 10:00:00 am","73.0","87.2","75.0","69.0","point"
"2024-04-13 12:00:00 pm","78.1","77.1","81.5","70.3","point"
"2024-04-13 02:00:00 pm","79.9","79.6","85.3","73.0","point"
"2024-04-13 04:00:00 pm","78.5","80.1","82.8","71.8","point"
"2024-04-13 06:00:00 pm","75.9","82.1","78.4","70.1","point"
"2024-04-13 08:00:00 pm","73.0","89.0","75.2","69.5","point"
"2024-04-13 10:00:00 pm","70.2","96.2","72.0","69.0","point"
"2024-04-14 12:00:00 am","69.3","96.8","71.1","68.3","point"
"2024-04-14 02:00:00 am","67.7","96.8","69.1","66.7","point"
"2024-04-14 04:00:00 am","66.2","96.8","67.3","65.2","point"
"2024-04-14 06:00:00 am","66.0","97.0","67.1","65.1","point"
"2024-04-14 08:00:00 am","67.9","98.2","69.6","67.3","point"
"2024-04-14 10:00:00 am","73.9","95.6","77.0","72.6","point"
"2024-04-14 12:00:00 pm","78.2","85.9","82.9","73.6","point"
"2024-04-14 02:00:00 pm","79.8","84.9","86.4","74.8","point"
"2024-04-14 04:00:00 pm","79.5","86.4","86.0","75.1","point"
"2024-04-14 06:00:00 pm","77.5","85.9","81.5","72.9","point"
"2024-04-14 08:00:00 pm","76.0","91.1","79.3","73.2","point"
"2024-04-14 10:00:00 pm","74.5","94.0","77.9","72.6","point"
"2024-04-15 12:00:00 am","71.8","95.0","74.1","70.3","point"
"2024-04-15 02:00:00 am","69.9","95.4","71.6","68.5","point"
"2024-04-15 04:00:00 am","67.1","95.2","68.4","65.7","point"
"2024-04-15 06:00:00 am","65.4","95.8","66.6","64.2","point"
"2024-04-15 08:00:00 am","67.4","96.7","68.7","66.4","point"
"2024-04-15 10:00:00 am","73.6","88.2","76.1","69.9","point"
"2024-04-15 12:00:00 pm","78.9","72.4","82.0","69.3","point"
"2024-04-15 02:00:00 pm","81.1","57.9","82.6","64.9","point"
"2024-04-15 04:00:00 pm","81.4","52.3","82.0","62.3","point"
"2024-04-15 06:00:00 pm","80.1","76.7","85.3","72.1","point"
"2024-04-15 08:00:00 pm","76.4","87.8","79.5","72.5","point"
"2024-04-15 10:00:00 pm","74.7","91.2","77.7","71.9","point"
"2024-04-16 12:00:00 am","70.7","93.3","72.5","68.7","point"
"2024-04-16 02:00:00 am","69.0","93.1","70.3","66.9","point"
"2024-04-16 04:00:00 am","66.9","94.3","68.2","65.2","point"
"2024-04-16 06:00:00 am","65.3","94.8","66.4","63.8","point"
"2024-04-16 08:00:00 am","67.2","95.4","68.4","65.9","point"
"2024-04-16 10:00:00 am","75.0","87.3","77.7","71.0","point"
"2024-04-16 12:00:00 pm","80.1","72.6","84.4","70.5","point"
"2024-04-16 02:00:00 pm","81.2","77.6","87.6","73.5","point"
"2024-04-16 04:00:00 pm","81.5","77.2","87.8","73.6","point"
"2024-04-16 06:00:00 pm","78.4","85.0","83.3","73.5","point"
"2024-04-16 08:00:00 pm","75.7","89.7","78.8","72.5","point"
"2024-04-16 10:00:00 pm","74.4","92.6","77.5","72.1","point"
"2024-04-17 12:00:00 am","73.0","93.1","75.4","70.8","point"
"2024-04-17 02:00:00 am","70.5","94.6","72.3","68.9","point"
"2024-04-17 04:00:00 am","68.2","94.6","69.6","66.6","point"
"2024-04-17 06:00:00 am","67.1","94.6","68.4","65.5","point"
"2024-04-17 08:00:00 am","69.1","95.5","70.7","67.7","point"
"2024-04-17 10:00:00 am","72.4","90.2","74.7","69.4","point"
"2024-04-17 12:00:00 pm","76.3","85.2","79.2","71.5","point"
"2024-04-17 02:00:00 pm","78.4","80.9","82.6","72.1","point"
"2024-04-17 04:00:00 pm","78.4","81.5","82.6","72.2","point"
"2024-04-17 06:00:00 pm","76.3","88.4","79.5","72.6","point"
"2024-04-17 08:00:00 pm","74.2","88.8","76.8","70.7","point"
"2024-04-17 10:00:00 pm","71.6","92.1","73.4","69.1","point"
"2024-04-18 12:00:00 am","70.0","94.5","71.8","68.4","point"
"2024-04-18 02:00:00 am","69.8","95.2","71.4","68.3","point"
"2024-04-18 04:00:00 am","67.8","95.3","69.1","66.4","point"
"2024-04-18 06:00:00 am","65.8","94.6","66.7","64.1","point"
"2024-04-18 08:00:00 am","67.0","95.9","68.4","65.8","point"
"2024-04-18 10:00:00 am","73.3","81.0","75.0","67.1","point"
"2024-04-18 12:00:00 pm","78.6","77.2","82.6","70.9","point"
"2024-04-18 02:00:00 pm","81.2","76.0","87.1","73.0","point"
"2024-04-18 04:00:00 pm","80.0","79.3","85.6","73.0","point"
"2024-04-18 06:00:00 pm","78.0","85.0","82.6","73.1","point"
"2024-04-18 08:00:00 pm","75.5","92.5","78.8","73.1","point"
"2024-04-18 10:00:00 pm","69.7","98.8","71.6","69.3","point"
"2024-04-19 12:00:00 am","70.8","99.1","72.9","70.5","point"
"2024-04-19 02:00:00 am","71.5","99.1","73.9","71.2","point"
"2024-04-19 04:00:00 am","72.0","99.1","74.7","71.7","point"
"2024-04-19 06:00:00 am","71.7","99.1","74.1","71.5","point"
"2024-04-19 08:00:00 am","72.3","99.0","75.2","72.1","point"
"2024-04-19 10:00:00 am","73.7","98.8","77.2","73.4","point"
"2024-04-19 12:00:00 pm","75.9","98.6","80.4","75.5","point"
"2024-04-19 02:00:00 pm","78.4","96.3","85.5","77.2","point"
"2024-04-19 04:00:00 pm","77.9","93.9","83.8","76.0","point"
"2024-04-19 06:00:00 pm","76.6","95.6","81.0","75.3","point"
"2024-04-19 08:00:00 pm","74.2","96.1","77.5","73.0","point"
"2024-04-19 10:00:00 pm","66.6","97.6","68.2","65.9","point"
"2024-04-20 12:00:00 am","68.9","98.5","70.7","68.4","point"
"2024-04-20 02:00:00 am","70.2","98.6","72.1","69.8","point"
"2024-04-20 04:00:00 am","68.5","99.2","70.2","68.3","point"
"2024-04-20 06:00:00 am","68.6","99.2","70.3","68.4","point"
"2024-04-20 08:00:00 am","67.9","99.2","69.6","67.7","point"
"2024-04-20 10:00:00 am","69.4","99.1","71.2","69.1","point"
"2024-04-20 12:00:00 pm","72.5","98.9","75.2","72.1","point"
"2024-04-20 02:00:00 pm","74.0","98.7","77.5","73.6","point"
"2024-04-20 04:00:00 pm","74.8","98.6","78.6","74.4","point"
"2024-04-20 06:00:00 pm","73.3","98.6","76.5","72.9","point"
"2024-04-20 08:00:00 pm","71.4","98.7","73.6","71.0","point"
"2024-04-20 10:00:00 pm","69.2","98.8","70.9","68.9","point"
"2024-04-21 12:00:00 am","68.1","98.9","69.8","67.7","point"
"2024-04-21 02:00:00 am","67.1","99.0","68.7","66.8","point"
"2024-04-21 04:00:00 am","66.3","99.0","67.6","66.1","point"
"2024-04-21 06:00:00 am","65.3","99.1","66.7","65.0","point"
"2024-04-21 08:00:00 am","67.7","99.1","69.3","67.5","point"
"2024-04-21 10:00:00 am","73.4","98.8","76.5","73.0","point"
"2024-04-21 12:00:00 pm","76.8","98.4","81.7","76.3","point"
"2024-04-21 02:00:00 pm","79.8","96.7","89.2","78.8","point"
"2024-04-21 04:00:00 pm","79.6","93.8","88.0","77.7","point"
"2024-04-21 06:00:00 pm","77.3","94.2","82.4","75.5","point"
"2024-04-21 08:00:00 pm","75.9","96.6","80.2","74.9","point"
"2024-04-21 10:00:00 pm","74.7","97.2","78.4","73.9","point"
"2024-04-22 12:00:00 am","74.0","97.4","77.4","73.2","point"
"2024-04-22 02:00:00 am","73.3","97.4","76.3","72.5","point"
"2024-04-22 04:00:00 am","71.5","96.1","73.6","70.3","point"
"2024-04-22 06:00:00 am","70.4","96.4","72.1","69.4","point"
"2024-04-22 08:00:00 am","70.8","96.8","72.7","69.9","point"
"2024-04-22 10:00:00 am","74.8","94.5","78.1","73.1","point"
"2024-04-22 12:00:00 pm","78.3","87.4","83.8","74.3","point"
"2024-04-22 02:00:00 pm","79.2","87.0","85.6","75.0","point"
"2024-04-22 04:00:00 pm","79.4","87.9","86.4","75.5","point"
"2024-04-22 06:00:00 pm","74.8","96.9","78.4","73.8","point"
"2024-04-22 08:00:00 pm","72.9","96.5","75.7","71.8","point"
"2024-04-22 10:00:00 pm","72.9","96.0","75.7","71.7","point"
"2024-04-23 12:00:00 am","71.2","95.3","73.0","69.8","point"
"2024-04-23 02:00:00 am","69.8","96.2","71.6","68.7","point"
"2024-04-23 04:00:00 am","67.7","95.7","69.1","66.5","point"
"2024-04-23 06:00:00 am","66.2","96.0","67.5","65.0","point"
"2024-04-23 08:00:00 am","68.1","95.8","69.6","66.8","point"
"2024-04-23 10:00:00 am","74.5","91.8","77.5","71.9","point"
"2024-04-23 12:00:00 pm","79.8","85.1","86.4","74.9","point"
"2024-04-23 02:00:00 pm","80.9","86.1","89.1","76.3","point"
"2024-04-23 04:00:00 pm","79.8","87.2","86.9","75.7","point"
"2024-04-23 06:00:00 pm","77.9","92.8","84.0","75.7","point"
"2024-04-23 08:00:00 pm","76.2","94.5","80.2","74.5","point"
"2024-04-23 10:00:00 pm","74.9","95.3","78.6","73.5","point"
"2024-04-24 12:00:00 am","74.3","95.6","77.5","73.0","point"
"2024-04-24 02:00:00 am","73.4","95.3","76.5","72.0","point"
"2024-04-24 04:00:00 am","72.7","96.1","75.4","71.5","point"
"2024-04-24 06:00:00 am","71.8","95.8","74.1","70.5","point"
"2024-04-24 08:00:00 am","72.8","96.3","75.6","71.7","point"
"2024-04-24 10:00:00 am","74.9","91.8","78.1","72.3","point"
"2024-04-24 12:00:00 pm","78.9","84.7","84.6","73.9","point"
"2024-04-24 02:00:00 pm","81.0","84.9","89.1","76.0","point"
"2024-04-24 04:00:00 pm","80.3","82.6","86.9","74.5","point"
"2024-04-24 06:00:00 pm","77.6","87.0","82.0","73.5","point"
"2024-04-24 08:00:00 pm","75.7","90.9","79.0","72.9","point"
"2024-04-24 10:00:00 pm","73.4","93.4","76.3","71.4","point"
"2024-04-25 12:00:00 am","72.9","93.2","75.4","70.8","point"
"2024-04-25 02:00:00 am","70.3","94.2","72.0","68.6","point"
"2024-04-25 04:00:00 am","68.2","94.4","69.6","66.5","point"
"2024-04-25 06:00:00 am","66.1","94.1","67.1","64.4","point"
"2024-04-25 08:00:00 am","68.2","95.6","69.6","66.9","point"
"2024-04-25 10:00:00 am","74.7","90.1","77.7","71.6","point"
"2024-04-25 12:00:00 pm","78.6","77.8","82.8","71.1","point"
"2024-04-25 02:00:00 pm","81.1","67.1","84.7","69.1","point"
"2024-04-25 04:00:00 pm","80.2","83.0","86.7","74.5","point"
"2024-04-25 06:00:00 pm","78.0","86.0","82.6","73.4","point"
"2024-04-25 08:00:00 pm","75.1","86.2","77.7","70.6","point"
"2024-04-25 10:00:00 pm","73.7","91.0","76.3","70.9","point"
"2024-04-26 12:00:00 am","73.3","92.3","75.9","71.0","point"
"2024-04-26 02:00:00 am","69.9","93.2","71.4","67.9","point"
"2024-04-26 04:00:00 am","66.5","91.7","67.3","64.0","point"
"2024-04-26 06:00:00 am","64.6","92.6","65.3","62.4","point"
"2024-04-26 08:00:00 am","67.0","94.0","68.2","65.2","point"
"2024-04-26 10:00:00 am","75.3","84.9","77.9","70.4","point"
"2024-04-26 12:00:00 pm","79.8","75.2","84.2","71.2","point"
"2024-04-26 02:00:00 pm","81.7","78.1","88.9","74.2","point"
"2024-04-26 04:00:00 pm","81.3","78.5","87.8","74.0","point"
"2024-04-26 06:00:00 pm","77.9","85.2","82.2","73.1","point"
"2024-04-26 08:00:00 pm","75.3","87.9","78.1","71.5","point"
"2024-04-26 10:00:00 pm","74.6","91.3","77.5","71.9","point"
"2024-04-27 12:00:00 am","73.1","93.0","75.7","70.9","point"
"2024-04-27 02:00:00 am","70.9","93.3","72.7","68.9","point"
"2024-04-27 04:00:00 am","67.7","93.1","68.9","65.7","point"
"2024-04-27 06:00:00 am","66.4","91.4","67.3","63.8","point"
"2024-04-27 08:00:00 am","68.1","93.0","69.3","66.0","point"
"2024-04-27 10:00:00 am","75.8","86.1","78.6","71.3","point"
"2024-04-27 12:00:00 pm","80.5","69.7","84.4","69.7","point"
"2024-04-27 02:00:00 pm","83.2","73.1","90.7","73.7","point"
"2024-04-27 04:00:00 pm","82.5","72.7","88.7","72.8","point"
"2024-04-27 06:00:00 pm","79.4","86.8","86.0","75.1","point"
"2024-04-27 08:00:00 pm","76.9","90.4","81.0","73.9","point"
"2024-04-27 10:00:00 pm","75.8","92.0","79.3","73.3","point"
"2024-04-28 12:00:00 am","74.7","93.2","77.9","72.6","point"
"2024-04-28 02:00:00 am","72.8","93.1","75.2","70.6","point"
"2024-04-28 04:00:00 am","70.9","94.2","72.9","69.1","point"
"2024-04-28 06:00:00 am","71.5","94.8","73.6","69.9","point"
"2024-04-28 08:00:00 am","72.4","94.1","74.8","70.6","point"
"2024-04-28 10:00:00 am","76.4","82.6","78.8","70.7","point"
"2024-04-28 12:00:00 pm","81.2","82.7","88.9","75.4","point"
"2024-04-28 02:00:00 pm","82.6","80.2","90.9","75.8","point"
"2024-04-28 04:00:00 pm","82.0","79.0","89.8","74.9","point"
"2024-04-28 06:00:00 pm","79.2","85.1","85.3","74.3","point"
"2024-04-28 08:00:00 pm","76.6","89.5","80.1","73.3","point"
"2024-04-28 10:00:00 pm","75.5","92.8","79.0","73.3","point"
"2024-04-29 12:00:00 am","74.0","91.1","76.8","71.3","point"
"2024-04-29 02:00:00 am","71.0","93.0","72.7","68.9","point"
"2024-04-29 04:00:00 am","69.9","93.9","71.6","68.1","point"
"2024-04-29 06:00:00 am","68.8","94.1","70.3","67.0","point"
"2024-04-29 08:00:00 am","71.3","95.0","73.4","69.8","point"
"2024-04-29 10:00:00 am","75.1","81.1","77.2","68.9","point"
"2024-04-29 12:00:00 pm","80.0","78.6","85.3","72.7","point"
"2024-04-29 02:00:00 pm","81.9","77.0","88.9","74.0","point"
"2024-04-29 04:00:00 pm","81.8","77.2","88.5","73.9","point"
"2024-04-29 06:00:00 pm","79.3","83.3","84.9","73.8","point"
"2024-04-29 08:00:00 pm","77.3","89.0","81.7","73.8","point"
"2024-04-29 10:00:00 pm","74.5","91.6","77.5","71.9","point"
"2024-04-30 12:00:00 am","73.4","92.6","76.3","71.1","point"
"2024-04-30 02:00:00 am","72.5","94.3","74.8","70.7","point"
"2024-04-30 04:00:00 am","70.9","93.9","72.9","69.0","point"
"2024-04-30 06:00:00 am","67.4","93.2","68.5","65.4","point"
"2024-04-30 08:00:00 am","69.9","94.3","71.6","68.2","point"
"2024-04-30 10:00:00 am","74.8","90.1","77.7","71.7","point"
"2024-04-30 12:00:00 pm","78.2","84.5","82.8","73.2","point"
"2024-04-30 02:00:00 pm","80.3","82.3","86.9","74.4","point"
"2024-04-30 04:00:00 pm","79.6","83.1","85.6","74.0","point"
"2024-04-30 06:00:00 pm","78.2","88.4","83.5","74.5","point"
"2024-04-30 08:00:00 pm","76.8","91.5","80.8","74.1","point"
"2024-04-30 10:00:00 pm","75.2","93.3","78.8","73.1","point"
"2024-05-01 12:00:00 am","74.2","92.9","77.2","72.0","point"
"2024-05-01 02:00:00 am","73.9","94.4","76.8","72.2","point"
"2024-05-01 04:00:00 am","73.4","94.5","76.5","71.7","point"
"2024-05-01 06:00:00 am","72.9","94.0","75.6","71.0","point"
"2024-05-01 08:00:00 am","73.5","93.7","76.3","71.6","point"
"2024-05-01 10:00:00 am","75.6","90.9","79.0","72.7","point"
"2024-05-01 12:00:00 pm","78.1","88.0","83.5","74.2","point"
"2024-05-01 02:00:00 pm","79.8","84.8","86.4","74.8","point"
"2024-05-01 04:00:00 pm","80.0","84.7","86.7","74.9","point"
"2024-05-01 06:00:00 pm","78.0","86.6","82.8","73.7","point"
"2024-05-01 08:00:00 pm","76.2","90.3","79.7","73.1","point"
"2024-05-01 10:00:00 pm","75.1","91.6","78.4","72.4","point"
"2024-05-02 12:00:00 am","73.9","91.9","76.6","71.4","point"
"2024-05-02 02:00:00 am","73.4","92.7","75.9","71.1","point"
"2024-05-02 04:00:00 am","72.0","92.6","74.1","69.7","point"
"2024-05-02 06:00:00 am","70.6","93.6","72.1","68.7","point"
"2024-05-02 08:00:00 am","72.6","94.5","75.2","70.9","point"
"2024-05-02 10:00:00 am","76.2","90.7","79.7","73.3","point"
"2024-05-02 12:00:00 pm","79.6","84.8","86.0","74.6","point"
"2024-05-02 02:00:00 pm","82.0","82.5","90.3","76.1","point"
"2024-05-02 04:00:00 pm","81.2","84.4","89.4","76.0","point"
"2024-05-02 06:00:00 pm","79.6","86.1","86.4","75.1","point"
"2024-05-02 08:00:00 pm","77.5","90.7","82.2","74.5","point"
"2024-05-02 10:00:00 pm","76.8","92.3","80.8","74.4","point"
"2024-05-03 12:00:00 am","75.5","93.3","79.0","73.5","point"
"2024-05-03 02:00:00 am","75.1","94.2","78.6","73.3","point"
"2024-05-03 04:00:00 am","72.7","87.4","74.8","68.7","point"
"2024-05-03 06:00:00 am","69.9","85.6","70.9","65.3","point"
"2024-05-03 08:00:00 am","70.1","84.2","71.2","65.1","point"
"2024-05-03 10:00:00 am","72.0","83.6","73.6","66.7","point"
"2024-05-03 12:00:00 pm","77.4","88.4","81.9","73.7","point"
"2024-05-03 02:00:00 pm","77.8","86.6","82.4","73.5","point"
"2024-05-03 04:00:00 pm","78.5","84.3","83.5","73.4","point"
"2024-05-03 06:00:00 pm","77.5","88.3","81.9","73.7","point"
"2024-05-03 08:00:00 pm","75.5","89.3","78.4","72.2","point"
"2024-05-03 10:00:00 pm","72.8","88.3","74.8","69.1","point"
"2024-05-04 12:00:00 am","70.4","92.0","72.0","67.9","point"
"2024-05-04 02:00:00 am","68.9","93.0","70.3","66.8","point"
"2024-05-04 04:00:00 am","67.9","93.8","69.1","66.0","point"
"2024-05-04 06:00:00 am","68.6","93.7","70.0","66.7","point"
"2024-05-04 08:00:00 am","71.2","94.6","73.0","69.6","point"
"2024-05-04 10:00:00 am","74.9","90.6","77.9","72.0","point"
"2024-05-04 12:00:00 pm","78.0","84.1","82.4","72.8","point"
"2024-05-04 02:00:00 pm","79.7","78.4","84.9","72.4","point"
"2024-05-04 04:00:00 pm","78.8","74.9","82.4","70.1","point"
"2024-05-04 06:00:00 pm","77.4","80.2","80.6","70.8","point"
"2024-05-04 08:00:00 pm","76.0","87.4","79.2","72.0","point"
"2024-05-04 10:00:00 pm","73.5","88.7","75.9","69.9","point"
"2024-05-05 12:00:00 am","71.8","91.5","73.9","69.2","point"
"2024-05-05 02:00:00 am","70.2","89.6","71.6","67.0","point"
"2024-05-05 04:00:00 am","69.4","91.5","70.7","66.8","point"
"2024-05-05 06:00:00 am","66.9","92.6","68.0","64.7","point"
"2024-05-05 08:00:00 am","68.8","93.8","70.2","66.9","point"
"2024-05-05 10:00:00 am","72.1","85.5","73.6","67.5","point"
"2024-05-05 12:00:00 pm","76.5","77.7","78.4","69.0","point"
"2024-05-05 02:00:00 pm","78.3","73.4","81.1","69.1","point"
"2024-05-05 04:00:00 pm","78.1","77.6","81.5","70.5","point"
"2024-05-05 06:00:00 pm","76.3","82.0","78.8","70.4","point"
"2024-05-05 08:00:00 pm","74.1","86.8","76.5","69.9","point"
"2024-05-05 10:00:00 pm","73.9","91.4","76.6","71.2","point"
"2024-05-06 12:00:00 am","72.3","90.4","74.7","69.4","point"
"2024-05-06 02:00:00 am","72.1","91.2","74.1","69.4","point"
"2024-05-06 04:00:00 am","71.7","92.5","73.6","69.4","point"
"2024-05-06 06:00:00 am","71.8","93.3","73.9","69.7","point"
"2024-05-06 08:00:00 am","71.8","91.5","73.9","69.2","point"
"2024-05-06 10:00:00 am","73.6","88.3","76.1","69.9","point"
"2024-05-06 12:00:00 pm","77.0","83.2","80.2","71.5","point"
"2024-05-06 02:00:00 pm","79.1","79.4","83.8","72.1","point"
"2024-05-06 04:00:00 pm","78.4","82.2","82.8","72.5","point"
"2024-05-06 06:00:00 pm","76.8","85.3","79.9","72.1","point"
"2024-05-06 08:00:00 pm","75.0","88.4","77.7","71.3","point"
"2024-05-06 10:00:00 pm","74.0","90.5","76.8","71.0","point"
"2024-05-07 12:00:00 am","73.7","92.6","76.5","71.4","point"
"2024-05-07 02:00:00 am","73.3","93.7","75.9","71.4","point"
"2024-05-07 04:00:00 am","72.7","94.2","75.4","70.9","point"
"2024-05-07 06:00:00 am","72.1","94.1","74.7","70.3","point"
"2024-05-07 08:00:00 am","70.1","95.0","71.8","68.5","point"
"2024-05-07 10:00:00 am","72.7","97.3","75.6","71.9","point"
"2024-05-07 12:00:00 pm","76.1","96.9","80.2","75.1","point"
"2024-05-07 02:00:00 pm","79.1","92.4","86.4","76.7","point"
"2024-05-07 04:00:00 pm","76.3","94.1","80.4","74.4","point"
"2024-05-07 06:00:00 pm","75.7","95.9","79.5","74.4","point"
"2024-05-07 08:00:00 pm","74.3","97.0","77.9","73.4","point"
"2024-05-07 10:00:00 pm","74.0","97.3","77.4","73.2","point"
"2024-05-08 12:00:00 am","73.2","97.4","76.3","72.4","point"
"2024-05-08 02:00:00 am","72.3","97.5","74.7","71.5","point"
"2024-05-08 04:00:00 am","71.7","97.5","74.1","71.0","point"
"2024-05-08 06:00:00 am","70.4","97.5","72.3","69.7","point"
"2024-05-08 08:00:00 am","71.8","97.7","74.3","71.1","point"
"2024-05-08 10:00:00 am","73.7","97.6","77.0","73.0","point"
"2024-05-08 12:00:00 pm","76.5","96.2","81.0","75.3","point"
"2024-05-08 02:00:00 pm","79.8","92.9","88.3","77.5","point"
"2024-05-08 04:00:00 pm","79.7","90.0","87.1","76.5","point"
"2024-05-08 06:00:00 pm","67.4","97.1","68.7","66.6","point"
"2024-05-08 08:00:00 pm","67.8","97.7","69.3","67.1","point"
"2024-05-08 10:00:00 pm","70.4","97.8","72.3","69.8","point"
"2024-05-09 12:00:00 am","71.3","97.9","73.6","70.6","point"
"2024-05-09 02:00:00 am","69.5","97.9","71.4","68.9","point"
"2024-05-09 04:00:00 am","68.7","98.0","70.3","68.1","point"
"2024-05-09 06:00:00 am","68.4","98.0","70.2","67.8","point"
"2024-05-09 08:00:00 am","70.8","98.1","72.9","70.2","point"
"2024-05-09 10:00:00 am","73.4","98.1","76.8","72.8","point"
"2024-05-09 12:00:00 pm","75.2","98.0","79.3","74.6","point"
"2024-05-09 02:00:00 pm","77.3","97.7","83.1","76.6","point"
"2024-05-09 04:00:00 pm","68.7","95.8","70.3","67.5","point"
"2024-05-09 06:00:00 pm","69.3","97.8","71.2","68.6","point"
"2024-05-09 08:00:00 pm","69.4","97.9","71.2","68.7","point"
"2024-05-09 10:00:00 pm","70.9","97.9","73.0","70.3","point"
"2024-05-10 12:00:00 am","71.0","98.0","73.0","70.4","point"
"2024-05-10 02:00:00 am","70.9","98.0","73.0","70.3","point"
"2024-05-10 04:00:00 am","70.2","98.1","72.1","69.6","point"
"2024-05-10 06:00:00 am","69.9","98.1","71.8","69.3","point"
"2024-05-10 08:00:00 am","70.6","98.1","72.5","70.1","point"
"2024-05-10 10:00:00 am","73.0","98.1","75.9","72.4","point"
"2024-05-10 12:00:00 pm","76.2","98.0","80.8","75.6","point"
"2024-05-10 02:00:00 pm","76.2","97.7","80.8","75.5","point"
"2024-05-10 04:00:00 pm","76.6","93.9","81.1","74.8","point"
"2024-05-10 06:00:00 pm","75.9","94.7","79.7","74.2","point"
"2024-05-10 08:00:00 pm","75.2","96.0","78.8","73.9","point"
"2024-05-10 10:00:00 pm","74.1","96.2","77.2","72.9","point"
"2024-05-11 12:00:00 am","73.2","96.2","75.9","72.0","point"
"2024-05-11 02:00:00 am","70.5","94.2","72.3","68.8","point"
"2024-05-11 04:00:00 am","69.6","93.2","71.2","67.6","point"
"2024-05-11 06:00:00 am","68.9","95.0","70.3","67.4","point"
"2024-05-11 08:00:00 am","70.3","96.2","72.0","69.2","point"
"2024-05-11 10:00:00 am","74.4","91.8","77.4","71.8","point"
"2024-05-11 12:00:00 pm","78.0","89.9","83.3","74.7","point"
"2024-05-11 02:00:00 pm","79.5","88.0","86.4","75.6","point"
"2024-05-11 04:00:00 pm","71.6","96.4","73.6","70.5","point"
"2024-05-11 06:00:00 pm","70.1","97.0","71.8","69.2","point"
"2024-05-11 08:00:00 pm","70.4","97.4","72.1","69.6","point"
"2024-05-11 10:00:00 pm","71.0","97.5","73.0","70.3","point"
"2024-05-12 12:00:00 am","71.3","97.6","73.6","70.6","point"
"2024-05-12 02:00:00 am","71.7","97.7","74.1","71.0","point"
"2024-05-12 04:00:00 am","70.6","97.7","72.5","69.9","point"
"2024-05-12 06:00:00 am","70.1","97.7","72.0","69.4","point"
"2024-05-12 08:00:00 am","71.5","97.8","73.8","70.8","point"
"2024-05-12 10:00:00 am","74.4","97.8","78.1","73.7","point"
"2024-05-12 12:00:00 pm","77.2","96.8","82.4","76.2","point"
"2024-05-12 02:00:00 pm","76.5","97.1","81.1","75.6","point"
"2024-05-12 04:00:00 pm","69.9","92.4","71.4","67.6","point"
"2024-05-12 06:00:00 pm","68.0","97.6","69.8","67.3","point"
"2024-05-12 08:00:00 pm","68.8","97.9","70.5","68.1","point"
"2024-05-12 10:00:00 pm","67.9","98.0","69.6","67.3","point"
"2024-05-13 12:00:00 am","68.1","98.1","69.8","67.5","point"
"2024-05-13 02:00:00 am","68.9","98.2","70.7","68.4","point"
"2024-05-13 04:00:00 am","69.4","98.3","71.2","68.8","point"
"2024-05-13 06:00:00 am","65.8","98.5","67.1","65.4","point"
"2024-05-13 08:00:00 am","66.6","98.5","68.2","66.1","point"
"2024-05-13 10:00:00 am","67.7","98.6","69.3","67.3","point"
"2024-05-13 12:00:00 pm","71.9","98.5","74.3","71.4","point"
"2024-05-13 02:00:00 pm","74.1","98.4","77.5","73.6","point"
"2024-05-13 04:00:00 pm","75.3","98.3","79.3","74.8","point"
"2024-05-13 06:00:00 pm","74.2","98.3","77.7","73.7","point"
"2024-05-13 08:00:00 pm","72.4","98.3","75.2","71.9","point"
"2024-05-13 10:00:00 pm","71.2","98.4","73.2","70.7","point"
"2024-05-14 12:00:00 am","69.2","98.4","70.9","68.7","point"
"2024-05-14 02:00:00 am","69.5","98.4","71.4","69.0","point"
"2024-05-14 04:00:00 am","69.8","98.4","71.6","69.3","point"
"2024-05-14 06:00:00 am","69.1","98.4","70.9","68.7","point"
"2024-05-14 08:00:00 am","69.7","98.4","71.6","69.3","point"
"2024-05-14 10:00:00 am","71.8","98.4","74.3","71.3","point"
"2024-05-14 12:00:00 pm","75.2","98.3","79.3","74.7","point"
"2024-05-14 02:00:00 pm","75.7","98.2","79.9","75.2","point"
"2024-05-14 04:00:00 pm","75.4","97.9","79.7","74.8","point"
"2024-05-14 06:00:00 pm","74.2","98.1","77.7","73.6","point"
"2024-05-14 08:00:00 pm","72.7","98.2","75.7","72.1","point"
"2024-05-14 10:00:00 pm","72.8","98.2","75.7","72.2","point"
"2024-05-15 12:00:00 am","72.3","98.2","74.8","71.8","point"
"2024-05-15 02:00:00 am","72.0","98.2","74.7","71.5","point"
"2024-05-15 04:00:00 am","71.7","98.2","74.1","71.2","point"
"2024-05-15 06:00:00 am","71.5","98.3","73.8","71.0","point"
"2024-05-15 08:00:00 am","67.5","98.3","69.1","67.0","point"
"2024-05-15 10:00:00 am","72.2","98.4","74.8","71.7","point"
"2024-05-15 12:00:00 pm","75.7","98.2","79.9","75.1","point"
"2024-05-15 02:00:00 pm","77.6","97.2","83.8","76.8","point"
"2024-05-15 04:00:00 pm","78.4","95.4","85.5","76.9","point"
"2024-05-15 06:00:00 pm","71.2","97.6","73.2","70.4","point"
"2024-05-15 08:00:00 pm","70.7","97.9","72.5","70.1","point"
"2024-05-15 10:00:00 pm","70.6","98.0","72.5","70.0","point"
"2024-05-16 12:00:00 am","71.5","98.1","73.8","70.9","point"
"2024-05-16 02:00:00 am","71.5","98.2","73.8","71.0","point"
"2024-05-16 04:00:00 am","70.2","98.2","72.1","69.7","point"
"2024-05-16 06:00:00 am","69.8","98.2","71.8","69.3","point"
"2024-05-16 08:00:00 am","71.5","98.3","73.8","70.9","point"
"2024-05-16 10:00:00 am","73.0","98.3","75.9","72.5","point"
"2024-05-16 12:00:00 pm","75.2","98.3","79.3","74.7","point"
"2024-05-16 02:00:00 pm","75.9","98.2","80.4","75.4","point"
"2024-05-16 04:00:00 pm","76.4","97.9","81.0","75.8","point"
"2024-05-16 06:00:00 pm","74.0","97.5","77.5","73.3","point"
"2024-05-16 08:00:00 pm","69.8","97.8","71.8","69.2","point"
"2024-05-16 10:00:00 pm","70.1","97.9","72.0","69.4","point"
"2024-05-17 12:00:00 am","69.8","98.1","71.6","69.2","point"
"2024-05-17 02:00:00 am","69.9","98.1","71.8","69.3","point"
"2024-05-17 04:00:00 am","70.1","98.2","72.0","69.5","point"
"2024-05-17 06:00:00 am","69.6","98.2","71.4","69.0","point"
"2024-05-17 08:00:00 am","70.8","98.3","72.9","70.3","point"
"2024-05-17 10:00:00 am","72.7","98.3","75.7","72.2","point"
"2024-05-17 12:00:00 pm","75.1","98.2","79.2","74.6","point"
"2024-05-17 02:00:00 pm","71.6","98.3","74.1","71.1","point"
"2024-05-17 04:00:00 pm","73.8","98.4","77.2","73.3","point"
"2024-05-17 06:00:00 pm","72.3","98.4","74.8","71.8","point"
"2024-05-17 08:00:00 pm","71.3","98.5","73.6","70.9","point"
"2024-05-17 10:00:00 pm","71.5","98.5","73.8","71.0","point"
"2024-05-18 12:00:00 am","69.2","98.6","70.9","68.8","point"
"2024-05-18 02:00:00 am","68.7","98.6","70.3","68.3","point"
"2024-05-18 04:00:00 am","67.6","98.6","69.1","67.2","point"
"2024-05-18 06:00:00 am","66.6","98.7","68.2","66.2","point"
"2024-05-18 08:00:00 am","69.2","98.7","70.9","68.8","point"
"2024-05-18 10:00:00 am","72.1","98.6","74.7","71.7","point"
"2024-05-18 12:00:00 pm","73.9","98.5","77.2","73.4","point"
"2024-05-18 02:00:00 pm","76.5","98.4","81.3","76.0","point"
"2024-05-18 04:00:00 pm","72.4","98.5","75.2","71.9","point"
"2024-05-18 06:00:00 pm","70.3","98.5","72.1","69.8","point"
"2024-05-18 08:00:00 pm","70.6","98.5","72.5","70.1","point"
"2024-05-18 10:00:00 pm","70.9","98.6","73.0","70.5","point"
"2024-05-19 12:00:00 am","70.7","98.6","72.9","70.3","point"
"2024-05-19 02:00:00 am","70.5","98.6","72.3","70.1","point"
"2024-05-19 04:00:00 am","69.1","98.7","70.7","68.7","point"
"2024-05-19 06:00:00 am","68.5","98.7","70.2","68.1","point"
"2024-05-19 08:00:00 am","69.9","98.7","71.8","69.5","point"
"2024-05-19 10:00:00 am","72.6","98.6","75.4","72.2","point"
"2024-05-19 12:00:00 pm","72.5","98.6","75.2","72.1","point"
"2024-05-19 02:00:00 pm","74.4","98.6","78.1","74.0","point"
"2024-05-19 04:00:00 pm","74.7","98.5","78.6","74.2","point"
"2024-05-19 06:00:00 pm","74.2","98.5","77.7","73.8","point"
"2024-05-19 08:00:00 pm","72.9","98.5","75.9","72.5","point"
"2024-05-19 10:00:00 pm","68.6","98.6","70.3","68.2","point"
"2024-05-20 12:00:00 am","68.8","98.7","70.5","68.4","point"
"2024-05-20 02:00:00 am","68.0","98.7","69.8","67.6","point"
"2024-05-20 04:00:00 am","68.6","98.7","70.3","68.3","point"
"2024-05-20 06:00:00 am","68.8","98.7","70.5","68.4","point"
"2024-05-20 08:00:00 am","69.9","98.7","71.8","69.5","point"
"2024-05-20 10:00:00 am","71.5","98.6","73.8","71.1","point"
"2024-05-20 12:00:00 pm","72.5","98.6","75.4","72.1","point"
"2024-05-20 02:00:00 pm","74.9","98.5","78.8","74.4","point"
"2024-05-20 04:00:00 pm","72.7","98.6","75.7","72.2","point"
"2024-05-20 06:00:00 pm","72.1","98.6","74.7","71.7","point"
"2024-05-20 08:00:00 pm","71.5","98.7","73.8","71.1","point"
"2024-05-20 10:00:00 pm","70.5","98.7","72.3","70.1","point"
"2024-05-21 12:00:00 am","70.4","98.7","72.3","70.0","point"
"2024-05-21 02:00:00 am","69.5","98.7","71.4","69.2","point"
"2024-05-21 04:00:00 am","69.1","98.8","70.7","68.7","point"
"2024-05-21 06:00:00 am","68.7","98.8","70.5","68.4","point"
"2024-05-21 08:00:00 am","69.9","98.8","71.8","69.5","point"
"2024-05-21 10:00:00 am","73.0","98.7","75.9","72.6","point"
"2024-05-21 12:00:00 pm","74.6","98.6","78.3","74.1","point"
"2024-05-21 02:00:00 pm","75.4","98.6","79.7","75.0","point"
"2024-05-21 04:00:00 pm","75.1","98.6","79.2","74.7","point"
"2024-05-21 06:00:00 pm","74.0","98.6","77.5","73.6","point"
"2024-05-21 08:00:00 pm","71.7","98.7","74.1","71.3","point"
"2024-05-21 10:00:00 pm","71.3","98.7","73.6","70.9","point"
"2024-05-22 12:00:00 am","71.0","98.7","73.0","70.6","point"
"2024-05-22 02:00:00 am","70.0","98.7","72.0","69.6","point"
"2024-05-22 04:00:00 am","69.9","98.7","71.8","69.5","point"
"2024-05-22 06:00:00 am","69.2","98.7","70.9","68.8","point"
"2024-05-22 08:00:00 am","70.6","98.8","72.5","70.3","point"
"2024-05-22 10:00:00 am","74.1","98.7","77.5","73.7","point"
"2024-05-22 12:00:00 pm","75.2","98.6","79.3","74.8","point"
"2024-05-22 02:00:00 pm","75.9","98.6","80.2","75.5","point"
"2024-05-22 04:00:00 pm","77.0","98.5","82.2","76.5","point"
"2024-05-22 06:00:00 pm","74.7","98.5","78.6","74.2","point"
"2024-05-22 08:00:00 pm","72.9","98.6","75.9","72.5","point"
"2024-05-22 10:00:00 pm","72.8","98.5","75.7","72.3","point"
"2024-05-23 12:00:00 am","72.1","98.6","74.7","71.7","point"
"2024-05-23 02:00:00 am","70.6","98.7","72.5","70.2","point"
"2024-05-23 04:00:00 am","68.9","98.7","70.7","68.5","point"
"2024-05-23 06:00:00 am","68.8","98.7","70.5","68.4","point"
"2024-05-23 08:00:00 am","71.4","98.7","73.6","71.0","point"
"2024-05-23 10:00:00 am","73.9","98.6","77.2","73.5","point"
"2024-05-23 12:00:00 pm","75.9","98.6","80.2","75.5","point"
"2024-05-23 02:00:00 pm","75.1","98.6","79.2","74.6","point"
"2024-05-23 04:00:00 pm","74.6","98.6","78.3","74.2","point"
"2024-05-23 06:00:00 pm","73.7","98.5","77.0","73.3","point"
"2024-05-23 08:00:00 pm","73.4","98.6","76.8","73.0","point"
"2024-05-23 10:00:00 pm","73.3","98.6","76.5","72.8","point"
"2024-05-24 12:00:00 am","72.3","98.6","74.8","71.9","point"
"2024-05-24 02:00:00 am","72.2","98.6","74.8","71.8","point"
"2024-05-24 04:00:00 am","72.5","98.6","75.4","72.1","point"
"2024-05-24 06:00:00 am","72.6","98.6","75.4","72.2","point"
"2024-05-24 08:00:00 am","71.3","98.6","73.6","70.9","point"
"2024-05-24 10:00:00 am","71.5","98.6","73.8","71.0","point"
"2024-05-24 12:00:00 pm","72.8","98.6","75.7","72.3","point"
"2024-05-24 02:00:00 pm","72.6","98.6","75.4","72.2","point"
"2024-05-24 04:00:00 pm","72.9","98.6","75.9","72.4","point"
"2024-05-24 06:00:00 pm","73.0","98.6","75.9","72.5","point"
"2024-05-24 08:00:00 pm","70.5","98.6","72.3","70.1","point"
"2024-05-24 10:00:00 pm","67.3","98.7","68.9","67.0","point"
"2024-05-25 12:00:00 am","68.0","98.7","69.8","67.6","point"
"2024-05-25 02:00:00 am","67.8","98.7","69.6","67.5","point"
"2024-05-25 04:00:00 am","66.7","98.8","68.2","66.3","point"
"2024-05-25 06:00:00 am","66.5","98.8","68.0","66.2","point"
"2024-05-25 08:00:00 am","66.8","98.8","68.4","66.5","point"
"2024-05-25 10:00:00 am","68.1","98.8","69.8","67.8","point"
"2024-05-25 12:00:00 pm","69.8","98.7","71.8","69.4","point"
"2024-05-25 02:00:00 pm","69.6","98.7","71.4","69.2","point"
"2024-05-25 04:00:00 pm","70.7","98.7","72.5","70.3","point"
"2024-05-25 06:00:00 pm","69.8","98.7","71.8","69.4","point"
"2024-05-25 08:00:00 pm","69.7","98.7","71.6","69.3","point"
"2024-05-25 10:00:00 pm","70.0","98.7","72.0","69.6","point"
"2024-05-26 12:00:00 am","70.5","98.7","72.5","70.1","point"
"2024-05-26 02:00:00 am","70.4","98.7","72.3","70.0","point"
"2024-05-26 04:00:00 am","70.6","98.7","72.5","70.2","point"
"2024-05-26 06:00:00 am","71.2","98.7","73.2","70.8","point"
"2024-05-26 08:00:00 am","71.3","98.7","73.6","70.9","point"
"2024-05-26 10:00:00 am","71.7","98.7","74.1","71.3","point"
"2024-05-26 12:00:00 pm","71.5","98.7","73.8","71.1","point"
"2024-05-26 02:00:00 pm","73.3","98.6","76.5","72.9","point"
"2024-05-26 04:00:00 pm","72.3","98.6","75.2","71.9","point"
"2024-05-26 06:00:00 pm","71.7","98.6","74.1","71.3","point"
"2024-05-26 08:00:00 pm","71.1","98.6","73.2","70.7","point"
"2024-05-26 10:00:00 pm","71.0","98.7","73.0","70.6","point"
"2024-05-27 12:00:00 am","70.9","98.7","73.0","70.5","point"
"2024-05-27 02:00:00 am","69.1","98.7","70.9","68.7","point"
"2024-05-27 04:00:00 am","69.4","98.8","71.2","69.0","point"
"2024-05-27 06:00:00 am","70.0","98.7","72.0","69.6","point"
"2024-05-27 08:00:00 am","71.0","98.7","73.0","70.6","point"
"2024-05-27 10:00:00 am","71.6","98.7","73.8","71.2","point"
"2024-05-27 12:00:00 pm","73.5","98.7","76.8","73.1","point"
"2024-05-27 02:00:00 pm","74.1","98.6","77.5","73.7","point"
"2024-05-27 04:00:00 pm","74.2","98.6","77.7","73.7","point"
"2024-05-27 06:00:00 pm","72.8","98.6","75.7","72.4","point"
"2024-05-27 08:00:00 pm","72.3","98.6","74.8","71.9","point"
"2024-05-27 10:00:00 pm","71.8","98.6","74.3","71.3","point"
"2024-05-28 12:00:00 am","71.4","98.6","73.6","71.0","point"
"2024-05-28 02:00:00 am","71.3","98.6","73.6","70.9","point"
"2024-05-28 04:00:00 am","71.0","98.6","73.0","70.6","point"
"2024-05-28 06:00:00 am","71.5","98.6","73.8","71.0","point"
"2024-05-28 08:00:00 am","71.7","98.6","74.1","71.3","point"
"2024-05-28 10:00:00 am","72.6","98.5","75.4","72.2","point"
"2024-05-28 12:00:00 pm","73.9","98.5","77.2","73.5","point"
"2024-05-28 02:00:00 pm","74.2","98.5","77.7","73.8","point"
"2024-05-28 04:00:00 pm","72.6","98.5","75.4","72.2","point"
"2024-05-28 06:00:00 pm","70.5","--","--","--","point"
