"Device Name","D2 - 2815667"
"Device Model","Kestrel DROP 2"
"Serial Number","2815667"
"FORMATTED DATE_TIME","Temperature","Relative Humidity","Heat Index","Dew Point","Data Type","Record name","Start time","Duration (H:M:S)","Location description","Location address","Location coordinates","Notes"
"YYYY-MM-DD HH:MM:SS","°F","%","°F","°F"
"2024-01-10 01:14:00 pm","73.4","68.0","73.9","62.2","point"
"2024-01-10 01:15:00 pm","73.5","67.9","73.9","62.3","point"
"2024-01-10 01:16:00 pm","73.5","67.2","73.9","61.9","point"
"2024-01-10 01:17:00 pm","73.5","68.4","73.9","62.4","point"
"2024-01-10 01:18:00 pm","73.5","66.7","73.9","61.8","point"
"2024-01-10 01:19:00 pm","73.4","67.1","73.9","61.8","point"
"2024-01-10 01:20:00 pm","73.4","67.1","73.9","61.8","point"
"2024-01-10 01:21:00 pm","73.5","68.5","73.9","62.5","point"
"2024-01-10 01:22:00 pm","73.4","67.2","73.9","61.9","point"
"2024-01-10 01:23:00 pm","73.4","68.8","73.8","62.5","point"
"2024-01-10 01:24:00 pm","73.3","69.0","73.8","62.5","point"
"2024-01-10 01:25:00 pm","73.2","69.5","73.9","62.6","point"
"2024-01-10 01:26:00 pm","73.2","68.8","73.6","62.3","point"
"2024-01-10 01:27:00 pm","73.2","68.8","73.8","62.3","point"
"2024-01-10 01:28:00 pm","73.3","68.6","73.8","62.3","point"
"2024-01-10 01:29:00 pm","73.3","69.6","73.9","62.7","point"
"2024-01-10 01:30:00 pm","73.2","68.6","73.6","62.2","point"
"2024-01-10 01:31:00 pm","73.4","67.5","73.8","62.0","point"
"2024-01-10 01:32:00 pm","73.3","67.9","73.8","62.1","point"
"2024-01-10 01:33:00 pm","73.3","68.6","73.8","62.4","point"
"2024-01-10 01:34:00 pm","73.3","68.0","73.8","62.1","point"
"2024-01-10 01:35:00 pm","73.4","67.6","73.8","62.0","point"
"2024-01-10 01:36:00 pm","73.3","68.2","73.8","62.2","point"
"2024-01-10 01:37:00 pm","73.4","68.0","73.8","62.2","point"
"2024-01-10 01:38:00 pm","73.4","66.9","73.8","61.7","point"
"2024-01-10 01:39:00 pm","73.3","67.1","73.8","61.8","point"
"2024-01-10 01:40:00 pm","73.7","66.7","74.1","61.9","point"
"2024-01-10 01:41:00 pm","73.5","67.9","73.9","62.2","point"
"2024-01-10 01:42:00 pm","73.6","66.9","74.1","61.9","point"
"2024-01-10 01:43:00 pm","73.6","65.2","73.9","61.2","point"
"2024-01-10 01:44:00 pm","73.7","65.0","73.9","61.2","point"
"2024-01-10 01:45:00 pm","73.8","65.0","74.1","61.3","point"
"2024-01-10 01:46:00 pm","73.7","65.6","73.9","61.4","point"
"2024-01-10 01:47:00 pm","73.6","66.3","74.1","61.7","point"
"2024-01-10 01:48:00 pm","73.7","65.2","73.9","61.3","point"
"2024-01-10 01:49:00 pm","73.8","64.6","74.1","61.1","point"
"2024-01-10 01:50:00 pm","73.7","65.9","73.9","61.6","point"
"2024-01-10 01:51:00 pm","73.7","65.7","73.9","61.5","point"
"2024-01-10 01:52:00 pm","73.8","65.3","74.1","61.4","point"
"2024-01-10 01:53:00 pm","73.8","65.9","74.1","61.7","point"
"2024-01-10 01:54:00 pm","73.8","65.1","74.1","61.3","point"
"2024-01-10 01:55:00 pm","73.7","64.8","73.9","61.1","point"
"2024-01-10 01:56:00 pm","73.7","66.3","74.1","61.8","point"
"2024-01-10 01:57:00 pm","73.7","64.8","73.9","61.2","point"
"2024-01-10 01:58:00 pm","73.9","64.6","74.1","61.2","point"
"2024-01-10 01:59:00 pm","73.9","65.5","74.1","61.6","point"
"2024-01-10 02:00:00 pm","73.9","65.9","74.1","61.8","point"
"2024-01-10 02:01:00 pm","73.9","66.0","74.3","61.8","point"
"2024-01-10 02:02:00 pm","73.9","66.4","74.3","62.0","point"
"2024-01-10 02:03:00 pm","73.8","66.7","74.3","62.1","point"
"2024-01-10 02:04:00 pm","73.8","64.6","74.1","61.1","point"
"2024-01-10 02:05:00 pm","73.9","65.1","74.1","61.4","point"
"2024-01-10 02:06:00 pm","73.9","66.1","74.3","61.8","point"
"2024-01-10 02:07:00 pm","73.9","65.7","74.1","61.7","point"
"2024-01-10 02:08:00 pm","73.8","65.4","74.1","61.5","point"
"2024-01-10 02:09:00 pm","73.9","66.2","74.3","61.9","point"
"2024-01-10 02:10:00 pm","73.9","66.7","74.3","62.1","point"
"2024-01-10 02:11:00 pm","73.8","66.6","74.3","62.0","point"
"2024-01-10 02:12:00 pm","73.9","65.4","74.1","61.6","point"
"2024-01-10 02:13:00 pm","73.9","65.1","74.1","61.4","point"
"2024-01-10 02:14:00 pm","73.9","65.7","74.1","61.7","point"
"2024-01-10 02:15:00 pm","73.9","65.1","74.1","61.4","point"
"2024-01-10 02:16:00 pm","73.9","64.9","74.1","61.4","point"
"2024-01-10 02:17:00 pm","73.9","65.1","74.1","61.5","point"
"2024-01-10 02:18:00 pm","73.9","65.4","74.1","61.5","point"
"2024-01-10 02:19:00 pm","73.9","66.1","74.3","61.8","point"
"2024-01-10 02:20:00 pm","73.8","66.5","74.3","61.9","point"
"2024-01-10 02:21:00 pm","74.0","66.6","74.5","62.2","point"
"2024-01-10 02:22:00 pm","73.9","65.9","74.1","61.8","point"
"2024-01-10 02:23:00 pm","73.9","65.9","74.1","61.8","point"
"2024-01-10 02:24:00 pm","73.9","66.2","74.3","61.9","point"
"2024-01-10 02:25:00 pm","73.9","65.9","74.1","61.8","point"
"2024-01-10 02:26:00 pm","73.9","65.5","74.1","61.6","point"
"2024-01-10 02:27:00 pm","73.7","65.8","73.9","61.5","point"
"2024-01-10 02:28:00 pm","73.7","65.2","73.9","61.3","point"
"2024-01-10 02:29:00 pm","73.9","65.1","74.1","61.4","point"
"2024-01-10 02:30:00 pm","73.8","65.5","74.1","61.5","point"
"2024-01-10 02:31:00 pm","73.7","66.6","74.1","61.9","point"
"2024-01-10 02:32:00 pm","73.7","66.9","74.1","62.1","point"
"2024-01-10 02:33:00 pm","73.7","66.9","74.1","62.0","point"
"2024-01-10 02:34:00 pm","73.7","68.0","74.3","62.5","point"
"2024-01-10 02:35:00 pm","73.7","68.2","74.3","62.6","point"
"2024-01-10 02:36:00 pm","73.6","68.2","74.3","62.5","point"
"2024-01-10 02:37:00 pm","73.7","68.7","74.3","62.7","point"
"2024-01-10 02:38:00 pm","73.7","68.0","74.3","62.4","point"
"2024-01-10 02:39:00 pm","73.8","68.2","74.5","62.6","point"
"2024-01-10 02:40:00 pm","73.7","68.8","74.3","62.8","point"
"2024-01-10 02:41:00 pm","73.7","69.1","74.5","62.9","point"
"2024-01-10 02:42:00 pm","73.7","69.8","74.5","63.3","point"
"2024-01-10 02:43:00 pm","73.7","70.5","74.5","63.4","point"
"2024-01-10 02:44:00 pm","73.7","70.7","74.5","63.6","point"
"2024-01-10 02:45:00 pm","73.7","71.1","74.5","63.7","point"
"2024-01-10 02:46:00 pm","73.6","71.4","74.5","63.8","point"
"2024-01-10 02:47:00 pm","73.8","70.4","74.7","63.6","point"
"2024-01-10 02:48:00 pm","73.8","70.3","74.7","63.5","point"
"2024-01-10 02:49:00 pm","73.7","68.7","74.3","62.8","point"
"2024-01-10 02:50:00 pm","73.9","68.3","74.5","62.8","point"
"2024-01-10 02:51:00 pm","73.9","68.1","74.5","62.7","point"
"2024-01-10 02:52:00 pm","73.8","68.6","74.5","62.8","point"
"2024-01-10 02:53:00 pm","73.9","69.7","74.7","63.3","point"
"2024-01-10 02:54:00 pm","73.8","70.9","74.7","63.7","point"
"2024-01-10 02:55:00 pm","73.8","69.9","74.7","63.3","point"
"2024-01-10 02:56:00 pm","73.7","69.1","74.5","62.9","point"
"2024-01-10 02:57:00 pm","73.7","69.0","74.3","62.9","point"
"2024-01-10 02:58:00 pm","73.7","69.0","74.5","62.9","point"
"2024-01-10 02:59:00 pm","73.6","70.0","74.5","63.2","point"
"2024-01-10 03:00:00 pm","73.7","70.7","74.5","63.5","point"
"2024-01-10 03:01:00 pm","73.6","71.5","74.5","63.8","point"
"2024-01-10 03:02:00 pm","73.6","69.9","74.5","63.2","point"
"2024-01-10 03:03:00 pm","73.5","70.1","74.1","63.2","point"
"2024-01-10 03:04:00 pm","73.6","69.9","74.5","63.2","point"
"2024-01-10 03:05:00 pm","73.5","70.0","74.1","63.1","point"
"2024-01-10 03:06:00 pm","73.6","69.4","74.5","63.0","point"
"2024-01-10 03:07:00 pm","73.6","69.5","74.5","63.0","point"
"2024-01-10 03:08:00 pm","73.6","69.5","74.5","63.0","point"
"2024-01-10 03:09:00 pm","73.5","69.9","74.1","63.1","point"
"2024-01-10 03:10:00 pm","73.5","69.9","74.1","63.1","point"
"2024-01-10 03:11:00 pm","73.4","69.9","73.9","63.0","point"
"2024-01-10 03:12:00 pm","73.4","70.3","74.1","63.2","point"
"2024-01-10 03:13:00 pm","73.4","69.8","74.1","63.0","point"
"2024-01-10 03:14:00 pm","73.3","70.9","74.1","63.3","point"
"2024-01-10 03:15:00 pm","73.4","70.4","73.9","63.2","point"
"2024-01-10 03:16:00 pm","73.5","70.7","74.3","63.4","point"
"2024-01-10 03:17:00 pm","73.3","69.9","73.9","62.9","point"
"2024-01-10 03:18:00 pm","73.4","69.3","73.9","62.7","point"
"2024-01-10 03:19:00 pm","73.4","69.8","73.9","62.9","point"
"2024-01-10 03:20:00 pm","73.5","69.6","74.1","62.9","point"
"2024-01-10 03:21:00 pm","73.5","69.2","74.1","62.8","point"
"2024-01-10 03:22:00 pm","73.5","69.9","74.1","63.1","point"
"2024-01-10 03:23:00 pm","73.4","72.0","74.5","63.8","point"
"2024-01-10 03:24:00 pm","73.4","72.1","74.5","63.9","point"
"2024-01-10 03:25:00 pm","73.5","71.7","74.3","63.8","point"
"2024-01-10 03:26:00 pm","73.5","71.9","74.3","63.9","point"
"2024-01-10 03:27:00 pm","73.4","72.2","74.3","63.9","point"
"2024-01-10 03:28:00 pm","73.4","71.9","74.1","63.7","point"
"2024-01-10 03:29:00 pm","73.4","70.7","74.3","63.3","point"
"2024-01-10 03:30:00 pm","73.4","70.6","74.3","63.3","point"
"2024-01-10 03:31:00 pm","73.5","71.5","74.3","63.7","point"
"2024-01-10 03:32:00 pm","73.4","71.4","74.3","63.6","point"
"2024-01-10 03:33:00 pm","73.4","71.6","74.1","63.6","point"
"2024-01-10 03:34:00 pm","73.4","71.1","74.3","63.5","point"
"2024-01-10 03:35:00 pm","73.4","70.7","74.1","63.3","point"
"2024-01-10 03:36:00 pm","73.4","70.1","73.9","63.1","point"
"2024-01-10 03:37:00 pm","73.4","70.0","73.9","63.0","point"
"2024-01-10 03:38:00 pm","73.3","70.2","73.9","63.1","point"
"2024-01-10 03:39:00 pm","73.3","70.7","74.1","63.2","point"
"2024-01-10 03:40:00 pm","73.3","69.6","73.9","62.8","point"
"2024-01-10 03:41:00 pm","73.3","69.8","73.9","62.9","point"
"2024-01-10 03:42:00 pm","73.3","69.8","73.9","62.9","point"
"2024-01-10 03:43:00 pm","73.3","69.6","73.9","62.8","point"
"2024-01-10 03:44:00 pm","73.3","70.3","73.9","63.1","point"
"2024-01-10 03:45:00 pm","73.4","69.7","73.9","62.9","point"
"2024-01-10 03:46:00 pm","73.3","69.2","73.9","62.6","point"
"2024-01-10 03:47:00 pm","73.3","69.5","73.9","62.7","point"
"2024-01-10 03:48:00 pm","73.4","70.4","73.9","63.1","point"
"2024-01-10 03:49:00 pm","73.3","69.6","73.9","62.8","point"
"2024-01-10 03:50:00 pm","73.4","69.9","74.1","63.0","point"
"2024-01-10 03:51:00 pm","73.4","70.9","74.3","63.4","point"
"2024-01-10 03:52:00 pm","73.5","70.5","74.3","63.3","point"
"2024-01-10 03:53:00 pm","73.4","71.2","74.3","63.5","point"
"2024-01-10 03:54:00 pm","73.4","72.5","74.3","64.0","point"
"2024-01-10 03:55:00 pm","73.3","71.9","74.1","63.7","point"
"2024-01-10 03:56:00 pm","73.3","72.1","74.3","63.8","point"
"2024-01-10 03:57:00 pm","73.3","72.2","74.3","63.9","point"
"2024-01-10 03:58:00 pm","73.3","72.2","74.3","63.8","point"
"2024-01-10 03:59:00 pm","73.3","72.1","74.3","63.7","point"
"2024-01-10 04:00:00 pm","73.2","71.6","74.1","63.5","point"
"2024-01-10 04:01:00 pm","73.3","72.2","74.3","63.8","point"
"2024-01-10 04:02:00 pm","73.3","72.4","74.3","63.8","point"
"2024-01-10 04:03:00 pm","73.3","72.9","74.3","64.0","point"
"2024-01-10 04:04:00 pm","73.3","73.7","74.3","64.4","point"
"2024-01-10 04:05:00 pm","73.3","73.5","74.3","64.3","point"
"2024-01-10 04:06:00 pm","73.3","73.6","74.3","64.4","point"
"2024-01-10 04:07:00 pm","73.3","73.7","74.3","64.4","point"
"2024-01-10 04:08:00 pm","73.2","73.1","74.3","64.1","point"
"2024-01-10 04:09:00 pm","73.2","71.5","74.1","63.5","point"
"2024-01-10 04:10:00 pm","73.3","71.8","74.1","63.6","point"
"2024-01-10 04:11:00 pm","73.2","72.8","74.3","64.0","point"
"2024-01-10 04:12:00 pm","73.3","73.4","74.3","64.2","point"
"2024-01-10 04:13:00 pm","73.2","73.1","74.3","64.1","point"
"2024-01-10 04:14:00 pm","73.1","73.6","74.1","64.2","point"
"2024-01-10 04:15:00 pm","73.2","73.4","74.3","64.2","point"
"2024-01-10 04:16:00 pm","73.2","74.0","74.1","64.4","point"
"2024-01-10 04:17:00 pm","73.1","74.2","74.1","64.4","point"
"2024-01-10 04:18:00 pm","73.1","73.7","74.1","64.2","point"
"2024-01-10 04:19:00 pm","73.1","73.4","74.1","64.0","point"
"2024-01-10 04:20:00 pm","73.0","73.5","73.9","64.1","point"
"2024-01-10 04:21:00 pm","73.1","73.5","74.1","64.1","point"
"2024-01-10 04:22:00 pm","73.0","74.1","73.9","64.2","point"
"2024-01-10 04:23:00 pm","73.0","74.1","73.9","64.3","point"
"2024-01-10 04:24:00 pm","73.1","74.8","74.1","64.6","point"
"2024-01-10 04:25:00 pm","73.0","74.9","73.9","64.5","point"
"2024-01-10 04:26:00 pm","73.0","75.1","74.1","64.7","point"
"2024-01-10 04:27:00 pm","73.0","75.3","74.1","64.7","point"
"2024-01-10 04:28:00 pm","72.9","75.6","74.1","64.7","point"
"2024-01-10 04:29:00 pm","73.0","75.6","74.1","64.9","point"
"2024-01-10 04:30:00 pm","73.0","74.4","73.9","64.4","point"
"2024-01-10 04:31:00 pm","73.1","73.6","74.1","64.1","point"
"2024-01-10 04:32:00 pm","73.1","72.7","74.1","63.8","point"
"2024-01-10 04:33:00 pm","73.1","72.9","74.1","63.9","point"
"2024-01-10 04:34:00 pm","73.2","73.4","74.3","64.2","point"
"2024-01-10 04:35:00 pm","73.1","73.8","74.1","64.3","point"
"2024-01-10 04:36:00 pm","73.1","74.1","74.1","64.4","point"
"2024-01-10 04:37:00 pm","73.2","73.8","74.1","64.3","point"
"2024-01-10 04:38:00 pm","73.1","74.3","74.1","64.4","point"
"2024-01-10 04:39:00 pm","73.0","74.0","73.9","64.2","point"
"2024-01-10 04:40:00 pm","73.0","74.5","73.9","64.4","point"
"2024-01-10 04:41:00 pm","73.0","75.1","74.1","64.7","point"
"2024-01-10 04:42:00 pm","73.1","75.5","74.3","64.9","point"
"2024-01-10 04:43:00 pm","73.0","75.7","74.1","64.8","point"
"2024-01-10 04:44:00 pm","72.9","76.2","74.1","64.9","point"
"2024-01-10 04:45:00 pm","72.8","76.6","73.9","65.0","point"
"2024-01-10 04:46:00 pm","72.8","76.6","73.9","65.0","point"
"2024-01-10 04:47:00 pm","72.8","77.1","73.9","65.2","point"
"2024-01-10 04:48:00 pm","72.8","77.1","73.9","65.2","point"
"2024-01-10 04:49:00 pm","72.7","77.4","73.9","65.2","point"
"2024-01-10 04:50:00 pm","72.7","77.5","73.9","65.2","point"
"2024-01-10 04:51:00 pm","72.7","77.3","73.9","65.2","point"
"2024-01-10 04:52:00 pm","72.7","76.8","73.9","65.0","point"
"2024-01-10 04:53:00 pm","72.7","77.2","73.9","65.1","point"
"2024-01-10 04:54:00 pm","72.6","77.5","73.8","65.1","point"
"2024-01-10 04:55:00 pm","72.6","77.3","73.8","65.0","point"
"2024-01-10 04:56:00 pm","72.6","77.3","73.8","65.0","point"
"2024-01-10 04:57:00 pm","72.6","77.3","73.8","65.0","point"
"2024-01-10 04:58:00 pm","72.5","77.8","73.8","65.2","point"
"2024-01-10 04:59:00 pm","72.6","77.8","73.8","65.2","point"
"2024-01-10 05:00:00 pm","72.5","78.1","73.8","65.3","point"
"2024-01-10 05:01:00 pm","72.4","77.8","73.6","65.1","point"
"2024-01-10 05:02:00 pm","72.5","78.1","73.6","65.2","point"
"2024-01-10 05:03:00 pm","72.5","78.0","73.8","65.3","point"
"2024-01-10 05:04:00 pm","72.6","78.7","73.8","65.6","point"
"2024-01-10 05:05:00 pm","72.5","78.7","73.8","65.5","point"
"2024-01-10 05:06:00 pm","72.6","78.7","73.8","65.6","point"
"2024-01-10 05:07:00 pm","72.4","78.6","73.6","65.4","point"
"2024-01-10 05:08:00 pm","72.4","78.9","73.8","65.5","point"
"2024-01-10 05:09:00 pm","72.4","79.1","73.8","65.6","point"
"2024-01-10 05:10:00 pm","72.5","79.2","73.9","65.7","point"
"2024-01-10 05:11:00 pm","72.4","79.4","73.8","65.7","point"
"2024-01-10 05:12:00 pm","72.4","79.4","73.8","65.7","point"
"2024-01-10 05:13:00 pm","72.3","79.7","73.8","65.7","point"
"2024-01-10 05:14:00 pm","72.4","79.7","73.8","65.8","point"
"2024-01-10 05:15:00 pm","72.4","79.6","73.8","65.8","point"
"2024-01-10 05:16:00 pm","72.4","79.9","73.8","65.9","point"
"2024-01-10 05:17:00 pm","72.5","79.9","73.8","65.9","point"
"2024-01-10 05:18:00 pm","72.3","80.0","73.8","65.8","point"
"2024-01-10 05:19:00 pm","72.4","80.0","73.8","65.9","point"
"2024-01-10 05:20:00 pm","72.3","80.2","73.6","65.8","point"
"2024-01-10 05:21:00 pm","72.3","80.1","73.6","65.8","point"
"2024-01-10 05:22:00 pm","72.4","79.9","73.8","65.8","point"
"2024-01-10 05:23:00 pm","72.4","80.1","73.8","65.9","point"
"2024-01-10 05:24:00 pm","72.3","80.0","73.6","65.8","point"
"2024-01-10 05:25:00 pm","72.3","80.2","73.8","65.9","point"
"2024-01-10 05:26:00 pm","72.4","80.4","73.8","66.0","point"
"2024-01-10 05:27:00 pm","72.3","80.4","73.6","65.9","point"
"2024-01-10 05:28:00 pm","72.3","80.4","73.8","66.0","point"
"2024-01-10 05:29:00 pm","72.3","80.5","73.6","66.0","point"
"2024-01-10 05:30:00 pm","72.4","80.5","73.8","66.0","point"
"2024-01-10 05:31:00 pm","72.3","80.7","73.6","66.0","point"
"2024-01-10 05:32:00 pm","72.4","80.8","73.8","66.2","point"
"2024-01-10 05:33:00 pm","72.3","80.7","73.6","66.0","point"
"2024-01-10 05:34:00 pm","72.4","80.6","73.8","66.1","point"
"2024-01-10 05:35:00 pm","72.3","81.2","73.6","66.2","point"
"2024-01-10 05:36:00 pm","72.3","81.0","73.6","66.1","point"
"2024-01-10 05:37:00 pm","72.3","81.0","73.6","66.2","point"
"2024-01-10 05:38:00 pm","72.3","80.9","73.6","66.1","point"
"2024-01-10 05:39:00 pm","72.3","81.2","73.6","66.2","point"
"2024-01-10 05:40:00 pm","72.2","81.3","73.6","66.2","point"
"2024-01-10 05:41:00 pm","72.3","81.2","73.6","66.2","point"
"2024-01-10 05:42:00 pm","72.3","80.8","73.6","66.1","point"
"2024-01-10 05:43:00 pm","72.2","81.0","73.6","66.1","point"
"2024-01-10 05:44:00 pm","72.3","80.9","73.6","66.1","point"
"2024-01-10 05:45:00 pm","72.3","80.9","73.6","66.1","point"
"2024-01-10 05:46:00 pm","72.3","81.1","73.6","66.2","point"
"2024-01-10 05:47:00 pm","72.3","81.3","73.6","66.2","point"
"2024-01-10 05:48:00 pm","72.2","81.5","73.6","66.3","point"
"2024-01-10 05:49:00 pm","72.3","81.7","73.6","66.3","point"
"2024-01-10 05:50:00 pm","72.3","81.3","73.6","66.2","point"
"2024-01-10 05:51:00 pm","72.3","81.5","73.6","66.3","point"
"2024-01-10 05:52:00 pm","72.4","81.2","73.8","66.3","point"
"2024-01-10 05:53:00 pm","72.3","81.8","73.6","66.4","point"
"2024-01-10 05:54:00 pm","72.3","81.8","73.8","66.5","point"
"2024-01-10 05:55:00 pm","72.3","82.1","73.8","66.5","point"
"2024-01-10 05:56:00 pm","72.4","82.0","73.9","66.6","point"
"2024-01-10 05:57:00 pm","72.3","81.8","73.6","66.4","point"
"2024-01-10 05:58:00 pm","72.4","82.6","73.9","66.8","point"
"2024-01-10 05:59:00 pm","72.3","82.0","73.8","66.5","point"
"2024-01-10 06:00:00 pm","72.3","81.6","73.6","66.3","point"
"2024-01-10 06:01:00 pm","72.3","82.5","73.9","66.7","point"
"2024-01-10 06:02:00 pm","72.4","82.1","73.9","66.6","point"
"2024-01-10 06:03:00 pm","72.2","81.8","73.6","66.4","point"
"2024-01-10 06:04:00 pm","72.3","82.4","73.8","66.6","point"
"2024-01-10 06:05:00 pm","72.3","82.3","73.8","66.6","point"
"2024-01-10 06:06:00 pm","72.3","81.9","73.8","66.5","point"
"2024-01-10 06:07:00 pm","72.2","81.8","73.6","66.4","point"
"2024-01-10 06:08:00 pm","72.3","82.3","73.9","66.6","point"
"2024-01-10 06:09:00 pm","72.3","82.5","73.8","66.6","point"
"2024-01-10 06:10:00 pm","72.2","82.4","73.8","66.6","point"
"2024-01-10 06:11:00 pm","72.3","82.2","73.8","66.6","point"
"2024-01-10 06:12:00 pm","72.3","82.2","73.8","66.5","point"
"2024-01-10 06:13:00 pm","72.3","82.4","73.8","66.6","point"
"2024-01-10 06:14:00 pm","72.2","81.8","73.6","66.4","point"
"2024-01-10 06:15:00 pm","72.2","81.8","73.6","66.4","point"
"2024-01-10 06:16:00 pm","72.2","82.0","73.8","66.4","point"
"2024-01-10 06:17:00 pm","72.2","81.9","73.6","66.3","point"
"2024-01-10 06:18:00 pm","72.2","82.0","73.8","66.4","point"
"2024-01-10 06:19:00 pm","72.2","81.9","73.8","66.4","point"
"2024-01-10 06:20:00 pm","72.2","82.0","73.8","66.4","point"
"2024-01-10 06:21:00 pm","72.1","81.8","73.6","66.3","point"
"2024-01-10 06:22:00 pm","72.2","81.8","73.6","66.4","point"
"2024-01-10 06:23:00 pm","72.2","81.8","73.6","66.3","point"
"2024-01-10 06:24:00 pm","72.1","82.0","73.4","66.3","point"
"2024-01-10 06:25:00 pm","72.2","81.9","73.6","66.3","point"
"2024-01-10 06:26:00 pm","72.2","82.0","73.8","66.4","point"
"2024-01-10 06:27:00 pm","72.1","82.0","73.4","66.3","point"
"2024-01-10 06:28:00 pm","72.2","82.1","73.8","66.4","point"
"2024-01-10 06:29:00 pm","72.1","82.1","73.4","66.3","point"
"2024-01-10 06:30:00 pm","72.2","82.1","73.8","66.4","point"
"2024-01-10 06:31:00 pm","72.1","82.1","73.4","66.4","point"
"2024-01-10 06:32:00 pm","72.1","82.3","73.4","66.4","point"
"2024-01-10 06:33:00 pm","72.1","82.1","73.8","66.4","point"
"2024-01-10 06:34:00 pm","72.1","82.1","73.4","66.3","point"
"2024-01-10 06:35:00 pm","72.1","82.3","73.8","66.4","point"
"2024-01-10 06:36:00 pm","72.1","82.3","73.8","66.5","point"
"2024-01-10 06:37:00 pm","72.1","82.2","73.8","66.4","point"
"2024-01-10 06:38:00 pm","72.1","82.3","73.8","66.4","point"
"2024-01-10 06:39:00 pm","72.1","82.3","73.4","66.4","point"
"2024-01-10 06:40:00 pm","72.1","82.3","73.4","66.4","point"
"2024-01-10 06:41:00 pm","72.1","82.3","73.4","66.4","point"
"2024-01-10 06:42:00 pm","72.1","82.5","73.8","66.5","point"
"2024-01-10 06:43:00 pm","72.1","82.4","73.4","66.4","point"
"2024-01-10 06:44:00 pm","72.1","82.3","73.4","66.4","point"
"2024-01-10 06:45:00 pm","72.0","82.3","73.4","66.3","point"
"2024-01-10 06:46:00 pm","72.1","82.4","73.4","66.5","point"
"2024-01-10 06:47:00 pm","72.0","82.4","73.4","66.4","point"
"2024-01-10 06:48:00 pm","72.1","82.2","73.4","66.3","point"
"2024-01-10 06:49:00 pm","72.0","82.3","73.4","66.3","point"
"2024-01-10 06:50:00 pm","72.1","82.3","73.4","66.4","point"
"2024-01-10 06:51:00 pm","72.1","82.2","73.4","66.3","point"
"2024-01-10 06:52:00 pm","72.0","82.3","73.4","66.3","point"
"2024-01-10 06:53:00 pm","72.1","82.4","73.4","66.4","point"
"2024-01-10 06:54:00 pm","72.1","82.3","73.4","66.4","point"
"2024-01-10 06:55:00 pm","72.0","82.5","73.4","66.4","point"
"2024-01-10 06:56:00 pm","72.0","82.3","73.4","66.3","point"
"2024-01-10 06:57:00 pm","72.1","82.3","73.4","66.4","point"
"2024-01-10 06:58:00 pm","72.1","82.4","73.4","66.4","point"
"2024-01-10 06:59:00 pm","71.9","82.4","73.2","66.3","point"
"2024-01-10 07:00:00 pm","72.0","82.4","73.4","66.3","point"
"2024-01-10 07:01:00 pm","72.0","82.4","73.4","66.3","point"
"2024-01-10 07:02:00 pm","72.0","82.3","73.4","66.3","point"
"2024-01-10 07:03:00 pm","72.1","82.5","73.4","66.4","point"
"2024-01-10 07:04:00 pm","72.0","82.6","73.6","66.4","point"
"2024-01-10 07:05:00 pm","72.0","82.5","73.4","66.4","point"
"2024-01-10 07:06:00 pm","72.1","82.3","73.4","66.4","point"
"2024-01-10 07:07:00 pm","72.1","82.7","73.6","66.5","point"
"2024-01-10 07:08:00 pm","72.0","82.4","73.4","66.3","point"
"2024-01-10 07:09:00 pm","71.9","82.3","73.2","66.2","point"
"2024-01-10 07:10:00 pm","71.9","82.3","73.2","66.2","point"
"2024-01-10 07:11:00 pm","72.0","82.4","73.4","66.3","point"
"2024-01-10 07:12:00 pm","71.9","82.2","73.2","66.2","point"
"2024-01-10 07:13:00 pm","72.0","82.2","73.4","66.3","point"
"2024-01-10 07:14:00 pm","72.0","82.1","73.4","66.2","point"
"2024-01-10 07:15:00 pm","71.9","82.2","73.2","66.2","point"
"2024-01-10 07:16:00 pm","72.0","82.1","73.4","66.2","point"
"2024-01-10 07:17:00 pm","72.0","82.1","73.4","66.2","point"
"2024-01-10 07:18:00 pm","71.9","82.1","73.2","66.1","point"
"2024-01-10 07:19:00 pm","72.0","82.1","73.4","66.2","point"
"2024-01-10 07:20:00 pm","72.0","82.2","73.4","66.3","point"
"2024-01-10 07:21:00 pm","71.9","82.1","73.2","66.1","point"
"2024-01-10 07:22:00 pm","72.0","82.1","73.4","66.2","point"
"2024-01-10 07:23:00 pm","71.8","82.1","73.2","66.1","point"
"2024-01-10 07:24:00 pm","71.9","82.1","73.2","66.1","point"
"2024-01-10 07:25:00 pm","71.9","82.2","73.2","66.2","point"
"2024-01-10 07:26:00 pm","71.9","82.1","73.2","66.1","point"
"2024-01-10 07:27:00 pm","71.8","82.1","73.2","66.0","point"
"2024-01-10 07:28:00 pm","71.9","82.1","73.2","66.1","point"
"2024-01-10 07:29:00 pm","71.9","82.1","73.2","66.1","point"
"2024-01-10 07:30:00 pm","71.8","82.1","73.2","66.1","point"
"2024-01-10 07:31:00 pm","71.9","82.1","73.2","66.1","point"
"2024-01-10 07:32:00 pm","71.9","82.1","73.2","66.1","point"
"2024-01-10 07:33:00 pm","71.8","82.0","73.2","66.0","point"
"2024-01-10 07:34:00 pm","71.8","82.1","73.2","66.0","point"
"2024-01-10 07:35:00 pm","72.0","82.1","73.4","66.2","point"
"2024-01-10 07:36:00 pm","71.7","81.9","73.0","65.9","point"
"2024-01-10 07:37:00 pm","71.9","82.0","73.2","66.1","point"
"2024-01-10 07:38:00 pm","71.9","81.9","73.2","66.1","point"
"2024-01-10 07:39:00 pm","71.8","82.0","73.2","66.0","point"
"2024-01-10 07:40:00 pm","71.9","82.0","73.2","66.0","point"
"2024-01-10 07:41:00 pm","71.9","81.9","73.2","66.1","point"
"2024-01-10 07:42:00 pm","71.9","81.9","73.2","66.1","point"
"2024-01-10 07:43:00 pm","71.8","81.8","73.2","65.9","point"
"2024-01-10 07:44:00 pm","71.8","81.9","73.2","66.0","point"
"2024-01-10 07:45:00 pm","71.8","81.9","73.2","65.9","point"
"2024-01-10 07:46:00 pm","71.8","81.8","73.2","65.9","point"
"2024-01-10 07:47:00 pm","71.7","81.8","73.0","65.9","point"
"2024-01-10 07:48:00 pm","71.7","81.8","73.0","65.8","point"
"2024-01-10 07:49:00 pm","71.8","81.7","73.2","65.9","point"
"2024-01-10 07:50:00 pm","71.8","81.7","73.2","65.9","point"
"2024-01-10 07:51:00 pm","71.8","81.7","73.2","65.9","point"
"2024-01-10 07:52:00 pm","71.7","81.7","73.0","65.9","point"
"2024-01-10 07:53:00 pm","71.7","81.6","73.0","65.8","point"
"2024-01-10 07:54:00 pm","71.7","81.7","73.0","65.9","point"
"2024-01-10 07:55:00 pm","71.7","81.7","73.0","65.8","point"
"2024-01-10 07:56:00 pm","71.7","81.6","73.0","65.8","point"
"2024-01-10 07:57:00 pm","71.7","81.6","73.0","65.8","point"
"2024-01-10 07:58:00 pm","71.7","81.5","73.0","65.8","point"
"2024-01-10 07:59:00 pm","71.7","81.5","73.0","65.8","point"
"2024-01-10 08:00:00 pm","71.7","81.6","73.0","65.8","point"
"2024-01-10 08:01:00 pm","71.7","81.6","73.0","65.8","point"
"2024-01-10 08:02:00 pm","71.7","81.6","73.0","65.7","point"
"2024-01-10 08:03:00 pm","71.7","81.6","73.0","65.7","point"
"2024-01-10 08:04:00 pm","71.6","81.6","72.7","65.6","point"
"2024-01-10 08:05:00 pm","71.7","81.6","73.0","65.8","point"
"2024-01-10 08:06:00 pm","71.7","81.6","73.0","65.8","point"
"2024-01-10 08:07:00 pm","71.7","81.6","73.0","65.8","point"
"2024-01-10 08:08:00 pm","71.6","81.6","73.0","65.7","point"
"2024-01-10 08:09:00 pm","71.6","81.5","73.0","65.7","point"
"2024-01-10 08:10:00 pm","71.6","81.6","72.7","65.6","point"
"2024-01-10 08:11:00 pm","71.6","81.7","72.7","65.7","point"
"2024-01-10 08:12:00 pm","71.6","81.7","72.7","65.7","point"
"2024-01-10 08:13:00 pm","71.7","81.6","73.0","65.8","point"
"2024-01-10 08:14:00 pm","71.5","81.7","72.7","65.6","point"
"2024-01-10 08:15:00 pm","71.6","81.6","72.7","65.7","point"
"2024-01-10 08:16:00 pm","71.6","81.5","72.7","65.6","point"
"2024-01-10 08:17:00 pm","71.5","81.6","72.7","65.6","point"
"2024-01-10 08:18:00 pm","71.7","81.4","73.0","65.7","point"
"2024-01-10 08:19:00 pm","71.5","81.4","72.7","65.5","point"
"2024-01-10 08:20:00 pm","71.5","81.4","72.7","65.5","point"
"2024-01-10 08:21:00 pm","71.5","81.2","72.7","65.5","point"
"2024-01-10 08:22:00 pm","71.6","81.2","72.7","65.5","point"
"2024-01-10 08:23:00 pm","71.5","81.1","72.7","65.4","point"
"2024-01-10 08:24:00 pm","71.4","81.1","72.5","65.3","point"
"2024-01-10 08:25:00 pm","71.5","81.0","72.7","65.4","point"
"2024-01-10 08:26:00 pm","71.5","81.0","72.7","65.4","point"
"2024-01-10 08:27:00 pm","71.5","81.0","72.7","65.4","point"
"2024-01-10 08:28:00 pm","71.5","80.9","72.7","65.4","point"
"2024-01-10 08:29:00 pm","71.4","80.9","72.5","65.2","point"
"2024-01-10 08:30:00 pm","71.5","80.9","72.7","65.3","point"
"2024-01-10 08:31:00 pm","71.4","80.9","72.5","65.2","point"
"2024-01-10 08:32:00 pm","71.4","80.9","72.5","65.2","point"
"2024-01-10 08:33:00 pm","71.4","80.8","72.5","65.2","point"
"2024-01-10 08:34:00 pm","71.5","80.7","72.7","65.2","point"
"2024-01-10 08:35:00 pm","71.5","80.8","72.7","65.2","point"
"2024-01-10 08:36:00 pm","71.4","80.8","72.5","65.2","point"
"2024-01-10 08:37:00 pm","71.4","80.7","72.5","65.1","point"
"2024-01-10 08:38:00 pm","71.3","80.7","72.5","65.1","point"
"2024-01-10 08:39:00 pm","71.3","80.6","72.5","65.0","point"
"2024-01-10 08:40:00 pm","71.3","80.7","72.5","65.1","point"
"2024-01-10 08:41:00 pm","71.3","80.6","72.5","65.1","point"
"2024-01-10 08:42:00 pm","71.3","80.7","72.5","65.1","point"
"2024-01-10 08:43:00 pm","71.3","80.7","72.5","65.1","point"
"2024-01-10 08:44:00 pm","71.3","80.6","72.5","65.0","point"
"2024-01-10 08:45:00 pm","71.3","80.6","72.5","65.1","point"
"2024-01-10 08:46:00 pm","71.3","80.6","72.5","65.0","point"
"2024-01-10 08:47:00 pm","71.3","80.6","72.5","65.0","point"
"2024-01-10 08:48:00 pm","71.4","80.6","72.5","65.1","point"
"2024-01-10 08:49:00 pm","71.3","80.6","72.5","65.0","point"
"2024-01-10 08:50:00 pm","71.2","80.5","72.3","64.9","point"
"2024-01-10 08:51:00 pm","71.3","80.5","72.5","65.0","point"
"2024-01-10 08:52:00 pm","71.3","80.5","72.5","65.0","point"
"2024-01-10 08:53:00 pm","71.3","80.5","72.5","65.0","point"
"2024-01-10 08:54:00 pm","71.3","80.5","72.5","65.0","point"
"2024-01-10 08:55:00 pm","71.2","80.6","72.3","64.9","point"
"2024-01-10 08:56:00 pm","71.2","80.4","72.3","64.9","point"
"2024-01-10 08:57:00 pm","71.2","80.5","72.3","64.9","point"
"2024-01-10 08:58:00 pm","71.1","80.6","72.3","64.9","point"
"2024-01-10 08:59:00 pm","71.2","80.7","72.3","64.9","point"
"2024-01-10 09:00:00 pm","71.1","80.6","72.3","64.8","point"
"2024-01-10 09:01:00 pm","71.2","80.5","72.3","64.9","point"
"2024-01-10 09:02:00 pm","71.2","80.6","72.3","64.9","point"
"2024-01-10 09:03:00 pm","71.2","80.5","72.3","64.9","point"
"2024-01-10 09:04:00 pm","71.2","80.5","72.3","64.9","point"
"2024-01-10 09:05:00 pm","71.2","80.5","72.3","64.9","point"
"2024-01-10 09:06:00 pm","71.1","80.5","72.3","64.8","point"
"2024-01-10 09:07:00 pm","71.3","80.5","72.5","65.0","point"
"2024-01-10 09:08:00 pm","71.3","80.5","72.5","65.0","point"
"2024-01-10 09:09:00 pm","71.2","80.5","72.3","64.8","point"
"2024-01-10 09:10:00 pm","71.2","80.5","72.3","64.8","point"
"2024-01-10 09:11:00 pm","71.3","80.1","72.5","64.8","point"
"2024-01-10 09:12:00 pm","71.2","80.1","72.3","64.7","point"
"2024-01-10 09:13:00 pm","71.2","80.0","72.3","64.7","point"
"2024-01-10 09:14:00 pm","71.2","80.1","72.3","64.7","point"
"2024-01-10 09:15:00 pm","71.2","80.0","72.3","64.7","point"
"2024-01-10 09:16:00 pm","71.2","79.9","72.3","64.7","point"
"2024-01-10 09:17:00 pm","71.2","79.8","72.3","64.6","point"
"2024-01-10 09:18:00 pm","71.2","79.7","72.3","64.6","point"
"2024-01-10 09:19:00 pm","71.2","79.7","72.3","64.6","point"
"2024-01-10 09:20:00 pm","71.2","79.7","72.3","64.6","point"
"2024-01-10 09:21:00 pm","71.2","79.6","72.3","64.6","point"
"2024-01-10 09:22:00 pm","71.2","79.6","72.3","64.5","point"
"2024-01-10 09:23:00 pm","71.3","79.5","72.5","64.6","point"
"2024-01-10 09:24:00 pm","71.3","79.6","72.5","64.6","point"
"2024-01-10 09:25:00 pm","71.3","79.7","72.5","64.7","point"
"2024-01-10 09:26:00 pm","71.3","79.6","72.5","64.6","point"
"2024-01-10 09:27:00 pm","71.3","79.8","72.5","64.8","point"
"2024-01-10 09:28:00 pm","71.3","79.8","72.5","64.7","point"
"2024-01-10 09:29:00 pm","71.4","79.8","72.5","64.8","point"
"2024-01-10 09:30:00 pm","71.4","79.9","72.5","64.9","point"
"2024-01-10 09:31:00 pm","71.3","79.8","72.5","64.8","point"
"2024-01-10 09:32:00 pm","71.3","79.9","72.5","64.7","point"
"2024-01-10 09:33:00 pm","71.3","79.5","72.5","64.7","point"
"2024-01-10 09:34:00 pm","71.3","79.6","72.5","64.7","point"
"2024-01-10 09:35:00 pm","71.3","79.5","72.5","64.7","point"
"2024-01-10 09:36:00 pm","71.2","79.4","72.3","64.5","point"
"2024-01-10 09:37:00 pm","71.4","79.5","72.5","64.7","point"
"2024-01-10 09:38:00 pm","71.3","79.4","72.5","64.6","point"
"2024-01-10 09:39:00 pm","71.2","79.4","72.3","64.5","point"
"2024-01-10 09:40:00 pm","71.2","79.2","72.3","64.4","point"
"2024-01-10 09:41:00 pm","71.2","79.2","72.3","64.4","point"
"2024-01-10 09:42:00 pm","71.2","79.2","72.3","64.5","point"
"2024-01-10 09:43:00 pm","71.1","79.1","72.3","64.3","point"
"2024-01-10 09:44:00 pm","71.2","79.1","72.3","64.3","point"
"2024-01-10 09:45:00 pm","71.2","79.1","72.3","64.3","point"
"2024-01-10 09:46:00 pm","71.1","79.1","72.3","64.3","point"
"2024-01-10 09:47:00 pm","71.0","79.0","72.1","64.2","point"
"2024-01-10 09:48:00 pm","71.1","79.1","72.3","64.2","point"
"2024-01-10 09:49:00 pm","71.0","79.0","72.1","64.1","point"
"2024-01-10 09:50:00 pm","71.2","79.0","72.3","64.3","point"
"2024-01-10 09:51:00 pm","71.1","78.9","72.3","64.2","point"
"2024-01-10 09:52:00 pm","71.1","78.8","72.3","64.1","point"
"2024-01-10 09:53:00 pm","71.1","79.1","72.3","64.2","point"
"2024-01-10 09:54:00 pm","71.1","78.9","72.3","64.2","point"
"2024-01-10 09:55:00 pm","71.0","78.9","72.1","64.1","point"
"2024-01-10 09:56:00 pm","71.1","78.9","72.3","64.2","point"
"2024-01-10 09:57:00 pm","71.1","79.2","72.3","64.3","point"
"2024-01-10 09:58:00 pm","71.1","79.1","72.3","64.3","point"
"2024-01-10 09:59:00 pm","71.1","79.3","72.3","64.3","point"
"2024-01-10 10:00:00 pm","71.0","79.3","72.1","64.3","point"
"2024-01-10 10:01:00 pm","71.1","79.2","72.3","64.3","point"
"2024-01-10 10:02:00 pm","71.0","79.2","72.1","64.2","point"
"2024-01-10 10:03:00 pm","71.1","79.0","72.3","64.2","point"
"2024-01-10 10:04:00 pm","71.0","79.3","72.1","64.3","point"
"2024-01-10 10:05:00 pm","71.0","79.3","72.1","64.3","point"
"2024-01-10 10:06:00 pm","71.0","79.2","72.1","64.3","point"
"2024-01-10 10:07:00 pm","71.0","79.2","72.1","64.2","point"
"2024-01-10 10:08:00 pm","71.0","79.3","72.1","64.2","point"
"2024-01-10 10:09:00 pm","71.0","79.2","72.1","64.1","point"
"2024-01-10 10:10:00 pm","71.0","79.1","72.1","64.2","point"
"2024-01-10 10:11:00 pm","71.0","79.1","72.1","64.2","point"
"2024-01-10 10:12:00 pm","71.0","79.1","72.1","64.1","point"
"2024-01-10 10:13:00 pm","70.9","79.1","72.1","64.1","point"
"2024-01-10 10:14:00 pm","71.0","79.0","72.1","64.1","point"
"2024-01-10 10:15:00 pm","71.0","79.2","72.1","64.2","point"
"2024-01-10 10:16:00 pm","70.9","79.1","72.1","64.1","point"
"2024-01-10 10:17:00 pm","70.9","79.0","72.1","64.0","point"
"2024-01-10 10:18:00 pm","70.9","79.1","72.1","64.1","point"
"2024-01-10 10:19:00 pm","71.0","79.1","72.1","64.1","point"
"2024-01-10 10:20:00 pm","70.9","79.1","72.1","64.1","point"
"2024-01-10 10:21:00 pm","70.8","79.1","72.0","64.0","point"
"2024-01-10 10:22:00 pm","70.8","79.1","72.0","64.0","point"
"2024-01-10 10:23:00 pm","70.8","79.0","72.0","64.0","point"
"2024-01-10 10:24:00 pm","70.9","79.1","72.1","64.1","point"
"2024-01-10 10:25:00 pm","70.9","79.0","72.1","64.1","point"
"2024-01-10 10:26:00 pm","70.8","79.2","72.0","64.1","point"
"2024-01-10 10:27:00 pm","70.8","79.0","72.0","64.0","point"
"2024-01-10 10:28:00 pm","70.8","79.1","72.0","64.0","point"
"2024-01-10 10:29:00 pm","70.8","79.2","72.0","64.0","point"
"2024-01-10 10:30:00 pm","70.8","79.3","72.0","64.0","point"
"2024-01-10 10:31:00 pm","70.9","79.2","72.1","64.1","point"
"2024-01-10 10:32:00 pm","70.8","79.1","72.0","64.0","point"
"2024-01-10 10:33:00 pm","70.9","79.2","72.1","64.1","point"
"2024-01-10 10:34:00 pm","70.8","79.2","72.0","64.0","point"
"2024-01-10 10:35:00 pm","70.8","79.1","72.0","64.0","point"
"2024-01-10 10:36:00 pm","70.8","79.3","72.0","64.0","point"
"2024-01-10 10:37:00 pm","70.8","79.2","72.0","64.0","point"
"2024-01-10 10:38:00 pm","70.7","79.2","72.0","64.0","point"
"2024-01-10 10:39:00 pm","70.8","79.3","72.0","64.1","point"
"2024-01-10 10:40:00 pm","70.8","79.3","72.0","64.0","point"
"2024-01-10 10:41:00 pm","70.8","79.2","72.0","64.1","point"
"2024-01-10 10:42:00 pm","70.8","79.3","72.0","64.1","point"
"2024-01-10 10:43:00 pm","70.8","79.3","72.0","64.1","point"
"2024-01-10 10:44:00 pm","70.8","79.4","72.0","64.1","point"
"2024-01-10 10:45:00 pm","70.8","79.4","72.0","64.1","point"
"2024-01-10 10:46:00 pm","70.8","79.4","72.0","64.1","point"
"2024-01-10 10:47:00 pm","70.8","79.5","72.0","64.1","point"
"2024-01-10 10:48:00 pm","70.8","79.3","72.0","64.1","point"
"2024-01-10 10:49:00 pm","70.8","79.2","72.0","64.0","point"
"2024-01-10 10:50:00 pm","70.8","79.2","72.0","64.0","point"
"2024-01-10 10:51:00 pm","70.7","79.2","72.0","64.0","point"
"2024-01-10 10:52:00 pm","70.7","79.4","71.6","64.0","point"
"2024-01-10 10:53:00 pm","70.7","79.3","72.0","64.0","point"
"2024-01-10 10:54:00 pm","70.7","79.3","71.6","64.0","point"
"2024-01-10 10:55:00 pm","70.7","79.4","72.0","64.0","point"
"2024-01-10 10:56:00 pm","70.7","79.3","71.6","63.9","point"
"2024-01-10 10:57:00 pm","70.7","79.3","72.0","64.0","point"
"2024-01-10 10:58:00 pm","70.7","79.3","71.6","63.9","point"
"2024-01-10 10:59:00 pm","70.6","79.4","71.6","64.0","point"
"2024-01-10 11:00:00 pm","70.5","79.3","71.6","63.8","point"
"2024-01-10 11:01:00 pm","70.6","79.2","71.6","63.9","point"
"2024-01-10 11:02:00 pm","70.6","79.4","71.6","63.9","point"
"2024-01-10 11:03:00 pm","70.7","79.4","71.6","64.0","point"
"2024-01-10 11:04:00 pm","70.6","79.3","71.6","63.9","point"
"2024-01-10 11:05:00 pm","70.6","79.6","71.6","64.0","point"
"2024-01-10 11:06:00 pm","70.6","79.5","71.6","63.9","point"
"2024-01-10 11:07:00 pm","70.4","79.3","71.4","63.7","point"
"2024-01-10 11:08:00 pm","70.6","79.3","71.6","63.9","point"
"2024-01-10 11:09:00 pm","70.6","79.4","71.6","63.9","point"
"2024-01-10 11:10:00 pm","70.6","79.4","71.6","63.9","point"
"2024-01-10 11:11:00 pm","70.6","79.3","71.6","63.9","point"
"2024-01-10 11:12:00 pm","70.4","79.4","71.4","63.8","point"
"2024-01-10 11:13:00 pm","70.6","79.4","71.6","63.9","point"
"2024-01-10 11:14:00 pm","70.6","79.4","71.6","63.9","point"
"2024-01-10 11:15:00 pm","70.5","79.4","71.4","63.8","point"
"2024-01-10 11:16:00 pm","70.5","79.4","71.6","63.8","point"
"2024-01-10 11:17:00 pm","70.6","79.4","71.6","63.9","point"
"2024-01-10 11:18:00 pm","70.6","79.4","71.6","63.9","point"
"2024-01-10 11:19:00 pm","70.6","79.3","71.6","63.8","point"
"2024-01-10 11:20:00 pm","70.6","79.3","71.6","63.8","point"
"2024-01-10 11:21:00 pm","70.5","79.2","71.6","63.8","point"
"2024-01-10 11:22:00 pm","70.6","79.3","71.6","63.8","point"
"2024-01-10 11:23:00 pm","70.5","79.6","71.4","63.9","point"
"2024-01-10 11:24:00 pm","70.6","79.6","71.6","64.0","point"
"2024-01-10 11:25:00 pm","70.6","79.6","71.6","63.9","point"
"2024-01-10 11:26:00 pm","70.5","79.7","71.4","63.9","point"
"2024-01-10 11:27:00 pm","70.5","79.7","71.6","64.0","point"
"2024-01-10 11:28:00 pm","70.6","79.7","71.6","64.0","point"
"2024-01-10 11:29:00 pm","70.6","79.7","71.6","64.1","point"
"2024-01-10 11:30:00 pm","70.5","79.8","71.6","64.0","point"
"2024-01-10 11:31:00 pm","70.5","79.8","71.6","64.0","point"
"2024-01-10 11:32:00 pm","70.6","79.7","71.6","64.0","point"
"2024-01-10 11:33:00 pm","70.6","79.8","71.6","64.0","point"
"2024-01-10 11:34:00 pm","70.6","79.9","71.6","64.1","point"
"2024-01-10 11:35:00 pm","70.6","79.8","71.6","64.0","point"
"2024-01-10 11:36:00 pm","70.5","79.8","71.6","64.0","point"
"2024-01-10 11:37:00 pm","70.5","79.9","71.6","64.0","point"
"2024-01-10 11:38:00 pm","70.5","79.8","71.6","64.0","point"
"2024-01-10 11:39:00 pm","70.6","79.8","71.6","64.0","point"
"2024-01-10 11:40:00 pm","70.6","79.8","71.6","64.1","point"
"2024-01-10 11:41:00 pm","70.5","79.8","71.4","64.0","point"
"2024-01-10 11:42:00 pm","70.6","79.9","71.6","64.0","point"
"2024-01-10 11:43:00 pm","70.6","79.8","71.6","64.0","point"
"2024-01-10 11:44:00 pm","70.5","79.9","71.6","64.0","point"
"2024-01-10 11:45:00 pm","70.5","79.8","71.4","63.9","point"
"2024-01-10 11:46:00 pm","70.5","80.0","71.6","64.0","point"
"2024-01-10 11:47:00 pm","70.6","79.9","71.6","64.0","point"
"2024-01-10 11:48:00 pm","70.5","80.0","71.6","64.1","point"
"2024-01-10 11:49:00 pm","70.6","80.0","71.6","64.1","point"
"2024-01-10 11:50:00 pm","70.6","80.0","71.6","64.1","point"
"2024-01-10 11:51:00 pm","70.6","79.9","71.6","64.0","point"
"2024-01-10 11:52:00 pm","70.6","80.0","71.6","64.1","point"
"2024-01-10 11:53:00 pm","70.6","79.9","71.6","64.1","point"
"2024-01-10 11:54:00 pm","70.5","79.8","71.4","63.9","point"
"2024-01-10 11:55:00 pm","70.6","79.9","71.6","64.1","point"
"2024-01-10 11:56:00 pm","70.4","79.9","71.4","64.0","point"
"2024-01-10 11:57:00 pm","70.5","79.9","71.6","64.0","point"
"2024-01-10 11:58:00 pm","70.5","79.9","71.4","64.0","point"
"2024-01-10 11:59:00 pm","70.5","79.9","71.4","64.0","point"
"2024-01-11 12:00:00 am","70.5","79.9","71.6","64.0","point"
"2024-01-11 12:01:00 am","70.4","80.0","71.4","63.9","point"
"2024-01-11 12:02:00 am","70.5","80.0","71.4","64.0","point"
"2024-01-11 12:03:00 am","70.4","80.2","71.4","64.0","point"
"2024-01-11 12:04:00 am","70.5","80.0","71.4","64.0","point"
"2024-01-11 12:05:00 am","70.6","80.1","71.6","64.1","point"
"2024-01-11 12:06:00 am","70.6","80.1","71.6","64.1","point"
"2024-01-11 12:07:00 am","70.4","80.0","71.4","64.0","point"
"2024-01-11 12:08:00 am","70.5","80.2","71.6","64.1","point"
"2024-01-11 12:09:00 am","70.6","80.1","71.6","64.1","point"
"2024-01-11 12:10:00 am","70.5","80.2","71.6","64.1","point"
"2024-01-11 12:11:00 am","70.4","80.2","71.4","64.0","point"
"2024-01-11 12:12:00 am","70.5","80.3","71.6","64.1","point"
"2024-01-11 12:13:00 am","70.5","80.0","71.4","64.0","point"
"2024-01-11 12:14:00 am","70.6","80.0","71.6","64.1","point"
"2024-01-11 12:15:00 am","70.5","80.1","71.4","64.0","point"
"2024-01-11 12:16:00 am","70.5","80.2","71.6","64.1","point"
"2024-01-11 12:17:00 am","70.5","80.2","71.6","64.1","point"
"2024-01-11 12:18:00 am","70.5","80.0","71.6","64.1","point"
"2024-01-11 12:19:00 am","70.4","80.0","71.4","64.0","point"
"2024-01-11 12:20:00 am","70.6","80.2","71.6","64.1","point"
"2024-01-11 12:21:00 am","70.5","80.1","71.4","64.0","point"
"2024-01-11 12:22:00 am","70.5","80.2","71.4","64.1","point"
"2024-01-11 12:23:00 am","70.4","80.0","71.4","64.0","point"
"2024-01-11 12:24:00 am","70.4","80.2","71.4","64.0","point"
"2024-01-11 12:25:00 am","70.5","80.1","71.4","64.0","point"
"2024-01-11 12:26:00 am","70.4","80.0","71.4","64.0","point"
"2024-01-11 12:27:00 am","70.5","80.0","71.4","64.0","point"
"2024-01-11 12:28:00 am","70.4","80.0","71.4","64.0","point"
"2024-01-11 12:29:00 am","70.4","79.9","71.4","63.9","point"
"2024-01-11 12:30:00 am","70.5","80.0","71.4","64.0","point"
"2024-01-11 12:31:00 am","70.4","80.0","71.4","63.9","point"
"2024-01-11 12:32:00 am","70.4","79.9","71.4","63.9","point"
"2024-01-11 12:33:00 am","70.4","79.9","71.4","63.9","point"
"2024-01-11 12:34:00 am","70.4","79.9","71.4","63.9","point"
"2024-01-11 12:35:00 am","70.4","79.8","71.4","63.9","point"
"2024-01-11 12:36:00 am","70.4","79.7","71.4","63.9","point"
"2024-01-11 12:37:00 am","70.4","79.9","71.4","63.9","point"
"2024-01-11 12:38:00 am","70.5","79.8","71.4","64.0","point"
"2024-01-11 12:39:00 am","70.4","79.7","71.4","63.8","point"
"2024-01-11 12:40:00 am","70.5","79.6","71.4","63.9","point"
"2024-01-11 12:41:00 am","70.4","79.6","71.4","63.8","point"
"2024-01-11 12:42:00 am","70.4","79.6","71.4","63.8","point"
"2024-01-11 12:43:00 am","70.4","79.5","71.4","63.8","point"
"2024-01-11 12:44:00 am","70.4","79.5","71.4","63.7","point"
"2024-01-11 12:45:00 am","70.4","79.6","71.4","63.8","point"
"2024-01-11 12:46:00 am","70.4","79.5","71.4","63.7","point"
"2024-01-11 12:47:00 am","70.4","79.2","71.4","63.6","point"
"2024-01-11 12:48:00 am","70.4","79.3","71.4","63.7","point"
"2024-01-11 12:49:00 am","70.4","79.2","71.4","63.7","point"
"2024-01-11 12:50:00 am","70.4","79.2","71.4","63.6","point"
"2024-01-11 12:51:00 am","70.4","79.4","71.4","63.7","point"
"2024-01-11 12:52:00 am","70.4","79.4","71.4","63.7","point"
"2024-01-11 12:53:00 am","70.4","79.3","71.4","63.7","point"
"2024-01-11 12:54:00 am","70.5","79.6","71.4","63.9","point"
"2024-01-11 12:55:00 am","70.4","79.8","71.4","63.8","point"
"2024-01-11 12:56:00 am","70.4","80.0","71.4","63.9","point"
"2024-01-11 12:57:00 am","70.4","79.8","71.4","63.9","point"
"2024-01-11 12:58:00 am","70.4","79.5","71.4","63.8","point"
"2024-01-11 12:59:00 am","70.4","79.6","71.4","63.8","point"
"2024-01-11 01:00:00 am","70.4","79.4","71.4","63.7","point"
"2024-01-11 01:01:00 am","70.5","79.3","71.4","63.8","point"
"2024-01-11 01:02:00 am","70.4","79.2","71.4","63.7","point"
"2024-01-11 01:03:00 am","70.4","79.2","71.4","63.6","point"
"2024-01-11 01:04:00 am","70.4","79.1","71.4","63.6","point"
"2024-01-11 01:05:00 am","70.4","79.2","71.4","63.6","point"
"2024-01-11 01:06:00 am","70.4","79.0","71.4","63.5","point"
"2024-01-11 01:07:00 am","70.4","79.1","71.4","63.6","point"
"2024-01-11 01:08:00 am","70.4","79.2","71.4","63.6","point"
"2024-01-11 01:09:00 am","70.4","79.4","71.4","63.8","point"
"2024-01-11 01:10:00 am","70.4","79.3","71.4","63.7","point"
"2024-01-11 01:11:00 am","70.3","79.0","71.2","63.5","point"
"2024-01-11 01:12:00 am","70.4","78.9","71.4","63.5","point"
"2024-01-11 01:13:00 am","70.4","79.0","71.4","63.6","point"
"2024-01-11 01:14:00 am","70.4","78.8","71.4","63.5","point"
"2024-01-11 01:15:00 am","70.3","78.7","71.1","63.3","point"
"2024-01-11 01:16:00 am","70.3","78.8","71.2","63.4","point"
"2024-01-11 01:17:00 am","70.4","78.6","71.2","63.4","point"
"2024-01-11 01:18:00 am","70.3","78.4","71.1","63.3","point"
"2024-01-11 01:19:00 am","70.3","78.4","71.1","63.3","point"
"2024-01-11 01:20:00 am","70.3","78.5","71.1","63.3","point"
"2024-01-11 01:21:00 am","70.3","78.4","71.1","63.3","point"
"2024-01-11 01:22:00 am","70.3","78.4","71.1","63.3","point"
"2024-01-11 01:23:00 am","70.3","78.4","71.1","63.2","point"
"2024-01-11 01:24:00 am","70.3","78.3","71.1","63.2","point"
"2024-01-11 01:25:00 am","70.3","78.3","71.1","63.2","point"
"2024-01-11 01:26:00 am","70.3","78.2","71.1","63.2","point"
"2024-01-11 01:27:00 am","70.3","78.2","71.1","63.1","point"
"2024-01-11 01:28:00 am","70.2","78.2","71.1","63.1","point"
"2024-01-11 01:29:00 am","70.3","78.2","71.1","63.2","point"
"2024-01-11 01:30:00 am","70.3","78.2","71.1","63.2","point"
"2024-01-11 01:31:00 am","70.3","78.2","71.1","63.1","point"
"2024-01-11 01:32:00 am","70.2","78.1","71.1","63.1","point"
"2024-01-11 01:33:00 am","70.3","78.3","71.1","63.2","point"
"2024-01-11 01:34:00 am","70.3","78.2","71.1","63.2","point"
"2024-01-11 01:35:00 am","70.3","78.3","71.1","63.2","point"
"2024-01-11 01:36:00 am","70.2","78.2","71.1","63.1","point"
"2024-01-11 01:37:00 am","70.2","78.2","71.1","63.1","point"
"2024-01-11 01:38:00 am","70.3","78.1","71.1","63.1","point"
"2024-01-11 01:39:00 am","70.1","78.1","70.7","63.0","point"
"2024-01-11 01:40:00 am","70.1","77.9","70.7","62.9","point"
"2024-01-11 01:41:00 am","70.2","77.9","71.1","63.0","point"
"2024-01-11 01:42:00 am","70.2","78.0","71.1","63.0","point"
"2024-01-11 01:43:00 am","70.2","77.9","71.1","62.9","point"
"2024-01-11 01:44:00 am","70.3","77.9","71.1","63.0","point"
"2024-01-11 01:45:00 am","70.2","78.0","71.1","63.0","point"
"2024-01-11 01:46:00 am","70.2","77.9","71.1","63.0","point"
"2024-01-11 01:47:00 am","70.2","77.9","71.1","63.0","point"
"2024-01-11 01:48:00 am","70.2","77.9","71.1","63.0","point"
"2024-01-11 01:49:00 am","70.2","77.8","71.1","63.0","point"
"2024-01-11 01:50:00 am","70.2","77.9","71.1","63.0","point"
"2024-01-11 01:51:00 am","70.2","78.1","71.1","63.1","point"
"2024-01-11 01:52:00 am","70.2","77.9","71.1","62.9","point"
"2024-01-11 01:53:00 am","70.1","77.9","70.7","62.9","point"
"2024-01-11 01:54:00 am","70.2","77.9","71.1","63.0","point"
"2024-01-11 01:55:00 am","70.3","77.8","71.1","63.0","point"
"2024-01-11 01:56:00 am","70.1","78.0","70.7","63.0","point"
"2024-01-11 01:57:00 am","70.2","77.9","71.1","63.0","point"
"2024-01-11 01:58:00 am","70.2","77.9","71.1","63.0","point"
"2024-01-11 01:59:00 am","70.1","78.0","70.7","63.0","point"
"2024-01-11 02:00:00 am","70.3","78.2","71.1","63.1","point"
"2024-01-11 02:01:00 am","70.2","78.1","71.1","63.0","point"
"2024-01-11 02:02:00 am","70.3","78.1","71.1","63.1","point"
"2024-01-11 02:03:00 am","70.1","78.2","70.7","63.0","point"
"2024-01-11 02:04:00 am","70.1","78.1","70.7","63.0","point"
"2024-01-11 02:05:00 am","70.2","78.0","71.1","63.0","point"
"2024-01-11 02:06:00 am","70.1","78.1","70.7","63.0","point"
"2024-01-11 02:07:00 am","70.2","78.2","71.1","63.1","point"
"2024-01-11 02:08:00 am","70.2","78.2","71.1","63.1","point"
"2024-01-11 02:09:00 am","70.3","78.4","71.1","63.2","point"
"2024-01-11 02:10:00 am","70.2","78.2","71.1","63.1","point"
"2024-01-11 02:11:00 am","70.2","78.2","71.1","63.1","point"
"2024-01-11 02:12:00 am","70.3","78.2","71.1","63.1","point"
"2024-01-11 02:13:00 am","70.2","78.2","71.1","63.1","point"
"2024-01-11 02:14:00 am","70.2","78.3","71.1","63.1","point"
"2024-01-11 02:15:00 am","70.2","78.3","71.1","63.1","point"
"2024-01-11 02:16:00 am","70.2","78.0","71.1","63.0","point"
"2024-01-11 02:17:00 am","70.2","77.9","71.1","63.0","point"
"2024-01-11 02:18:00 am","70.1","78.1","70.7","63.0","point"
"2024-01-11 02:19:00 am","70.3","78.7","71.1","63.4","point"
"2024-01-11 02:20:00 am","70.2","78.7","71.1","63.3","point"
"2024-01-11 02:21:00 am","70.1","78.7","70.7","63.2","point"
"2024-01-11 02:22:00 am","70.2","78.5","71.1","63.2","point"
"2024-01-11 02:23:00 am","70.2","78.4","71.1","63.2","point"
"2024-01-11 02:24:00 am","70.1","78.3","70.7","63.1","point"
"2024-01-11 02:25:00 am","70.2","78.2","71.1","63.1","point"
"2024-01-11 02:26:00 am","70.1","78.1","70.7","63.0","point"
"2024-01-11 02:27:00 am","70.2","78.3","71.1","63.1","point"
"2024-01-11 02:28:00 am","70.1","78.2","70.7","63.0","point"
"2024-01-11 02:29:00 am","70.1","78.1","70.7","63.0","point"
"2024-01-11 02:30:00 am","70.1","78.3","70.7","63.1","point"
"2024-01-11 02:31:00 am","70.1","78.1","70.7","63.0","point"
"2024-01-11 02:32:00 am","70.2","78.0","71.1","63.0","point"
"2024-01-11 02:33:00 am","70.1","78.1","70.7","63.0","point"
"2024-01-11 02:34:00 am","70.2","78.0","71.1","63.0","point"
"2024-01-11 02:35:00 am","70.1","77.9","70.7","62.9","point"
"2024-01-11 02:36:00 am","70.1","78.0","70.7","62.9","point"
"2024-01-11 02:37:00 am","70.2","78.1","71.1","63.1","point"
"2024-01-11 02:38:00 am","70.1","78.1","70.7","62.9","point"
"2024-01-11 02:39:00 am","70.2","78.1","71.1","63.0","point"
"2024-01-11 02:40:00 am","70.1","77.8","70.7","62.9","point"
"2024-01-11 02:41:00 am","70.1","77.7","70.7","62.8","point"
"2024-01-11 02:42:00 am","70.1","77.8","70.7","62.9","point"
"2024-01-11 02:43:00 am","70.1","77.7","70.7","62.8","point"
"2024-01-11 02:44:00 am","70.1","77.8","70.7","62.8","point"
"2024-01-11 02:45:00 am","70.1","77.8","70.7","62.8","point"
"2024-01-11 02:46:00 am","70.1","77.9","70.7","62.8","point"
"2024-01-11 02:47:00 am","70.1","77.9","70.7","62.8","point"
"2024-01-11 02:48:00 am","70.1","77.9","70.7","62.8","point"
"2024-01-11 02:49:00 am","70.0","77.8","70.7","62.8","point"
"2024-01-11 02:50:00 am","70.1","77.8","70.7","62.9","point"
"2024-01-11 02:51:00 am","70.1","77.8","70.7","62.9","point"
"2024-01-11 02:52:00 am","70.1","77.9","70.7","62.9","point"
"2024-01-11 02:53:00 am","70.1","78.0","70.7","62.9","point"
"2024-01-11 02:54:00 am","70.1","77.9","70.7","62.8","point"
"2024-01-11 02:55:00 am","70.1","77.9","70.7","62.9","point"
"2024-01-11 02:56:00 am","70.1","78.0","70.7","62.9","point"
"2024-01-11 02:57:00 am","70.1","77.9","70.7","62.8","point"
"2024-01-11 02:58:00 am","70.1","77.9","70.7","62.9","point"
"2024-01-11 02:59:00 am","70.1","77.8","70.7","62.8","point"
"2024-01-11 03:00:00 am","70.1","77.8","70.7","62.8","point"
"2024-01-11 03:01:00 am","70.0","77.8","70.7","62.7","point"
"2024-01-11 03:02:00 am","70.0","77.8","70.7","62.8","point"
"2024-01-11 03:03:00 am","70.0","78.0","70.7","62.8","point"
"2024-01-11 03:04:00 am","69.9","77.9","70.5","62.7","point"
"2024-01-11 03:05:00 am","70.0","78.0","70.7","62.8","point"
"2024-01-11 03:06:00 am","70.0","78.0","70.7","62.8","point"
"2024-01-11 03:07:00 am","70.1","77.9","70.7","62.8","point"
"2024-01-11 03:08:00 am","70.1","77.9","70.7","62.8","point"
"2024-01-11 03:09:00 am","70.1","77.9","70.7","62.8","point"
"2024-01-11 03:10:00 am","70.0","77.8","70.7","62.8","point"
"2024-01-11 03:11:00 am","70.0","77.8","70.7","62.8","point"
"2024-01-11 03:12:00 am","70.1","78.0","70.7","62.9","point"
"2024-01-11 03:13:00 am","70.0","77.9","70.7","62.8","point"
"2024-01-11 03:14:00 am","70.0","78.0","70.7","62.8","point"
"2024-01-11 03:15:00 am","70.0","78.0","70.7","62.8","point"
"2024-01-11 03:16:00 am","70.0","78.0","70.7","62.8","point"
"2024-01-11 03:17:00 am","70.1","78.2","70.7","62.9","point"
"2024-01-11 03:18:00 am","69.9","78.0","70.5","62.7","point"
"2024-01-11 03:19:00 am","70.1","77.9","70.7","62.9","point"
"2024-01-11 03:20:00 am","70.0","78.0","70.7","62.8","point"
"2024-01-11 03:21:00 am","70.1","77.8","70.7","62.8","point"
"2024-01-11 03:22:00 am","70.0","77.9","70.7","62.8","point"
"2024-01-11 03:23:00 am","70.0","77.9","70.7","62.8","point"
"2024-01-11 03:24:00 am","70.1","77.9","70.7","62.8","point"
"2024-01-11 03:25:00 am","69.9","77.9","70.5","62.7","point"
"2024-01-11 03:26:00 am","70.0","77.9","70.7","62.8","point"
"2024-01-11 03:27:00 am","69.9","77.7","70.5","62.6","point"
"2024-01-11 03:28:00 am","69.9","77.6","70.5","62.6","point"
"2024-01-11 03:29:00 am","69.9","77.6","70.5","62.6","point"
"2024-01-11 03:30:00 am","69.9","77.7","70.5","62.6","point"
"2024-01-11 03:31:00 am","69.9","77.8","70.5","62.6","point"
"2024-01-11 03:32:00 am","69.9","77.8","70.5","62.6","point"
"2024-01-11 03:33:00 am","69.9","77.8","70.5","62.6","point"
"2024-01-11 03:34:00 am","69.9","77.9","70.5","62.7","point"
"2024-01-11 03:35:00 am","69.9","77.8","70.5","62.6","point"
"2024-01-11 03:36:00 am","69.9","77.8","70.5","62.7","point"
"2024-01-11 03:37:00 am","69.9","77.8","70.5","62.7","point"
"2024-01-11 03:38:00 am","69.9","77.8","70.5","62.6","point"
"2024-01-11 03:39:00 am","69.8","77.8","70.5","62.6","point"
"2024-01-11 03:40:00 am","69.8","77.9","70.5","62.6","point"
"2024-01-11 03:41:00 am","69.9","77.8","70.5","62.6","point"
"2024-01-11 03:42:00 am","69.9","77.8","70.5","62.7","point"
"2024-01-11 03:43:00 am","70.0","77.7","70.7","62.7","point"
"2024-01-11 03:44:00 am","69.9","77.6","70.5","62.6","point"
"2024-01-11 03:45:00 am","69.8","77.8","70.5","62.6","point"
"2024-01-11 03:46:00 am","69.9","77.8","70.5","62.6","point"
"2024-01-11 03:47:00 am","69.8","77.8","70.5","62.6","point"
"2024-01-11 03:48:00 am","69.8","77.9","70.5","62.6","point"
"2024-01-11 03:49:00 am","69.9","77.8","70.5","62.6","point"
"2024-01-11 03:50:00 am","69.9","77.9","70.5","62.7","point"
"2024-01-11 03:51:00 am","69.7","77.8","70.3","62.5","point"
"2024-01-11 03:52:00 am","69.7","77.8","70.3","62.5","point"
"2024-01-11 03:53:00 am","69.9","77.8","70.5","62.6","point"
"2024-01-11 03:54:00 am","69.8","77.7","70.3","62.5","point"
"2024-01-11 03:55:00 am","69.8","77.8","70.3","62.5","point"
"2024-01-11 03:56:00 am","69.8","77.9","70.3","62.6","point"
"2024-01-11 03:57:00 am","69.8","77.9","70.5","62.6","point"
"2024-01-11 03:58:00 am","69.7","77.7","70.3","62.5","point"
"2024-01-11 03:59:00 am","69.7","77.8","70.3","62.5","point"
"2024-01-11 04:00:00 am","69.7","78.0","70.3","62.6","point"
"2024-01-11 04:01:00 am","69.8","77.9","70.5","62.6","point"
"2024-01-11 04:02:00 am","69.8","77.8","70.5","62.6","point"
"2024-01-11 04:03:00 am","69.8","77.8","70.3","62.5","point"
"2024-01-11 04:04:00 am","69.8","77.8","70.5","62.6","point"
"2024-01-11 04:05:00 am","69.8","77.8","70.3","62.5","point"
"2024-01-11 04:06:00 am","69.8","78.0","70.5","62.6","point"
"2024-01-11 04:07:00 am","69.7","78.0","70.3","62.6","point"
"2024-01-11 04:08:00 am","69.8","77.8","70.3","62.5","point"
"2024-01-11 04:09:00 am","69.8","77.8","70.3","62.5","point"
"2024-01-11 04:10:00 am","69.8","77.8","70.3","62.5","point"
"2024-01-11 04:11:00 am","69.8","77.8","70.3","62.5","point"
"2024-01-11 04:12:00 am","69.7","77.7","70.3","62.4","point"
"2024-01-11 04:13:00 am","69.7","77.7","70.3","62.5","point"
"2024-01-11 04:14:00 am","69.7","77.7","70.3","62.4","point"
"2024-01-11 04:15:00 am","69.7","77.8","70.3","62.5","point"
"2024-01-11 04:16:00 am","69.7","77.8","70.3","62.5","point"
"2024-01-11 04:17:00 am","69.8","77.9","70.3","62.6","point"
"2024-01-11 04:18:00 am","69.7","78.0","70.3","62.6","point"
"2024-01-11 04:19:00 am","69.7","77.8","70.3","62.5","point"
"2024-01-11 04:20:00 am","69.7","77.8","70.3","62.5","point"
"2024-01-11 04:21:00 am","69.8","77.8","70.3","62.5","point"
"2024-01-11 04:22:00 am","69.7","77.8","70.3","62.4","point"
"2024-01-11 04:23:00 am","69.7","77.8","70.3","62.5","point"
"2024-01-11 04:24:00 am","69.7","77.9","70.3","62.5","point"
"2024-01-11 04:25:00 am","69.7","77.9","70.3","62.4","point"
"2024-01-11 04:26:00 am","69.8","78.0","70.3","62.6","point"
"2024-01-11 04:27:00 am","69.7","78.0","70.3","62.6","point"
"2024-01-11 04:28:00 am","69.7","78.1","70.3","62.5","point"
"2024-01-11 04:29:00 am","69.7","78.1","70.3","62.6","point"
"2024-01-11 04:30:00 am","69.7","78.0","70.3","62.5","point"
"2024-01-11 04:31:00 am","69.7","78.2","70.3","62.6","point"
"2024-01-11 04:32:00 am","69.8","78.1","70.3","62.6","point"
"2024-01-11 04:33:00 am","69.7","78.2","70.3","62.5","point"
"2024-01-11 04:34:00 am","69.7","78.1","70.3","62.6","point"
"2024-01-11 04:35:00 am","69.6","78.1","70.3","62.5","point"
"2024-01-11 04:36:00 am","69.8","78.3","70.3","62.7","point"
"2024-01-11 04:37:00 am","69.7","78.2","70.3","62.5","point"
"2024-01-11 04:38:00 am","69.8","78.1","70.3","62.7","point"
"2024-01-11 04:39:00 am","69.7","78.2","70.3","62.6","point"
"2024-01-11 04:40:00 am","69.7","78.1","70.3","62.5","point"
"2024-01-11 04:41:00 am","69.7","78.2","70.3","62.6","point"
"2024-01-11 04:42:00 am","69.6","78.1","70.3","62.5","point"
"2024-01-11 04:43:00 am","69.6","78.2","70.3","62.5","point"
"2024-01-11 04:44:00 am","69.7","78.1","70.3","62.5","point"
"2024-01-11 04:45:00 am","69.7","78.1","70.3","62.6","point"
"2024-01-11 04:46:00 am","69.6","78.1","70.2","62.5","point"
"2024-01-11 04:47:00 am","69.7","78.2","70.3","62.6","point"
"2024-01-11 04:48:00 am","69.6","78.2","70.2","62.5","point"
"2024-01-11 04:49:00 am","69.6","78.2","70.2","62.5","point"
"2024-01-11 04:50:00 am","69.7","78.2","70.3","62.5","point"
"2024-01-11 04:51:00 am","69.7","78.3","70.3","62.6","point"
"2024-01-11 04:52:00 am","69.7","78.4","70.3","62.6","point"
"2024-01-11 04:53:00 am","69.7","78.2","70.3","62.6","point"
"2024-01-11 04:54:00 am","69.6","78.0","70.3","62.5","point"
"2024-01-11 04:55:00 am","69.6","78.0","70.3","62.5","point"
"2024-01-11 04:56:00 am","69.5","78.1","70.2","62.4","point"
"2024-01-11 04:57:00 am","69.5","78.2","70.2","62.4","point"
"2024-01-11 04:58:00 am","69.7","78.2","70.3","62.6","point"
"2024-01-11 04:59:00 am","69.6","78.3","70.2","62.5","point"
"2024-01-11 05:00:00 am","69.6","78.3","70.3","62.6","point"
"2024-01-11 05:01:00 am","69.7","78.4","70.3","62.6","point"
"2024-01-11 05:02:00 am","69.5","78.3","70.2","62.5","point"
"2024-01-11 05:03:00 am","69.6","78.3","70.2","62.5","point"
"2024-01-11 05:04:00 am","69.5","78.4","70.2","62.5","point"
"2024-01-11 05:05:00 am","69.6","78.4","70.2","62.6","point"
"2024-01-11 05:06:00 am","69.5","78.5","70.2","62.6","point"
"2024-01-11 05:07:00 am","69.5","78.5","70.2","62.5","point"
"2024-01-11 05:08:00 am","69.6","78.5","70.3","62.7","point"
"2024-01-11 05:09:00 am","69.6","78.6","70.3","62.7","point"
"2024-01-11 05:10:00 am","69.6","78.7","70.3","62.7","point"
"2024-01-11 05:11:00 am","69.7","78.7","70.3","62.8","point"
"2024-01-11 05:12:00 am","69.6","78.7","70.3","62.7","point"
"2024-01-11 05:13:00 am","69.7","78.8","70.3","62.8","point"
"2024-01-11 05:14:00 am","69.7","78.8","70.5","62.8","point"
"2024-01-11 05:15:00 am","69.7","78.7","70.3","62.8","point"
"2024-01-11 05:16:00 am","69.6","78.8","70.3","62.7","point"
"2024-01-11 05:17:00 am","69.6","78.7","70.3","62.7","point"
"2024-01-11 05:18:00 am","69.7","78.8","70.3","62.8","point"
"2024-01-11 05:19:00 am","69.5","78.8","70.2","62.7","point"
"2024-01-11 05:20:00 am","69.7","78.9","70.5","62.8","point"
"2024-01-11 05:21:00 am","69.7","78.9","70.5","62.8","point"
"2024-01-11 05:22:00 am","69.7","78.9","70.5","62.8","point"
"2024-01-11 05:23:00 am","69.5","78.8","70.3","62.7","point"
"2024-01-11 05:24:00 am","69.5","78.8","70.3","62.7","point"
"2024-01-11 05:25:00 am","69.6","78.8","70.5","62.8","point"
"2024-01-11 05:26:00 am","69.7","78.8","70.5","62.8","point"
"2024-01-11 05:27:00 am","69.6","78.8","70.3","62.7","point"
"2024-01-11 05:28:00 am","69.5","78.8","70.3","62.7","point"
"2024-01-11 05:29:00 am","69.5","78.8","70.3","62.7","point"
"2024-01-11 05:30:00 am","69.7","78.8","70.5","62.8","point"
"2024-01-11 05:31:00 am","69.6","78.9","70.3","62.8","point"
"2024-01-11 05:32:00 am","69.5","78.9","70.3","62.7","point"
"2024-01-11 05:33:00 am","69.6","78.9","70.3","62.8","point"
"2024-01-11 05:34:00 am","69.6","78.9","70.3","62.8","point"
"2024-01-11 05:35:00 am","69.5","78.9","70.3","62.7","point"
"2024-01-11 05:36:00 am","69.5","79.0","70.3","62.7","point"
"2024-01-11 05:37:00 am","69.6","79.1","70.5","62.9","point"
"2024-01-11 05:38:00 am","69.5","78.8","70.3","62.7","point"
"2024-01-11 05:39:00 am","69.5","78.9","70.3","62.7","point"
"2024-01-11 05:40:00 am","69.5","79.0","70.3","62.7","point"
"2024-01-11 05:41:00 am","69.6","79.2","70.3","62.9","point"
"2024-01-11 05:42:00 am","69.5","79.0","70.3","62.7","point"
"2024-01-11 05:43:00 am","69.6","79.1","70.3","62.8","point"
"2024-01-11 05:44:00 am","69.6","79.2","70.3","62.8","point"
"2024-01-11 05:45:00 am","69.5","79.2","70.3","62.7","point"
"2024-01-11 05:46:00 am","69.6","79.1","70.3","62.8","point"
"2024-01-11 05:47:00 am","69.6","79.2","70.3","62.9","point"
"2024-01-11 05:48:00 am","69.6","79.3","70.5","62.9","point"
"2024-01-11 05:49:00 am","69.5","79.2","70.3","62.8","point"
"2024-01-11 05:50:00 am","69.6","79.1","70.3","62.8","point"
"2024-01-11 05:51:00 am","69.5","79.1","70.3","62.8","point"
"2024-01-11 05:52:00 am","69.6","79.2","70.3","62.8","point"
"2024-01-11 05:53:00 am","69.5","79.2","70.3","62.8","point"
"2024-01-11 05:54:00 am","69.5","79.2","70.3","62.8","point"
"2024-01-11 05:55:00 am","69.5","79.3","70.3","62.8","point"
"2024-01-11 05:56:00 am","69.5","79.3","70.3","62.8","point"
"2024-01-11 05:57:00 am","69.6","79.2","70.3","62.9","point"
"2024-01-11 05:58:00 am","69.5","79.2","70.3","62.8","point"
"2024-01-11 05:59:00 am","69.6","79.2","70.3","62.9","point"
"2024-01-11 06:00:00 am","69.6","79.3","70.5","62.9","point"
"2024-01-11 06:01:00 am","69.5","79.4","70.3","62.9","point"
"2024-01-11 06:02:00 am","69.5","79.4","70.3","62.9","point"
"2024-01-11 06:03:00 am","69.5","79.3","70.3","62.8","point"
"2024-01-11 06:04:00 am","69.6","79.3","70.3","62.9","point"
"2024-01-11 06:05:00 am","69.6","79.3","70.3","62.9","point"
"2024-01-11 06:06:00 am","69.6","79.4","70.3","62.9","point"
"2024-01-11 06:07:00 am","69.5","79.5","70.3","62.9","point"
"2024-01-11 06:08:00 am","69.5","79.3","70.3","62.9","point"
"2024-01-11 06:09:00 am","69.5","79.4","70.3","62.8","point"
"2024-01-11 06:10:00 am","69.5","79.5","70.3","62.9","point"
"2024-01-11 06:11:00 am","69.5","79.5","70.3","62.9","point"
"2024-01-11 06:12:00 am","69.5","79.5","70.3","62.9","point"
"2024-01-11 06:13:00 am","69.5","79.4","70.3","62.8","point"
"2024-01-11 06:14:00 am","69.5","79.4","70.3","62.8","point"
"2024-01-11 06:15:00 am","69.6","79.4","70.3","62.9","point"
"2024-01-11 06:16:00 am","69.5","79.3","70.3","62.8","point"
"2024-01-11 06:17:00 am","69.5","79.4","70.3","62.8","point"
"2024-01-11 06:18:00 am","69.5","79.6","70.3","63.0","point"
"2024-01-11 06:19:00 am","69.5","79.6","70.3","62.9","point"
"2024-01-11 06:20:00 am","69.4","79.5","70.0","62.8","point"
"2024-01-11 06:21:00 am","69.5","79.5","70.3","62.8","point"
"2024-01-11 06:22:00 am","69.4","79.5","70.0","62.8","point"
"2024-01-11 06:23:00 am","69.4","79.5","70.0","62.8","point"
"2024-01-11 06:24:00 am","69.4","79.5","70.0","62.8","point"
"2024-01-11 06:25:00 am","69.4","79.6","70.0","62.9","point"
"2024-01-11 06:26:00 am","69.5","79.6","70.3","62.9","point"
"2024-01-11 06:27:00 am","69.5","79.7","70.3","63.0","point"
"2024-01-11 06:28:00 am","69.5","79.7","70.3","63.0","point"
"2024-01-11 06:29:00 am","69.5","79.6","70.3","62.9","point"
"2024-01-11 06:30:00 am","69.4","79.7","70.0","62.9","point"
"2024-01-11 06:31:00 am","69.4","79.7","70.0","62.9","point"
"2024-01-11 06:32:00 am","69.5","79.7","70.3","62.9","point"
"2024-01-11 06:33:00 am","69.5","79.7","70.3","63.0","point"
"2024-01-11 06:34:00 am","69.4","79.7","70.0","62.9","point"
"2024-01-11 06:35:00 am","69.5","79.8","70.3","63.0","point"
"2024-01-11 06:36:00 am","69.5","79.6","70.3","62.9","point"
"2024-01-11 06:37:00 am","69.5","79.8","70.3","63.0","point"
"2024-01-11 06:38:00 am","69.5","79.8","70.3","63.0","point"
"2024-01-11 06:39:00 am","69.5","79.7","70.3","63.0","point"
"2024-01-11 06:40:00 am","69.4","79.7","70.0","62.9","point"
"2024-01-11 06:41:00 am","69.4","79.8","70.0","62.9","point"
"2024-01-11 06:42:00 am","69.5","79.7","70.3","63.0","point"
"2024-01-11 06:43:00 am","69.4","79.8","70.0","62.9","point"
"2024-01-11 06:44:00 am","69.5","79.7","70.3","62.9","point"
"2024-01-11 06:45:00 am","69.5","79.8","70.3","63.0","point"
"2024-01-11 06:46:00 am","69.4","79.9","70.0","63.0","point"
"2024-01-11 06:47:00 am","69.5","79.9","70.3","63.0","point"
"2024-01-11 06:48:00 am","69.4","79.9","70.0","63.0","point"
"2024-01-11 06:49:00 am","69.4","79.9","70.0","62.9","point"
"2024-01-11 06:50:00 am","69.4","79.9","70.0","63.0","point"
"2024-01-11 06:51:00 am","69.5","79.9","70.3","63.0","point"
"2024-01-11 06:52:00 am","69.5","79.9","70.3","63.0","point"
"2024-01-11 06:53:00 am","69.5","79.9","70.3","63.0","point"
"2024-01-11 06:54:00 am","69.4","79.9","70.0","62.9","point"
"2024-01-11 06:55:00 am","69.4","79.8","70.0","62.9","point"
"2024-01-11 06:56:00 am","69.5","79.9","70.3","63.1","point"
"2024-01-11 06:57:00 am","69.4","79.9","70.0","62.9","point"
"2024-01-11 06:58:00 am","69.5","79.9","70.3","63.1","point"
"2024-01-11 06:59:00 am","69.5","80.0","70.3","63.1","point"
"2024-01-11 07:00:00 am","69.5","79.9","70.3","63.0","point"
"2024-01-11 07:01:00 am","69.5","80.0","70.3","63.1","point"
"2024-01-11 07:02:00 am","69.5","80.0","70.3","63.1","point"
"2024-01-11 07:03:00 am","69.5","79.9","70.3","63.0","point"
"2024-01-11 07:04:00 am","69.5","80.0","70.3","63.1","point"
"2024-01-11 07:05:00 am","69.5","80.1","70.3","63.1","point"
"2024-01-11 07:06:00 am","69.5","80.2","70.3","63.1","point"
"2024-01-11 07:07:00 am","69.5","80.0","70.3","63.1","point"
"2024-01-11 07:08:00 am","69.5","80.0","70.3","63.1","point"
"2024-01-11 07:09:00 am","69.5","79.9","70.3","63.0","point"
"2024-01-11 07:10:00 am","69.5","79.8","70.3","63.0","point"
"2024-01-11 07:11:00 am","69.4","79.9","70.0","62.9","point"
"2024-01-11 07:12:00 am","69.4","79.8","70.0","62.9","point"
"2024-01-11 07:13:00 am","69.5","80.3","70.3","63.2","point"
"2024-01-11 07:14:00 am","69.5","79.9","70.3","63.0","point"
"2024-01-11 07:15:00 am","69.5","79.7","70.3","63.0","point"
"2024-01-11 07:16:00 am","69.5","79.8","70.3","63.0","point"
"2024-01-11 07:17:00 am","69.5","79.9","70.3","63.0","point"
"2024-01-11 07:18:00 am","69.5","79.9","70.3","63.0","point"
"2024-01-11 07:19:00 am","69.5","79.9","70.3","63.0","point"
"2024-01-11 07:20:00 am","69.5","79.8","70.3","63.0","point"
"2024-01-11 07:21:00 am","69.5","79.9","70.3","63.0","point"
"2024-01-11 07:22:00 am","69.5","80.0","70.3","63.1","point"
"2024-01-11 07:23:00 am","69.5","80.0","70.3","63.1","point"
"2024-01-11 07:24:00 am","69.4","80.1","70.0","63.0","point"
"2024-01-11 07:25:00 am","69.6","80.1","70.5","63.2","point"
"2024-01-11 07:26:00 am","69.5","80.0","70.3","63.1","point"
"2024-01-11 07:27:00 am","69.5","80.0","70.3","63.1","point"
"2024-01-11 07:28:00 am","69.5","80.1","70.3","63.1","point"
"2024-01-11 07:29:00 am","69.5","80.0","70.3","63.1","point"
"2024-01-11 07:30:00 am","69.5","80.1","70.3","63.1","point"
"2024-01-11 07:31:00 am","69.5","80.1","70.3","63.1","point"
"2024-01-11 07:32:00 am","69.4","80.1","70.0","63.0","point"
"2024-01-11 07:33:00 am","69.4","80.1","70.0","63.0","point"
"2024-01-11 07:34:00 am","69.5","80.1","70.3","63.1","point"
"2024-01-11 07:35:00 am","69.5","80.2","70.3","63.2","point"
"2024-01-11 07:36:00 am","69.4","80.2","70.0","63.0","point"
"2024-01-11 07:37:00 am","69.4","80.3","70.0","63.0","point"
"2024-01-11 07:38:00 am","69.5","80.3","70.3","63.1","point"
"2024-01-11 07:39:00 am","69.5","80.3","70.3","63.2","point"
"2024-01-11 07:40:00 am","69.5","80.3","70.3","63.1","point"
"2024-01-11 07:41:00 am","69.4","80.4","70.0","63.1","point"
"2024-01-11 07:42:00 am","69.5","80.4","70.3","63.2","point"
"2024-01-11 07:43:00 am","69.4","80.2","70.0","63.1","point"
"2024-01-11 07:44:00 am","69.4","80.2","70.0","63.1","point"
"2024-01-11 07:45:00 am","69.4","80.4","70.0","63.1","point"
"2024-01-11 07:46:00 am","69.5","80.4","70.3","63.2","point"
"2024-01-11 07:47:00 am","69.5","80.4","70.3","63.2","point"
"2024-01-11 07:48:00 am","69.5","80.4","70.3","63.2","point"
"2024-01-11 07:49:00 am","69.4","80.3","70.0","63.1","point"
"2024-01-11 07:50:00 am","69.5","80.3","70.3","63.1","point"
"2024-01-11 07:51:00 am","69.5","80.4","70.3","63.2","point"
"2024-01-11 07:52:00 am","69.5","80.4","70.3","63.2","point"
"2024-01-11 07:53:00 am","69.5","80.4","70.3","63.2","point"
"2024-01-11 07:54:00 am","69.5","80.4","70.3","63.2","point"
"2024-01-11 07:55:00 am","69.5","80.4","70.3","63.2","point"
"2024-01-11 07:56:00 am","69.5","80.4","70.3","63.2","point"
"2024-01-11 07:57:00 am","69.5","80.5","70.3","63.3","point"
"2024-01-11 07:58:00 am","69.5","80.6","70.3","63.3","point"
"2024-01-11 07:59:00 am","69.5","80.8","70.3","63.4","point"
"2024-01-11 08:00:00 am","69.5","80.6","70.3","63.2","point"
"2024-01-11 08:01:00 am","69.5","80.4","70.3","63.2","point"
"2024-01-11 08:02:00 am","69.5","80.4","70.3","63.2","point"
"2024-01-11 08:03:00 am","69.5","80.2","70.3","63.1","point"
"2024-01-11 08:04:00 am","69.5","80.4","70.3","63.2","point"
"2024-01-11 08:05:00 am","69.1","80.1","69.8","62.7","point"
"2024-01-11 08:06:00 am","68.9","79.2","69.3","62.1","point"
"2024-01-11 08:07:00 am","68.7","79.2","69.3","62.0","point"
"2024-01-11 08:08:00 am","68.5","78.9","68.9","61.7","point"
"2024-01-11 08:09:00 am","68.6","79.2","69.1","61.9","point"
"2024-01-11 08:10:00 am","68.1","79.2","68.4","61.4","point"
"2024-01-11 08:11:00 am","68.1","79.6","68.4","61.5","point"
"2024-01-11 08:12:00 am","68.1","80.2","68.4","61.7","point"
"2024-01-11 08:13:00 am","68.0","80.5","68.2","61.8","point"
"2024-01-11 08:14:00 am","67.6","80.3","67.6","61.3","point"
"2024-01-11 08:15:00 am","67.8","80.6","68.0","61.6","point"
"2024-01-11 08:16:00 am","67.7","80.9","68.0","61.6","point"
"2024-01-11 08:17:00 am","67.6","81.0","67.8","61.6","point"
"2024-01-11 08:18:00 am","67.4","81.1","67.6","61.4","point"
"2024-01-11 08:19:00 am","67.6","81.2","67.8","61.6","point"
"2024-01-11 08:20:00 am","67.4","81.4","67.6","61.6","point"
"2024-01-11 08:21:00 am","67.4","81.6","67.6","61.5","point"
"2024-01-11 08:22:00 am","67.5","81.8","67.8","61.7","point"
"2024-01-11 08:23:00 am","67.6","81.9","67.8","61.8","point"
"2024-01-11 08:24:00 am","67.4","81.9","67.6","61.7","point"
"2024-01-11 08:25:00 am","67.4","82.1","67.6","61.7","point"
"2024-01-11 08:26:00 am","67.4","82.3","67.6","61.8","point"
"2024-01-11 08:27:00 am","67.6","82.4","67.8","62.0","point"
"2024-01-11 08:28:00 am","67.1","82.3","67.5","61.5","point"
"2024-01-11 08:29:00 am","67.4","82.6","67.8","62.0","point"
"2024-01-11 08:30:00 am","67.5","82.4","67.8","62.0","point"
"2024-01-11 08:31:00 am","67.6","82.3","67.8","62.0","point"
"2024-01-11 08:32:00 am","67.5","82.3","67.8","61.9","point"
"2024-01-11 08:33:00 am","67.7","82.3","68.0","62.1","point"
"2024-01-11 08:34:00 am","67.7","82.4","68.0","62.2","point"
"2024-01-11 08:35:00 am","67.7","82.3","68.0","62.1","point"
"2024-01-11 08:36:00 am","67.7","81.9","68.0","62.0","point"
"2024-01-11 08:37:00 am","67.8","82.7","68.2","62.3","point"
"2024-01-11 08:38:00 am","67.8","82.8","68.2","62.3","point"
"2024-01-11 08:39:00 am","67.9","82.6","68.5","62.4","point"
"2024-01-11 08:40:00 am","67.9","82.7","68.5","62.5","point"
"2024-01-11 08:41:00 am","67.9","82.7","68.5","62.5","point"
"2024-01-11 08:42:00 am","68.1","82.7","68.7","62.7","point"
"2024-01-11 08:43:00 am","68.1","82.6","68.7","62.6","point"
"2024-01-11 08:44:00 am","68.2","82.6","68.9","62.7","point"
"2024-01-11 08:45:00 am","68.4","82.5","69.1","62.8","point"
"2024-01-11 08:46:00 am","68.4","82.4","68.9","62.8","point"
"2024-01-11 08:47:00 am","68.5","82.3","68.9","62.9","point"
"2024-01-11 08:48:00 am","68.6","82.3","69.3","63.0","point"
"2024-01-11 08:49:00 am","68.6","82.1","69.3","63.0","point"
"2024-01-11 08:50:00 am","68.6","82.0","69.3","62.9","point"
"2024-01-11 08:51:00 am","68.8","81.9","69.4","63.0","point"
"2024-01-11 08:52:00 am","68.8","81.8","69.4","63.0","point"
"2024-01-11 08:53:00 am","69.0","81.8","69.6","63.2","point"
"2024-01-11 08:54:00 am","68.9","81.8","69.6","63.1","point"
"2024-01-11 08:55:00 am","69.1","81.7","69.6","63.2","point"
"2024-01-11 08:56:00 am","69.0","81.6","69.6","63.2","point"
"2024-01-11 08:57:00 am","69.1","81.5","69.8","63.2","point"
"2024-01-11 08:58:00 am","69.2","81.5","69.8","63.3","point"
"2024-01-11 08:59:00 am","69.2","81.5","69.8","63.3","point"
"2024-01-11 09:00:00 am","69.3","81.4","70.2","63.3","point"
"2024-01-11 09:01:00 am","69.3","81.3","70.2","63.3","point"
"2024-01-11 09:02:00 am","69.3","81.3","70.2","63.3","point"
"2024-01-11 09:03:00 am","69.3","81.2","70.2","63.3","point"
"2024-01-11 09:04:00 am","69.3","81.2","70.2","63.3","point"
"2024-01-11 09:05:00 am","69.5","81.2","70.3","63.5","point"
"2024-01-11 09:06:00 am","69.3","81.1","70.2","63.2","point"
"2024-01-11 09:07:00 am","69.5","81.1","70.3","63.4","point"
"2024-01-11 09:08:00 am","69.4","81.1","70.2","63.3","point"
"2024-01-11 09:09:00 am","69.5","81.2","70.3","63.5","point"
"2024-01-11 09:10:00 am","69.5","81.0","70.3","63.4","point"
"2024-01-11 09:11:00 am","69.4","81.0","70.2","63.3","point"
"2024-01-11 09:12:00 am","69.5","81.1","70.3","63.4","point"
"2024-01-11 09:13:00 am","69.6","81.1","70.3","63.5","point"
"2024-01-11 09:14:00 am","69.5","81.0","70.3","63.4","point"
"2024-01-11 09:15:00 am","69.6","81.0","70.5","63.5","point"
"2024-01-11 09:16:00 am","69.6","81.0","70.5","63.5","point"
"2024-01-11 09:17:00 am","69.6","80.7","70.5","63.4","point"
"2024-01-11 09:18:00 am","69.7","80.7","70.5","63.4","point"
"2024-01-11 09:19:00 am","69.7","80.7","70.5","63.4","point"
"2024-01-11 09:20:00 am","69.7","80.7","70.5","63.5","point"
"2024-01-11 09:21:00 am","69.7","80.6","70.5","63.5","point"
"2024-01-11 09:22:00 am","69.7","80.5","70.5","63.5","point"
"2024-01-11 09:23:00 am","69.7","80.5","70.5","63.4","point"
"2024-01-11 09:24:00 am","69.7","80.4","70.5","63.4","point"
"2024-01-11 09:25:00 am","69.8","80.3","70.5","63.4","point"
"2024-01-11 09:26:00 am","69.7","80.3","70.5","63.4","point"
"2024-01-11 09:27:00 am","69.8","80.2","70.5","63.4","point"
"2024-01-11 09:28:00 am","69.7","80.3","70.5","63.4","point"
"2024-01-11 09:29:00 am","69.7","80.4","70.5","63.4","point"
"2024-01-11 09:30:00 am","69.7","80.1","70.5","63.3","point"
"2024-01-11 09:31:00 am","69.8","80.0","70.5","63.3","point"
"2024-01-11 09:32:00 am","69.8","79.8","70.5","63.3","point"
"2024-01-11 09:33:00 am","69.8","79.7","70.7","63.3","point"
"2024-01-11 09:34:00 am","69.9","79.8","70.7","63.3","point"
"2024-01-11 09:35:00 am","69.9","79.7","70.7","63.3","point"
"2024-01-11 09:36:00 am","69.8","79.6","70.7","63.2","point"
"2024-01-11 09:37:00 am","69.9","79.5","70.7","63.2","point"
"2024-01-11 09:38:00 am","69.9","79.4","70.7","63.2","point"
"2024-01-11 09:39:00 am","69.9","79.3","70.7","63.2","point"
"2024-01-11 09:40:00 am","69.9","79.3","70.7","63.2","point"
"2024-01-11 09:41:00 am","69.9","79.3","70.7","63.2","point"
"2024-01-11 09:42:00 am","69.9","79.6","70.7","63.2","point"
"2024-01-11 09:43:00 am","69.9","79.4","70.7","63.2","point"
"2024-01-11 09:44:00 am","69.9","79.4","70.7","63.2","point"
"2024-01-11 09:45:00 am","69.9","79.2","70.7","63.1","point"
"2024-01-11 09:46:00 am","69.9","79.0","70.7","63.1","point"
"2024-01-11 09:47:00 am","69.9","78.9","70.7","63.1","point"
"2024-01-11 09:48:00 am","70.0","78.8","70.9","63.1","point"
"2024-01-11 09:49:00 am","70.0","78.9","70.9","63.1","point"
"2024-01-11 09:50:00 am","69.9","78.5","70.5","62.9","point"
"2024-01-11 09:51:00 am","69.9","78.5","70.5","62.9","point"
"2024-01-11 09:52:00 am","70.0","78.5","70.7","63.1","point"
"2024-01-11 09:53:00 am","69.9","78.5","70.5","62.9","point"
"2024-01-11 09:54:00 am","69.9","78.6","70.5","63.0","point"
"2024-01-11 09:55:00 am","70.0","78.8","70.7","63.1","point"
"2024-01-11 09:56:00 am","70.0","78.8","70.9","63.1","point"
"2024-01-11 09:57:00 am","70.0","78.4","70.7","63.0","point"
"2024-01-11 09:58:00 am","70.0","78.1","70.7","62.9","point"
"2024-01-11 09:59:00 am","70.0","78.2","70.7","62.9","point"
"2024-01-11 10:00:00 am","70.0","78.4","70.7","62.9","point"
"2024-01-11 10:01:00 am","69.9","78.2","70.5","62.8","point"
"2024-01-11 10:02:00 am","69.9","77.9","70.5","62.7","point"
"2024-01-11 10:03:00 am","70.1","78.0","70.7","62.9","point"
"2024-01-11 10:04:00 am","69.9","77.9","70.5","62.7","point"
"2024-01-11 10:05:00 am","69.9","78.3","70.5","62.9","point"
"2024-01-11 10:06:00 am","70.0","78.1","70.7","62.8","point"
"2024-01-11 10:07:00 am","70.0","77.7","70.7","62.7","point"
"2024-01-11 10:08:00 am","70.0","78.2","70.7","62.9","point"
"2024-01-11 10:09:00 am","70.0","77.7","70.7","62.7","point"
"2024-01-11 10:10:00 am","70.0","77.7","70.7","62.7","point"
"2024-01-11 10:11:00 am","70.0","77.6","70.7","62.7","point"
"2024-01-11 10:12:00 am","70.0","77.4","70.7","62.6","point"
"2024-01-11 10:13:00 am","70.1","77.7","70.7","62.8","point"
"2024-01-11 10:14:00 am","70.0","77.8","70.7","62.8","point"
"2024-01-11 10:15:00 am","70.1","77.5","70.7","62.7","point"
"2024-01-11 10:16:00 am","70.1","77.6","70.7","62.8","point"
"2024-01-11 10:17:00 am","70.1","77.5","70.7","62.7","point"
"2024-01-11 10:18:00 am","70.1","77.8","70.7","62.8","point"
"2024-01-11 10:19:00 am","70.1","77.6","70.7","62.8","point"
"2024-01-11 10:20:00 am","70.1","77.6","70.7","62.8","point"
"2024-01-11 10:21:00 am","70.1","77.5","70.7","62.7","point"
"2024-01-11 10:22:00 am","70.1","77.5","70.7","62.7","point"
"2024-01-11 10:23:00 am","70.1","77.8","70.7","62.8","point"
"2024-01-11 10:24:00 am","70.1","77.7","70.7","62.8","point"
"2024-01-11 10:25:00 am","70.1","77.7","70.7","62.8","point"
"2024-01-11 10:26:00 am","70.1","77.8","70.7","62.9","point"
"2024-01-11 10:27:00 am","70.1","77.7","70.7","62.8","point"
"2024-01-11 10:28:00 am","70.3","77.6","71.1","62.9","point"
"2024-01-11 10:29:00 am","70.2","77.9","71.1","62.9","point"
"2024-01-11 10:30:00 am","70.1","78.2","70.7","63.0","point"
"2024-01-11 10:31:00 am","70.1","78.3","70.7","63.1","point"
"2024-01-11 10:32:00 am","70.2","78.0","71.1","63.0","point"
"2024-01-11 10:33:00 am","70.1","78.1","70.7","63.0","point"
"2024-01-11 10:34:00 am","70.3","78.2","71.1","63.1","point"
"2024-01-11 10:35:00 am","70.1","78.7","70.7","63.2","point"
"2024-01-11 10:36:00 am","70.2","78.5","71.1","63.2","point"
"2024-01-11 10:37:00 am","70.2","78.6","71.1","63.2","point"
"2024-01-11 10:38:00 am","70.2","78.7","71.1","63.2","point"
"2024-01-11 10:39:00 am","70.2","78.3","71.1","63.1","point"
"2024-01-11 10:40:00 am","70.3","78.3","71.1","63.2","point"
"2024-01-11 10:41:00 am","70.3","78.7","71.1","63.3","point"
"2024-01-11 10:42:00 am","70.3","79.0","71.2","63.5","point"
"2024-01-11 10:43:00 am","70.2","78.7","71.1","63.3","point"
"2024-01-11 10:44:00 am","70.3","78.7","71.1","63.4","point"
"2024-01-11 10:45:00 am","70.3","78.9","71.2","63.4","point"
"2024-01-11 10:46:00 am","70.3","79.0","71.2","63.4","point"
"2024-01-11 10:47:00 am","70.3","78.5","71.1","63.3","point"
"2024-01-11 10:48:00 am","70.3","78.7","71.1","63.4","point"
"2024-01-11 10:49:00 am","70.3","78.7","71.1","63.3","point"
"2024-01-11 10:50:00 am","70.4","78.7","71.2","63.5","point"
"2024-01-11 10:51:00 am","70.3","78.9","71.2","63.4","point"
"2024-01-11 10:52:00 am","70.4","78.9","71.4","63.5","point"
"2024-01-11 10:53:00 am","70.3","78.6","71.1","63.4","point"
"2024-01-11 10:54:00 am","70.3","78.7","71.1","63.4","point"
"2024-01-11 10:55:00 am","70.4","78.7","71.2","63.4","point"
"2024-01-11 10:56:00 am","70.4","79.0","71.4","63.6","point"
"2024-01-11 10:57:00 am","70.4","78.9","71.4","63.5","point"
"2024-01-11 10:58:00 am","70.4","79.1","71.4","63.6","point"
"2024-01-11 10:59:00 am","70.3","79.1","71.2","63.5","point"
"2024-01-11 11:00:00 am","70.4","79.1","71.4","63.6","point"
"2024-01-11 11:01:00 am","70.4","78.9","71.4","63.6","point"
"2024-01-11 11:02:00 am","70.4","79.3","71.4","63.7","point"
"2024-01-11 11:03:00 am","70.4","79.1","71.4","63.6","point"
"2024-01-11 11:04:00 am","70.4","79.1","71.4","63.6","point"
"2024-01-11 11:05:00 am","70.5","79.0","71.4","63.6","point"
"2024-01-11 11:06:00 am","70.4","78.9","71.4","63.6","point"
"2024-01-11 11:07:00 am","70.5","79.0","71.4","63.6","point"
"2024-01-11 11:08:00 am","70.4","78.5","71.2","63.4","point"
"2024-01-11 11:09:00 am","70.5","79.0","71.6","63.7","point"
"2024-01-11 11:10:00 am","70.5","78.9","71.4","63.6","point"
"2024-01-11 11:11:00 am","70.5","78.4","71.4","63.5","point"
"2024-01-11 11:12:00 am","70.5","78.5","71.2","63.5","point"
"2024-01-11 11:13:00 am","70.4","78.2","71.2","63.3","point"
"2024-01-11 11:14:00 am","70.5","77.9","71.2","63.3","point"
"2024-01-11 11:15:00 am","70.5","77.1","71.2","63.0","point"
"2024-01-11 11:16:00 am","70.5","77.7","71.2","63.2","point"
"2024-01-11 11:17:00 am","70.5","78.1","71.4","63.4","point"
"2024-01-11 11:18:00 am","70.6","76.8","71.4","62.9","point"
"2024-01-11 11:19:00 am","70.6","77.1","71.4","63.1","point"
"2024-01-11 11:20:00 am","70.6","77.6","71.4","63.2","point"
"2024-01-11 11:21:00 am","70.6","77.6","71.4","63.3","point"
"2024-01-11 11:22:00 am","70.6","77.6","71.4","63.3","point"
"2024-01-11 11:23:00 am","70.6","76.9","71.4","63.0","point"
"2024-01-11 11:24:00 am","70.6","77.0","71.4","63.1","point"
"2024-01-11 11:25:00 am","70.7","77.5","71.4","63.3","point"
"2024-01-11 11:26:00 am","70.7","77.1","71.4","63.1","point"
"2024-01-11 11:27:00 am","70.6","77.2","71.4","63.1","point"
"2024-01-11 11:28:00 am","70.6","76.6","71.4","63.0","point"
"2024-01-11 11:29:00 am","70.6","77.1","71.4","63.1","point"
"2024-01-11 11:30:00 am","70.8","77.0","71.8","63.2","point"
"2024-01-11 11:31:00 am","70.6","77.0","71.4","63.1","point"
"2024-01-11 11:32:00 am","70.8","76.4","71.8","63.0","point"
"2024-01-11 11:33:00 am","70.7","76.7","71.8","63.1","point"
"2024-01-11 11:34:00 am","70.8","76.9","71.8","63.2","point"
"2024-01-11 11:35:00 am","70.7","76.7","71.8","63.1","point"
"2024-01-11 11:36:00 am","70.6","76.6","71.4","62.9","point"
"2024-01-11 11:37:00 am","70.7","76.3","71.8","62.9","point"
"2024-01-11 11:38:00 am","70.8","76.0","71.8","62.8","point"
"2024-01-11 11:39:00 am","70.8","76.2","71.8","62.9","point"
"2024-01-11 11:40:00 am","70.7","76.1","71.8","62.8","point"
"2024-01-11 11:41:00 am","70.8","75.9","71.8","62.8","point"
"2024-01-11 11:42:00 am","70.8","76.2","71.8","62.9","point"
"2024-01-11 11:43:00 am","70.8","76.6","71.8","63.1","point"
"2024-01-11 11:44:00 am","70.7","75.8","71.4","62.7","point"
"2024-01-11 11:45:00 am","70.8","75.8","71.8","62.7","point"
"2024-01-11 11:46:00 am","70.8","75.4","71.8","62.6","point"
"2024-01-11 11:47:00 am","70.8","75.0","71.6","62.5","point"
"2024-01-11 11:48:00 am","70.8","75.2","71.8","62.6","point"
"2024-01-11 11:49:00 am","70.8","75.6","71.8","62.7","point"
"2024-01-11 11:50:00 am","71.0","75.2","72.0","62.7","point"
"2024-01-11 11:51:00 am","70.9","75.4","72.0","62.7","point"
"2024-01-11 11:52:00 am","70.7","75.2","71.8","62.5","point"
"2024-01-11 11:53:00 am","70.9","74.8","71.8","62.5","point"
"2024-01-11 11:54:00 am","70.8","74.8","71.6","62.4","point"
"2024-01-11 11:55:00 am","70.8","74.8","71.6","62.4","point"
"2024-01-11 11:56:00 am","70.8","74.9","71.6","62.4","point"
"2024-01-11 11:57:00 am","71.0","74.7","71.8","62.5","point"
"2024-01-11 11:58:00 am","70.9","74.9","71.8","62.5","point"
"2024-01-11 11:59:00 am","70.8","74.6","71.6","62.4","point"
"2024-01-11 12:00:00 pm","70.9","73.9","71.8","62.2","point"
"2024-01-11 12:01:00 pm","70.9","74.5","71.8","62.4","point"
"2024-01-11 12:02:00 pm","71.0","74.5","71.8","62.4","point"
"2024-01-11 12:03:00 pm","70.8","74.4","71.6","62.2","point"
"2024-01-11 12:04:00 pm","71.0","74.2","71.8","62.3","point"
"2024-01-11 12:05:00 pm","70.9","74.4","71.8","62.3","point"
"2024-01-11 12:06:00 pm","70.9","74.7","71.8","62.5","point"
"2024-01-11 12:07:00 pm","71.0","74.3","71.8","62.3","point"
"2024-01-11 12:08:00 pm","71.0","74.2","71.8","62.3","point"
"2024-01-11 12:09:00 pm","71.1","74.5","72.0","62.5","point"
"2024-01-11 12:10:00 pm","70.9","74.5","71.8","62.4","point"
"2024-01-11 12:11:00 pm","70.9","74.5","71.8","62.4","point"
"2024-01-11 12:12:00 pm","71.0","74.6","71.8","62.5","point"
"2024-01-11 12:13:00 pm","71.1","74.4","72.0","62.5","point"
"2024-01-11 12:14:00 pm","70.9","74.3","71.8","62.3","point"
"2024-01-11 12:15:00 pm","71.1","74.5","72.0","62.5","point"
"2024-01-11 12:16:00 pm","71.0","74.4","71.8","62.4","point"
"2024-01-11 12:17:00 pm","71.0","74.3","71.8","62.4","point"
"2024-01-11 12:18:00 pm","71.0","74.1","71.8","62.3","point"
"2024-01-11 12:19:00 pm","71.1","74.2","72.0","62.4","point"
"2024-01-11 12:20:00 pm","71.0","74.5","71.8","62.5","point"
"2024-01-11 12:21:00 pm","71.1","74.7","72.0","62.6","point"
"2024-01-11 12:22:00 pm","71.0","74.5","71.8","62.5","point"
"2024-01-11 12:23:00 pm","71.1","74.4","72.0","62.5","point"
"2024-01-11 12:24:00 pm","71.1","74.2","72.0","62.5","point"
"2024-01-11 12:25:00 pm","71.1","74.4","72.0","62.5","point"
"2024-01-11 12:26:00 pm","71.1","74.1","72.0","62.4","point"
"2024-01-11 12:27:00 pm","71.1","74.1","72.0","62.4","point"
"2024-01-11 12:28:00 pm","71.1","74.2","72.0","62.5","point"
"2024-01-11 12:29:00 pm","71.2","74.1","72.0","62.5","point"
"2024-01-11 12:30:00 pm","71.2","74.3","72.0","62.5","point"
"2024-01-11 12:31:00 pm","71.2","73.9","72.0","62.4","point"
"2024-01-11 12:32:00 pm","71.2","74.3","72.0","62.6","point"
"2024-01-11 12:33:00 pm","71.1","74.3","72.0","62.5","point"
"2024-01-11 12:34:00 pm","71.1","74.3","72.0","62.5","point"
"2024-01-11 12:35:00 pm","71.2","74.9","72.0","62.8","point"
"2024-01-11 12:36:00 pm","71.1","74.7","72.0","62.6","point"
"2024-01-11 12:37:00 pm","71.2","74.8","72.0","62.8","point"
"2024-01-11 12:38:00 pm","71.3","74.6","72.1","62.8","point"
"2024-01-11 12:39:00 pm","71.2","74.7","72.0","62.7","point"
"2024-01-11 12:40:00 pm","71.2","74.8","72.0","62.8","point"
"2024-01-11 12:41:00 pm","71.3","74.6","72.1","62.8","point"
"2024-01-11 12:42:00 pm","71.3","74.8","72.1","62.9","point"
"2024-01-11 12:43:00 pm","71.2","74.6","72.0","62.7","point"
"2024-01-11 12:44:00 pm","71.3","74.4","72.1","62.7","point"
"2024-01-11 12:45:00 pm","71.3","74.2","72.1","62.6","point"
"2024-01-11 12:46:00 pm","71.3","74.3","72.1","62.7","point"
"2024-01-11 12:47:00 pm","71.2","74.4","72.0","62.7","point"
"2024-01-11 12:48:00 pm","71.3","74.1","72.1","62.6","point"
"2024-01-11 12:49:00 pm","71.2","74.6","72.0","62.7","point"
"2024-01-11 12:50:00 pm","71.3","74.8","72.1","62.9","point"
"2024-01-11 12:51:00 pm","71.3","74.8","72.1","62.9","point"
"2024-01-11 12:52:00 pm","71.3","75.0","72.1","62.9","point"
"2024-01-11 12:53:00 pm","71.4","74.8","72.1","63.0","point"
"2024-01-11 12:54:00 pm","71.3","74.6","72.1","62.9","point"
"2024-01-11 12:55:00 pm","71.3","74.7","72.1","62.9","point"
"2024-01-11 12:56:00 pm","71.4","75.0","72.3","63.1","point"
"2024-01-11 12:57:00 pm","71.3","74.8","72.1","62.9","point"
"2024-01-11 12:58:00 pm","71.4","74.9","72.1","63.0","point"
"2024-01-11 12:59:00 pm","71.3","74.6","72.1","62.8","point"
"2024-01-11 01:00:00 pm","71.4","74.5","72.1","62.9","point"
"2024-01-11 01:01:00 pm","71.4","74.8","72.1","63.0","point"
"2024-01-11 01:02:00 pm","71.3","75.0","72.1","63.0","point"
"2024-01-11 01:03:00 pm","71.5","74.9","72.3","63.1","point"
"2024-01-11 01:04:00 pm","71.4","74.4","72.1","62.9","point"
"2024-01-11 01:05:00 pm","71.4","74.7","72.1","62.9","point"
"2024-01-11 01:06:00 pm","71.3","74.7","72.1","62.9","point"
"2024-01-11 01:07:00 pm","71.4","74.5","72.1","62.9","point"
"2024-01-11 01:08:00 pm","71.4","74.3","72.1","62.8","point"
"2024-01-11 01:09:00 pm","71.4","74.4","72.1","62.8","point"
"2024-01-11 01:10:00 pm","71.4","74.1","72.1","62.7","point"
"2024-01-11 01:11:00 pm","71.5","74.2","72.3","62.9","point"
"2024-01-11 01:12:00 pm","71.4","74.1","72.1","62.7","point"
"2024-01-11 01:13:00 pm","71.5","74.2","72.3","62.9","point"
"2024-01-11 01:14:00 pm","71.5","74.3","72.3","62.9","point"
"2024-01-11 01:15:00 pm","71.4","74.9","72.1","63.0","point"
"2024-01-11 01:16:00 pm","71.5","74.8","72.3","63.1","point"
"2024-01-11 01:17:00 pm","71.5","74.3","72.3","62.9","point"
"2024-01-11 01:18:00 pm","71.5","74.1","72.3","62.8","point"
"2024-01-11 01:19:00 pm","71.5","74.2","72.3","62.8","point"
"2024-01-11 01:20:00 pm","71.5","74.2","72.3","62.9","point"
"2024-01-11 01:21:00 pm","71.5","74.2","72.3","62.9","point"
"2024-01-11 01:22:00 pm","71.5","74.6","72.3","62.9","point"
"2024-01-11 01:23:00 pm","71.5","74.4","72.3","63.0","point"
"2024-01-11 01:24:00 pm","71.5","74.6","72.3","63.0","point"
"2024-01-11 01:25:00 pm","71.6","74.7","72.5","63.1","point"
"2024-01-11 01:26:00 pm","71.6","74.5","72.3","63.1","point"
"2024-01-11 01:27:00 pm","71.5","75.0","72.3","63.1","point"
"2024-01-11 01:28:00 pm","71.5","74.7","72.3","63.1","point"
"2024-01-11 01:29:00 pm","71.5","74.6","72.3","63.0","point"
"2024-01-11 01:30:00 pm","71.5","74.8","72.3","63.1","point"
"2024-01-11 01:31:00 pm","71.5","75.0","72.3","63.2","point"
"2024-01-11 01:32:00 pm","71.6","74.7","72.5","63.1","point"
"2024-01-11 01:33:00 pm","71.7","75.2","72.7","63.4","point"
"2024-01-11 01:34:00 pm","71.5","75.3","72.5","63.2","point"
"2024-01-11 01:35:00 pm","71.5","75.5","72.5","63.4","point"
"2024-01-11 01:36:00 pm","71.5","75.6","72.5","63.4","point"
"2024-01-11 01:37:00 pm","71.5","75.5","72.5","63.4","point"
"2024-01-11 01:38:00 pm","71.6","75.2","72.5","63.3","point"
"2024-01-11 01:39:00 pm","71.5","75.4","72.5","63.3","point"
"2024-01-11 01:40:00 pm","71.5","75.4","72.5","63.4","point"
"2024-01-11 01:41:00 pm","71.6","75.6","72.5","63.4","point"
"2024-01-11 01:42:00 pm","71.7","75.5","72.7","63.6","point"
"2024-01-11 01:43:00 pm","71.6","75.9","72.5","63.6","point"
"2024-01-11 01:44:00 pm","71.6","75.6","72.7","63.5","point"
"2024-01-11 01:45:00 pm","71.6","75.7","72.5","63.5","point"
"2024-01-11 01:46:00 pm","71.6","75.8","72.7","63.6","point"
"2024-01-11 01:47:00 pm","71.7","76.2","72.7","63.8","point"
"2024-01-11 01:48:00 pm","71.6","76.3","72.7","63.8","point"
"2024-01-11 01:49:00 pm","71.7","76.2","72.7","63.8","point"
"2024-01-11 01:50:00 pm","71.7","76.2","72.7","63.8","point"
"2024-01-11 01:51:00 pm","71.6","76.4","72.7","63.8","point"
"2024-01-11 01:52:00 pm","71.7","76.2","72.7","63.8","point"
"2024-01-11 01:53:00 pm","71.7","76.2","72.7","63.8","point"
"2024-01-11 01:54:00 pm","71.7","76.0","72.7","63.7","point"
"2024-01-11 01:55:00 pm","71.7","76.7","72.7","64.0","point"
"2024-01-11 01:56:00 pm","71.7","76.9","72.7","64.1","point"
"2024-01-11 01:57:00 pm","71.7","77.0","72.7","64.1","point"
"2024-01-11 01:58:00 pm","71.8","77.1","72.9","64.2","point"
"2024-01-11 01:59:00 pm","71.7","77.1","72.7","64.2","point"
"2024-01-11 02:00:00 pm","71.7","77.3","72.7","64.3","point"
"2024-01-11 02:01:00 pm","71.7","77.3","72.7","64.3","point"
"2024-01-11 02:02:00 pm","71.7","77.3","72.7","64.3","point"
"2024-01-11 02:03:00 pm","71.7","77.2","72.7","64.2","point"
"2024-01-11 02:04:00 pm","71.7","77.3","72.7","64.1","point"
"2024-01-11 02:05:00 pm","71.9","77.2","72.9","64.3","point"
"2024-01-11 02:06:00 pm","72.0","76.3","73.0","64.1","point"
"2024-01-11 02:07:00 pm","72.0","76.7","73.2","64.2","point"
"2024-01-11 02:08:00 pm","72.1","76.6","73.2","64.4","point"
"2024-01-11 02:09:00 pm","72.2","77.0","73.4","64.6","point"
"2024-01-11 02:10:00 pm","72.1","76.4","73.4","64.3","point"
"2024-01-11 02:11:00 pm","72.2","75.8","73.4","64.1","point"
"2024-01-11 02:12:00 pm","72.3","76.0","73.4","64.3","point"
"2024-01-11 02:13:00 pm","72.3","74.8","73.2","63.8","point"
"2024-01-11 02:14:00 pm","72.4","74.2","73.4","63.7","point"
"2024-01-11 02:15:00 pm","72.5","74.9","73.4","64.0","point"
"2024-01-11 02:16:00 pm","72.5","75.2","73.8","64.2","point"
"2024-01-11 02:17:00 pm","72.6","74.1","73.6","63.9","point"
"2024-01-11 02:18:00 pm","72.9","71.3","73.8","63.0","point"
"2024-01-11 02:19:00 pm","73.0","72.2","73.9","63.5","point"
"2024-01-11 02:20:00 pm","73.0","71.6","73.8","63.3","point"
"2024-01-11 02:21:00 pm","73.0","71.4","73.8","63.2","point"
"2024-01-11 02:22:00 pm","73.1","71.0","73.9","63.2","point"
"2024-01-11 02:23:00 pm","73.2","70.9","73.9","63.2","point"
"2024-01-11 02:24:00 pm","73.1","71.8","73.9","63.5","point"
"2024-01-11 02:25:00 pm","73.1","71.8","73.9","63.4","point"
"2024-01-11 02:26:00 pm","73.1","71.6","73.9","63.4","point"
"2024-01-11 02:27:00 pm","73.2","71.6","73.9","63.4","point"
"2024-01-11 02:28:00 pm","73.3","72.3","74.3","63.9","point"
"2024-01-11 02:29:00 pm","73.3","71.7","74.1","63.6","point"
"2024-01-11 02:30:00 pm","73.3","71.3","74.1","63.4","point"
"2024-01-11 02:31:00 pm","73.3","71.7","74.1","63.6","point"
"2024-01-11 02:32:00 pm","73.3","71.2","74.1","63.4","point"
"2024-01-11 02:33:00 pm","73.2","70.7","74.1","63.1","point"
"2024-01-11 02:34:00 pm","73.3","69.8","73.9","62.9","point"
"2024-01-11 02:35:00 pm","73.3","69.9","73.9","62.9","point"
"2024-01-11 02:36:00 pm","73.4","70.4","74.1","63.2","point"
"2024-01-11 02:37:00 pm","73.5","70.9","74.3","63.4","point"
"2024-01-11 02:38:00 pm","73.4","70.7","74.1","63.3","point"
"2024-01-11 02:39:00 pm","73.4","71.5","74.1","63.6","point"
"2024-01-11 02:40:00 pm","73.4","71.4","74.3","63.6","point"
"2024-01-11 02:41:00 pm","73.4","71.0","74.1","63.4","point"
"2024-01-11 02:42:00 pm","73.4","71.3","74.1","63.5","point"
"2024-01-11 02:43:00 pm","73.4","71.2","74.3","63.5","point"
"2024-01-11 02:44:00 pm","73.4","70.4","74.1","63.2","point"
"2024-01-11 02:45:00 pm","73.4","70.3","73.9","63.1","point"
"2024-01-11 02:46:00 pm","73.4","70.6","74.1","63.2","point"
"2024-01-11 02:47:00 pm","73.4","71.2","74.3","63.5","point"
"2024-01-11 02:48:00 pm","73.4","69.9","73.9","62.9","point"
"2024-01-11 02:49:00 pm","73.4","68.9","73.8","62.5","point"
"2024-01-11 02:50:00 pm","73.3","70.5","74.1","63.2","point"
"2024-01-11 02:51:00 pm","73.4","70.9","74.3","63.4","point"
"2024-01-11 02:52:00 pm","73.3","70.2","73.9","63.0","point"
"2024-01-11 02:53:00 pm","73.3","70.5","74.1","63.2","point"
"2024-01-11 02:54:00 pm","73.3","70.1","73.9","63.0","point"
"2024-01-11 02:55:00 pm","73.3","70.4","73.9","63.1","point"
"2024-01-11 02:56:00 pm","73.5","68.2","73.9","62.3","point"
"2024-01-11 02:57:00 pm","73.4","68.4","73.9","62.3","point"
"2024-01-11 02:58:00 pm","73.5","68.0","73.9","62.3","point"
"2024-01-11 02:59:00 pm","73.5","68.6","73.9","62.6","point"
"2024-01-11 03:00:00 pm","73.5","68.1","73.9","62.3","point"
"2024-01-11 03:01:00 pm","73.5","68.4","73.9","62.4","point"
"2024-01-11 03:02:00 pm","73.4","68.5","73.9","62.4","point"
"2024-01-11 03:03:00 pm","73.5","67.6","73.9","62.2","point"
"2024-01-11 03:04:00 pm","73.6","69.1","74.5","62.8","point"
"2024-01-11 03:05:00 pm","73.4","68.1","73.9","62.3","point"
"2024-01-11 03:06:00 pm","73.4","68.8","73.8","62.5","point"
"2024-01-11 03:07:00 pm","73.5","68.6","73.9","62.5","point"
"2024-01-11 03:08:00 pm","73.5","68.9","73.9","62.7","point"
"2024-01-11 03:09:00 pm","73.4","69.5","74.1","62.8","point"
"2024-01-11 03:10:00 pm","73.5","68.7","73.9","62.5","point"
"2024-01-11 03:11:00 pm","73.4","68.5","73.9","62.4","point"
"2024-01-11 03:12:00 pm","73.5","68.7","73.9","62.6","point"
"2024-01-11 03:13:00 pm","73.4","69.6","74.1","62.9","point"
"2024-01-11 03:14:00 pm","73.4","69.6","73.9","62.8","point"
"2024-01-11 03:15:00 pm","73.4","69.5","74.1","62.8","point"
"2024-01-11 03:16:00 pm","73.4","69.8","73.9","62.9","point"
"2024-01-11 03:17:00 pm","73.3","69.7","73.9","62.8","point"
"2024-01-11 03:18:00 pm","73.3","70.4","73.9","63.1","point"
"2024-01-11 03:19:00 pm","73.3","70.0","73.9","63.0","point"
"2024-01-11 03:20:00 pm","73.4","70.5","74.1","63.2","point"
"2024-01-11 03:21:00 pm","73.2","70.3","73.9","63.0","point"
"2024-01-11 03:22:00 pm","73.2","69.6","73.9","62.7","point"
"2024-01-11 03:23:00 pm","73.3","69.9","73.9","62.9","point"
"2024-01-11 03:24:00 pm","73.3","70.5","73.9","63.1","point"
"2024-01-11 03:25:00 pm","73.2","70.4","73.9","63.0","point"
"2024-01-11 03:26:00 pm","73.1","71.2","73.9","63.3","point"
"2024-01-11 03:27:00 pm","73.1","70.9","73.9","63.1","point"
"2024-01-11 03:28:00 pm","73.1","69.6","73.8","62.6","point"
"2024-01-11 03:29:00 pm","73.1","69.0","73.6","62.3","point"
"2024-01-11 03:30:00 pm","73.3","69.4","73.9","62.6","point"
"2024-01-11 03:31:00 pm","73.1","68.9","73.6","62.3","point"
"2024-01-11 03:32:00 pm","73.1","68.5","73.6","62.1","point"
"2024-01-11 03:33:00 pm","73.2","69.5","73.9","62.7","point"
"2024-01-11 03:34:00 pm","73.1","69.6","73.8","62.6","point"
"2024-01-11 03:35:00 pm","73.2","69.2","73.9","62.5","point"
"2024-01-11 03:36:00 pm","73.3","69.3","73.9","62.6","point"
"2024-01-11 03:37:00 pm","73.3","70.2","73.9","63.0","point"
"2024-01-11 03:38:00 pm","73.3","68.9","73.8","62.4","point"
"2024-01-11 03:39:00 pm","73.2","68.0","73.8","62.0","point"
"2024-01-11 03:40:00 pm","73.3","69.5","73.9","62.7","point"
"2024-01-11 03:41:00 pm","73.3","69.9","73.9","62.8","point"
"2024-01-11 03:42:00 pm","73.2","70.3","73.8","63.0","point"
"2024-01-11 03:43:00 pm","73.2","69.9","73.8","62.7","point"
"2024-01-11 03:44:00 pm","73.1","69.1","73.8","62.4","point"
"2024-01-11 03:45:00 pm","73.4","68.9","73.8","62.6","point"
"2024-01-11 03:46:00 pm","73.2","68.3","73.8","62.2","point"
"2024-01-11 03:47:00 pm","73.3","68.2","73.8","62.2","point"
"2024-01-11 03:48:00 pm","73.4","68.1","73.9","62.3","point"
"2024-01-11 03:49:00 pm","73.3","69.3","73.9","62.7","point"
"2024-01-11 03:50:00 pm","73.3","70.4","73.9","63.1","point"
"2024-01-11 03:51:00 pm","73.4","70.3","73.9","63.1","point"
"2024-01-11 03:52:00 pm","73.3","70.3","73.9","63.1","point"
"2024-01-11 03:53:00 pm","73.3","70.1","73.9","63.0","point"
"2024-01-11 03:54:00 pm","73.3","70.4","73.9","63.1","point"
"2024-01-11 03:55:00 pm","73.3","71.2","74.1","63.3","point"
"2024-01-11 03:56:00 pm","73.3","71.2","74.1","63.3","point"
"2024-01-11 03:57:00 pm","73.1","71.9","73.9","63.5","point"
"2024-01-11 03:58:00 pm","73.1","71.6","73.9","63.4","point"
"2024-01-11 03:59:00 pm","73.0","72.8","73.9","63.8","point"
"2024-01-11 04:00:00 pm","73.0","72.1","73.9","63.4","point"
"2024-01-11 04:01:00 pm","73.0","71.9","73.8","63.4","point"
"2024-01-11 04:02:00 pm","73.0","72.4","73.9","63.6","point"
"2024-01-11 04:03:00 pm","73.0","71.5","73.8","63.2","point"
"2024-01-11 04:04:00 pm","73.0","71.3","73.8","63.1","point"
"2024-01-11 04:05:00 pm","73.0","70.0","73.6","62.6","point"
"2024-01-11 04:06:00 pm","73.0","70.5","73.6","62.9","point"
"2024-01-11 04:07:00 pm","73.1","70.1","73.8","62.7","point"
"2024-01-11 04:08:00 pm","73.1","71.0","73.9","63.1","point"
"2024-01-11 04:09:00 pm","73.1","70.5","73.8","63.0","point"
"2024-01-11 04:10:00 pm","73.1","70.6","73.9","63.0","point"
"2024-01-11 04:11:00 pm","73.1","70.4","73.8","62.9","point"
"2024-01-11 04:12:00 pm","73.2","70.5","73.9","63.1","point"
"2024-01-11 04:13:00 pm","73.1","70.9","73.9","63.1","point"
"2024-01-11 04:14:00 pm","73.1","71.1","73.9","63.2","point"
"2024-01-11 04:15:00 pm","73.1","70.4","73.8","63.0","point"
"2024-01-11 04:16:00 pm","73.0","69.4","73.6","62.4","point"
"2024-01-11 04:17:00 pm","73.1","70.3","73.8","62.9","point"
"2024-01-11 04:18:00 pm","73.1","70.1","73.8","62.8","point"
"2024-01-11 04:19:00 pm","73.1","70.1","73.8","62.8","point"
"2024-01-11 04:20:00 pm","73.1","71.2","73.9","63.2","point"
"2024-01-11 04:21:00 pm","73.0","70.0","73.6","62.6","point"
"2024-01-11 04:22:00 pm","73.0","70.7","73.8","63.0","point"
"2024-01-11 04:23:00 pm","73.0","70.8","73.8","63.0","point"
"2024-01-11 04:24:00 pm","73.1","71.7","73.9","63.5","point"
"2024-01-11 04:25:00 pm","73.1","72.5","74.1","63.7","point"
"2024-01-11 04:26:00 pm","73.0","72.8","73.9","63.7","point"
"2024-01-11 04:27:00 pm","72.9","71.0","73.8","63.0","point"
"2024-01-11 04:28:00 pm","72.9","71.1","73.8","63.0","point"
"2024-01-11 04:29:00 pm","73.0","69.8","73.6","62.5","point"
"2024-01-11 04:30:00 pm","73.0","71.6","73.8","63.3","point"
"2024-01-11 04:31:00 pm","73.0","71.9","73.8","63.4","point"
"2024-01-11 04:32:00 pm","73.0","72.9","73.9","63.8","point"
"2024-01-11 04:33:00 pm","73.0","74.5","73.9","64.4","point"
"2024-01-11 04:34:00 pm","72.9","74.1","73.9","64.1","point"
"2024-01-11 04:35:00 pm","72.8","74.3","73.8","64.1","point"
"2024-01-11 04:36:00 pm","72.8","73.9","73.8","64.0","point"
"2024-01-11 04:37:00 pm","72.7","74.4","73.8","64.1","point"
"2024-01-11 04:38:00 pm","72.8","74.7","73.8","64.3","point"
"2024-01-11 04:39:00 pm","72.7","74.9","73.8","64.3","point"
"2024-01-11 04:40:00 pm","72.7","75.1","73.9","64.3","point"
"2024-01-11 04:41:00 pm","72.8","75.6","73.9","64.6","point"
"2024-01-11 04:42:00 pm","72.6","75.5","73.8","64.4","point"
"2024-01-11 04:43:00 pm","72.5","75.6","73.8","64.4","point"
"2024-01-11 04:44:00 pm","72.5","75.5","73.8","64.3","point"
"2024-01-11 04:45:00 pm","72.6","76.1","73.8","64.6","point"
"2024-01-11 04:46:00 pm","72.5","76.0","73.8","64.5","point"
"2024-01-11 04:47:00 pm","72.4","75.6","73.6","64.3","point"
"2024-01-11 04:48:00 pm","72.4","76.1","73.6","64.5","point"
"2024-01-11 04:49:00 pm","72.4","76.3","73.6","64.5","point"
"2024-01-11 04:50:00 pm","72.4","75.0","73.4","64.0","point"
"2024-01-11 04:51:00 pm","72.4","75.7","73.6","64.3","point"
"2024-01-11 04:52:00 pm","72.5","76.7","73.6","64.7","point"
"2024-01-11 04:53:00 pm","72.5","77.1","73.6","64.9","point"
"2024-01-11 04:54:00 pm","72.3","76.7","73.6","64.6","point"
"2024-01-11 04:55:00 pm","72.3","76.6","73.6","64.6","point"
"2024-01-11 04:56:00 pm","72.4","76.7","73.6","64.7","point"
"2024-01-11 04:57:00 pm","72.3","76.9","73.4","64.7","point"
"2024-01-11 04:58:00 pm","72.4","77.2","73.6","64.9","point"
"2024-01-11 04:59:00 pm","72.3","77.9","73.6","65.0","point"
"2024-01-11 05:00:00 pm","72.3","77.3","73.6","64.9","point"
"2024-01-11 05:01:00 pm","72.4","77.3","73.6","64.9","point"
"2024-01-11 05:02:00 pm","72.3","78.1","73.6","65.1","point"
"2024-01-11 05:03:00 pm","72.3","78.2","73.6","65.2","point"
"2024-01-11 05:04:00 pm","72.3","77.5","73.6","64.9","point"
"2024-01-11 05:05:00 pm","72.3","77.8","73.4","65.0","point"
"2024-01-11 05:06:00 pm","72.3","78.5","73.4","65.2","point"
"2024-01-11 05:07:00 pm","72.3","78.5","73.4","65.2","point"
"2024-01-11 05:08:00 pm","72.2","78.2","73.4","65.1","point"
"2024-01-11 05:09:00 pm","72.3","78.1","73.4","65.1","point"
"2024-01-11 05:10:00 pm","72.2","79.0","73.6","65.3","point"
"2024-01-11 05:11:00 pm","72.3","79.4","73.6","65.6","point"
"2024-01-11 05:12:00 pm","72.2","78.2","73.4","65.0","point"
"2024-01-11 05:13:00 pm","72.3","78.9","73.6","65.4","point"
"2024-01-11 05:14:00 pm","72.2","79.6","73.6","65.5","point"
"2024-01-11 05:15:00 pm","72.1","79.3","73.6","65.4","point"
"2024-01-11 05:16:00 pm","72.3","80.1","73.6","65.8","point"
"2024-01-11 05:17:00 pm","72.2","79.5","73.6","65.5","point"
"2024-01-11 05:18:00 pm","72.2","79.0","73.6","65.3","point"
"2024-01-11 05:19:00 pm","72.1","78.8","73.6","65.2","point"
"2024-01-11 05:20:00 pm","72.3","78.8","73.6","65.3","point"
"2024-01-11 05:21:00 pm","72.3","78.5","73.4","65.2","point"
"2024-01-11 05:22:00 pm","72.2","78.7","73.4","65.2","point"
"2024-01-11 05:23:00 pm","72.3","78.9","73.6","65.4","point"
"2024-01-11 05:24:00 pm","72.1","78.7","73.2","65.1","point"
"2024-01-11 05:25:00 pm","72.1","78.8","73.4","65.2","point"
"2024-01-11 05:26:00 pm","72.2","78.8","73.6","65.3","point"
"2024-01-11 05:27:00 pm","72.2","79.1","73.6","65.3","point"
"2024-01-11 05:28:00 pm","72.3","79.2","73.6","65.5","point"
"2024-01-11 05:29:00 pm","72.2","79.2","73.6","65.4","point"
"2024-01-11 05:30:00 pm","72.2","79.1","73.6","65.4","point"
"2024-01-11 05:31:00 pm","72.2","79.1","73.6","65.3","point"
"2024-01-11 05:32:00 pm","72.3","79.0","73.6","65.4","point"
"2024-01-11 05:33:00 pm","72.2","79.1","73.6","65.4","point"
"2024-01-11 05:34:00 pm","72.2","78.6","73.4","65.2","point"
"2024-01-11 05:35:00 pm","72.2","78.7","73.4","65.2","point"
"2024-01-11 05:36:00 pm","72.3","78.8","73.4","65.3","point"
"2024-01-11 05:37:00 pm","72.3","78.9","73.6","65.4","point"
"2024-01-11 05:38:00 pm","72.3","78.5","73.4","65.2","point"
"2024-01-11 05:39:00 pm","72.3","78.7","73.6","65.3","point"
"2024-01-11 05:40:00 pm","72.3","78.8","73.6","65.3","point"
"2024-01-11 05:41:00 pm","72.3","79.5","73.8","65.7","point"
"2024-01-11 05:42:00 pm","72.4","79.5","73.8","65.7","point"
"2024-01-11 05:43:00 pm","72.3","79.4","73.6","65.6","point"
"2024-01-11 05:44:00 pm","72.4","79.7","73.8","65.8","point"
"2024-01-11 05:45:00 pm","72.4","79.9","73.8","65.9","point"
"2024-01-11 05:46:00 pm","72.4","80.1","73.8","65.9","point"
"2024-01-11 05:47:00 pm","72.3","80.0","73.8","65.8","point"
"2024-01-11 05:48:00 pm","72.5","80.0","73.8","65.9","point"
"2024-01-11 05:49:00 pm","72.3","80.6","73.8","66.0","point"
"2024-01-11 05:50:00 pm","72.4","80.8","73.8","66.1","point"
"2024-01-11 05:51:00 pm","72.4","81.1","73.8","66.3","point"
"2024-01-11 05:52:00 pm","72.4","80.5","73.8","66.1","point"
"2024-01-11 05:53:00 pm","72.4","80.0","73.8","65.9","point"
"2024-01-11 05:54:00 pm","72.2","80.0","73.6","65.7","point"
"2024-01-11 05:55:00 pm","72.3","80.4","73.8","66.0","point"
"2024-01-11 05:56:00 pm","72.3","80.1","73.6","65.8","point"
"2024-01-11 05:57:00 pm","72.3","79.9","73.6","65.8","point"
"2024-01-11 05:58:00 pm","72.3","79.4","73.6","65.6","point"
"2024-01-11 05:59:00 pm","72.3","80.4","73.6","65.9","point"
"2024-01-11 06:00:00 pm","72.4","80.8","73.8","66.2","point"
"2024-01-11 06:01:00 pm","72.2","81.2","73.6","66.1","point"
"2024-01-11 06:02:00 pm","72.2","81.0","73.6","66.1","point"
"2024-01-11 06:03:00 pm","72.2","81.3","73.6","66.1","point"
"2024-01-11 06:04:00 pm","72.2","81.6","73.6","66.2","point"
"2024-01-11 06:05:00 pm","72.3","81.8","73.6","66.4","point"
"2024-01-11 06:06:00 pm","72.3","82.0","73.8","66.5","point"
"2024-01-11 06:07:00 pm","72.1","81.9","73.8","66.3","point"
"2024-01-11 06:08:00 pm","72.2","80.8","73.6","65.9","point"
"2024-01-11 06:09:00 pm","72.2","81.9","73.6","66.3","point"
"2024-01-11 06:10:00 pm","72.2","81.0","73.6","66.1","point"
"2024-01-11 06:11:00 pm","72.2","80.4","73.6","65.8","point"
"2024-01-11 06:12:00 pm","72.2","80.8","73.6","66.0","point"
"2024-01-11 06:13:00 pm","72.3","80.7","73.6","66.0","point"
"2024-01-11 06:14:00 pm","72.2","80.3","73.6","65.8","point"
"2024-01-11 06:15:00 pm","72.2","80.6","73.6","65.9","point"
"2024-01-11 06:16:00 pm","72.2","80.5","73.6","65.8","point"
"2024-01-11 06:17:00 pm","72.3","81.0","73.6","66.1","point"
"2024-01-11 06:18:00 pm","72.1","80.6","73.6","65.9","point"
"2024-01-11 06:19:00 pm","72.1","80.2","73.6","65.7","point"
"2024-01-11 06:20:00 pm","72.3","80.2","73.6","65.8","point"
"2024-01-11 06:21:00 pm","72.1","80.6","73.6","65.8","point"
"2024-01-11 06:22:00 pm","72.1","80.8","73.6","65.9","point"
"2024-01-11 06:23:00 pm","72.1","80.5","73.6","65.8","point"
"2024-01-11 06:24:00 pm","72.2","80.1","73.6","65.7","point"
"2024-01-11 06:25:00 pm","72.1","79.9","73.6","65.6","point"
"2024-01-11 06:26:00 pm","72.2","79.8","73.6","65.7","point"
"2024-01-11 06:27:00 pm","72.2","80.1","73.6","65.8","point"
"2024-01-11 06:28:00 pm","72.2","80.1","73.6","65.7","point"
"2024-01-11 06:29:00 pm","72.1","79.3","73.4","65.4","point"
"2024-01-11 06:30:00 pm","72.2","79.5","73.6","65.5","point"
"2024-01-11 06:31:00 pm","72.2","79.7","73.6","65.6","point"
"2024-01-11 06:32:00 pm","72.1","79.8","73.4","65.5","point"
"2024-01-11 06:33:00 pm","72.1","80.4","73.4","65.7","point"
"2024-01-11 06:34:00 pm","72.1","80.2","73.4","65.7","point"
"2024-01-11 06:35:00 pm","72.1","80.6","73.4","65.8","point"
"2024-01-11 06:36:00 pm","72.1","80.5","73.6","65.8","point"
"2024-01-11 06:37:00 pm","72.1","80.5","73.4","65.8","point"
"2024-01-11 06:38:00 pm","72.1","80.4","73.4","65.7","point"
"2024-01-11 06:39:00 pm","72.1","80.3","73.4","65.7","point"
"2024-01-11 06:40:00 pm","72.1","80.1","73.6","65.7","point"
"2024-01-11 06:41:00 pm","72.1","80.4","73.4","65.7","point"
"2024-01-11 06:42:00 pm","72.1","80.7","73.4","65.9","point"
"2024-01-11 06:43:00 pm","72.1","80.4","73.4","65.7","point"
"2024-01-11 06:44:00 pm","72.1","80.2","73.6","65.7","point"
"2024-01-11 06:45:00 pm","72.1","80.5","73.4","65.8","point"
"2024-01-11 06:46:00 pm","72.1","80.4","73.4","65.7","point"
"2024-01-11 06:47:00 pm","72.1","80.4","73.4","65.7","point"
"2024-01-11 06:48:00 pm","72.1","80.1","73.4","65.6","point"
"2024-01-11 06:49:00 pm","72.1","80.1","73.4","65.6","point"
"2024-01-11 06:50:00 pm","72.2","80.7","73.6","65.9","point"
"2024-01-11 06:51:00 pm","72.0","80.1","73.4","65.6","point"
"2024-01-11 06:52:00 pm","72.1","79.9","73.4","65.5","point"
"2024-01-11 06:53:00 pm","72.0","80.0","73.4","65.5","point"
"2024-01-11 06:54:00 pm","72.2","80.0","73.6","65.7","point"
"2024-01-11 06:55:00 pm","72.1","80.0","73.4","65.6","point"
"2024-01-11 06:56:00 pm","72.0","79.8","73.4","65.4","point"
"2024-01-11 06:57:00 pm","72.1","79.8","73.4","65.5","point"
"2024-01-11 06:58:00 pm","72.1","79.7","73.4","65.5","point"
"2024-01-11 06:59:00 pm","72.1","79.8","73.4","65.5","point"
"2024-01-11 07:00:00 pm","72.1","80.0","73.4","65.5","point"
"2024-01-11 07:01:00 pm","72.1","80.5","73.4","65.8","point"
"2024-01-11 07:02:00 pm","72.0","80.1","73.4","65.5","point"
"2024-01-11 07:03:00 pm","72.1","80.2","73.6","65.7","point"
"2024-01-11 07:04:00 pm","72.0","80.0","73.4","65.5","point"
"2024-01-11 07:05:00 pm","72.0","79.6","73.4","65.3","point"
"2024-01-11 07:06:00 pm","72.0","79.5","73.4","65.3","point"
"2024-01-11 07:07:00 pm","72.0","79.1","73.4","65.2","point"
"2024-01-11 07:08:00 pm","72.0","79.3","73.4","65.2","point"
"2024-01-11 07:09:00 pm","72.0","79.8","73.4","65.4","point"
"2024-01-11 07:10:00 pm","72.0","79.7","73.4","65.4","point"
"2024-01-11 07:11:00 pm","72.0","79.8","73.4","65.4","point"
"2024-01-11 07:12:00 pm","72.0","80.0","73.4","65.5","point"
"2024-01-11 07:13:00 pm","72.0","79.6","73.4","65.3","point"
"2024-01-11 07:14:00 pm","72.0","79.4","73.4","65.3","point"
"2024-01-11 07:15:00 pm","72.0","79.9","73.4","65.5","point"
"2024-01-11 07:16:00 pm","72.0","79.6","73.4","65.3","point"
"2024-01-11 07:17:00 pm","72.0","79.8","73.4","65.4","point"
"2024-01-11 07:18:00 pm","72.0","79.8","73.4","65.4","point"
"2024-01-11 07:19:00 pm","72.0","79.6","73.4","65.4","point"
"2024-01-11 07:20:00 pm","72.0","79.6","73.4","65.3","point"
"2024-01-11 07:21:00 pm","72.0","79.7","73.4","65.4","point"
"2024-01-11 07:22:00 pm","71.9","79.4","73.2","65.2","point"
"2024-01-11 07:23:00 pm","72.0","79.4","73.4","65.3","point"
"2024-01-11 07:24:00 pm","71.9","79.7","73.2","65.3","point"
"2024-01-11 07:25:00 pm","71.9","79.2","73.2","65.1","point"
"2024-01-11 07:26:00 pm","71.9","79.9","73.2","65.4","point"
"2024-01-11 07:27:00 pm","71.8","79.1","73.0","65.0","point"
"2024-01-11 07:28:00 pm","72.0","79.4","73.4","65.2","point"
"2024-01-11 07:29:00 pm","72.0","79.1","73.4","65.1","point"
"2024-01-11 07:30:00 pm","71.8","78.9","73.0","64.9","point"
"2024-01-11 07:31:00 pm","72.0","79.1","73.4","65.1","point"
"2024-01-11 07:32:00 pm","71.9","79.2","73.2","65.1","point"
"2024-01-11 07:33:00 pm","71.9","78.9","73.0","64.9","point"
"2024-01-11 07:34:00 pm","71.9","78.8","73.0","65.0","point"
"2024-01-11 07:35:00 pm","71.9","78.6","73.0","64.9","point"
"2024-01-11 07:36:00 pm","71.8","78.7","73.0","64.8","point"
"2024-01-11 07:37:00 pm","71.8","79.2","73.2","65.0","point"
"2024-01-11 07:38:00 pm","71.7","78.8","72.9","64.8","point"
"2024-01-11 07:39:00 pm","71.8","79.0","73.0","65.0","point"
"2024-01-11 07:40:00 pm","71.8","78.6","73.0","64.8","point"
"2024-01-11 07:41:00 pm","71.7","78.8","72.9","64.8","point"
"2024-01-11 07:42:00 pm","71.7","78.6","72.7","64.7","point"
"2024-01-11 07:43:00 pm","71.7","78.6","72.7","64.7","point"
"2024-01-11 07:44:00 pm","71.7","78.7","72.7","64.8","point"
"2024-01-11 07:45:00 pm","71.7","78.5","72.7","64.7","point"
"2024-01-11 07:46:00 pm","71.7","78.5","72.7","64.6","point"
"2024-01-11 07:47:00 pm","71.7","78.1","72.7","64.5","point"
"2024-01-11 07:48:00 pm","71.8","78.4","73.0","64.7","point"
"2024-01-11 07:49:00 pm","71.7","78.3","72.7","64.5","point"
"2024-01-11 07:50:00 pm","71.7","78.5","72.7","64.7","point"
"2024-01-11 07:51:00 pm","71.7","78.1","72.7","64.5","point"
"2024-01-11 07:52:00 pm","71.7","78.5","72.7","64.7","point"
"2024-01-11 07:53:00 pm","71.6","78.4","72.7","64.5","point"
"2024-01-11 07:54:00 pm","71.6","78.2","72.7","64.5","point"
"2024-01-11 07:55:00 pm","71.7","78.3","72.7","64.5","point"
"2024-01-11 07:56:00 pm","71.6","78.2","72.7","64.5","point"
"2024-01-11 07:57:00 pm","71.7","78.4","72.7","64.6","point"
"2024-01-11 07:58:00 pm","71.7","78.2","72.7","64.5","point"
"2024-01-11 07:59:00 pm","71.7","78.3","72.7","64.6","point"
"2024-01-11 08:00:00 pm","71.7","78.4","72.7","64.6","point"
"2024-01-11 08:01:00 pm","71.6","78.4","72.5","64.5","point"
"2024-01-11 08:02:00 pm","71.5","78.2","72.5","64.4","point"
"2024-01-11 08:03:00 pm","71.7","77.9","72.7","64.4","point"
"2024-01-11 08:04:00 pm","71.6","77.6","72.7","64.2","point"
"2024-01-11 08:05:00 pm","71.6","77.7","72.7","64.3","point"
"2024-01-11 08:06:00 pm","71.5","77.4","72.5","64.1","point"
"2024-01-11 08:07:00 pm","71.5","77.4","72.5","64.1","point"
"2024-01-11 08:08:00 pm","71.5","77.4","72.5","64.0","point"
"2024-01-11 08:09:00 pm","71.5","77.1","72.5","63.9","point"
"2024-01-11 08:10:00 pm","71.4","77.1","72.3","63.8","point"
"2024-01-11 08:11:00 pm","71.4","77.2","72.3","63.9","point"
"2024-01-11 08:12:00 pm","71.5","77.2","72.5","63.9","point"
"2024-01-11 08:13:00 pm","71.3","77.1","72.3","63.8","point"
"2024-01-11 08:14:00 pm","71.3","77.0","72.3","63.7","point"
"2024-01-11 08:15:00 pm","71.2","77.0","72.1","63.6","point"
"2024-01-11 08:16:00 pm","71.3","77.1","72.3","63.7","point"
"2024-01-11 08:17:00 pm","71.2","77.1","72.1","63.6","point"
"2024-01-11 08:18:00 pm","71.1","77.1","72.1","63.6","point"
"2024-01-11 08:19:00 pm","71.0","77.0","72.0","63.4","point"
"2024-01-11 08:20:00 pm","71.2","77.0","72.1","63.6","point"
"2024-01-11 08:21:00 pm","71.0","77.0","72.0","63.5","point"
"2024-01-11 08:22:00 pm","71.0","76.9","72.0","63.4","point"
"2024-01-11 08:23:00 pm","71.0","76.9","72.0","63.3","point"
"2024-01-11 08:24:00 pm","71.0","77.1","72.0","63.4","point"
"2024-01-11 08:25:00 pm","70.9","77.0","72.0","63.3","point"
"2024-01-11 08:26:00 pm","71.0","77.1","72.0","63.4","point"
"2024-01-11 08:27:00 pm","70.9","76.9","72.0","63.3","point"
"2024-01-11 08:28:00 pm","70.9","77.0","72.0","63.3","point"
"2024-01-11 08:29:00 pm","70.9","76.9","72.0","63.3","point"
"2024-01-11 08:30:00 pm","70.8","76.7","71.8","63.2","point"
"2024-01-11 08:31:00 pm","70.9","76.7","72.0","63.2","point"
"2024-01-11 08:32:00 pm","70.8","76.7","71.8","63.1","point"
"2024-01-11 08:33:00 pm","70.8","76.8","71.8","63.2","point"
"2024-01-11 08:34:00 pm","70.8","76.8","71.8","63.2","point"
"2024-01-11 08:35:00 pm","70.8","76.7","71.8","63.2","point"
"2024-01-11 08:36:00 pm","70.8","76.7","71.8","63.1","point"
"2024-01-11 08:37:00 pm","70.8","76.8","71.8","63.1","point"
"2024-01-11 08:38:00 pm","70.7","76.7","71.8","63.1","point"
"2024-01-11 08:39:00 pm","70.7","76.8","71.8","63.1","point"
"2024-01-11 08:40:00 pm","70.7","76.9","71.8","63.1","point"
"2024-01-11 08:41:00 pm","70.6","76.8","71.4","63.0","point"
"2024-01-11 08:42:00 pm","70.8","76.8","71.8","63.1","point"
"2024-01-11 08:43:00 pm","70.7","76.8","71.8","63.1","point"
"2024-01-11 08:44:00 pm","70.7","76.7","71.8","63.1","point"
"2024-01-11 08:45:00 pm","70.7","77.0","71.4","63.1","point"
"2024-01-11 08:46:00 pm","70.6","76.8","71.4","63.0","point"
"2024-01-11 08:47:00 pm","70.7","76.7","71.4","63.0","point"
"2024-01-11 08:48:00 pm","70.6","76.7","71.4","62.9","point"
"2024-01-11 08:49:00 pm","70.7","77.2","71.4","63.2","point"
"2024-01-11 08:50:00 pm","70.7","77.0","71.4","63.1","point"
"2024-01-11 08:51:00 pm","70.7","77.0","71.8","63.2","point"
"2024-01-11 08:52:00 pm","70.7","76.9","71.4","63.1","point"
"2024-01-11 08:53:00 pm","70.8","76.7","71.8","63.2","point"
"2024-01-11 08:54:00 pm","70.8","76.8","71.8","63.1","point"
"2024-01-11 08:55:00 pm","70.6","76.7","71.4","63.0","point"
"2024-01-11 08:56:00 pm","70.7","76.7","71.4","63.0","point"
"2024-01-11 08:57:00 pm","70.7","76.7","71.8","63.1","point"
"2024-01-11 08:58:00 pm","70.8","76.7","71.8","63.1","point"
"2024-01-11 08:59:00 pm","70.8","76.8","71.8","63.1","point"
"2024-01-11 09:00:00 pm","70.8","76.8","71.8","63.1","point"
"2024-01-11 09:01:00 pm","70.8","76.7","71.8","63.2","point"
"2024-01-11 09:02:00 pm","70.8","76.7","71.8","63.2","point"
"2024-01-11 09:03:00 pm","70.8","76.7","71.8","63.2","point"
"2024-01-11 09:04:00 pm","70.8","76.7","71.8","63.1","point"
"2024-01-11 09:05:00 pm","70.7","76.7","71.4","63.0","point"
"2024-01-11 09:06:00 pm","70.7","76.8","71.4","63.0","point"
"2024-01-11 09:07:00 pm","70.8","76.8","71.8","63.2","point"
"2024-01-11 09:08:00 pm","70.8","76.8","71.8","63.1","point"
"2024-01-11 09:09:00 pm","70.8","76.6","71.8","63.1","point"
"2024-01-11 09:10:00 pm","70.7","76.6","71.8","63.0","point"
"2024-01-11 09:11:00 pm","70.8","76.6","71.8","63.1","point"
"2024-01-11 09:12:00 pm","70.7","76.6","71.4","63.0","point"
"2024-01-11 09:13:00 pm","70.6","76.7","71.4","63.0","point"
"2024-01-11 09:14:00 pm","70.7","76.9","71.4","63.1","point"
"2024-01-11 09:15:00 pm","70.7","76.8","71.4","63.0","point"
"2024-01-11 09:16:00 pm","70.6","76.7","71.4","62.9","point"
"2024-01-11 09:17:00 pm","70.6","76.9","71.4","63.0","point"
"2024-01-11 09:18:00 pm","70.6","76.8","71.4","62.9","point"
"2024-01-11 09:19:00 pm","70.6","76.8","71.4","62.9","point"
"2024-01-11 09:20:00 pm","70.6","76.9","71.4","63.0","point"
"2024-01-11 09:21:00 pm","70.5","77.1","71.2","63.0","point"
"2024-01-11 09:22:00 pm","70.6","77.0","71.4","63.0","point"
"2024-01-11 09:23:00 pm","70.6","77.1","71.4","63.1","point"
"2024-01-11 09:24:00 pm","70.6","77.3","71.4","63.2","point"
"2024-01-11 09:25:00 pm","70.7","77.5","71.8","63.3","point"
"2024-01-11 09:26:00 pm","70.6","77.5","71.4","63.2","point"
"2024-01-11 09:27:00 pm","70.6","77.4","71.4","63.2","point"
"2024-01-11 09:28:00 pm","70.7","77.5","71.4","63.3","point"
"2024-01-11 09:29:00 pm","70.8","77.6","71.8","63.4","point"
"2024-01-11 09:30:00 pm","70.7","77.9","71.8","63.5","point"
"2024-01-11 09:31:00 pm","70.7","77.5","71.4","63.3","point"
"2024-01-11 09:32:00 pm","70.7","77.3","71.8","63.3","point"
"2024-01-11 09:33:00 pm","70.7","77.3","71.4","63.2","point"
"2024-01-11 09:34:00 pm","70.7","77.2","71.8","63.2","point"
"2024-01-11 09:35:00 pm","70.6","77.2","71.4","63.1","point"
"2024-01-11 09:36:00 pm","70.7","77.2","71.8","63.2","point"
"2024-01-11 09:37:00 pm","70.8","77.2","71.8","63.2","point"
"2024-01-11 09:38:00 pm","70.8","77.2","71.8","63.2","point"
"2024-01-11 09:39:00 pm","70.7","77.3","71.8","63.3","point"
"2024-01-11 09:40:00 pm","70.7","77.1","71.4","63.1","point"
"2024-01-11 09:41:00 pm","70.7","77.1","71.4","63.1","point"
"2024-01-11 09:42:00 pm","70.7","77.4","71.8","63.3","point"
"2024-01-11 09:43:00 pm","70.7","77.5","71.8","63.3","point"
"2024-01-11 09:44:00 pm","70.8","77.2","71.8","63.2","point"
"2024-01-11 09:45:00 pm","70.6","77.0","71.4","63.1","point"
"2024-01-11 09:46:00 pm","70.7","77.1","71.4","63.1","point"
"2024-01-11 09:47:00 pm","70.6","77.2","71.4","63.1","point"
"2024-01-11 09:48:00 pm","70.5","77.2","71.4","63.1","point"
"2024-01-11 09:49:00 pm","70.5","77.3","71.4","63.1","point"
"2024-01-11 09:50:00 pm","70.6","77.4","71.4","63.2","point"
"2024-01-11 09:51:00 pm","70.6","77.4","71.4","63.1","point"
"2024-01-11 09:52:00 pm","70.6","77.5","71.4","63.2","point"
"2024-01-11 09:53:00 pm","70.6","77.4","71.4","63.2","point"
"2024-01-11 09:54:00 pm","70.6","77.3","71.4","63.1","point"
"2024-01-11 09:55:00 pm","70.6","77.3","71.4","63.1","point"
"2024-01-11 09:56:00 pm","70.6","77.5","71.4","63.2","point"
"2024-01-11 09:57:00 pm","70.5","77.4","71.4","63.1","point"
"2024-01-11 09:58:00 pm","70.6","77.7","71.4","63.3","point"
"2024-01-11 09:59:00 pm","70.5","77.8","71.2","63.2","point"
"2024-01-11 10:00:00 pm","70.5","77.8","71.2","63.2","point"
"2024-01-11 10:01:00 pm","70.6","77.7","71.4","63.2","point"
"2024-01-11 10:02:00 pm","70.5","77.7","71.4","63.2","point"
"2024-01-11 10:03:00 pm","70.7","77.8","71.4","63.4","point"
"2024-01-11 10:04:00 pm","70.6","77.8","71.4","63.3","point"
"2024-01-11 10:05:00 pm","70.6","77.8","71.4","63.4","point"
"2024-01-11 10:06:00 pm","70.7","77.8","71.4","63.4","point"
"2024-01-11 10:07:00 pm","70.6","77.8","71.4","63.3","point"
"2024-01-11 10:08:00 pm","70.6","77.7","71.4","63.3","point"
"2024-01-11 10:09:00 pm","70.6","77.8","71.4","63.4","point"
"2024-01-11 10:10:00 pm","70.7","77.7","71.8","63.4","point"
"2024-01-11 10:11:00 pm","70.6","77.6","71.4","63.3","point"
"2024-01-11 10:12:00 pm","70.6","77.7","71.4","63.3","point"
"2024-01-11 10:13:00 pm","70.6","77.6","71.4","63.3","point"
"2024-01-11 10:14:00 pm","70.6","77.6","71.4","63.3","point"
"2024-01-11 10:15:00 pm","70.6","77.6","71.4","63.3","point"
"2024-01-11 10:16:00 pm","70.6","77.6","71.4","63.2","point"
"2024-01-11 10:17:00 pm","70.5","77.0","71.4","63.0","point"
"2024-01-11 10:18:00 pm","70.5","77.3","71.2","63.1","point"
"2024-01-11 10:19:00 pm","70.5","77.6","71.4","63.2","point"
"2024-01-11 10:20:00 pm","70.5","77.8","71.2","63.2","point"
"2024-01-11 10:21:00 pm","70.7","77.7","71.4","63.4","point"
"2024-01-11 10:22:00 pm","70.7","77.7","71.8","63.4","point"
"2024-01-11 10:23:00 pm","70.7","77.5","71.8","63.3","point"
"2024-01-11 10:24:00 pm","70.7","77.5","71.4","63.3","point"
"2024-01-11 10:25:00 pm","70.7","77.3","71.8","63.3","point"
"2024-01-11 10:26:00 pm","70.7","77.3","71.4","63.2","point"
"2024-01-11 10:27:00 pm","70.7","77.3","71.8","63.3","point"
"2024-01-11 10:28:00 pm","70.7","77.2","71.4","63.2","point"
"2024-01-11 10:29:00 pm","70.6","77.3","71.4","63.2","point"
"2024-01-11 10:30:00 pm","70.5","77.0","71.2","62.9","point"
"2024-01-11 10:31:00 pm","70.6","77.0","71.4","63.0","point"
"2024-01-11 10:32:00 pm","70.6","77.1","71.4","63.1","point"
"2024-01-11 10:33:00 pm","70.5","77.2","71.4","63.1","point"
"2024-01-11 10:34:00 pm","70.5","77.1","71.4","63.0","point"
"2024-01-11 10:35:00 pm","70.5","77.2","71.4","63.0","point"
"2024-01-11 10:36:00 pm","70.4","77.0","71.2","62.9","point"
"2024-01-11 10:37:00 pm","70.4","77.0","71.2","62.9","point"
"2024-01-11 10:38:00 pm","70.4","77.1","71.2","62.9","point"
"2024-01-11 10:39:00 pm","70.3","76.8","71.1","62.7","point"
"2024-01-11 10:40:00 pm","70.3","76.8","71.1","62.7","point"
"2024-01-11 10:41:00 pm","70.4","77.0","71.2","62.8","point"
"2024-01-11 10:42:00 pm","70.3","76.9","71.1","62.7","point"
"2024-01-11 10:43:00 pm","70.3","76.9","71.1","62.7","point"
"2024-01-11 10:44:00 pm","70.3","76.9","71.1","62.7","point"
"2024-01-11 10:45:00 pm","70.2","76.7","71.1","62.6","point"
"2024-01-11 10:46:00 pm","70.3","76.9","71.1","62.7","point"
"2024-01-11 10:47:00 pm","70.2","76.9","71.1","62.6","point"
"2024-01-11 10:48:00 pm","70.3","77.0","71.1","62.7","point"
"2024-01-11 10:49:00 pm","70.3","76.9","71.1","62.7","point"
"2024-01-11 10:50:00 pm","70.2","76.8","71.1","62.6","point"
"2024-01-11 10:51:00 pm","70.3","76.8","71.1","62.7","point"
"2024-01-11 10:52:00 pm","70.2","76.8","71.1","62.6","point"
"2024-01-11 10:53:00 pm","70.2","76.8","71.1","62.5","point"
"2024-01-11 10:54:00 pm","70.1","77.1","70.7","62.6","point"
"2024-01-11 10:55:00 pm","70.1","77.1","70.7","62.6","point"
"2024-01-11 10:56:00 pm","70.1","76.9","70.7","62.5","point"
"2024-01-11 10:57:00 pm","70.2","76.8","71.1","62.6","point"
"2024-01-11 10:58:00 pm","70.1","76.8","70.7","62.5","point"
"2024-01-11 10:59:00 pm","70.1","77.0","70.7","62.6","point"
"2024-01-11 11:00:00 pm","70.1","76.8","70.7","62.5","point"
"2024-01-11 11:01:00 pm","70.1","76.9","70.7","62.5","point"
"2024-01-11 11:02:00 pm","70.2","76.6","71.1","62.5","point"
"2024-01-11 11:03:00 pm","70.1","76.8","70.7","62.5","point"
"2024-01-11 11:04:00 pm","70.1","76.7","70.7","62.5","point"
"2024-01-11 11:05:00 pm","70.1","76.9","70.7","62.5","point"
"2024-01-11 11:06:00 pm","70.1","76.6","70.7","62.3","point"
"2024-01-11 11:07:00 pm","70.1","76.7","70.7","62.4","point"
"2024-01-11 11:08:00 pm","70.1","76.8","70.7","62.4","point"
"2024-01-11 11:09:00 pm","70.1","76.9","70.7","62.5","point"
"2024-01-11 11:10:00 pm","70.0","76.7","70.7","62.4","point"
"2024-01-11 11:11:00 pm","70.1","76.7","70.7","62.5","point"
"2024-01-11 11:12:00 pm","70.0","76.9","70.7","62.4","point"
"2024-01-11 11:13:00 pm","70.1","77.0","70.7","62.5","point"
"2024-01-11 11:14:00 pm","70.1","76.8","70.7","62.5","point"
"2024-01-11 11:15:00 pm","70.0","77.0","70.7","62.5","point"
"2024-01-11 11:16:00 pm","70.1","77.1","70.7","62.5","point"
"2024-01-11 11:17:00 pm","70.1","76.9","70.7","62.5","point"
"2024-01-11 11:18:00 pm","70.1","77.0","70.7","62.6","point"
"2024-01-11 11:19:00 pm","70.1","77.0","70.7","62.5","point"
"2024-01-11 11:20:00 pm","70.0","76.8","70.7","62.4","point"
"2024-01-11 11:21:00 pm","70.0","76.9","70.7","62.4","point"
"2024-01-11 11:22:00 pm","70.0","76.9","70.7","62.4","point"
"2024-01-11 11:23:00 pm","70.1","77.0","70.7","62.6","point"
"2024-01-11 11:24:00 pm","70.1","77.0","70.7","62.6","point"
"2024-01-11 11:25:00 pm","70.1","76.9","70.7","62.4","point"
"2024-01-11 11:26:00 pm","70.1","76.8","70.7","62.4","point"
"2024-01-11 11:27:00 pm","70.1","76.8","70.7","62.4","point"
"2024-01-11 11:28:00 pm","70.0","76.8","70.7","62.4","point"
"2024-01-11 11:29:00 pm","69.9","76.7","70.5","62.3","point"
"2024-01-11 11:30:00 pm","70.0","76.9","70.7","62.4","point"
"2024-01-11 11:31:00 pm","69.9","76.9","70.5","62.4","point"
"2024-01-11 11:32:00 pm","69.9","76.8","70.5","62.3","point"
"2024-01-11 11:33:00 pm","70.0","76.7","70.7","62.3","point"
"2024-01-11 11:34:00 pm","70.0","76.7","70.7","62.3","point"
"2024-01-11 11:35:00 pm","70.0","76.8","70.7","62.4","point"
"2024-01-11 11:36:00 pm","69.9","76.8","70.5","62.3","point"
"2024-01-11 11:37:00 pm","69.9","77.0","70.5","62.3","point"
"2024-01-11 11:38:00 pm","70.0","77.0","70.7","62.4","point"
"2024-01-11 11:39:00 pm","70.0","77.0","70.7","62.4","point"
"2024-01-11 11:40:00 pm","70.0","77.0","70.7","62.5","point"
"2024-01-11 11:41:00 pm","70.0","76.9","70.7","62.4","point"
"2024-01-11 11:42:00 pm","69.9","76.9","70.5","62.3","point"
"2024-01-11 11:43:00 pm","69.9","76.9","70.5","62.3","point"
"2024-01-11 11:44:00 pm","69.9","76.9","70.5","62.3","point"
"2024-01-11 11:45:00 pm","69.9","77.0","70.5","62.4","point"
"2024-01-11 11:46:00 pm","69.9","77.1","70.5","62.4","point"
"2024-01-11 11:47:00 pm","69.9","77.0","70.5","62.4","point"
"2024-01-11 11:48:00 pm","69.9","77.0","70.5","62.3","point"
"2024-01-11 11:49:00 pm","69.9","77.1","70.5","62.4","point"
"2024-01-11 11:50:00 pm","70.0","77.1","70.7","62.5","point"
"2024-01-11 11:51:00 pm","70.0","77.3","70.7","62.5","point"
"2024-01-11 11:52:00 pm","69.9","77.1","70.5","62.4","point"
"2024-01-11 11:53:00 pm","69.9","77.0","70.5","62.4","point"
"2024-01-11 11:54:00 pm","70.1","77.2","70.7","62.6","point"
"2024-01-11 11:55:00 pm","69.9","77.2","70.5","62.4","point"
"2024-01-11 11:56:00 pm","70.0","77.2","70.7","62.5","point"
"2024-01-11 11:57:00 pm","69.9","77.1","70.5","62.4","point"
"2024-01-11 11:58:00 pm","70.0","77.1","70.7","62.5","point"
"2024-01-11 11:59:00 pm","70.0","77.1","70.7","62.5","point"
"2024-01-12 12:00:00 am","69.9","77.2","70.5","62.5","point"
"2024-01-12 12:01:00 am","70.0","77.3","70.7","62.6","point"
"2024-01-12 12:02:00 am","69.9","77.0","70.5","62.3","point"
"2024-01-12 12:03:00 am","69.9","77.1","70.5","62.4","point"
"2024-01-12 12:04:00 am","70.1","77.2","70.7","62.6","point"
"2024-01-12 12:05:00 am","70.0","77.0","70.7","62.4","point"
"2024-01-12 12:06:00 am","70.1","77.0","70.7","62.5","point"
"2024-01-12 12:07:00 am","70.0","77.0","70.7","62.4","point"
"2024-01-12 12:08:00 am","70.0","77.1","70.7","62.5","point"
"2024-01-12 12:09:00 am","70.0","77.0","70.7","62.4","point"
"2024-01-12 12:10:00 am","70.1","77.1","70.7","62.5","point"
"2024-01-12 12:11:00 am","70.0","77.1","70.7","62.5","point"
"2024-01-12 12:12:00 am","69.9","77.1","70.5","62.4","point"
"2024-01-12 12:13:00 am","69.9","77.0","70.5","62.4","point"
"2024-01-12 12:14:00 am","69.9","77.3","70.5","62.4","point"
"2024-01-12 12:15:00 am","70.0","77.2","70.7","62.5","point"
"2024-01-12 12:16:00 am","70.0","77.2","70.7","62.5","point"
"2024-01-12 12:17:00 am","69.9","77.2","70.5","62.4","point"
"2024-01-12 12:18:00 am","70.0","77.2","70.7","62.5","point"
"2024-01-12 12:19:00 am","69.9","77.1","70.5","62.4","point"
"2024-01-12 12:20:00 am","70.1","77.1","70.7","62.5","point"
"2024-01-12 12:21:00 am","70.0","77.1","70.7","62.5","point"
"2024-01-12 12:22:00 am","69.9","77.1","70.5","62.4","point"
"2024-01-12 12:23:00 am","70.0","77.1","70.7","62.5","point"
"2024-01-12 12:24:00 am","70.0","77.3","70.7","62.6","point"
"2024-01-12 12:25:00 am","69.9","77.2","70.5","62.5","point"
"2024-01-12 12:26:00 am","70.0","77.3","70.7","62.5","point"
"2024-01-12 12:27:00 am","70.0","77.3","70.7","62.6","point"
"2024-01-12 12:28:00 am","70.0","77.2","70.7","62.5","point"
"2024-01-12 12:29:00 am","70.0","77.1","70.7","62.5","point"
"2024-01-12 12:30:00 am","70.0","77.0","70.7","62.4","point"
"2024-01-12 12:31:00 am","70.0","77.2","70.7","62.5","point"
"2024-01-12 12:32:00 am","70.1","77.2","70.7","62.6","point"
"2024-01-12 12:33:00 am","70.0","77.3","70.7","62.5","point"
"2024-01-12 12:34:00 am","70.0","77.1","70.7","62.5","point"
"2024-01-12 12:35:00 am","69.9","77.2","70.5","62.5","point"
"2024-01-12 12:36:00 am","70.0","77.3","70.7","62.5","point"
"2024-01-12 12:37:00 am","69.9","77.0","70.5","62.4","point"
"2024-01-12 12:38:00 am","69.9","77.1","70.5","62.4","point"
"2024-01-12 12:39:00 am","70.0","76.9","70.7","62.4","point"
"2024-01-12 12:40:00 am","69.9","77.1","70.5","62.4","point"
"2024-01-12 12:41:00 am","70.0","77.2","70.7","62.5","point"
"2024-01-12 12:42:00 am","69.9","77.2","70.5","62.4","point"
"2024-01-12 12:43:00 am","69.9","77.0","70.5","62.3","point"
"2024-01-12 12:44:00 am","70.0","77.0","70.7","62.5","point"
"2024-01-12 12:45:00 am","70.0","77.2","70.7","62.5","point"
"2024-01-12 12:46:00 am","69.9","77.2","70.5","62.5","point"
"2024-01-12 12:47:00 am","69.9","77.1","70.5","62.4","point"
"2024-01-12 12:48:00 am","69.9","77.4","70.5","62.5","point"
"2024-01-12 12:49:00 am","70.0","77.1","70.7","62.5","point"
"2024-01-12 12:50:00 am","69.9","77.1","70.5","62.4","point"
"2024-01-12 12:51:00 am","69.9","77.3","70.5","62.5","point"
"2024-01-12 12:52:00 am","69.9","77.2","70.5","62.4","point"
"2024-01-12 12:53:00 am","70.0","77.1","70.7","62.5","point"
"2024-01-12 12:54:00 am","70.0","77.2","70.7","62.5","point"
"2024-01-12 12:55:00 am","69.9","77.2","70.5","62.5","point"
"2024-01-12 12:56:00 am","70.0","77.1","70.7","62.5","point"
"2024-01-12 12:57:00 am","69.9","77.2","70.5","62.5","point"
"2024-01-12 12:58:00 am","69.9","77.3","70.5","62.5","point"
"2024-01-12 12:59:00 am","69.9","77.3","70.5","62.4","point"
"2024-01-12 01:00:00 am","70.0","77.4","70.7","62.6","point"
"2024-01-12 01:01:00 am","69.9","77.4","70.5","62.5","point"
"2024-01-12 01:02:00 am","69.9","77.3","70.5","62.5","point"
"2024-01-12 01:03:00 am","69.9","77.4","70.5","62.5","point"
"2024-01-12 01:04:00 am","69.9","77.3","70.5","62.4","point"
"2024-01-12 01:05:00 am","70.0","77.2","70.7","62.5","point"
"2024-01-12 01:06:00 am","69.9","77.6","70.5","62.6","point"
"2024-01-12 01:07:00 am","69.9","77.2","70.5","62.4","point"
"2024-01-12 01:08:00 am","70.0","77.1","70.7","62.5","point"
"2024-01-12 01:09:00 am","69.9","77.3","70.5","62.4","point"
"2024-01-12 01:10:00 am","69.9","77.5","70.5","62.6","point"
"2024-01-12 01:11:00 am","69.9","77.0","70.5","62.4","point"
"2024-01-12 01:12:00 am","70.0","77.2","70.7","62.5","point"
"2024-01-12 01:13:00 am","69.9","77.1","70.5","62.4","point"
"2024-01-12 01:14:00 am","69.9","77.2","70.5","62.5","point"
"2024-01-12 01:15:00 am","69.9","77.0","70.5","62.3","point"
"2024-01-12 01:16:00 am","69.9","77.2","70.5","62.5","point"
"2024-01-12 01:17:00 am","69.9","77.4","70.5","62.5","point"
"2024-01-12 01:18:00 am","69.9","77.4","70.5","62.5","point"
"2024-01-12 01:19:00 am","69.9","77.3","70.5","62.5","point"
"2024-01-12 01:20:00 am","69.9","77.2","70.5","62.5","point"
"2024-01-12 01:21:00 am","70.0","77.3","70.7","62.5","point"
"2024-01-12 01:22:00 am","69.9","77.4","70.5","62.5","point"
"2024-01-12 01:23:00 am","70.0","77.1","70.7","62.5","point"
"2024-01-12 01:24:00 am","69.9","77.2","70.5","62.5","point"
"2024-01-12 01:25:00 am","69.9","77.3","70.5","62.4","point"
"2024-01-12 01:26:00 am","69.9","77.2","70.5","62.4","point"
"2024-01-12 01:27:00 am","69.9","77.2","70.5","62.4","point"
"2024-01-12 01:28:00 am","70.0","77.3","70.7","62.6","point"
"2024-01-12 01:29:00 am","69.8","77.2","70.5","62.3","point"
"2024-01-12 01:30:00 am","69.9","77.1","70.5","62.4","point"
"2024-01-12 01:31:00 am","69.8","77.1","70.3","62.3","point"
"2024-01-12 01:32:00 am","69.9","77.1","70.5","62.4","point"
"2024-01-12 01:33:00 am","69.8","77.3","70.3","62.3","point"
"2024-01-12 01:34:00 am","69.9","77.2","70.5","62.4","point"
"2024-01-12 01:35:00 am","69.8","77.1","70.5","62.3","point"
"2024-01-12 01:36:00 am","69.9","77.0","70.5","62.3","point"
"2024-01-12 01:37:00 am","69.9","77.0","70.5","62.3","point"
"2024-01-12 01:38:00 am","69.9","77.1","70.5","62.4","point"
"2024-01-12 01:39:00 am","69.8","77.2","70.5","62.3","point"
"2024-01-12 01:40:00 am","69.8","77.1","70.5","62.3","point"
"2024-01-12 01:41:00 am","69.9","77.0","70.5","62.3","point"
"2024-01-12 01:42:00 am","69.8","77.1","70.5","62.3","point"
"2024-01-12 01:43:00 am","69.9","77.0","70.5","62.3","point"
"2024-01-12 01:44:00 am","69.9","77.2","70.5","62.4","point"
"2024-01-12 01:45:00 am","69.9","76.9","70.5","62.3","point"
"2024-01-12 01:46:00 am","69.8","76.9","70.5","62.2","point"
"2024-01-12 01:47:00 am","69.7","77.1","70.3","62.2","point"
"2024-01-12 01:48:00 am","69.9","77.0","70.5","62.3","point"
"2024-01-12 01:49:00 am","69.8","77.1","70.3","62.3","point"
"2024-01-12 01:50:00 am","69.9","77.1","70.5","62.4","point"
"2024-01-12 01:51:00 am","69.9","77.1","70.5","62.4","point"
"2024-01-12 01:52:00 am","69.9","77.0","70.5","62.3","point"
"2024-01-12 01:53:00 am","69.8","77.2","70.3","62.3","point"
"2024-01-12 01:54:00 am","69.8","77.0","70.5","62.3","point"
"2024-01-12 01:55:00 am","69.8","77.0","70.5","62.3","point"
"2024-01-12 01:56:00 am","69.8","77.0","70.5","62.3","point"
"2024-01-12 01:57:00 am","69.8","77.0","70.3","62.2","point"
"2024-01-12 01:58:00 am","69.8","77.0","70.3","62.2","point"
"2024-01-12 01:59:00 am","69.8","76.9","70.5","62.2","point"
"2024-01-12 02:00:00 am","69.8","76.8","70.5","62.2","point"
"2024-01-12 02:01:00 am","69.7","76.8","70.3","62.1","point"
"2024-01-12 02:02:00 am","69.7","76.8","70.3","62.2","point"
"2024-01-12 02:03:00 am","69.7","76.7","70.3","62.1","point"
"2024-01-12 02:04:00 am","69.8","76.8","70.3","62.2","point"
"2024-01-12 02:05:00 am","69.7","76.6","70.3","62.1","point"
"2024-01-12 02:06:00 am","69.7","76.6","70.3","62.1","point"
"2024-01-12 02:07:00 am","69.8","76.6","70.3","62.1","point"
"2024-01-12 02:08:00 am","69.7","76.7","70.3","62.1","point"
"2024-01-12 02:09:00 am","69.7","76.8","70.3","62.1","point"
"2024-01-12 02:10:00 am","69.7","76.6","70.3","62.0","point"
"2024-01-12 02:11:00 am","69.7","76.6","70.3","62.1","point"
"2024-01-12 02:12:00 am","69.7","76.6","70.3","62.0","point"
"2024-01-12 02:13:00 am","69.7","76.7","70.3","62.0","point"
"2024-01-12 02:14:00 am","69.8","76.4","70.3","62.0","point"
"2024-01-12 02:15:00 am","69.7","76.5","70.3","62.0","point"
"2024-01-12 02:16:00 am","69.8","76.6","70.3","62.1","point"
"2024-01-12 02:17:00 am","69.7","76.5","70.3","62.0","point"
"2024-01-12 02:18:00 am","69.6","76.6","70.3","62.0","point"
"2024-01-12 02:19:00 am","69.7","76.6","70.3","62.0","point"
"2024-01-12 02:20:00 am","69.8","76.6","70.3","62.1","point"
"2024-01-12 02:21:00 am","69.8","76.6","70.3","62.1","point"
"2024-01-12 02:22:00 am","69.7","76.5","70.3","62.0","point"
"2024-01-12 02:23:00 am","69.7","76.6","70.3","62.1","point"
"2024-01-12 02:24:00 am","69.7","76.6","70.3","62.0","point"
"2024-01-12 02:25:00 am","69.7","76.7","70.3","62.1","point"
"2024-01-12 02:26:00 am","69.7","76.8","70.3","62.1","point"
"2024-01-12 02:27:00 am","69.7","76.8","70.3","62.0","point"
"2024-01-12 02:28:00 am","69.7","76.6","70.3","62.0","point"
"2024-01-12 02:29:00 am","69.7","76.8","70.3","62.1","point"
"2024-01-12 02:30:00 am","69.6","76.7","70.3","62.0","point"
"2024-01-12 02:31:00 am","69.7","76.6","70.3","62.0","point"
"2024-01-12 02:32:00 am","69.8","76.7","70.3","62.1","point"
"2024-01-12 02:33:00 am","69.7","76.6","70.3","62.0","point"
"2024-01-12 02:34:00 am","69.6","76.7","70.3","62.0","point"
"2024-01-12 02:35:00 am","69.7","76.7","70.3","62.1","point"
"2024-01-12 02:36:00 am","69.7","76.7","70.3","62.0","point"
"2024-01-12 02:37:00 am","69.7","76.8","70.3","62.1","point"
"2024-01-12 02:38:00 am","69.6","76.7","70.0","62.0","point"
"2024-01-12 02:39:00 am","69.7","76.7","70.3","62.1","point"
"2024-01-12 02:40:00 am","69.7","76.6","70.3","62.0","point"
"2024-01-12 02:41:00 am","69.7","76.8","70.3","62.2","point"
"2024-01-12 02:42:00 am","69.7","76.9","70.3","62.1","point"
"2024-01-12 02:43:00 am","69.7","76.9","70.3","62.1","point"
"2024-01-12 02:44:00 am","69.7","76.9","70.3","62.1","point"
"2024-01-12 02:45:00 am","69.7","77.0","70.3","62.1","point"
"2024-01-12 02:46:00 am","69.7","77.0","70.3","62.2","point"
"2024-01-12 02:47:00 am","69.7","77.0","70.3","62.2","point"
"2024-01-12 02:48:00 am","69.8","76.9","70.3","62.2","point"
"2024-01-12 02:49:00 am","69.7","77.0","70.3","62.1","point"
"2024-01-12 02:50:00 am","69.7","76.9","70.3","62.1","point"
"2024-01-12 02:51:00 am","69.8","76.9","70.3","62.2","point"
"2024-01-12 02:52:00 am","69.7","76.9","70.3","62.1","point"
"2024-01-12 02:53:00 am","69.6","76.9","70.3","62.1","point"
"2024-01-12 02:54:00 am","69.7","76.9","70.3","62.2","point"
"2024-01-12 02:55:00 am","69.6","76.8","70.3","62.0","point"
"2024-01-12 02:56:00 am","69.7","76.9","70.3","62.1","point"
"2024-01-12 02:57:00 am","69.6","76.8","70.3","62.0","point"
"2024-01-12 02:58:00 am","69.7","76.8","70.3","62.0","point"
"2024-01-12 02:59:00 am","69.7","76.9","70.3","62.1","point"
"2024-01-12 03:00:00 am","69.7","76.9","70.3","62.1","point"
"2024-01-12 03:01:00 am","69.5","76.9","70.0","62.0","point"
"2024-01-12 03:02:00 am","69.7","76.9","70.3","62.2","point"
"2024-01-12 03:03:00 am","69.7","76.9","70.3","62.1","point"
"2024-01-12 03:04:00 am","69.7","76.9","70.3","62.1","point"
"2024-01-12 03:05:00 am","69.5","76.8","70.0","62.0","point"
"2024-01-12 03:06:00 am","69.7","77.0","70.3","62.1","point"
"2024-01-12 03:07:00 am","69.6","76.8","70.0","62.0","point"
"2024-01-12 03:08:00 am","69.6","76.9","70.3","62.0","point"
"2024-01-12 03:09:00 am","69.6","76.9","70.3","62.0","point"
"2024-01-12 03:10:00 am","69.5","76.9","70.0","62.0","point"
"2024-01-12 03:11:00 am","69.6","76.9","70.3","62.1","point"
"2024-01-12 03:12:00 am","69.6","76.8","70.0","62.0","point"
"2024-01-12 03:13:00 am","69.5","76.7","70.0","61.9","point"
"2024-01-12 03:14:00 am","69.6","76.6","70.0","61.9","point"
"2024-01-12 03:15:00 am","69.5","76.7","70.0","61.9","point"
"2024-01-12 03:16:00 am","69.5","76.8","70.0","61.9","point"
"2024-01-12 03:17:00 am","69.6","76.7","70.0","61.9","point"
"2024-01-12 03:18:00 am","69.5","76.7","70.0","61.8","point"
"2024-01-12 03:19:00 am","69.5","76.8","70.0","61.9","point"
"2024-01-12 03:20:00 am","69.5","76.6","70.0","61.8","point"
"2024-01-12 03:21:00 am","69.5","76.8","70.0","61.9","point"
"2024-01-12 03:22:00 am","69.5","76.7","70.0","61.9","point"
"2024-01-12 03:23:00 am","69.5","76.7","70.0","61.8","point"
"2024-01-12 03:24:00 am","69.5","76.7","70.0","61.8","point"
"2024-01-12 03:25:00 am","69.5","76.5","70.0","61.8","point"
"2024-01-12 03:26:00 am","69.5","76.6","70.0","61.8","point"
"2024-01-12 03:27:00 am","69.5","76.7","70.0","61.8","point"
"2024-01-12 03:28:00 am","69.4","76.5","69.8","61.7","point"
"2024-01-12 03:29:00 am","69.4","76.5","69.8","61.7","point"
"2024-01-12 03:30:00 am","69.4","76.7","69.8","61.8","point"
"2024-01-12 03:31:00 am","69.4","76.7","69.8","61.8","point"
"2024-01-12 03:32:00 am","69.4","76.7","69.8","61.8","point"
"2024-01-12 03:33:00 am","69.4","76.6","69.8","61.7","point"
"2024-01-12 03:34:00 am","69.4","76.7","69.8","61.7","point"
"2024-01-12 03:35:00 am","69.4","76.8","69.8","61.8","point"
"2024-01-12 03:36:00 am","69.4","76.7","69.8","61.8","point"
"2024-01-12 03:37:00 am","69.5","76.7","70.0","61.9","point"
"2024-01-12 03:38:00 am","69.4","76.6","69.8","61.7","point"
"2024-01-12 03:39:00 am","69.4","76.8","69.8","61.8","point"
"2024-01-12 03:40:00 am","69.4","76.9","69.8","61.9","point"
"2024-01-12 03:41:00 am","69.4","76.8","69.8","61.8","point"
"2024-01-12 03:42:00 am","69.3","76.9","69.8","61.7","point"
"2024-01-12 03:43:00 am","69.3","76.8","69.8","61.7","point"
"2024-01-12 03:44:00 am","69.5","76.7","70.0","61.8","point"
"2024-01-12 03:45:00 am","69.4","76.6","69.8","61.7","point"
"2024-01-12 03:46:00 am","69.5","76.8","70.0","61.9","point"
"2024-01-12 03:47:00 am","69.5","76.9","70.2","61.9","point"
"2024-01-12 03:48:00 am","69.3","76.8","69.8","61.7","point"
"2024-01-12 03:49:00 am","69.3","76.8","69.8","61.7","point"
"2024-01-12 03:50:00 am","69.4","77.0","69.8","61.8","point"
"2024-01-12 03:51:00 am","69.4","77.0","69.8","61.8","point"
"2024-01-12 03:52:00 am","69.5","76.9","70.2","61.9","point"
"2024-01-12 03:53:00 am","69.4","76.9","69.8","61.8","point"
"2024-01-12 03:54:00 am","69.5","77.1","70.2","62.0","point"
"2024-01-12 03:55:00 am","69.4","76.9","69.8","61.8","point"
"2024-01-12 03:56:00 am","69.4","77.1","69.8","61.9","point"
"2024-01-12 03:57:00 am","69.4","77.1","69.8","61.9","point"
"2024-01-12 03:58:00 am","69.4","77.1","69.8","61.9","point"
"2024-01-12 03:59:00 am","69.4","77.1","69.8","61.9","point"
"2024-01-12 04:00:00 am","69.4","77.1","69.8","61.9","point"
"2024-01-12 04:01:00 am","69.4","77.0","69.8","61.9","point"
"2024-01-12 04:02:00 am","69.5","77.0","70.2","62.0","point"
"2024-01-12 04:03:00 am","69.4","77.2","69.8","62.0","point"
"2024-01-12 04:04:00 am","69.4","77.3","69.8","62.0","point"
"2024-01-12 04:05:00 am","69.4","77.3","69.8","61.9","point"
"2024-01-12 04:06:00 am","69.4","77.1","69.8","61.9","point"
"2024-01-12 04:07:00 am","69.4","77.3","69.8","61.9","point"
"2024-01-12 04:08:00 am","69.4","77.1","69.8","61.9","point"
"2024-01-12 04:09:00 am","69.4","77.1","69.8","62.0","point"
"2024-01-12 04:10:00 am","69.4","77.3","69.8","62.0","point"
"2024-01-12 04:11:00 am","69.4","77.1","69.8","61.9","point"
"2024-01-12 04:12:00 am","69.4","77.2","69.8","61.9","point"
"2024-01-12 04:13:00 am","69.3","77.2","69.8","61.8","point"
"2024-01-12 04:14:00 am","69.4","77.3","69.8","61.9","point"
"2024-01-12 04:15:00 am","69.3","77.0","69.8","61.8","point"
"2024-01-12 04:16:00 am","69.3","77.0","69.8","61.8","point"
"2024-01-12 04:17:00 am","69.4","77.1","69.8","61.9","point"
"2024-01-12 04:18:00 am","69.2","77.1","69.6","61.7","point"
"2024-01-12 04:19:00 am","69.3","77.1","69.8","61.8","point"
"2024-01-12 04:20:00 am","69.2","77.2","69.6","61.8","point"
"2024-01-12 04:21:00 am","69.3","77.1","69.8","61.8","point"
"2024-01-12 04:22:00 am","69.2","77.0","69.6","61.7","point"
"2024-01-12 04:23:00 am","69.2","77.1","69.6","61.7","point"
"2024-01-12 04:24:00 am","69.2","77.1","69.6","61.7","point"
"2024-01-12 04:25:00 am","69.2","77.2","69.6","61.7","point"
"2024-01-12 04:26:00 am","69.2","77.2","69.6","61.8","point"
"2024-01-12 04:27:00 am","69.3","77.3","69.8","61.8","point"
"2024-01-12 04:28:00 am","69.1","77.3","69.6","61.7","point"
"2024-01-12 04:29:00 am","69.2","77.4","69.6","61.8","point"
"2024-01-12 04:30:00 am","69.4","77.4","69.8","62.0","point"
"2024-01-12 04:31:00 am","69.4","77.3","69.8","61.9","point"
"2024-01-12 04:32:00 am","69.2","77.3","69.6","61.8","point"
"2024-01-12 04:33:00 am","69.3","77.3","69.8","61.8","point"
"2024-01-12 04:34:00 am","69.3","77.2","69.8","61.8","point"
"2024-01-12 04:35:00 am","69.3","77.3","69.8","61.9","point"
"2024-01-12 04:36:00 am","69.2","77.3","69.6","61.8","point"
"2024-01-12 04:37:00 am","69.1","77.2","69.6","61.7","point"
"2024-01-12 04:38:00 am","69.2","77.4","69.6","61.8","point"
"2024-01-12 04:39:00 am","69.3","77.4","69.8","61.9","point"
"2024-01-12 04:40:00 am","69.2","77.3","69.6","61.8","point"
"2024-01-12 04:41:00 am","69.3","77.3","69.8","61.8","point"
"2024-01-12 04:42:00 am","69.2","77.3","69.6","61.8","point"
"2024-01-12 04:43:00 am","69.2","77.3","69.6","61.8","point"
"2024-01-12 04:44:00 am","69.3","77.3","69.8","61.8","point"
"2024-01-12 04:45:00 am","69.2","77.3","69.6","61.8","point"
"2024-01-12 04:46:00 am","69.1","77.3","69.6","61.8","point"
"2024-01-12 04:47:00 am","69.1","77.2","69.6","61.7","point"
"2024-01-12 04:48:00 am","69.1","77.3","69.6","61.7","point"
"2024-01-12 04:49:00 am","69.1","77.3","69.6","61.7","point"
"2024-01-12 04:50:00 am","69.1","77.2","69.6","61.7","point"
"2024-01-12 04:51:00 am","69.1","77.2","69.6","61.6","point"
"2024-01-12 04:52:00 am","69.2","77.3","69.6","61.8","point"
"2024-01-12 04:53:00 am","69.2","77.4","69.6","61.8","point"
"2024-01-12 04:54:00 am","69.1","77.3","69.6","61.7","point"
"2024-01-12 04:55:00 am","69.1","77.4","69.6","61.7","point"
"2024-01-12 04:56:00 am","69.1","77.3","69.4","61.7","point"
"2024-01-12 04:57:00 am","69.2","77.3","69.6","61.8","point"
"2024-01-12 04:58:00 am","69.1","77.4","69.6","61.8","point"
"2024-01-12 04:59:00 am","69.1","77.4","69.6","61.8","point"
"2024-01-12 05:00:00 am","69.1","77.6","69.4","61.8","point"
"2024-01-12 05:01:00 am","69.3","77.4","69.8","61.9","point"
"2024-01-12 05:02:00 am","69.1","77.3","69.6","61.7","point"
"2024-01-12 05:03:00 am","69.1","77.3","69.6","61.7","point"
"2024-01-12 05:04:00 am","69.1","77.3","69.6","61.8","point"
"2024-01-12 05:05:00 am","69.0","77.3","69.4","61.6","point"
"2024-01-12 05:06:00 am","69.1","77.4","69.6","61.7","point"
"2024-01-12 05:07:00 am","69.1","77.4","69.6","61.8","point"
"2024-01-12 05:08:00 am","69.1","77.5","69.6","61.8","point"
"2024-01-12 05:09:00 am","69.0","77.5","69.4","61.7","point"
"2024-01-12 05:10:00 am","69.2","77.3","69.6","61.8","point"
"2024-01-12 05:11:00 am","69.1","77.4","69.6","61.7","point"
"2024-01-12 05:12:00 am","69.1","77.5","69.4","61.7","point"
"2024-01-12 05:13:00 am","69.0","77.4","69.4","61.6","point"
"2024-01-12 05:14:00 am","69.0","77.5","69.4","61.7","point"
"2024-01-12 05:15:00 am","69.0","77.3","69.4","61.6","point"
"2024-01-12 05:16:00 am","68.9","77.3","69.4","61.5","point"
"2024-01-12 05:17:00 am","69.0","77.3","69.4","61.6","point"
"2024-01-12 05:18:00 am","68.9","77.4","69.4","61.5","point"
"2024-01-12 05:19:00 am","68.9","77.5","69.4","61.6","point"
"2024-01-12 05:20:00 am","69.0","77.3","69.4","61.6","point"
"2024-01-12 05:21:00 am","68.9","77.5","69.4","61.6","point"
"2024-01-12 05:22:00 am","68.9","77.6","69.4","61.6","point"
"2024-01-12 05:23:00 am","69.0","77.6","69.4","61.7","point"
"2024-01-12 05:24:00 am","69.1","77.7","69.4","61.8","point"
"2024-01-12 05:25:00 am","69.0","77.6","69.4","61.8","point"
"2024-01-12 05:26:00 am","68.9","77.6","69.4","61.6","point"
"2024-01-12 05:27:00 am","69.1","77.6","69.6","61.8","point"
"2024-01-12 05:28:00 am","69.0","77.5","69.4","61.6","point"
"2024-01-12 05:29:00 am","69.1","77.5","69.4","61.7","point"
"2024-01-12 05:30:00 am","69.0","77.5","69.4","61.7","point"
"2024-01-12 05:31:00 am","69.0","77.4","69.4","61.6","point"
"2024-01-12 05:32:00 am","68.9","77.4","69.4","61.5","point"
"2024-01-12 05:33:00 am","68.8","77.5","69.1","61.5","point"
"2024-01-12 05:34:00 am","68.9","77.5","69.4","61.6","point"
"2024-01-12 05:35:00 am","69.0","77.6","69.4","61.7","point"
"2024-01-12 05:36:00 am","68.9","77.6","69.1","61.6","point"
"2024-01-12 05:37:00 am","68.9","77.6","69.4","61.6","point"
"2024-01-12 05:38:00 am","68.9","77.5","69.1","61.6","point"
"2024-01-12 05:39:00 am","68.8","77.6","69.1","61.5","point"
"2024-01-12 05:40:00 am","68.9","77.7","69.1","61.6","point"
"2024-01-12 05:41:00 am","68.9","77.6","69.1","61.6","point"
"2024-01-12 05:42:00 am","68.9","77.5","69.1","61.5","point"
"2024-01-12 05:43:00 am","68.9","77.5","69.4","61.6","point"
"2024-01-12 05:44:00 am","68.9","77.5","69.1","61.5","point"
"2024-01-12 05:45:00 am","68.9","77.6","69.1","61.6","point"
"2024-01-12 05:46:00 am","68.8","77.6","69.1","61.5","point"
"2024-01-12 05:47:00 am","68.9","77.6","69.4","61.6","point"
"2024-01-12 05:48:00 am","68.8","77.6","69.1","61.5","point"
"2024-01-12 05:49:00 am","68.8","77.5","69.1","61.4","point"
"2024-01-12 05:50:00 am","68.8","77.6","69.1","61.5","point"
"2024-01-12 05:51:00 am","68.8","77.6","69.1","61.5","point"
"2024-01-12 05:52:00 am","68.7","77.5","69.1","61.4","point"
"2024-01-12 05:53:00 am","68.8","77.6","69.1","61.5","point"
"2024-01-12 05:54:00 am","68.7","77.5","69.1","61.4","point"
"2024-01-12 05:55:00 am","68.7","77.5","69.1","61.4","point"
"2024-01-12 05:56:00 am","68.7","77.6","69.1","61.4","point"
"2024-01-12 05:57:00 am","68.9","77.7","69.1","61.6","point"
"2024-01-12 05:58:00 am","68.5","77.6","68.7","61.2","point"
"2024-01-12 05:59:00 am","68.9","77.6","69.4","61.6","point"
"2024-01-12 06:00:00 am","68.8","77.6","69.1","61.5","point"
"2024-01-12 06:01:00 am","68.7","77.6","69.1","61.5","point"
"2024-01-12 06:02:00 am","68.7","77.6","69.1","61.4","point"
"2024-01-12 06:03:00 am","68.8","77.7","69.1","61.5","point"
"2024-01-12 06:04:00 am","68.8","77.7","69.1","61.6","point"
"2024-01-12 06:05:00 am","68.7","77.6","68.9","61.4","point"
"2024-01-12 06:06:00 am","68.8","77.7","69.1","61.6","point"
"2024-01-12 06:07:00 am","68.8","77.6","69.1","61.5","point"
"2024-01-12 06:08:00 am","68.7","77.5","69.1","61.4","point"
"2024-01-12 06:09:00 am","68.8","77.7","69.1","61.5","point"
"2024-01-12 06:10:00 am","68.8","77.8","69.1","61.6","point"
"2024-01-12 06:11:00 am","68.8","77.6","69.1","61.5","point"
"2024-01-12 06:12:00 am","68.8","77.9","69.1","61.6","point"
"2024-01-12 06:13:00 am","68.8","77.7","69.1","61.5","point"
"2024-01-12 06:14:00 am","68.7","77.9","68.9","61.5","point"
"2024-01-12 06:15:00 am","68.8","77.8","69.1","61.6","point"
"2024-01-12 06:16:00 am","68.8","77.7","69.1","61.5","point"
"2024-01-12 06:17:00 am","68.7","77.6","69.1","61.5","point"
"2024-01-12 06:18:00 am","68.8","77.7","69.1","61.5","point"
"2024-01-12 06:19:00 am","68.7","77.6","69.1","61.5","point"
"2024-01-12 06:20:00 am","68.7","77.7","68.9","61.4","point"
"2024-01-12 06:21:00 am","68.7","77.7","69.1","61.5","point"
"2024-01-12 06:22:00 am","68.8","77.6","69.1","61.5","point"
"2024-01-12 06:23:00 am","68.7","77.6","68.9","61.4","point"
"2024-01-12 06:24:00 am","68.6","77.6","68.9","61.4","point"
"2024-01-12 06:25:00 am","68.8","77.7","69.1","61.6","point"
"2024-01-12 06:26:00 am","68.7","77.7","69.1","61.5","point"
"2024-01-12 06:27:00 am","68.7","77.6","68.9","61.4","point"
"2024-01-12 06:28:00 am","68.7","77.7","68.9","61.4","point"
"2024-01-12 06:29:00 am","68.7","77.8","69.1","61.5","point"
"2024-01-12 06:30:00 am","68.7","77.8","69.1","61.5","point"
"2024-01-12 06:31:00 am","68.8","77.7","69.1","61.5","point"
"2024-01-12 06:32:00 am","68.8","77.6","69.1","61.5","point"
"2024-01-12 06:33:00 am","68.7","77.6","68.9","61.4","point"
"2024-01-12 06:34:00 am","68.6","77.6","68.9","61.3","point"
"2024-01-12 06:35:00 am","68.6","77.6","68.9","61.4","point"
"2024-01-12 06:36:00 am","68.7","77.6","68.9","61.4","point"
"2024-01-12 06:37:00 am","68.7","77.6","69.1","61.5","point"
"2024-01-12 06:38:00 am","68.7","77.6","69.1","61.4","point"
"2024-01-12 06:39:00 am","68.6","77.8","68.9","61.4","point"
"2024-01-12 06:40:00 am","68.6","77.7","68.9","61.4","point"
"2024-01-12 06:41:00 am","68.6","77.8","68.9","61.4","point"
"2024-01-12 06:42:00 am","68.6","77.6","68.9","61.3","point"
"2024-01-12 06:43:00 am","68.7","77.5","68.9","61.4","point"
"2024-01-12 06:44:00 am","68.6","77.5","68.9","61.3","point"
"2024-01-12 06:45:00 am","68.6","77.5","68.9","61.3","point"
"2024-01-12 06:46:00 am","68.6","77.6","68.9","61.3","point"
"2024-01-12 06:47:00 am","68.6","77.6","68.9","61.4","point"
"2024-01-12 06:48:00 am","68.6","77.6","68.9","61.4","point"
"2024-01-12 06:49:00 am","68.6","77.7","68.9","61.4","point"
"2024-01-12 06:50:00 am","68.6","77.6","68.9","61.3","point"
"2024-01-12 06:51:00 am","68.5","77.3","68.7","61.1","point"
"2024-01-12 06:52:00 am","68.6","77.5","68.9","61.3","point"
"2024-01-12 06:53:00 am","68.6","77.6","68.9","61.3","point"
"2024-01-12 06:54:00 am","68.5","77.7","68.7","61.3","point"
"2024-01-12 06:55:00 am","68.5","77.8","68.7","61.3","point"
"2024-01-12 06:56:00 am","68.5","77.9","68.7","61.4","point"
"2024-01-12 06:57:00 am","68.5","77.8","68.7","61.3","point"
"2024-01-12 06:58:00 am","68.6","77.8","68.9","61.4","point"
"2024-01-12 06:59:00 am","68.6","77.7","68.9","61.4","point"
"2024-01-12 07:00:00 am","68.6","77.8","68.9","61.4","point"
"2024-01-12 07:01:00 am","68.6","77.8","68.9","61.4","point"
"2024-01-12 07:02:00 am","68.6","77.7","68.9","61.4","point"
"2024-01-12 07:03:00 am","68.6","77.7","68.9","61.3","point"
"2024-01-12 07:04:00 am","68.5","77.7","68.7","61.3","point"
"2024-01-12 07:05:00 am","68.5","77.8","68.7","61.3","point"
"2024-01-12 07:06:00 am","68.6","77.8","68.9","61.4","point"
"2024-01-12 07:07:00 am","68.6","77.9","68.9","61.5","point"
"2024-01-12 07:08:00 am","68.6","78.0","68.9","61.5","point"
"2024-01-12 07:09:00 am","68.5","77.8","68.7","61.3","point"
"2024-01-12 07:10:00 am","68.6","77.7","68.9","61.3","point"
"2024-01-12 07:11:00 am","68.5","77.6","68.7","61.3","point"
"2024-01-12 07:12:00 am","68.5","77.6","68.7","61.3","point"
"2024-01-12 07:13:00 am","68.5","77.8","68.7","61.3","point"
"2024-01-12 07:14:00 am","68.6","77.8","68.9","61.4","point"
"2024-01-12 07:15:00 am","68.5","77.8","68.7","61.3","point"
"2024-01-12 07:16:00 am","68.5","77.8","68.7","61.3","point"
"2024-01-12 07:17:00 am","68.5","77.8","68.7","61.3","point"
"2024-01-12 07:18:00 am","68.5","77.9","68.7","61.4","point"
"2024-01-12 07:19:00 am","68.6","78.0","68.9","61.5","point"
"2024-01-12 07:20:00 am","68.6","78.0","68.9","61.4","point"
"2024-01-12 07:21:00 am","68.5","78.0","68.7","61.4","point"
"2024-01-12 07:22:00 am","68.5","78.0","68.7","61.3","point"
"2024-01-12 07:23:00 am","68.6","77.8","68.9","61.4","point"
"2024-01-12 07:24:00 am","68.5","77.8","68.7","61.3","point"
"2024-01-12 07:25:00 am","68.5","77.8","68.7","61.2","point"
"2024-01-12 07:26:00 am","68.4","77.8","68.7","61.2","point"
"2024-01-12 07:27:00 am","68.5","77.9","68.7","61.3","point"
"2024-01-12 07:28:00 am","68.5","78.0","68.7","61.3","point"
"2024-01-12 07:29:00 am","68.5","77.9","68.7","61.3","point"
"2024-01-12 07:30:00 am","68.5","77.9","68.7","61.3","point"
"2024-01-12 07:31:00 am","68.5","77.9","68.7","61.3","point"
"2024-01-12 07:32:00 am","68.5","78.1","68.7","61.4","point"
"2024-01-12 07:33:00 am","68.5","77.9","68.7","61.3","point"
"2024-01-12 07:34:00 am","68.4","78.0","68.7","61.3","point"
"2024-01-12 07:35:00 am","68.5","77.9","68.7","61.3","point"
"2024-01-12 07:36:00 am","68.5","78.1","68.7","61.4","point"
"2024-01-12 07:37:00 am","68.5","78.0","68.7","61.3","point"
"2024-01-12 07:38:00 am","68.5","78.1","68.7","61.3","point"
"2024-01-12 07:39:00 am","68.5","78.1","68.7","61.3","point"
"2024-01-12 07:40:00 am","68.4","78.1","68.7","61.3","point"
"2024-01-12 07:41:00 am","68.5","78.1","68.7","61.3","point"
"2024-01-12 07:42:00 am","68.5","78.2","68.7","61.4","point"
"2024-01-12 07:43:00 am","68.4","78.1","68.7","61.3","point"
"2024-01-12 07:44:00 am","68.5","78.1","68.7","61.4","point"
"2024-01-12 07:45:00 am","68.4","78.2","68.7","61.3","point"
"2024-01-12 07:46:00 am","68.4","78.2","68.7","61.3","point"
"2024-01-12 07:47:00 am","68.5","78.1","68.7","61.4","point"
"2024-01-12 07:48:00 am","68.4","78.1","68.7","61.3","point"
"2024-01-12 07:49:00 am","68.5","78.1","68.7","61.4","point"
"2024-01-12 07:50:00 am","68.4","78.0","68.7","61.2","point"
"2024-01-12 07:51:00 am","68.5","78.0","68.7","61.4","point"
"2024-01-12 07:52:00 am","68.5","78.0","68.7","61.3","point"
"2024-01-12 07:53:00 am","68.5","78.1","68.7","61.4","point"
"2024-01-12 07:54:00 am","68.5","78.0","68.7","61.3","point"
"2024-01-12 07:55:00 am","68.4","78.0","68.7","61.3","point"
"2024-01-12 07:56:00 am","68.5","78.1","68.7","61.4","point"
"2024-01-12 07:57:00 am","68.4","78.1","68.7","61.3","point"
"2024-01-12 07:58:00 am","68.4","78.1","68.7","61.3","point"
"2024-01-12 07:59:00 am","68.4","78.3","68.7","61.3","point"
"2024-01-12 08:00:00 am","68.5","78.3","68.7","61.4","point"
"2024-01-12 08:01:00 am","68.4","78.2","68.7","61.4","point"
"2024-01-12 08:02:00 am","68.5","78.1","68.7","61.4","point"
"2024-01-12 08:03:00 am","68.5","78.1","68.7","61.4","point"
"2024-01-12 08:04:00 am","68.4","78.2","68.7","61.3","point"
"2024-01-12 08:05:00 am","68.5","78.1","68.7","61.4","point"
"2024-01-12 08:06:00 am","68.4","78.0","68.7","61.3","point"
"2024-01-12 08:07:00 am","68.5","78.2","68.7","61.4","point"
"2024-01-12 08:08:00 am","68.5","78.1","68.7","61.4","point"
"2024-01-12 08:09:00 am","68.4","78.3","68.7","61.4","point"
"2024-01-12 08:10:00 am","68.2","77.3","68.5","60.8","point"
"2024-01-12 08:11:00 am","68.2","77.2","68.5","60.8","point"
"2024-01-12 08:12:00 am","68.1","76.8","68.2","60.5","point"
"2024-01-12 08:13:00 am","67.9","76.7","68.0","60.3","point"
"2024-01-12 08:14:00 am","67.4","77.3","67.3","60.1","point"
"2024-01-12 08:15:00 am","67.1","77.1","67.1","59.7","point"
"2024-01-12 08:16:00 am","67.0","77.6","66.9","59.8","point"
"2024-01-12 08:17:00 am","67.0","78.5","66.9","60.0","point"
"2024-01-12 08:18:00 am","66.8","78.6","66.6","60.0","point"
"2024-01-12 08:19:00 am","66.7","78.9","66.6","60.0","point"
"2024-01-12 08:20:00 am","66.7","79.0","66.6","60.0","point"
"2024-01-12 08:21:00 am","66.8","79.0","66.7","60.1","point"
"2024-01-12 08:22:00 am","66.8","79.1","66.7","60.1","point"
"2024-01-12 08:23:00 am","66.8","79.5","66.7","60.2","point"
"2024-01-12 08:24:00 am","66.6","79.6","66.6","60.1","point"
"2024-01-12 08:25:00 am","66.8","80.0","66.7","60.4","point"
"2024-01-12 08:26:00 am","66.6","79.2","66.6","60.0","point"
"2024-01-12 08:27:00 am","66.5","79.5","66.4","60.0","point"
"2024-01-12 08:28:00 am","66.4","79.9","66.4","60.0","point"
"2024-01-12 08:29:00 am","66.6","79.8","66.6","60.1","point"
"2024-01-12 08:30:00 am","66.2","79.0","66.0","59.5","point"
"2024-01-12 08:31:00 am","66.5","79.0","66.4","59.7","point"
"2024-01-12 08:32:00 am","66.6","79.6","66.6","60.1","point"
"2024-01-12 08:33:00 am","66.5","79.2","66.4","59.9","point"
"2024-01-12 08:34:00 am","66.6","79.3","66.6","60.0","point"
"2024-01-12 08:35:00 am","66.6","79.3","66.6","60.0","point"
"2024-01-12 08:36:00 am","66.7","79.4","66.6","60.1","point"
"2024-01-12 08:37:00 am","66.8","79.4","66.7","60.3","point"
"2024-01-12 08:38:00 am","66.9","79.4","66.7","60.3","point"
"2024-01-12 08:39:00 am","66.8","79.8","66.7","60.4","point"
"2024-01-12 08:40:00 am","67.0","79.5","67.1","60.4","point"
"2024-01-12 08:41:00 am","66.9","79.3","67.1","60.3","point"
"2024-01-12 08:42:00 am","67.1","79.5","67.3","60.5","point"
"2024-01-12 08:43:00 am","67.1","79.0","67.3","60.4","point"
"2024-01-12 08:44:00 am","67.2","78.5","67.1","60.3","point"
"2024-01-12 08:45:00 am","67.2","78.7","67.1","60.4","point"
"2024-01-12 08:46:00 am","67.3","78.9","67.5","60.5","point"
"2024-01-12 08:47:00 am","67.4","79.0","67.5","60.6","point"
"2024-01-12 08:48:00 am","67.4","79.0","67.5","60.7","point"
"2024-01-12 08:49:00 am","67.6","79.0","67.6","60.9","point"
"2024-01-12 08:50:00 am","67.6","78.8","67.5","60.8","point"
"2024-01-12 08:51:00 am","67.8","78.8","67.8","60.9","point"
"2024-01-12 08:52:00 am","67.8","78.7","67.8","60.9","point"
"2024-01-12 08:53:00 am","67.8","78.6","67.8","60.9","point"
"2024-01-12 08:54:00 am","67.9","78.5","68.0","61.0","point"
"2024-01-12 08:55:00 am","67.9","78.5","68.0","61.0","point"
"2024-01-12 08:56:00 am","68.1","78.4","68.2","61.1","point"
"2024-01-12 08:57:00 am","68.1","78.4","68.2","61.1","point"
"2024-01-12 08:58:00 am","68.2","78.2","68.5","61.1","point"
"2024-01-12 08:59:00 am","68.2","78.1","68.5","61.1","point"
"2024-01-12 09:00:00 am","68.1","78.1","68.2","61.1","point"
"2024-01-12 09:01:00 am","68.3","77.9","68.5","61.1","point"
"2024-01-12 09:02:00 am","68.2","78.0","68.5","61.1","point"
"2024-01-12 09:03:00 am","68.3","77.9","68.5","61.2","point"
"2024-01-12 09:04:00 am","68.5","78.0","68.7","61.3","point"
"2024-01-12 09:05:00 am","68.4","78.0","68.7","61.3","point"
"2024-01-12 09:06:00 am","68.5","77.8","68.7","61.2","point"
"2024-01-12 09:07:00 am","68.4","77.9","68.7","61.2","point"
"2024-01-12 09:08:00 am","68.5","77.7","68.7","61.3","point"
"2024-01-12 09:09:00 am","68.5","77.6","68.7","61.2","point"
"2024-01-12 09:10:00 am","68.5","77.5","68.7","61.2","point"
"2024-01-12 09:11:00 am","68.5","77.5","68.7","61.2","point"
"2024-01-12 09:12:00 am","68.5","77.5","68.7","61.2","point"
"2024-01-12 09:13:00 am","68.5","77.5","68.7","61.2","point"
"2024-01-12 09:14:00 am","68.6","77.5","68.9","61.3","point"
"2024-01-12 09:15:00 am","68.6","77.5","68.9","61.3","point"
"2024-01-12 09:16:00 am","68.6","77.4","68.9","61.3","point"
"2024-01-12 09:17:00 am","68.6","77.4","68.9","61.3","point"
"2024-01-12 09:18:00 am","68.6","77.3","68.9","61.3","point"
"2024-01-12 09:19:00 am","68.8","77.3","69.1","61.4","point"
"2024-01-12 09:20:00 am","68.7","77.4","69.1","61.4","point"
"2024-01-12 09:21:00 am","68.7","77.2","69.1","61.3","point"
"2024-01-12 09:22:00 am","68.7","77.2","69.1","61.3","point"
"2024-01-12 09:23:00 am","68.8","77.0","69.1","61.3","point"
"2024-01-12 09:24:00 am","68.8","76.9","69.1","61.2","point"
"2024-01-12 09:25:00 am","68.7","76.9","69.1","61.2","point"
"2024-01-12 09:26:00 am","68.9","76.7","69.1","61.3","point"
"2024-01-12 09:27:00 am","68.8","76.4","69.1","61.1","point"
"2024-01-12 09:28:00 am","68.9","76.3","69.1","61.1","point"
"2024-01-12 09:29:00 am","68.9","76.4","69.1","61.1","point"
"2024-01-12 09:30:00 am","68.9","76.2","69.3","61.1","point"
"2024-01-12 09:31:00 am","68.8","76.4","69.1","61.1","point"
"2024-01-12 09:32:00 am","68.9","76.5","69.3","61.2","point"
"2024-01-12 09:33:00 am","68.9","76.2","69.1","61.1","point"
"2024-01-12 09:34:00 am","68.9","76.2","69.3","61.1","point"
"2024-01-12 09:35:00 am","69.1","76.2","69.3","61.3","point"
"2024-01-12 09:36:00 am","69.1","76.6","69.3","61.4","point"
"2024-01-12 09:37:00 am","69.0","76.4","69.3","61.3","point"
"2024-01-12 09:38:00 am","69.1","76.4","69.6","61.3","point"
"2024-01-12 09:39:00 am","69.1","75.9","69.3","61.1","point"
"2024-01-12 09:40:00 am","69.1","75.9","69.3","61.1","point"
"2024-01-12 09:41:00 am","69.1","75.7","69.3","61.1","point"
"2024-01-12 09:42:00 am","69.0","75.5","69.3","60.9","point"
"2024-01-12 09:43:00 am","69.1","75.5","69.6","61.0","point"
"2024-01-12 09:44:00 am","69.2","75.4","69.6","61.1","point"
"2024-01-12 09:45:00 am","69.2","75.3","69.6","61.1","point"
"2024-01-12 09:46:00 am","69.1","75.0","69.6","60.9","point"
"2024-01-12 09:47:00 am","69.2","75.5","69.6","61.1","point"
"2024-01-12 09:48:00 am","69.2","75.7","69.6","61.2","point"
"2024-01-12 09:49:00 am","69.3","75.3","69.8","61.1","point"
"2024-01-12 09:50:00 am","69.3","75.3","69.8","61.1","point"
"2024-01-12 09:51:00 am","69.2","75.4","69.6","61.1","point"
"2024-01-12 09:52:00 am","69.3","74.9","69.6","61.0","point"
"2024-01-12 09:53:00 am","69.3","74.9","69.6","61.0","point"
"2024-01-12 09:54:00 am","69.3","75.0","69.8","61.0","point"
"2024-01-12 09:55:00 am","69.4","75.2","69.8","61.2","point"
"2024-01-12 09:56:00 am","69.3","75.4","69.8","61.2","point"
"2024-01-12 09:57:00 am","69.4","74.9","69.6","61.1","point"
"2024-01-12 09:58:00 am","69.4","74.7","69.6","61.0","point"
"2024-01-12 09:59:00 am","69.3","74.4","69.6","60.8","point"
"2024-01-12 10:00:00 am","69.4","75.0","69.8","61.2","point"
"2024-01-12 10:01:00 am","69.4","74.8","69.6","61.0","point"
"2024-01-12 10:02:00 am","69.5","74.9","69.8","61.2","point"
"2024-01-12 10:03:00 am","69.5","74.8","69.8","61.1","point"
"2024-01-12 10:04:00 am","69.4","75.2","69.8","61.2","point"
"2024-01-12 10:05:00 am","69.5","74.7","69.8","61.1","point"
"2024-01-12 10:06:00 am","69.4","74.6","69.6","61.0","point"
"2024-01-12 10:07:00 am","69.5","74.6","69.8","61.1","point"
"2024-01-12 10:08:00 am","69.5","74.6","69.8","61.1","point"
"2024-01-12 10:09:00 am","69.5","74.4","69.8","61.0","point"
"2024-01-12 10:10:00 am","69.5","74.6","69.8","61.1","point"
"2024-01-12 10:11:00 am","69.5","74.8","69.8","61.2","point"
"2024-01-12 10:12:00 am","69.6","74.9","69.8","61.3","point"
"2024-01-12 10:13:00 am","69.5","75.3","70.0","61.4","point"
"2024-01-12 10:14:00 am","69.5","75.4","70.0","61.4","point"
"2024-01-12 10:15:00 am","69.6","75.1","70.0","61.4","point"
"2024-01-12 10:16:00 am","69.6","75.2","70.3","61.4","point"
"2024-01-12 10:17:00 am","69.6","75.4","70.0","61.5","point"
"2024-01-12 10:18:00 am","69.7","75.5","70.3","61.6","point"
"2024-01-12 10:19:00 am","69.6","75.3","70.3","61.5","point"
"2024-01-12 10:20:00 am","69.7","75.3","70.3","61.6","point"
"2024-01-12 10:21:00 am","69.6","75.6","70.3","61.6","point"
"2024-01-12 10:22:00 am","69.7","75.6","70.3","61.6","point"
"2024-01-12 10:23:00 am","69.7","75.5","70.3","61.6","point"
"2024-01-12 10:24:00 am","69.8","75.1","70.3","61.5","point"
"2024-01-12 10:25:00 am","69.7","75.3","70.3","61.6","point"
"2024-01-12 10:26:00 am","69.7","75.6","70.3","61.6","point"
"2024-01-12 10:27:00 am","69.8","75.7","70.3","61.8","point"
"2024-01-12 10:28:00 am","69.7","75.8","70.3","61.8","point"
"2024-01-12 10:29:00 am","69.8","75.7","70.5","61.8","point"
"2024-01-12 10:30:00 am","69.8","75.0","70.3","61.5","point"
"2024-01-12 10:31:00 am","69.8","75.0","70.2","61.5","point"
"2024-01-12 10:32:00 am","69.8","75.1","70.5","61.6","point"
"2024-01-12 10:33:00 am","69.8","75.0","70.5","61.6","point"
"2024-01-12 10:34:00 am","69.8","74.9","70.3","61.5","point"
"2024-01-12 10:35:00 am","69.8","75.2","70.5","61.6","point"
"2024-01-12 10:36:00 am","69.9","74.9","70.3","61.5","point"
"2024-01-12 10:37:00 am","69.8","75.1","70.3","61.5","point"
"2024-01-12 10:38:00 am","69.8","75.0","70.3","61.5","point"
"2024-01-12 10:39:00 am","69.8","75.2","70.5","61.6","point"
"2024-01-12 10:40:00 am","69.8","74.8","70.3","61.4","point"
"2024-01-12 10:41:00 am","69.8","74.8","70.3","61.4","point"
"2024-01-12 10:42:00 am","69.9","74.9","70.3","61.6","point"
"2024-01-12 10:43:00 am","69.9","75.0","70.3","61.6","point"
"2024-01-12 10:44:00 am","69.9","75.2","70.5","61.7","point"
"2024-01-12 10:45:00 am","70.0","75.3","70.7","61.8","point"
"2024-01-12 10:46:00 am","69.9","75.1","70.5","61.6","point"
"2024-01-12 10:47:00 am","70.0","75.1","70.7","61.7","point"
"2024-01-12 10:48:00 am","70.0","75.1","70.7","61.7","point"
"2024-01-12 10:49:00 am","70.0","75.2","70.7","61.8","point"
"2024-01-12 10:50:00 am","70.0","75.4","70.7","61.8","point"
"2024-01-12 10:51:00 am","70.0","75.1","70.7","61.7","point"
"2024-01-12 10:52:00 am","70.0","75.4","70.7","61.9","point"
"2024-01-12 10:53:00 am","70.0","75.5","70.7","61.9","point"
"2024-01-12 10:54:00 am","70.0","75.4","70.7","61.9","point"
"2024-01-12 10:55:00 am","70.0","75.4","70.7","61.9","point"
"2024-01-12 10:56:00 am","70.1","75.4","70.7","61.9","point"
"2024-01-12 10:57:00 am","70.1","75.2","70.7","61.8","point"
"2024-01-12 10:58:00 am","70.0","75.0","70.5","61.7","point"
"2024-01-12 10:59:00 am","70.1","75.5","70.7","62.0","point"
"2024-01-12 11:00:00 am","70.0","75.4","70.7","61.8","point"
"2024-01-12 11:01:00 am","70.1","74.9","70.5","61.7","point"
"2024-01-12 11:02:00 am","70.1","74.9","70.5","61.8","point"
"2024-01-12 11:03:00 am","70.1","74.8","70.5","61.8","point"
"2024-01-12 11:04:00 am","70.1","75.4","70.7","61.9","point"
"2024-01-12 11:05:00 am","70.1","75.2","70.7","61.9","point"
"2024-01-12 11:06:00 am","70.1","75.4","70.7","62.0","point"
"2024-01-12 11:07:00 am","70.1","75.1","70.7","61.9","point"
"2024-01-12 11:08:00 am","70.1","75.0","70.7","61.8","point"
"2024-01-12 11:09:00 am","70.1","75.5","70.7","62.0","point"
"2024-01-12 11:10:00 am","70.1","75.4","70.7","62.0","point"
"2024-01-12 11:11:00 am","70.3","75.2","71.1","62.0","point"
"2024-01-12 11:12:00 am","70.1","75.1","70.7","61.9","point"
"2024-01-12 11:13:00 am","70.2","75.0","70.9","61.9","point"
"2024-01-12 11:14:00 am","70.2","75.0","71.1","61.9","point"
"2024-01-12 11:15:00 am","70.3","75.0","71.1","62.0","point"
"2024-01-12 11:16:00 am","70.2","74.8","70.9","61.8","point"
"2024-01-12 11:17:00 am","70.3","74.6","70.9","61.8","point"
"2024-01-12 11:18:00 am","70.3","74.7","70.9","61.9","point"
"2024-01-12 11:19:00 am","70.3","75.1","71.1","62.0","point"
"2024-01-12 11:20:00 am","70.4","75.4","71.2","62.2","point"
"2024-01-12 11:21:00 am","70.3","75.0","71.1","62.0","point"
"2024-01-12 11:22:00 am","70.4","75.2","71.2","62.2","point"
"2024-01-12 11:23:00 am","70.3","75.1","71.1","62.0","point"
"2024-01-12 11:24:00 am","70.4","74.8","71.1","62.0","point"
"2024-01-12 11:25:00 am","70.3","74.7","70.9","61.9","point"
"2024-01-12 11:26:00 am","70.4","75.2","71.2","62.1","point"
"2024-01-12 11:27:00 am","70.4","75.3","71.2","62.2","point"
"2024-01-12 11:28:00 am","70.4","74.9","71.1","62.0","point"
"2024-01-12 11:29:00 am","70.4","74.6","71.1","61.9","point"
"2024-01-12 11:30:00 am","70.3","74.9","70.9","62.0","point"
"2024-01-12 11:31:00 am","70.4","75.0","71.2","62.1","point"
"2024-01-12 11:32:00 am","70.4","75.0","71.2","62.1","point"
"2024-01-12 11:33:00 am","70.4","74.9","71.1","62.0","point"
"2024-01-12 11:34:00 am","70.4","75.2","71.2","62.2","point"
"2024-01-12 11:35:00 am","70.4","74.8","71.1","62.1","point"
"2024-01-12 11:36:00 am","70.5","75.5","71.2","62.3","point"
"2024-01-12 11:37:00 am","70.4","75.2","71.2","62.2","point"
"2024-01-12 11:38:00 am","70.5","74.7","71.1","62.1","point"
"2024-01-12 11:39:00 am","70.4","74.9","71.1","62.1","point"
"2024-01-12 11:40:00 am","70.5","74.9","71.1","62.2","point"
"2024-01-12 11:41:00 am","70.4","74.7","71.1","62.0","point"
"2024-01-12 11:42:00 am","70.5","74.9","71.2","62.2","point"
"2024-01-12 11:43:00 am","70.5","75.2","71.2","62.3","point"
"2024-01-12 11:44:00 am","70.5","74.8","71.2","62.1","point"
"2024-01-12 11:45:00 am","70.6","74.8","71.2","62.2","point"
"2024-01-12 11:46:00 am","70.6","74.8","71.2","62.2","point"
"2024-01-12 11:47:00 am","70.6","74.7","71.2","62.1","point"
"2024-01-12 11:48:00 am","70.6","74.6","71.2","62.1","point"
"2024-01-12 11:49:00 am","70.5","74.7","71.1","62.1","point"
"2024-01-12 11:50:00 am","70.6","74.8","71.2","62.2","point"
"2024-01-12 11:51:00 am","70.5","74.4","71.2","62.0","point"
"2024-01-12 11:52:00 am","70.5","74.7","71.2","62.1","point"
"2024-01-12 11:53:00 am","70.7","74.6","71.2","62.2","point"
"2024-01-12 11:54:00 am","70.6","74.7","71.2","62.2","point"
"2024-01-12 11:55:00 am","70.7","74.7","71.2","62.2","point"
"2024-01-12 11:56:00 am","70.6","74.6","71.2","62.2","point"
"2024-01-12 11:57:00 am","70.6","74.4","71.2","62.0","point"
"2024-01-12 11:58:00 am","70.7","74.4","71.2","62.1","point"
"2024-01-12 11:59:00 am","70.7","74.8","71.2","62.3","point"
"2024-01-12 12:00:00 pm","70.6","74.2","71.2","62.0","point"
"2024-01-12 12:01:00 pm","70.6","74.3","71.2","62.1","point"
"2024-01-12 12:02:00 pm","70.8","74.2","71.6","62.2","point"
"2024-01-12 12:03:00 pm","70.8","74.3","71.6","62.2","point"
"2024-01-12 12:04:00 pm","70.7","74.3","71.2","62.1","point"
"2024-01-12 12:05:00 pm","70.7","74.3","71.2","62.1","point"
"2024-01-12 12:06:00 pm","70.7","74.3","71.2","62.1","point"
"2024-01-12 12:07:00 pm","70.7","74.4","71.6","62.2","point"
"2024-01-12 12:08:00 pm","70.8","74.4","71.6","62.2","point"
"2024-01-12 12:09:00 pm","70.8","74.3","71.6","62.2","point"
"2024-01-12 12:10:00 pm","70.8","74.4","71.6","62.3","point"
"2024-01-12 12:11:00 pm","70.7","74.2","71.6","62.1","point"
"2024-01-12 12:12:00 pm","70.8","74.1","71.6","62.2","point"
"2024-01-12 12:13:00 pm","70.8","74.1","71.6","62.1","point"
"2024-01-12 12:14:00 pm","70.8","74.4","71.6","62.3","point"
"2024-01-12 12:15:00 pm","70.8","74.4","71.6","62.3","point"
"2024-01-12 12:16:00 pm","70.8","74.1","71.6","62.1","point"
"2024-01-12 12:17:00 pm","70.8","74.4","71.6","62.2","point"
"2024-01-12 12:18:00 pm","70.8","74.3","71.6","62.2","point"
"2024-01-12 12:19:00 pm","70.9","74.3","71.8","62.3","point"
"2024-01-12 12:20:00 pm","70.8","74.3","71.6","62.2","point"
"2024-01-12 12:21:00 pm","70.9","74.3","71.8","62.3","point"
"2024-01-12 12:22:00 pm","70.8","74.2","71.6","62.2","point"
"2024-01-12 12:23:00 pm","70.8","74.4","71.6","62.3","point"
"2024-01-12 12:24:00 pm","70.9","73.8","71.8","62.1","point"
"2024-01-12 12:25:00 pm","70.8","74.1","71.6","62.2","point"
"2024-01-12 12:26:00 pm","70.9","74.0","71.8","62.2","point"
"2024-01-12 12:27:00 pm","70.9","74.1","71.8","62.2","point"
"2024-01-12 12:28:00 pm","70.9","73.9","71.8","62.2","point"
"2024-01-12 12:29:00 pm","70.9","74.1","71.8","62.2","point"
"2024-01-12 12:30:00 pm","70.9","74.3","71.8","62.3","point"
"2024-01-12 12:31:00 pm","70.9","74.6","71.8","62.4","point"
"2024-01-12 12:32:00 pm","70.9","73.8","71.8","62.1","point"
"2024-01-12 12:33:00 pm","70.9","73.8","71.8","62.1","point"
"2024-01-12 12:34:00 pm","71.0","73.6","71.8","62.1","point"
"2024-01-12 12:35:00 pm","71.0","73.8","71.8","62.2","point"
"2024-01-12 12:36:00 pm","71.1","73.9","72.0","62.3","point"
"2024-01-12 12:37:00 pm","71.0","73.8","71.8","62.2","point"
"2024-01-12 12:38:00 pm","71.0","73.7","71.8","62.2","point"
"2024-01-12 12:39:00 pm","70.9","73.5","71.8","62.0","point"
"2024-01-12 12:40:00 pm","70.9","74.0","71.8","62.2","point"
"2024-01-12 12:41:00 pm","71.1","73.8","72.0","62.3","point"
"2024-01-12 12:42:00 pm","71.2","73.6","72.0","62.3","point"
"2024-01-12 12:43:00 pm","71.2","72.3","72.0","61.8","point"
"2024-01-12 12:44:00 pm","71.3","73.7","72.1","62.5","point"
"2024-01-12 12:45:00 pm","71.5","71.0","72.1","61.6","point"
"2024-01-12 12:46:00 pm","71.7","70.0","72.3","61.4","point"
"2024-01-12 12:47:00 pm","71.8","69.2","72.5","61.2","point"
"2024-01-12 12:48:00 pm","71.9","69.5","72.5","61.4","point"
"2024-01-12 12:49:00 pm","72.0","68.9","72.5","61.3","point"
"2024-01-12 12:50:00 pm","72.1","67.8","72.7","60.9","point"
"2024-01-12 12:51:00 pm","72.2","66.7","72.7","60.5","point"
"2024-01-12 12:52:00 pm","72.2","67.0","72.7","60.7","point"
"2024-01-12 12:53:00 pm","72.3","68.2","72.7","61.3","point"
"2024-01-12 12:54:00 pm","72.2","68.0","72.7","61.1","point"
"2024-01-12 12:55:00 pm","72.2","68.4","72.7","61.2","point"
"2024-01-12 12:56:00 pm","72.2","68.9","72.7","61.4","point"
"2024-01-12 12:57:00 pm","72.1","69.7","72.9","61.7","point"
"2024-01-12 12:58:00 pm","72.1","70.0","72.9","61.8","point"
"2024-01-12 12:59:00 pm","72.1","70.6","72.7","62.0","point"
"2024-01-12 01:00:00 pm","72.1","73.0","72.9","62.9","point"
"2024-01-12 01:01:00 pm","72.0","71.1","72.7","62.1","point"
"2024-01-12 01:02:00 pm","72.0","70.4","72.7","61.8","point"
"2024-01-12 01:03:00 pm","71.9","70.7","72.5","61.8","point"
"2024-01-12 01:04:00 pm","71.9","70.6","72.5","61.8","point"
"2024-01-12 01:05:00 pm","71.8","70.8","72.5","61.8","point"
"2024-01-12 01:06:00 pm","71.8","70.4","72.5","61.7","point"
"2024-01-12 01:07:00 pm","71.7","71.1","72.3","61.8","point"
"2024-01-12 01:08:00 pm","71.7","71.1","72.3","61.9","point"
"2024-01-12 01:09:00 pm","71.7","71.2","72.3","61.9","point"
"2024-01-12 01:10:00 pm","71.7","70.4","72.3","61.6","point"
"2024-01-12 01:11:00 pm","71.7","70.5","72.3","61.6","point"
"2024-01-12 01:12:00 pm","71.7","69.8","72.3","61.3","point"
"2024-01-12 01:13:00 pm","71.8","68.3","72.3","60.8","point"
"2024-01-12 01:14:00 pm","72.0","67.4","72.5","60.6","point"
"2024-01-12 01:15:00 pm","72.1","67.0","72.5","60.5","point"
"2024-01-12 01:16:00 pm","72.1","67.5","72.5","60.7","point"
"2024-01-12 01:17:00 pm","72.2","67.8","72.7","61.0","point"
"2024-01-12 01:18:00 pm","72.3","66.1","72.7","60.3","point"
"2024-01-12 01:19:00 pm","72.5","65.0","72.7","60.0","point"
"2024-01-12 01:20:00 pm","72.6","65.3","72.9","60.4","point"
"2024-01-12 01:21:00 pm","72.8","63.7","73.0","59.8","point"
"2024-01-12 01:22:00 pm","72.9","64.5","73.2","60.2","point"
"2024-01-12 01:23:00 pm","72.8","65.1","73.0","60.3","point"
"2024-01-12 01:24:00 pm","72.8","65.7","73.0","60.7","point"
"2024-01-12 01:25:00 pm","72.8","66.9","73.2","61.2","point"
"2024-01-12 01:26:00 pm","72.7","67.1","73.2","61.1","point"
"2024-01-12 01:27:00 pm","72.8","68.7","73.2","61.9","point"
"2024-01-12 01:28:00 pm","72.7","69.8","73.4","62.3","point"
"2024-01-12 01:29:00 pm","72.6","68.5","73.0","61.6","point"
"2024-01-12 01:30:00 pm","72.4","69.3","73.0","61.8","point"
"2024-01-12 01:31:00 pm","72.4","70.5","73.0","62.3","point"
"2024-01-12 01:32:00 pm","72.5","70.5","73.0","62.3","point"
"2024-01-12 01:33:00 pm","72.3","71.0","72.9","62.4","point"
"2024-01-12 01:34:00 pm","72.4","71.3","73.0","62.6","point"
"2024-01-12 01:35:00 pm","72.3","71.5","72.9","62.6","point"
"2024-01-12 01:36:00 pm","72.3","71.6","72.9","62.6","point"
"2024-01-12 01:37:00 pm","72.2","73.3","73.0","63.2","point"
"2024-01-12 01:38:00 pm","72.2","72.2","73.0","62.8","point"
"2024-01-12 01:39:00 pm","72.1","72.1","73.0","62.6","point"
"2024-01-12 01:40:00 pm","72.1","71.3","72.7","62.3","point"
"2024-01-12 01:41:00 pm","72.1","72.1","72.9","62.6","point"
"2024-01-12 01:42:00 pm","72.1","73.0","73.0","63.0","point"
"2024-01-12 01:43:00 pm","72.1","73.3","72.9","63.1","point"
"2024-01-12 01:44:00 pm","72.2","74.9","73.2","63.8","point"
"2024-01-12 01:45:00 pm","72.1","74.4","72.9","63.5","point"
"2024-01-12 01:46:00 pm","72.1","75.4","73.0","63.9","point"
"2024-01-12 01:47:00 pm","72.0","74.9","72.9","63.6","point"
"2024-01-12 01:48:00 pm","72.1","75.5","73.0","63.9","point"
"2024-01-12 01:49:00 pm","72.1","75.4","73.0","63.8","point"
"2024-01-12 01:50:00 pm","72.0","75.7","73.0","63.9","point"
"2024-01-12 01:51:00 pm","72.0","74.1","72.9","63.3","point"
"2024-01-12 01:52:00 pm","72.0","74.2","72.9","63.3","point"
"2024-01-12 01:53:00 pm","72.0","74.6","72.9","63.5","point"
"2024-01-12 01:54:00 pm","72.0","74.7","72.9","63.5","point"
"2024-01-12 01:55:00 pm","72.0","73.7","72.9","63.1","point"
"2024-01-12 01:56:00 pm","72.0","75.1","73.0","63.7","point"
"2024-01-12 01:57:00 pm","71.9","75.0","72.7","63.5","point"
"2024-01-12 01:58:00 pm","71.8","74.0","72.7","63.1","point"
"2024-01-12 01:59:00 pm","71.9","73.7","72.7","63.0","point"
"2024-01-12 02:00:00 pm","71.9","73.1","72.7","62.8","point"
"2024-01-12 02:01:00 pm","71.9","71.9","72.5","62.3","point"
"2024-01-12 02:02:00 pm","72.0","72.3","72.9","62.5","point"
"2024-01-12 02:03:00 pm","72.0","73.8","72.9","63.1","point"
"2024-01-12 02:04:00 pm","72.0","72.7","72.9","62.7","point"
"2024-01-12 02:05:00 pm","71.9","72.8","72.7","62.7","point"
"2024-01-12 02:06:00 pm","72.0","74.4","72.9","63.4","point"
"2024-01-12 02:07:00 pm","72.0","74.1","72.9","63.3","point"
"2024-01-12 02:08:00 pm","71.9","73.4","72.7","62.9","point"
"2024-01-12 02:09:00 pm","72.0","74.4","72.9","63.4","point"
"2024-01-12 02:10:00 pm","72.1","73.6","72.9","63.2","point"
"2024-01-12 02:11:00 pm","72.1","74.6","72.9","63.5","point"
"2024-01-12 02:12:00 pm","72.1","73.5","72.9","63.1","point"
"2024-01-12 02:13:00 pm","72.1","73.9","72.9","63.3","point"
"2024-01-12 02:14:00 pm","72.0","74.1","72.9","63.3","point"
"2024-01-12 02:15:00 pm","72.0","74.9","72.9","63.6","point"
"2024-01-12 02:16:00 pm","72.0","75.3","73.0","63.7","point"
"2024-01-12 02:17:00 pm","72.1","75.3","73.4","63.9","point"
"2024-01-12 02:18:00 pm","72.0","75.9","73.0","64.0","point"
"2024-01-12 02:19:00 pm","72.0","75.0","72.9","63.6","point"
"2024-01-12 02:20:00 pm","71.9","73.8","72.7","63.1","point"
"2024-01-12 02:21:00 pm","71.9","74.7","72.7","63.4","point"
"2024-01-12 02:22:00 pm","72.2","70.6","72.9","62.1","point"
"2024-01-12 02:23:00 pm","72.3","70.5","72.9","62.1","point"
"2024-01-12 02:24:00 pm","72.5","70.7","73.0","62.4","point"
"2024-01-12 02:25:00 pm","72.6","71.3","73.2","62.7","point"
"2024-01-12 02:26:00 pm","72.7","71.1","73.6","62.8","point"
"2024-01-12 02:27:00 pm","72.6","71.6","73.2","62.9","point"
"2024-01-12 02:28:00 pm","72.6","71.9","73.2","63.0","point"
"2024-01-12 02:29:00 pm","72.6","72.5","73.4","63.2","point"
"2024-01-12 02:30:00 pm","72.5","71.7","73.0","62.8","point"
"2024-01-12 02:31:00 pm","72.5","73.3","73.4","63.5","point"
"2024-01-12 02:32:00 pm","72.6","73.5","73.4","63.6","point"
"2024-01-12 02:33:00 pm","72.5","72.4","73.2","63.1","point"
"2024-01-12 02:34:00 pm","72.4","71.8","73.0","62.8","point"
"2024-01-12 02:35:00 pm","72.3","72.3","73.0","62.9","point"
"2024-01-12 02:36:00 pm","72.4","72.9","73.2","63.2","point"
"2024-01-12 02:37:00 pm","72.3","72.1","73.2","62.9","point"
"2024-01-12 02:38:00 pm","72.4","71.7","73.0","62.8","point"
"2024-01-12 02:39:00 pm","72.3","72.8","73.2","63.2","point"
"2024-01-12 02:40:00 pm","72.2","72.4","73.0","62.9","point"
"2024-01-12 02:41:00 pm","72.3","72.5","73.0","63.0","point"
"2024-01-12 02:42:00 pm","72.2","73.5","73.0","63.3","point"
"2024-01-12 02:43:00 pm","72.3","71.7","72.9","62.7","point"
"2024-01-12 02:44:00 pm","72.3","72.2","73.0","62.9","point"
"2024-01-12 02:45:00 pm","72.2","72.2","73.0","62.7","point"
"2024-01-12 02:46:00 pm","72.2","71.7","72.9","62.6","point"
"2024-01-12 02:47:00 pm","72.2","73.7","73.2","63.3","point"
"2024-01-12 02:48:00 pm","72.2","72.6","73.0","62.9","point"
"2024-01-12 02:49:00 pm","72.2","72.8","73.0","63.0","point"
"2024-01-12 02:50:00 pm","72.1","74.6","73.2","63.6","point"
"2024-01-12 02:51:00 pm","72.1","72.9","73.0","63.0","point"
"2024-01-12 02:52:00 pm","72.1","72.4","72.9","62.7","point"
"2024-01-12 02:53:00 pm","72.1","73.2","73.0","63.1","point"
"2024-01-12 02:54:00 pm","72.0","74.2","72.9","63.3","point"
"2024-01-12 02:55:00 pm","72.1","73.2","73.0","63.1","point"
"2024-01-12 02:56:00 pm","72.0","73.6","72.9","63.1","point"
"2024-01-12 02:57:00 pm","72.1","73.8","72.9","63.3","point"
"2024-01-12 02:58:00 pm","72.2","73.4","73.0","63.2","point"
"2024-01-12 02:59:00 pm","72.1","74.4","73.2","63.6","point"
"2024-01-12 03:00:00 pm","72.0","74.1","72.9","63.3","point"
"2024-01-12 03:01:00 pm","72.0","74.4","72.9","63.4","point"
"2024-01-12 03:02:00 pm","72.1","73.8","73.2","63.3","point"
"2024-01-12 03:03:00 pm","72.1","74.4","73.2","63.6","point"
"2024-01-12 03:04:00 pm","72.1","75.6","73.0","64.0","point"
"2024-01-12 03:05:00 pm","72.0","73.4","72.9","63.1","point"
"2024-01-12 03:06:00 pm","72.0","72.8","72.9","62.8","point"
"2024-01-12 03:07:00 pm","72.0","72.8","72.9","62.8","point"
"2024-01-12 03:08:00 pm","72.0","72.9","72.9","62.9","point"
"2024-01-12 03:09:00 pm","72.1","74.7","72.9","63.6","point"
"2024-01-12 03:10:00 pm","72.0","74.3","72.9","63.4","point"
"2024-01-12 03:11:00 pm","72.1","75.3","73.0","63.8","point"
"2024-01-12 03:12:00 pm","72.1","75.8","73.0","64.0","point"
"2024-01-12 03:13:00 pm","72.1","75.3","73.0","63.9","point"
"2024-01-12 03:14:00 pm","72.1","75.7","73.0","64.0","point"
"2024-01-12 03:15:00 pm","72.1","75.8","73.0","64.1","point"
"2024-01-12 03:16:00 pm","72.0","75.4","73.0","63.8","point"
"2024-01-12 03:17:00 pm","72.1","75.5","73.0","64.0","point"
"2024-01-12 03:18:00 pm","72.0","76.0","73.0","64.0","point"
"2024-01-12 03:19:00 pm","72.1","74.9","72.9","63.7","point"
"2024-01-12 03:20:00 pm","72.0","76.2","73.0","64.1","point"
"2024-01-12 03:21:00 pm","72.1","76.5","73.2","64.3","point"
"2024-01-12 03:22:00 pm","72.0","76.8","73.2","64.3","point"
"2024-01-12 03:23:00 pm","72.0","75.0","73.0","63.6","point"
"2024-01-12 03:24:00 pm","72.0","75.7","73.0","63.9","point"
"2024-01-12 03:25:00 pm","72.0","75.0","72.9","63.6","point"
"2024-01-12 03:26:00 pm","72.0","74.8","72.9","63.6","point"
"2024-01-12 03:27:00 pm","72.0","75.1","73.0","63.7","point"
"2024-01-12 03:28:00 pm","71.9","75.7","72.9","63.8","point"
"2024-01-12 03:29:00 pm","72.1","75.0","73.0","63.7","point"
"2024-01-12 03:30:00 pm","72.0","75.4","73.0","63.8","point"
"2024-01-12 03:31:00 pm","72.0","75.7","73.0","63.9","point"
"2024-01-12 03:32:00 pm","72.0","75.9","73.0","64.0","point"
"2024-01-12 03:33:00 pm","72.0","75.3","73.0","63.7","point"
"2024-01-12 03:34:00 pm","72.0","74.7","72.9","63.5","point"
"2024-01-12 03:35:00 pm","72.0","74.6","72.9","63.4","point"
"2024-01-12 03:36:00 pm","72.0","75.2","73.0","63.7","point"
"2024-01-12 03:37:00 pm","72.0","75.6","73.0","63.9","point"
"2024-01-12 03:38:00 pm","72.0","73.5","72.9","63.1","point"
"2024-01-12 03:39:00 pm","71.9","72.5","72.7","62.6","point"
"2024-01-12 03:40:00 pm","72.1","73.1","72.9","63.0","point"
"2024-01-12 03:41:00 pm","72.1","73.7","72.9","63.3","point"
"2024-01-12 03:42:00 pm","72.1","74.9","72.9","63.7","point"
"2024-01-12 03:43:00 pm","72.2","77.0","73.4","64.6","point"
"2024-01-12 03:44:00 pm","72.1","76.3","73.4","64.3","point"
"2024-01-12 03:45:00 pm","72.1","75.4","73.0","63.9","point"
"2024-01-12 03:46:00 pm","72.1","76.2","73.0","64.2","point"
"2024-01-12 03:47:00 pm","72.1","75.7","73.0","64.0","point"
"2024-01-12 03:48:00 pm","72.1","76.6","73.2","64.3","point"
"2024-01-12 03:49:00 pm","72.1","76.2","73.0","64.1","point"
"2024-01-12 03:50:00 pm","72.1","75.7","73.4","64.0","point"
"2024-01-12 03:51:00 pm","72.0","74.9","72.9","63.6","point"
"2024-01-12 03:52:00 pm","72.0","71.6","72.7","62.3","point"
"2024-01-12 03:53:00 pm","72.1","71.7","72.7","62.5","point"
"2024-01-12 03:54:00 pm","72.2","71.6","72.9","62.5","point"
"2024-01-12 03:55:00 pm","72.1","71.8","72.7","62.5","point"
"2024-01-12 03:56:00 pm","72.2","72.2","73.0","62.8","point"
"2024-01-12 03:57:00 pm","72.1","71.8","72.7","62.5","point"
"2024-01-12 03:58:00 pm","72.2","72.8","73.0","63.0","point"
"2024-01-12 03:59:00 pm","72.1","72.9","72.9","62.9","point"
"2024-01-12 04:00:00 pm","72.1","72.9","72.9","62.9","point"
"2024-01-12 04:01:00 pm","72.1","72.3","72.9","62.7","point"
"2024-01-12 04:02:00 pm","72.1","71.7","72.9","62.5","point"
"2024-01-12 04:03:00 pm","72.1","72.5","72.9","62.8","point"
"2024-01-12 04:04:00 pm","72.1","72.1","72.9","62.6","point"
"2024-01-12 04:05:00 pm","72.1","72.2","73.0","62.7","point"
"2024-01-12 04:06:00 pm","72.1","72.2","72.9","62.7","point"
"2024-01-12 04:07:00 pm","72.3","72.1","73.0","62.8","point"
"2024-01-12 04:08:00 pm","72.1","72.7","72.9","62.9","point"
"2024-01-12 04:09:00 pm","72.2","72.7","73.0","62.9","point"
"2024-01-12 04:10:00 pm","72.1","73.0","72.9","63.0","point"
"2024-01-12 04:11:00 pm","72.1","73.5","73.2","63.2","point"
"2024-01-12 04:12:00 pm","72.1","73.6","72.9","63.2","point"
"2024-01-12 04:13:00 pm","72.0","73.8","72.9","63.2","point"
"2024-01-12 04:14:00 pm","72.1","73.9","72.9","63.3","point"
"2024-01-12 04:15:00 pm","72.0","73.9","72.9","63.2","point"
"2024-01-12 04:16:00 pm","72.1","73.6","72.9","63.2","point"
"2024-01-12 04:17:00 pm","72.0","73.7","72.9","63.1","point"
"2024-01-12 04:18:00 pm","72.0","74.1","72.9","63.3","point"
"2024-01-12 04:19:00 pm","72.1","73.7","72.9","63.2","point"
"2024-01-12 04:20:00 pm","72.0","73.9","72.9","63.2","point"
"2024-01-12 04:21:00 pm","72.0","74.1","72.9","63.3","point"
"2024-01-12 04:22:00 pm","72.0","74.0","72.9","63.3","point"
"2024-01-12 04:23:00 pm","72.0","74.3","72.9","63.4","point"
"2024-01-12 04:24:00 pm","72.1","74.6","72.9","63.5","point"
"2024-01-12 04:25:00 pm","72.0","74.4","72.9","63.4","point"
"2024-01-12 04:26:00 pm","72.0","74.2","72.9","63.3","point"
"2024-01-12 04:27:00 pm","72.0","74.4","72.9","63.4","point"
"2024-01-12 04:28:00 pm","72.0","74.5","72.9","63.4","point"
"2024-01-12 04:29:00 pm","71.9","74.6","72.7","63.3","point"
"2024-01-12 04:30:00 pm","71.9","74.7","72.7","63.4","point"
"2024-01-12 04:31:00 pm","71.9","74.7","72.7","63.4","point"
"2024-01-12 04:32:00 pm","71.9","74.6","72.7","63.4","point"
"2024-01-12 04:33:00 pm","71.9","74.7","72.7","63.4","point"
"2024-01-12 04:34:00 pm","71.9","74.5","72.7","63.4","point"
"2024-01-12 04:35:00 pm","71.8","74.6","72.7","63.3","point"
"2024-01-12 04:36:00 pm","71.9","74.6","72.7","63.4","point"
"2024-01-12 04:37:00 pm","71.9","74.8","72.7","63.4","point"
"2024-01-12 04:38:00 pm","71.8","73.8","72.7","63.0","point"
"2024-01-12 04:39:00 pm","71.9","73.5","72.7","63.0","point"
"2024-01-12 04:40:00 pm","72.0","75.6","73.0","63.9","point"
"2024-01-12 04:41:00 pm","72.1","75.8","73.0","64.0","point"
"2024-01-12 04:42:00 pm","72.0","75.6","73.0","63.9","point"
"2024-01-12 04:43:00 pm","72.1","75.5","73.4","64.0","point"
"2024-01-12 04:44:00 pm","72.1","74.3","73.2","63.5","point"
"2024-01-12 04:45:00 pm","72.2","75.0","73.4","63.8","point"
"2024-01-12 04:46:00 pm","72.2","75.5","73.4","64.0","point"
"2024-01-12 04:47:00 pm","72.2","74.7","73.2","63.7","point"
"2024-01-12 04:48:00 pm","72.2","74.1","73.2","63.5","point"
"2024-01-12 04:49:00 pm","72.1","74.2","73.2","63.5","point"
"2024-01-12 04:50:00 pm","72.2","74.0","73.2","63.4","point"
"2024-01-12 04:51:00 pm","72.2","74.2","73.2","63.5","point"
"2024-01-12 04:52:00 pm","72.2","74.5","73.2","63.6","point"
"2024-01-12 04:53:00 pm","72.1","74.7","73.2","63.6","point"
"2024-01-12 04:54:00 pm","72.1","74.7","72.9","63.6","point"
"2024-01-12 04:55:00 pm","72.1","74.8","73.2","63.7","point"
"2024-01-12 04:56:00 pm","72.1","74.8","72.9","63.7","point"
"2024-01-12 04:57:00 pm","72.1","75.2","73.0","63.8","point"
"2024-01-12 04:58:00 pm","72.1","74.8","73.2","63.7","point"
"2024-01-12 04:59:00 pm","72.1","74.7","72.9","63.6","point"
"2024-01-12 05:00:00 pm","72.1","75.0","73.0","63.8","point"
"2024-01-12 05:01:00 pm","72.0","74.8","72.9","63.5","point"
"2024-01-12 05:02:00 pm","72.0","74.9","72.9","63.6","point"
"2024-01-12 05:03:00 pm","72.0","75.3","73.0","63.8","point"
"2024-01-12 05:04:00 pm","72.0","75.5","73.0","63.8","point"
"2024-01-12 05:05:00 pm","72.0","75.5","73.0","63.8","point"
"2024-01-12 05:06:00 pm","72.0","75.6","73.0","63.8","point"
"2024-01-12 05:07:00 pm","72.0","75.6","73.0","63.8","point"
"2024-01-12 05:08:00 pm","72.1","75.7","73.0","64.0","point"
"2024-01-12 05:09:00 pm","72.0","76.2","73.0","64.1","point"
"2024-01-12 05:10:00 pm","72.0","75.9","73.0","64.0","point"
"2024-01-12 05:11:00 pm","71.8","75.7","72.9","63.7","point"
"2024-01-12 05:12:00 pm","72.0","76.1","73.0","64.0","point"
"2024-01-12 05:13:00 pm","72.0","76.2","73.0","64.1","point"
"2024-01-12 05:14:00 pm","71.9","76.0","72.9","63.9","point"
"2024-01-12 05:15:00 pm","71.9","75.5","72.9","63.7","point"
"2024-01-12 05:16:00 pm","72.0","76.1","73.0","64.1","point"
"2024-01-12 05:17:00 pm","71.9","76.2","72.9","64.0","point"
"2024-01-12 05:18:00 pm","71.8","75.9","72.9","63.8","point"
"2024-01-12 05:19:00 pm","71.9","76.1","72.9","63.9","point"
"2024-01-12 05:20:00 pm","72.0","76.0","73.0","64.0","point"
"2024-01-12 05:21:00 pm","71.9","76.3","72.9","64.0","point"
"2024-01-12 05:22:00 pm","71.9","76.6","72.9","64.1","point"
"2024-01-12 05:23:00 pm","71.9","77.1","72.9","64.3","point"
"2024-01-12 05:24:00 pm","72.0","76.8","73.2","64.3","point"
"2024-01-12 05:25:00 pm","71.8","76.7","72.9","64.1","point"
"2024-01-12 05:26:00 pm","72.0","76.5","73.2","64.2","point"
"2024-01-12 05:27:00 pm","71.9","77.0","72.9","64.3","point"
"2024-01-12 05:28:00 pm","71.8","76.8","72.9","64.1","point"
"2024-01-12 05:29:00 pm","71.8","77.0","72.9","64.2","point"
"2024-01-12 05:30:00 pm","71.8","76.9","72.9","64.2","point"
"2024-01-12 05:31:00 pm","71.9","76.9","72.9","64.2","point"
"2024-01-12 05:32:00 pm","71.8","76.8","72.9","64.1","point"
"2024-01-12 05:33:00 pm","71.9","76.9","72.9","64.3","point"
"2024-01-12 05:34:00 pm","71.9","77.5","72.9","64.4","point"
"2024-01-12 05:35:00 pm","71.8","77.5","72.9","64.4","point"
"2024-01-12 05:36:00 pm","71.9","77.2","72.9","64.3","point"
"2024-01-12 05:37:00 pm","71.8","77.3","72.9","64.4","point"
"2024-01-12 05:38:00 pm","71.9","77.3","72.9","64.4","point"
"2024-01-12 05:39:00 pm","71.8","77.2","72.9","64.3","point"
"2024-01-12 05:40:00 pm","71.9","77.1","72.9","64.3","point"
"2024-01-12 05:41:00 pm","71.8","77.6","72.9","64.5","point"
"2024-01-12 05:42:00 pm","71.9","78.0","73.0","64.7","point"
"2024-01-12 05:43:00 pm","71.8","77.8","73.0","64.5","point"
"2024-01-12 05:44:00 pm","71.8","77.2","72.9","64.3","point"
"2024-01-12 05:45:00 pm","71.9","77.3","72.9","64.4","point"
"2024-01-12 05:46:00 pm","71.8","77.9","73.0","64.6","point"
"2024-01-12 05:47:00 pm","71.9","78.2","73.0","64.7","point"
"2024-01-12 05:48:00 pm","71.8","78.4","73.0","64.7","point"
"2024-01-12 05:49:00 pm","71.8","78.5","73.0","64.8","point"
"2024-01-12 05:50:00 pm","71.8","78.5","73.0","64.8","point"
"2024-01-12 05:51:00 pm","71.9","78.2","73.0","64.7","point"
"2024-01-12 05:52:00 pm","71.9","78.6","73.0","64.8","point"
"2024-01-12 05:53:00 pm","71.9","78.9","73.0","64.9","point"
"2024-01-12 05:54:00 pm","71.8","78.8","73.0","64.9","point"
"2024-01-12 05:55:00 pm","71.9","78.9","73.0","65.0","point"
"2024-01-12 05:56:00 pm","71.8","78.9","73.0","64.9","point"
"2024-01-12 05:57:00 pm","71.9","79.1","73.2","65.0","point"
"2024-01-12 05:58:00 pm","71.9","79.1","73.2","65.1","point"
"2024-01-12 05:59:00 pm","71.7","79.2","72.9","64.9","point"
"2024-01-12 06:00:00 pm","71.8","79.2","73.2","65.0","point"
"2024-01-12 06:01:00 pm","71.8","79.4","73.2","65.1","point"
"2024-01-12 06:02:00 pm","71.7","79.3","72.9","65.0","point"
"2024-01-12 06:03:00 pm","71.8","79.4","73.2","65.0","point"
"2024-01-12 06:04:00 pm","71.7","79.6","72.9","65.1","point"
"2024-01-12 06:05:00 pm","71.8","79.6","73.2","65.2","point"
"2024-01-12 06:06:00 pm","71.7","79.8","72.9","65.2","point"
"2024-01-12 06:07:00 pm","71.9","79.6","73.2","65.2","point"
"2024-01-12 06:08:00 pm","71.8","79.2","73.2","65.0","point"
"2024-01-12 06:09:00 pm","71.8","79.5","73.2","65.1","point"
"2024-01-12 06:10:00 pm","71.7","79.6","72.9","65.1","point"
"2024-01-12 06:11:00 pm","71.8","79.8","73.2","65.2","point"
"2024-01-12 06:12:00 pm","71.8","79.9","73.2","65.2","point"
"2024-01-12 06:13:00 pm","71.7","79.8","72.9","65.2","point"
"2024-01-12 06:14:00 pm","71.7","80.1","72.9","65.3","point"
"2024-01-12 06:15:00 pm","71.8","80.0","73.2","65.3","point"
"2024-01-12 06:16:00 pm","71.8","80.0","73.2","65.3","point"
"2024-01-12 06:17:00 pm","71.7","79.9","72.9","65.1","point"
"2024-01-12 06:18:00 pm","71.7","80.0","72.9","65.1","point"
"2024-01-12 06:19:00 pm","71.7","80.0","72.9","65.2","point"
"2024-01-12 06:20:00 pm","71.7","80.1","72.9","65.2","point"
"2024-01-12 06:21:00 pm","71.7","80.2","72.9","65.3","point"
"2024-01-12 06:22:00 pm","71.6","80.1","72.9","65.2","point"
"2024-01-12 06:23:00 pm","71.7","80.1","72.9","65.2","point"
"2024-01-12 06:24:00 pm","71.6","80.1","72.9","65.2","point"
"2024-01-12 06:25:00 pm","71.7","80.3","72.9","65.3","point"
"2024-01-12 06:26:00 pm","71.7","80.2","72.9","65.2","point"
"2024-01-12 06:27:00 pm","71.6","80.3","72.9","65.2","point"
"2024-01-12 06:28:00 pm","71.7","79.9","72.9","65.1","point"
"2024-01-12 06:29:00 pm","71.6","79.3","72.7","64.8","point"
"2024-01-12 06:30:00 pm","71.6","79.1","72.9","64.8","point"
"2024-01-12 06:31:00 pm","71.6","79.3","72.9","64.9","point"
"2024-01-12 06:32:00 pm","71.7","79.1","72.9","64.9","point"
"2024-01-12 06:33:00 pm","71.6","78.7","72.5","64.6","point"
"2024-01-12 06:34:00 pm","71.7","78.6","72.7","64.7","point"
"2024-01-12 06:35:00 pm","71.6","79.3","72.9","64.9","point"
"2024-01-12 06:36:00 pm","71.7","78.8","72.9","64.7","point"
"2024-01-12 06:37:00 pm","71.5","78.8","72.7","64.6","point"
"2024-01-12 06:38:00 pm","71.7","79.2","72.9","64.9","point"
"2024-01-12 06:39:00 pm","71.5","79.2","72.7","64.7","point"
"2024-01-12 06:40:00 pm","71.7","78.9","72.9","64.8","point"
"2024-01-12 06:41:00 pm","71.6","78.6","72.5","64.6","point"
"2024-01-12 06:42:00 pm","71.7","78.5","72.7","64.6","point"
"2024-01-12 06:43:00 pm","71.7","78.2","72.7","64.5","point"
"2024-01-12 06:44:00 pm","71.5","77.9","72.5","64.3","point"
"2024-01-12 06:45:00 pm","71.5","77.8","72.5","64.2","point"
"2024-01-12 06:46:00 pm","71.7","77.6","72.7","64.3","point"
"2024-01-12 06:47:00 pm","71.6","77.7","72.5","64.2","point"
"2024-01-12 06:48:00 pm","71.6","77.4","72.5","64.1","point"
"2024-01-12 06:49:00 pm","71.6","77.4","72.5","64.1","point"
"2024-01-12 06:50:00 pm","71.6","77.4","72.5","64.1","point"
"2024-01-12 06:51:00 pm","71.6","77.3","72.7","64.1","point"
"2024-01-12 06:52:00 pm","71.4","76.7","72.3","63.7","point"
"2024-01-12 06:53:00 pm","71.5","77.1","72.5","64.0","point"
"2024-01-12 06:54:00 pm","71.4","77.3","72.3","64.0","point"
"2024-01-12 06:55:00 pm","71.5","77.6","72.5","64.1","point"
"2024-01-12 06:56:00 pm","71.5","77.4","72.5","64.0","point"
"2024-01-12 06:57:00 pm","71.4","77.7","72.3","64.1","point"
"2024-01-12 06:58:00 pm","71.5","77.7","72.5","64.1","point"
"2024-01-12 06:59:00 pm","71.5","77.6","72.5","64.1","point"
"2024-01-12 07:00:00 pm","71.5","77.6","72.5","64.1","point"
"2024-01-12 07:01:00 pm","71.5","77.3","72.5","64.0","point"
"2024-01-12 07:02:00 pm","71.5","77.1","72.5","64.0","point"
"2024-01-12 07:03:00 pm","71.5","77.2","72.5","64.0","point"
"2024-01-12 07:04:00 pm","71.5","77.3","72.5","64.1","point"
"2024-01-12 07:05:00 pm","71.5","77.3","72.5","64.0","point"
"2024-01-12 07:06:00 pm","71.5","76.9","72.5","63.9","point"
"2024-01-12 07:07:00 pm","71.5","76.9","72.5","63.9","point"
"2024-01-12 07:08:00 pm","71.5","76.8","72.5","63.8","point"
"2024-01-12 07:09:00 pm","71.5","76.9","72.5","63.8","point"
"2024-01-12 07:10:00 pm","71.5","76.8","72.5","63.8","point"
"2024-01-12 07:11:00 pm","71.5","76.8","72.5","63.8","point"
"2024-01-12 07:12:00 pm","71.5","76.6","72.5","63.8","point"
"2024-01-12 07:13:00 pm","71.5","76.6","72.5","63.8","point"
"2024-01-12 07:14:00 pm","71.5","76.6","72.5","63.7","point"
"2024-01-12 07:15:00 pm","71.5","76.6","72.5","63.8","point"
"2024-01-12 07:16:00 pm","71.4","76.6","72.3","63.7","point"
"2024-01-12 07:17:00 pm","71.5","76.6","72.5","63.7","point"
"2024-01-12 07:18:00 pm","71.5","76.5","72.5","63.7","point"
"2024-01-12 07:19:00 pm","71.5","76.4","72.5","63.7","point"
"2024-01-12 07:20:00 pm","71.4","76.4","72.3","63.6","point"
"2024-01-12 07:21:00 pm","71.6","76.4","72.5","63.8","point"
"2024-01-12 07:22:00 pm","71.4","76.4","72.3","63.6","point"
"2024-01-12 07:23:00 pm","71.4","76.4","72.3","63.6","point"
"2024-01-12 07:24:00 pm","71.5","76.4","72.5","63.6","point"
"2024-01-12 07:25:00 pm","71.3","76.4","72.3","63.5","point"
"2024-01-12 07:26:00 pm","71.3","76.4","72.3","63.5","point"
"2024-01-12 07:27:00 pm","71.3","76.4","72.3","63.5","point"
"2024-01-12 07:28:00 pm","71.4","76.3","72.3","63.6","point"
"2024-01-12 07:29:00 pm","71.3","76.3","72.3","63.4","point"
"2024-01-12 07:30:00 pm","71.4","76.2","72.3","63.5","point"
"2024-01-12 07:31:00 pm","71.3","76.2","72.3","63.4","point"
"2024-01-12 07:32:00 pm","71.3","76.2","72.3","63.5","point"
"2024-01-12 07:33:00 pm","71.4","76.3","72.3","63.5","point"
"2024-01-12 07:34:00 pm","71.3","76.2","72.3","63.4","point"
"2024-01-12 07:35:00 pm","71.4","76.3","72.3","63.5","point"
"2024-01-12 07:36:00 pm","71.3","76.3","72.3","63.5","point"
"2024-01-12 07:37:00 pm","71.3","76.2","72.3","63.4","point"
"2024-01-12 07:38:00 pm","71.3","76.2","72.3","63.5","point"
"2024-01-12 07:39:00 pm","71.3","76.2","72.3","63.4","point"
"2024-01-12 07:40:00 pm","71.3","76.2","72.3","63.4","point"
"2024-01-12 07:41:00 pm","71.3","76.2","72.3","63.4","point"
"2024-01-12 07:42:00 pm","71.4","76.2","72.3","63.5","point"
"2024-01-12 07:43:00 pm","71.2","76.2","72.1","63.3","point"
"2024-01-12 07:44:00 pm","71.2","76.1","72.1","63.3","point"
"2024-01-12 07:45:00 pm","71.3","76.2","72.3","63.4","point"
"2024-01-12 07:46:00 pm","71.2","76.3","72.1","63.4","point"
"2024-01-12 07:47:00 pm","71.3","76.1","72.3","63.4","point"
"2024-01-12 07:48:00 pm","71.2","76.1","72.1","63.3","point"
"2024-01-12 07:49:00 pm","71.3","76.0","72.3","63.3","point"
"2024-01-12 07:50:00 pm","71.3","76.1","72.3","63.3","point"
"2024-01-12 07:51:00 pm","71.2","76.0","72.1","63.2","point"
"2024-01-12 07:52:00 pm","71.2","76.0","72.1","63.2","point"
"2024-01-12 07:53:00 pm","71.2","76.0","72.1","63.2","point"
"2024-01-12 07:54:00 pm","71.2","76.0","72.1","63.2","point"
"2024-01-12 07:55:00 pm","71.2","75.9","72.1","63.2","point"
"2024-01-12 07:56:00 pm","71.2","75.9","72.1","63.1","point"
"2024-01-12 07:57:00 pm","71.2","75.9","72.1","63.1","point"
"2024-01-12 07:58:00 pm","71.2","75.8","72.1","63.2","point"
"2024-01-12 07:59:00 pm","71.1","75.9","72.1","63.1","point"
"2024-01-12 08:00:00 pm","71.2","75.9","72.1","63.2","point"
"2024-01-12 08:01:00 pm","71.1","75.8","72.1","63.1","point"
"2024-01-12 08:02:00 pm","71.2","75.9","72.1","63.1","point"
"2024-01-12 08:03:00 pm","71.1","76.0","72.1","63.1","point"
"2024-01-12 08:04:00 pm","71.1","75.9","72.1","63.1","point"
"2024-01-12 08:05:00 pm","71.1","75.9","72.1","63.1","point"
"2024-01-12 08:06:00 pm","71.1","76.0","72.1","63.1","point"
"2024-01-12 08:07:00 pm","71.0","76.3","72.0","63.1","point"
"2024-01-12 08:08:00 pm","71.2","76.2","72.1","63.3","point"
"2024-01-12 08:09:00 pm","71.0","76.0","72.0","63.1","point"
"2024-01-12 08:10:00 pm","71.1","75.8","72.1","63.1","point"
"2024-01-12 08:11:00 pm","71.1","75.9","72.1","63.1","point"
"2024-01-12 08:12:00 pm","71.1","75.6","72.1","63.0","point"
"2024-01-12 08:13:00 pm","71.0","75.6","72.0","63.0","point"
"2024-01-12 08:14:00 pm","71.0","75.7","72.0","62.9","point"
"2024-01-12 08:15:00 pm","70.9","75.5","72.0","62.8","point"
"2024-01-12 08:16:00 pm","71.0","75.6","72.0","62.9","point"
"2024-01-12 08:17:00 pm","70.9","75.7","72.0","62.8","point"
"2024-01-12 08:18:00 pm","70.9","75.6","72.0","62.8","point"
"2024-01-12 08:19:00 pm","70.8","75.3","71.8","62.6","point"
"2024-01-12 08:20:00 pm","70.8","75.3","71.8","62.5","point"
"2024-01-12 08:21:00 pm","70.7","75.5","71.4","62.5","point"
"2024-01-12 08:22:00 pm","70.7","75.4","71.4","62.5","point"
"2024-01-12 08:23:00 pm","70.8","75.2","71.8","62.5","point"
"2024-01-12 08:24:00 pm","70.7","75.4","71.4","62.5","point"
"2024-01-12 08:25:00 pm","70.6","75.3","71.4","62.5","point"
"2024-01-12 08:26:00 pm","70.6","75.4","71.4","62.4","point"
"2024-01-12 08:27:00 pm","70.6","75.4","71.4","62.5","point"
"2024-01-12 08:28:00 pm","70.5","75.5","71.4","62.4","point"
"2024-01-12 08:29:00 pm","70.6","75.5","71.4","62.5","point"
"2024-01-12 08:30:00 pm","70.6","75.5","71.4","62.5","point"
"2024-01-12 08:31:00 pm","70.6","75.5","71.4","62.4","point"
"2024-01-12 08:32:00 pm","70.6","75.6","71.4","62.5","point"
"2024-01-12 08:33:00 pm","70.5","75.5","71.4","62.4","point"
"2024-01-12 08:34:00 pm","70.5","75.5","71.4","62.4","point"
"2024-01-12 08:35:00 pm","70.5","75.5","71.2","62.4","point"
"2024-01-12 08:36:00 pm","70.5","75.5","71.2","62.4","point"
"2024-01-12 08:37:00 pm","70.5","75.6","71.2","62.4","point"
"2024-01-12 08:38:00 pm","70.5","75.6","71.2","62.4","point"
"2024-01-12 08:39:00 pm","70.5","75.5","71.2","62.4","point"
"2024-01-12 08:40:00 pm","70.4","75.6","71.2","62.3","point"
"2024-01-12 08:41:00 pm","70.4","75.6","71.2","62.3","point"
"2024-01-12 08:42:00 pm","70.4","75.6","71.2","62.3","point"
"2024-01-12 08:43:00 pm","70.4","75.6","71.2","62.3","point"
"2024-01-12 08:44:00 pm","70.4","75.7","71.2","62.3","point"
"2024-01-12 08:45:00 pm","70.4","75.7","71.2","62.3","point"
"2024-01-12 08:46:00 pm","70.3","75.5","71.1","62.2","point"
"2024-01-12 08:47:00 pm","70.4","75.7","71.2","62.3","point"
"2024-01-12 08:48:00 pm","70.3","75.7","71.1","62.3","point"
"2024-01-12 08:49:00 pm","70.3","75.9","71.1","62.3","point"
"2024-01-12 08:50:00 pm","70.3","75.8","71.1","62.3","point"
"2024-01-12 08:51:00 pm","70.3","75.8","71.1","62.3","point"
"2024-01-12 08:52:00 pm","70.3","76.0","71.1","62.3","point"
"2024-01-12 08:53:00 pm","70.2","75.8","71.1","62.2","point"
"2024-01-12 08:54:00 pm","70.2","76.0","71.1","62.3","point"
"2024-01-12 08:55:00 pm","70.3","76.0","71.1","62.3","point"
"2024-01-12 08:56:00 pm","70.3","76.0","71.1","62.4","point"
"2024-01-12 08:57:00 pm","70.4","76.1","71.2","62.5","point"
"2024-01-12 08:58:00 pm","70.3","76.0","71.1","62.3","point"
"2024-01-12 08:59:00 pm","70.3","76.1","71.1","62.4","point"
"2024-01-12 09:00:00 pm","70.3","76.0","71.1","62.4","point"
"2024-01-12 09:01:00 pm","70.3","76.0","71.1","62.4","point"
"2024-01-12 09:02:00 pm","70.3","75.9","71.1","62.3","point"
"2024-01-12 09:03:00 pm","70.3","75.8","71.1","62.3","point"
"2024-01-12 09:04:00 pm","70.3","76.0","71.1","62.3","point"
"2024-01-12 09:05:00 pm","70.2","76.0","71.1","62.3","point"
"2024-01-12 09:06:00 pm","70.1","76.0","70.7","62.2","point"
"2024-01-12 09:07:00 pm","70.2","76.0","71.1","62.3","point"
"2024-01-12 09:08:00 pm","70.2","75.9","71.1","62.2","point"
"2024-01-12 09:09:00 pm","70.1","76.0","70.7","62.2","point"
"2024-01-12 09:10:00 pm","70.2","76.2","71.1","62.3","point"
"2024-01-12 09:11:00 pm","70.3","76.1","71.1","62.4","point"
"2024-01-12 09:12:00 pm","70.3","76.3","71.1","62.4","point"
"2024-01-12 09:13:00 pm","70.2","76.3","71.1","62.4","point"
"2024-01-12 09:14:00 pm","70.2","76.3","71.1","62.4","point"
"2024-01-12 09:15:00 pm","70.2","76.4","71.1","62.4","point"
"2024-01-12 09:16:00 pm","70.3","76.5","71.1","62.6","point"
"2024-01-12 09:17:00 pm","70.4","76.4","71.2","62.6","point"
"2024-01-12 09:18:00 pm","70.3","76.4","71.1","62.5","point"
"2024-01-12 09:19:00 pm","70.4","76.5","71.2","62.6","point"
"2024-01-12 09:20:00 pm","70.3","76.4","71.1","62.6","point"
"2024-01-12 09:21:00 pm","70.3","76.5","71.1","62.6","point"
"2024-01-12 09:22:00 pm","70.4","76.4","71.2","62.6","point"
"2024-01-12 09:23:00 pm","70.4","76.4","71.2","62.6","point"
"2024-01-12 09:24:00 pm","70.4","76.4","71.2","62.6","point"
"2024-01-12 09:25:00 pm","70.4","76.4","71.2","62.6","point"
"2024-01-12 09:26:00 pm","70.4","76.3","71.2","62.5","point"
"2024-01-12 09:27:00 pm","70.4","76.3","71.2","62.6","point"
"2024-01-12 09:28:00 pm","70.4","76.3","71.2","62.6","point"
"2024-01-12 09:29:00 pm","70.4","76.3","71.2","62.6","point"
"2024-01-12 09:30:00 pm","70.4","76.2","71.2","62.5","point"
"2024-01-12 09:31:00 pm","70.4","76.2","71.2","62.5","point"
"2024-01-12 09:32:00 pm","70.4","76.3","71.2","62.6","point"
"2024-01-12 09:33:00 pm","70.4","76.3","71.2","62.6","point"
"2024-01-12 09:34:00 pm","70.4","76.1","71.2","62.5","point"
"2024-01-12 09:35:00 pm","70.4","76.1","71.2","62.5","point"
"2024-01-12 09:36:00 pm","70.3","76.1","71.1","62.4","point"
"2024-01-12 09:37:00 pm","70.3","76.0","71.1","62.4","point"
"2024-01-12 09:38:00 pm","70.4","76.0","71.2","62.4","point"
"2024-01-12 09:39:00 pm","70.3","76.2","71.1","62.5","point"
"2024-01-12 09:40:00 pm","70.3","76.2","71.1","62.4","point"
"2024-01-12 09:41:00 pm","70.3","76.3","71.1","62.5","point"
"2024-01-12 09:42:00 pm","70.3","76.3","71.1","62.4","point"
"2024-01-12 09:43:00 pm","70.3","76.2","71.1","62.4","point"
"2024-01-12 09:44:00 pm","70.4","76.3","71.2","62.5","point"
"2024-01-12 09:45:00 pm","70.4","76.2","71.2","62.5","point"
"2024-01-12 09:46:00 pm","70.3","76.4","71.1","62.5","point"
"2024-01-12 09:47:00 pm","70.4","76.3","71.2","62.6","point"
"2024-01-12 09:48:00 pm","70.3","76.4","71.1","62.5","point"
"2024-01-12 09:49:00 pm","70.3","76.3","71.1","62.4","point"
"2024-01-12 09:50:00 pm","70.4","76.2","71.2","62.5","point"
"2024-01-12 09:51:00 pm","70.4","76.4","71.2","62.6","point"
"2024-01-12 09:52:00 pm","70.3","76.5","71.1","62.6","point"
"2024-01-12 09:53:00 pm","70.4","76.4","71.2","62.7","point"
"2024-01-12 09:54:00 pm","70.3","76.4","71.1","62.5","point"
"2024-01-12 09:55:00 pm","70.3","76.2","71.1","62.4","point"
"2024-01-12 09:56:00 pm","70.4","76.2","71.2","62.5","point"
"2024-01-12 09:57:00 pm","70.3","76.1","71.1","62.4","point"
"2024-01-12 09:58:00 pm","70.3","76.1","71.1","62.4","point"
"2024-01-12 09:59:00 pm","70.2","76.2","71.1","62.3","point"
"2024-01-12 10:00:00 pm","70.2","76.1","71.1","62.3","point"
"2024-01-12 10:01:00 pm","70.2","76.2","71.1","62.3","point"
"2024-01-12 10:02:00 pm","70.2","76.2","71.1","62.4","point"
"2024-01-12 10:03:00 pm","70.1","76.1","70.7","62.2","point"
"2024-01-12 10:04:00 pm","70.1","76.2","70.7","62.2","point"
"2024-01-12 10:05:00 pm","70.1","76.1","70.7","62.2","point"
"2024-01-12 10:06:00 pm","70.1","76.1","70.7","62.2","point"
"2024-01-12 10:07:00 pm","70.1","76.2","70.7","62.2","point"
"2024-01-12 10:08:00 pm","70.1","76.3","70.7","62.2","point"
"2024-01-12 10:09:00 pm","70.1","76.3","70.7","62.3","point"
"2024-01-12 10:10:00 pm","70.0","76.2","70.7","62.2","point"
"2024-01-12 10:11:00 pm","70.1","76.2","70.7","62.2","point"
"2024-01-12 10:12:00 pm","70.0","76.2","70.7","62.2","point"
"2024-01-12 10:13:00 pm","70.1","76.2","70.7","62.2","point"
"2024-01-12 10:14:00 pm","70.0","76.3","70.7","62.2","point"
"2024-01-12 10:15:00 pm","69.9","76.3","70.5","62.2","point"
"2024-01-12 10:16:00 pm","70.0","76.3","70.7","62.2","point"
"2024-01-12 10:17:00 pm","69.9","76.3","70.5","62.1","point"
"2024-01-12 10:18:00 pm","70.0","76.2","70.7","62.1","point"
"2024-01-12 10:19:00 pm","69.9","76.1","70.5","62.1","point"
"2024-01-12 10:20:00 pm","69.9","76.3","70.5","62.1","point"
"2024-01-12 10:21:00 pm","69.9","76.2","70.5","62.0","point"
"2024-01-12 10:22:00 pm","69.9","76.3","70.5","62.1","point"
"2024-01-12 10:23:00 pm","69.7","76.2","70.3","61.9","point"
"2024-01-12 10:24:00 pm","69.9","76.3","70.5","62.1","point"
"2024-01-12 10:25:00 pm","69.9","76.3","70.5","62.1","point"
"2024-01-12 10:26:00 pm","69.8","76.4","70.5","62.1","point"
"2024-01-12 10:27:00 pm","69.9","76.5","70.5","62.2","point"
"2024-01-12 10:28:00 pm","69.8","76.4","70.5","62.1","point"
"2024-01-12 10:29:00 pm","69.8","76.4","70.5","62.1","point"
"2024-01-12 10:30:00 pm","69.9","76.4","70.5","62.1","point"
"2024-01-12 10:31:00 pm","69.9","76.6","70.5","62.2","point"
"2024-01-12 10:32:00 pm","69.8","76.6","70.3","62.1","point"
"2024-01-12 10:33:00 pm","69.8","76.6","70.5","62.1","point"
"2024-01-12 10:34:00 pm","69.9","76.6","70.5","62.2","point"
"2024-01-12 10:35:00 pm","69.9","76.7","70.5","62.2","point"
"2024-01-12 10:36:00 pm","69.8","76.7","70.3","62.1","point"
"2024-01-12 10:37:00 pm","69.8","76.7","70.3","62.1","point"
"2024-01-12 10:38:00 pm","69.8","76.7","70.3","62.1","point"
"2024-01-12 10:39:00 pm","69.8","76.7","70.3","62.1","point"
"2024-01-12 10:40:00 pm","69.8","76.7","70.5","62.2","point"
"2024-01-12 10:41:00 pm","69.7","76.7","70.3","62.1","point"
"2024-01-12 10:42:00 pm","69.9","76.7","70.5","62.2","point"
"2024-01-12 10:43:00 pm","69.9","76.8","70.5","62.2","point"
"2024-01-12 10:44:00 pm","69.7","76.8","70.3","62.1","point"
"2024-01-12 10:45:00 pm","69.7","76.7","70.3","62.1","point"
"2024-01-12 10:46:00 pm","69.8","76.7","70.3","62.1","point"
"2024-01-12 10:47:00 pm","69.8","76.7","70.3","62.2","point"
"2024-01-12 10:48:00 pm","69.7","76.8","70.3","62.1","point"
"2024-01-12 10:49:00 pm","69.8","76.7","70.3","62.1","point"
"2024-01-12 10:50:00 pm","69.8","76.8","70.3","62.2","point"
"2024-01-12 10:51:00 pm","69.7","76.9","70.3","62.2","point"
"2024-01-12 10:52:00 pm","69.8","76.8","70.5","62.2","point"
"2024-01-12 10:53:00 pm","69.7","76.8","70.3","62.2","point"
"2024-01-12 10:54:00 pm","69.7","76.7","70.3","62.1","point"
"2024-01-12 10:55:00 pm","69.7","76.7","70.3","62.1","point"
"2024-01-12 10:56:00 pm","69.8","76.8","70.5","62.2","point"
"2024-01-12 10:57:00 pm","69.7","76.8","70.3","62.1","point"
"2024-01-12 10:58:00 pm","69.7","76.8","70.3","62.1","point"
"2024-01-12 10:59:00 pm","69.7","76.9","70.3","62.1","point"
"2024-01-12 11:00:00 pm","69.8","76.9","70.3","62.2","point"
"2024-01-12 11:01:00 pm","69.7","76.8","70.3","62.1","point"
"2024-01-12 11:02:00 pm","69.7","76.8","70.3","62.2","point"
"2024-01-12 11:03:00 pm","69.7","76.9","70.3","62.1","point"
"2024-01-12 11:04:00 pm","69.7","76.8","70.3","62.1","point"
"2024-01-12 11:05:00 pm","69.7","76.8","70.3","62.1","point"
"2024-01-12 11:06:00 pm","69.7","76.9","70.3","62.2","point"
"2024-01-12 11:07:00 pm","69.7","76.9","70.3","62.2","point"
"2024-01-12 11:08:00 pm","69.7","76.9","70.3","62.2","point"
"2024-01-12 11:09:00 pm","69.6","76.9","70.3","62.1","point"
"2024-01-12 11:10:00 pm","69.7","76.9","70.3","62.2","point"
"2024-01-12 11:11:00 pm","69.7","76.8","70.3","62.1","point"
"2024-01-12 11:12:00 pm","69.6","76.9","70.3","62.1","point"
"2024-01-12 11:13:00 pm","69.6","77.0","70.3","62.1","point"
"2024-01-12 11:14:00 pm","69.7","76.9","70.3","62.2","point"
"2024-01-12 11:15:00 pm","69.6","76.8","70.0","62.0","point"
"2024-01-12 11:16:00 pm","69.7","76.9","70.3","62.2","point"
"2024-01-12 11:17:00 pm","69.7","76.9","70.3","62.1","point"
"2024-01-12 11:18:00 pm","69.6","77.1","70.2","62.1","point"
"2024-01-12 11:19:00 pm","69.6","76.9","70.3","62.1","point"
"2024-01-12 11:20:00 pm","69.6","77.1","70.3","62.1","point"
"2024-01-12 11:21:00 pm","69.6","77.0","70.3","62.1","point"
"2024-01-12 11:22:00 pm","69.6","77.1","70.3","62.1","point"
"2024-01-12 11:23:00 pm","69.6","77.0","70.3","62.1","point"
"2024-01-12 11:24:00 pm","69.7","77.0","70.3","62.1","point"
"2024-01-12 11:25:00 pm","69.6","77.0","70.2","62.0","point"
"2024-01-12 11:26:00 pm","69.6","77.1","70.3","62.1","point"
"2024-01-12 11:27:00 pm","69.7","77.2","70.3","62.2","point"
"2024-01-12 11:28:00 pm","69.6","77.1","70.2","62.1","point"
"2024-01-12 11:29:00 pm","69.6","77.2","70.3","62.2","point"
"2024-01-12 11:30:00 pm","69.6","77.2","70.3","62.2","point"
"2024-01-12 11:31:00 pm","69.7","77.4","70.3","62.3","point"
"2024-01-12 11:32:00 pm","69.6","77.4","70.3","62.3","point"
"2024-01-12 11:33:00 pm","69.6","77.4","70.2","62.2","point"
"2024-01-12 11:34:00 pm","69.6","77.2","70.3","62.2","point"
"2024-01-12 11:35:00 pm","69.7","77.3","70.3","62.2","point"
"2024-01-12 11:36:00 pm","69.7","77.2","70.3","62.2","point"
"2024-01-12 11:37:00 pm","69.7","77.3","70.3","62.2","point"
"2024-01-12 11:38:00 pm","69.7","77.2","70.3","62.2","point"
"2024-01-12 11:39:00 pm","69.7","77.3","70.3","62.2","point"
"2024-01-12 11:40:00 pm","69.6","77.2","70.3","62.2","point"
"2024-01-12 11:41:00 pm","69.6","77.2","70.3","62.2","point"
"2024-01-12 11:42:00 pm","69.7","77.2","70.3","62.3","point"
"2024-01-12 11:43:00 pm","69.7","77.4","70.3","62.3","point"
"2024-01-12 11:44:00 pm","69.7","77.3","70.3","62.3","point"
"2024-01-12 11:45:00 pm","69.7","77.1","70.3","62.2","point"
"2024-01-12 11:46:00 pm","69.6","77.1","70.2","62.1","point"
"2024-01-12 11:47:00 pm","69.6","77.2","70.3","62.2","point"
"2024-01-12 11:48:00 pm","69.6","77.3","70.3","62.2","point"
"2024-01-12 11:49:00 pm","69.6","77.1","70.2","62.1","point"
"2024-01-12 11:50:00 pm","69.6","77.1","70.2","62.1","point"
"2024-01-12 11:51:00 pm","69.6","77.2","70.3","62.2","point"
"2024-01-12 11:52:00 pm","69.6","77.2","70.2","62.1","point"
"2024-01-12 11:53:00 pm","69.5","77.1","70.2","62.0","point"
"2024-01-12 11:54:00 pm","69.5","77.2","70.2","62.1","point"
"2024-01-12 11:55:00 pm","69.5","77.2","70.2","62.0","point"
"2024-01-12 11:56:00 pm","69.7","77.2","70.3","62.2","point"
"2024-01-12 11:57:00 pm","69.6","77.1","70.2","62.1","point"
"2024-01-12 11:58:00 pm","69.6","77.3","70.2","62.2","point"
"2024-01-12 11:59:00 pm","69.5","77.2","70.2","62.1","point"
"2024-01-13 12:00:00 am","69.5","77.4","70.2","62.2","point"
"2024-01-13 12:01:00 am","69.6","77.3","70.2","62.2","point"
"2024-01-13 12:02:00 am","69.5","77.1","70.2","62.0","point"
"2024-01-13 12:03:00 am","69.5","77.1","70.2","62.1","point"
"2024-01-13 12:04:00 am","69.5","77.1","70.2","62.0","point"
"2024-01-13 12:05:00 am","69.5","77.1","70.2","62.1","point"
"2024-01-13 12:06:00 am","69.5","77.2","70.2","62.1","point"
"2024-01-13 12:07:00 am","69.5","77.1","70.2","62.0","point"
"2024-01-13 12:08:00 am","69.5","77.2","70.2","62.1","point"
"2024-01-13 12:09:00 am","69.6","77.3","70.3","62.2","point"
"2024-01-13 12:10:00 am","69.5","77.1","70.2","62.1","point"
"2024-01-13 12:11:00 am","69.5","77.2","70.2","62.1","point"
"2024-01-13 12:12:00 am","69.5","77.1","70.2","62.0","point"
"2024-01-13 12:13:00 am","69.5","77.2","70.2","62.1","point"
"2024-01-13 12:14:00 am","69.5","77.2","70.2","62.1","point"
"2024-01-13 12:15:00 am","69.6","77.2","70.2","62.2","point"
"2024-01-13 12:16:00 am","69.5","77.3","70.2","62.1","point"
"2024-01-13 12:17:00 am","69.5","77.2","70.2","62.1","point"
"2024-01-13 12:18:00 am","69.5","77.3","70.2","62.1","point"
"2024-01-13 12:19:00 am","69.5","77.2","70.2","62.0","point"
"2024-01-13 12:20:00 am","69.5","77.3","70.2","62.1","point"
"2024-01-13 12:21:00 am","69.5","77.2","70.2","62.1","point"
"2024-01-13 12:22:00 am","69.5","77.5","70.2","62.1","point"
"2024-01-13 12:23:00 am","69.5","77.5","70.2","62.2","point"
"2024-01-13 12:24:00 am","69.5","77.4","70.2","62.1","point"
"2024-01-13 12:25:00 am","69.5","77.5","70.2","62.1","point"
"2024-01-13 12:26:00 am","69.5","77.4","70.2","62.2","point"
"2024-01-13 12:27:00 am","69.5","77.3","70.2","62.1","point"
"2024-01-13 12:28:00 am","69.5","77.3","70.2","62.1","point"
"2024-01-13 12:29:00 am","69.5","77.3","70.2","62.1","point"
"2024-01-13 12:30:00 am","69.5","77.3","70.2","62.1","point"
"2024-01-13 12:31:00 am","69.4","77.3","69.8","62.0","point"
"2024-01-13 12:32:00 am","69.5","77.3","70.2","62.1","point"
"2024-01-13 12:33:00 am","69.4","77.5","69.8","62.1","point"
"2024-01-13 12:34:00 am","69.4","77.4","69.8","62.0","point"
"2024-01-13 12:35:00 am","69.4","77.4","69.8","62.0","point"
"2024-01-13 12:36:00 am","69.4","77.4","69.8","62.0","point"
"2024-01-13 12:37:00 am","69.5","77.6","70.2","62.2","point"
"2024-01-13 12:38:00 am","69.4","77.5","69.8","62.0","point"
"2024-01-13 12:39:00 am","69.5","77.6","70.2","62.2","point"
"2024-01-13 12:40:00 am","69.6","77.5","70.2","62.2","point"
"2024-01-13 12:41:00 am","69.6","77.6","70.2","62.3","point"
"2024-01-13 12:42:00 am","69.6","77.6","70.3","62.3","point"
"2024-01-13 12:43:00 am","69.6","77.6","70.2","62.3","point"
"2024-01-13 12:44:00 am","69.6","77.5","70.3","62.3","point"
"2024-01-13 12:45:00 am","69.6","77.5","70.2","62.2","point"
"2024-01-13 12:46:00 am","69.6","77.6","70.3","62.3","point"
"2024-01-13 12:47:00 am","69.7","77.5","70.3","62.3","point"
"2024-01-13 12:48:00 am","69.5","77.3","70.2","62.1","point"
"2024-01-13 12:49:00 am","69.6","77.2","70.3","62.2","point"
"2024-01-13 12:50:00 am","69.5","76.6","70.0","61.8","point"
"2024-01-13 12:51:00 am","69.5","76.9","70.0","61.9","point"
"2024-01-13 12:52:00 am","69.5","77.1","70.2","62.0","point"
"2024-01-13 12:53:00 am","69.5","77.1","70.2","62.1","point"
"2024-01-13 12:54:00 am","69.5","77.1","70.2","62.0","point"
"2024-01-13 12:55:00 am","69.4","77.2","69.8","62.0","point"
"2024-01-13 12:56:00 am","69.5","77.2","70.2","62.0","point"
"2024-01-13 12:57:00 am","69.5","77.2","70.2","62.0","point"
"2024-01-13 12:58:00 am","69.5","77.1","70.2","62.0","point"
"2024-01-13 12:59:00 am","69.4","77.3","69.8","62.0","point"
"2024-01-13 01:00:00 am","69.4","77.3","69.8","62.0","point"
"2024-01-13 01:01:00 am","69.4","77.3","69.8","62.0","point"
"2024-01-13 01:02:00 am","69.4","77.2","69.8","61.9","point"
"2024-01-13 01:03:00 am","69.4","77.4","69.8","62.0","point"
"2024-01-13 01:04:00 am","69.4","77.4","69.8","62.0","point"
"2024-01-13 01:05:00 am","69.4","77.4","69.8","62.0","point"
"2024-01-13 01:06:00 am","69.4","77.4","69.8","62.0","point"
"2024-01-13 01:07:00 am","69.4","77.3","69.8","62.0","point"
"2024-01-13 01:08:00 am","69.4","77.4","69.8","62.0","point"
"2024-01-13 01:09:00 am","69.4","77.4","69.8","62.0","point"
"2024-01-13 01:10:00 am","69.3","77.4","69.8","61.9","point"
"2024-01-13 01:11:00 am","69.4","77.5","69.8","62.0","point"
"2024-01-13 01:12:00 am","69.3","77.5","69.8","62.0","point"
"2024-01-13 01:13:00 am","69.4","77.3","69.8","61.9","point"
"2024-01-13 01:14:00 am","69.4","77.2","69.8","62.0","point"
"2024-01-13 01:15:00 am","69.5","77.3","70.2","62.1","point"
"2024-01-13 01:16:00 am","69.4","77.5","69.8","62.1","point"
"2024-01-13 01:17:00 am","69.3","77.5","69.8","61.9","point"
"2024-01-13 01:18:00 am","69.4","77.5","69.8","62.0","point"
"2024-01-13 01:19:00 am","69.4","77.4","69.8","62.1","point"
"2024-01-13 01:20:00 am","69.4","77.6","69.8","62.1","point"
"2024-01-13 01:21:00 am","69.4","77.4","69.8","62.0","point"
"2024-01-13 01:22:00 am","69.4","77.4","69.8","62.0","point"
"2024-01-13 01:23:00 am","69.5","77.5","70.2","62.1","point"
"2024-01-13 01:24:00 am","69.4","77.6","69.8","62.0","point"
"2024-01-13 01:25:00 am","69.3","77.3","69.8","61.8","point"
"2024-01-13 01:26:00 am","69.4","77.5","69.8","62.0","point"
"2024-01-13 01:27:00 am","69.5","77.4","70.2","62.1","point"
"2024-01-13 01:28:00 am","69.3","77.5","69.8","62.0","point"
"2024-01-13 01:29:00 am","69.3","77.5","69.8","61.9","point"
"2024-01-13 01:30:00 am","69.3","77.5","69.8","62.0","point"
"2024-01-13 01:31:00 am","69.4","77.4","69.8","62.0","point"
"2024-01-13 01:32:00 am","69.4","77.4","69.8","62.0","point"
"2024-01-13 01:33:00 am","69.4","77.4","69.8","62.1","point"
"2024-01-13 01:34:00 am","69.4","77.2","69.8","61.9","point"
"2024-01-13 01:35:00 am","69.4","77.2","69.8","61.9","point"
"2024-01-13 01:36:00 am","69.4","77.4","69.8","62.0","point"
"2024-01-13 01:37:00 am","69.4","77.1","69.8","61.9","point"
"2024-01-13 01:38:00 am","69.4","77.2","69.8","61.9","point"
"2024-01-13 01:39:00 am","69.4","77.4","69.8","62.0","point"
"2024-01-13 01:40:00 am","69.4","77.3","69.8","61.9","point"
"2024-01-13 01:41:00 am","69.4","77.3","69.8","62.0","point"
"2024-01-13 01:42:00 am","69.4","77.3","69.8","61.9","point"
"2024-01-13 01:43:00 am","69.4","77.3","69.8","61.9","point"
"2024-01-13 01:44:00 am","69.4","77.3","69.8","61.9","point"
"2024-01-13 01:45:00 am","69.3","77.1","69.8","61.8","point"
"2024-01-13 01:46:00 am","69.3","77.0","69.8","61.8","point"
"2024-01-13 01:47:00 am","69.4","77.1","69.8","61.9","point"
"2024-01-13 01:48:00 am","69.3","77.1","69.8","61.8","point"
"2024-01-13 01:49:00 am","69.3","77.0","69.8","61.8","point"
"2024-01-13 01:50:00 am","69.3","77.1","69.8","61.8","point"
"2024-01-13 01:51:00 am","69.3","77.2","69.8","61.8","point"
"2024-01-13 01:52:00 am","69.3","77.2","69.8","61.8","point"
"2024-01-13 01:53:00 am","69.2","77.2","69.6","61.8","point"
"2024-01-13 01:54:00 am","69.3","77.2","69.8","61.8","point"
"2024-01-13 01:55:00 am","69.3","77.1","69.8","61.8","point"
"2024-01-13 01:56:00 am","69.4","77.1","69.8","61.9","point"
"2024-01-13 01:57:00 am","69.3","77.2","69.8","61.8","point"
"2024-01-13 01:58:00 am","69.3","77.1","69.8","61.8","point"
"2024-01-13 01:59:00 am","69.2","77.0","69.6","61.7","point"
"2024-01-13 02:00:00 am","69.2","77.1","69.6","61.7","point"
"2024-01-13 02:01:00 am","69.1","77.1","69.6","61.6","point"
"2024-01-13 02:02:00 am","69.3","77.0","69.8","61.8","point"
"2024-01-13 02:03:00 am","69.2","77.0","69.6","61.7","point"
"2024-01-13 02:04:00 am","69.1","77.1","69.6","61.6","point"
"2024-01-13 02:05:00 am","69.2","77.2","69.6","61.7","point"
"2024-01-13 02:06:00 am","69.3","77.2","69.8","61.8","point"
"2024-01-13 02:07:00 am","69.1","77.1","69.6","61.7","point"
"2024-01-13 02:08:00 am","69.3","77.3","69.8","61.8","point"
"2024-01-13 02:09:00 am","69.2","77.1","69.6","61.8","point"
"2024-01-13 02:10:00 am","69.2","77.2","69.6","61.8","point"
"2024-01-13 02:11:00 am","69.1","77.2","69.6","61.6","point"
"2024-01-13 02:12:00 am","69.3","77.3","69.8","61.8","point"
"2024-01-13 02:13:00 am","69.1","77.1","69.6","61.7","point"
"2024-01-13 02:14:00 am","69.2","77.2","69.6","61.7","point"
"2024-01-13 02:15:00 am","69.2","77.2","69.6","61.7","point"
"2024-01-13 02:16:00 am","69.2","77.4","69.6","61.8","point"
"2024-01-13 02:17:00 am","69.2","77.3","69.6","61.8","point"
"2024-01-13 02:18:00 am","69.1","77.3","69.6","61.7","point"
"2024-01-13 02:19:00 am","69.1","77.3","69.6","61.7","point"
"2024-01-13 02:20:00 am","69.3","77.3","69.8","61.9","point"
"2024-01-13 02:21:00 am","69.1","77.3","69.6","61.7","point"
"2024-01-13 02:22:00 am","69.2","77.3","69.6","61.8","point"
"2024-01-13 02:23:00 am","69.2","77.4","69.6","61.8","point"
"2024-01-13 02:24:00 am","69.1","77.3","69.6","61.7","point"
"2024-01-13 02:25:00 am","69.1","77.4","69.6","61.8","point"
"2024-01-13 02:26:00 am","69.2","77.3","69.6","61.8","point"
"2024-01-13 02:27:00 am","69.2","77.3","69.6","61.8","point"
"2024-01-13 02:28:00 am","69.1","77.4","69.6","61.8","point"
"2024-01-13 02:29:00 am","69.2","77.3","69.6","61.8","point"
"2024-01-13 02:30:00 am","69.1","77.4","69.6","61.8","point"
"2024-01-13 02:31:00 am","69.1","77.2","69.6","61.7","point"
"2024-01-13 02:32:00 am","69.1","77.2","69.6","61.7","point"
"2024-01-13 02:33:00 am","69.2","77.3","69.6","61.8","point"
"2024-01-13 02:34:00 am","69.2","77.3","69.6","61.8","point"
"2024-01-13 02:35:00 am","69.2","77.4","69.6","61.8","point"
"2024-01-13 02:36:00 am","69.1","77.3","69.6","61.8","point"
"2024-01-13 02:37:00 am","69.1","77.1","69.6","61.6","point"
"2024-01-13 02:38:00 am","69.1","77.1","69.6","61.7","point"
"2024-01-13 02:39:00 am","69.1","77.2","69.6","61.7","point"
"2024-01-13 02:40:00 am","69.1","77.3","69.6","61.8","point"
"2024-01-13 02:41:00 am","69.1","77.3","69.6","61.7","point"
"2024-01-13 02:42:00 am","69.2","77.2","69.6","61.7","point"
"2024-01-13 02:43:00 am","69.1","77.3","69.4","61.7","point"
"2024-01-13 02:44:00 am","69.1","77.4","69.4","61.7","point"
"2024-01-13 02:45:00 am","69.1","77.3","69.6","61.8","point"
"2024-01-13 02:46:00 am","69.1","77.5","69.6","61.8","point"
"2024-01-13 02:47:00 am","69.1","77.5","69.4","61.7","point"
"2024-01-13 02:48:00 am","69.1","77.6","69.6","61.8","point"
"2024-01-13 02:49:00 am","69.2","77.5","69.6","61.9","point"
"2024-01-13 02:50:00 am","69.1","77.6","69.6","61.8","point"
"2024-01-13 02:51:00 am","69.0","77.6","69.4","61.7","point"
"2024-01-13 02:52:00 am","69.0","77.5","69.4","61.7","point"
"2024-01-13 02:53:00 am","69.2","77.6","69.6","61.9","point"
"2024-01-13 02:54:00 am","69.0","77.6","69.4","61.7","point"
"2024-01-13 02:55:00 am","69.1","77.6","69.6","61.9","point"
"2024-01-13 02:56:00 am","69.1","77.6","69.6","61.8","point"
"2024-01-13 02:57:00 am","69.1","77.5","69.4","61.8","point"
"2024-01-13 02:58:00 am","69.1","77.5","69.6","61.8","point"
"2024-01-13 02:59:00 am","69.1","77.5","69.6","61.7","point"
"2024-01-13 03:00:00 am","69.0","77.4","69.4","61.7","point"
"2024-01-13 03:01:00 am","69.1","77.4","69.4","61.7","point"
"2024-01-13 03:02:00 am","69.1","77.4","69.6","61.7","point"
"2024-01-13 03:03:00 am","69.2","77.3","69.6","61.8","point"
"2024-01-13 03:04:00 am","69.1","77.5","69.4","61.7","point"
"2024-01-13 03:05:00 am","69.0","77.5","69.4","61.7","point"
"2024-01-13 03:06:00 am","69.1","77.5","69.4","61.8","point"
"2024-01-13 03:07:00 am","69.1","77.5","69.6","61.8","point"
"2024-01-13 03:08:00 am","69.1","77.6","69.4","61.8","point"
"2024-01-13 03:09:00 am","69.1","77.6","69.4","61.8","point"
"2024-01-13 03:10:00 am","69.1","77.5","69.6","61.8","point"
"2024-01-13 03:11:00 am","69.1","77.6","69.4","61.8","point"
"2024-01-13 03:12:00 am","69.1","77.6","69.4","61.8","point"
"2024-01-13 03:13:00 am","69.1","77.6","69.4","61.8","point"
"2024-01-13 03:14:00 am","69.1","77.7","69.6","61.9","point"
"2024-01-13 03:15:00 am","69.1","77.7","69.6","61.8","point"
"2024-01-13 03:16:00 am","69.1","77.6","69.4","61.8","point"
"2024-01-13 03:17:00 am","69.0","77.5","69.4","61.7","point"
"2024-01-13 03:18:00 am","69.1","77.5","69.4","61.7","point"
"2024-01-13 03:19:00 am","68.9","77.6","69.4","61.6","point"
"2024-01-13 03:20:00 am","69.1","77.7","69.4","61.8","point"
"2024-01-13 03:21:00 am","68.9","77.6","69.4","61.6","point"
"2024-01-13 03:22:00 am","68.9","77.5","69.4","61.6","point"
"2024-01-13 03:23:00 am","69.0","77.6","69.4","61.7","point"
"2024-01-13 03:24:00 am","68.9","77.6","69.4","61.7","point"
"2024-01-13 03:25:00 am","68.9","77.7","69.4","61.7","point"
"2024-01-13 03:26:00 am","69.0","77.7","69.4","61.8","point"
"2024-01-13 03:27:00 am","69.0","77.6","69.4","61.7","point"
"2024-01-13 03:28:00 am","69.0","77.6","69.4","61.8","point"
"2024-01-13 03:29:00 am","68.9","77.7","69.4","61.7","point"
"2024-01-13 03:30:00 am","68.9","77.5","69.4","61.6","point"
"2024-01-13 03:31:00 am","69.0","77.6","69.4","61.7","point"
"2024-01-13 03:32:00 am","68.9","77.6","69.1","61.6","point"
"2024-01-13 03:33:00 am","68.9","77.6","69.1","61.6","point"
"2024-01-13 03:34:00 am","68.9","77.4","69.4","61.5","point"
"2024-01-13 03:35:00 am","68.8","77.4","69.1","61.4","point"
"2024-01-13 03:36:00 am","68.9","77.5","69.4","61.6","point"
"2024-01-13 03:37:00 am","69.0","77.3","69.4","61.6","point"
"2024-01-13 03:38:00 am","68.9","77.3","69.4","61.5","point"
"2024-01-13 03:39:00 am","68.9","77.4","69.4","61.5","point"
"2024-01-13 03:40:00 am","68.8","77.3","69.1","61.4","point"
"2024-01-13 03:41:00 am","68.7","77.4","69.1","61.4","point"
"2024-01-13 03:42:00 am","68.9","77.4","69.4","61.5","point"
"2024-01-13 03:43:00 am","68.9","77.4","69.1","61.5","point"
"2024-01-13 03:44:00 am","68.8","77.5","69.1","61.4","point"
"2024-01-13 03:45:00 am","68.8","77.3","69.1","61.4","point"
"2024-01-13 03:46:00 am","68.8","77.5","69.1","61.4","point"
"2024-01-13 03:47:00 am","68.7","77.4","69.1","61.4","point"
"2024-01-13 03:48:00 am","68.7","77.3","68.9","61.3","point"
"2024-01-13 03:49:00 am","68.8","77.5","69.1","61.4","point"
"2024-01-13 03:50:00 am","68.9","77.3","69.1","61.5","point"
"2024-01-13 03:51:00 am","68.7","77.2","68.9","61.3","point"
"2024-01-13 03:52:00 am","68.6","77.1","68.9","61.2","point"
"2024-01-13 03:53:00 am","68.7","77.2","69.1","61.3","point"
"2024-01-13 03:54:00 am","68.8","77.2","69.1","61.4","point"
"2024-01-13 03:55:00 am","68.7","77.0","69.1","61.2","point"
"2024-01-13 03:56:00 am","68.7","77.0","68.9","61.2","point"
"2024-01-13 03:57:00 am","68.7","77.2","68.9","61.3","point"
"2024-01-13 03:58:00 am","68.6","77.0","68.9","61.2","point"
"2024-01-13 03:59:00 am","68.7","77.0","68.9","61.2","point"
"2024-01-13 04:00:00 am","68.6","77.0","68.9","61.2","point"
"2024-01-13 04:01:00 am","68.6","76.8","68.9","61.1","point"
"2024-01-13 04:02:00 am","68.6","76.8","68.9","61.1","point"
"2024-01-13 04:03:00 am","68.7","77.1","68.9","61.2","point"
"2024-01-13 04:04:00 am","68.6","77.2","68.9","61.2","point"
"2024-01-13 04:05:00 am","68.6","77.0","68.9","61.1","point"
"2024-01-13 04:06:00 am","68.6","76.9","68.9","61.0","point"
"2024-01-13 04:07:00 am","68.6","77.0","68.9","61.1","point"
"2024-01-13 04:08:00 am","68.6","77.1","68.9","61.2","point"
"2024-01-13 04:09:00 am","68.6","77.2","68.9","61.2","point"
"2024-01-13 04:10:00 am","68.7","77.1","68.9","61.2","point"
"2024-01-13 04:11:00 am","68.6","77.3","68.9","61.2","point"
"2024-01-13 04:12:00 am","68.6","77.1","68.9","61.1","point"
"2024-01-13 04:13:00 am","68.6","77.0","68.9","61.2","point"
"2024-01-13 04:14:00 am","68.6","77.0","68.9","61.1","point"
"2024-01-13 04:15:00 am","68.5","77.0","68.7","61.0","point"
"2024-01-13 04:16:00 am","68.6","77.2","68.9","61.2","point"
"2024-01-13 04:17:00 am","68.6","76.9","68.9","61.0","point"
"2024-01-13 04:18:00 am","68.5","76.9","68.7","60.9","point"
"2024-01-13 04:19:00 am","68.5","77.0","68.7","61.0","point"
"2024-01-13 04:20:00 am","68.5","77.0","68.7","61.0","point"
"2024-01-13 04:21:00 am","68.5","77.0","68.7","60.9","point"
"2024-01-13 04:22:00 am","68.5","76.8","68.5","61.0","point"
"2024-01-13 04:23:00 am","68.4","77.0","68.7","60.9","point"
"2024-01-13 04:24:00 am","68.5","77.1","68.7","61.0","point"
"2024-01-13 04:25:00 am","68.5","77.1","68.7","61.1","point"
"2024-01-13 04:26:00 am","68.5","77.1","68.7","61.0","point"
"2024-01-13 04:27:00 am","68.5","77.0","68.7","61.0","point"
"2024-01-13 04:28:00 am","68.5","77.0","68.7","60.9","point"
"2024-01-13 04:29:00 am","68.5","77.0","68.7","61.0","point"
"2024-01-13 04:30:00 am","68.5","77.0","68.7","61.0","point"
"2024-01-13 04:31:00 am","68.5","76.9","68.7","61.0","point"
"2024-01-13 04:32:00 am","68.5","77.0","68.7","60.9","point"
"2024-01-13 04:33:00 am","68.5","77.0","68.7","60.9","point"
"2024-01-13 04:34:00 am","68.4","77.0","68.7","60.9","point"
"2024-01-13 04:35:00 am","68.5","76.9","68.7","61.0","point"
"2024-01-13 04:36:00 am","68.5","76.9","68.7","61.0","point"
"2024-01-13 04:37:00 am","68.5","77.0","68.7","61.0","point"
"2024-01-13 04:38:00 am","68.4","77.0","68.7","60.9","point"
"2024-01-13 04:39:00 am","68.5","76.9","68.7","60.9","point"
"2024-01-13 04:40:00 am","68.4","76.8","68.5","60.9","point"
"2024-01-13 04:41:00 am","68.3","76.9","68.4","60.8","point"
"2024-01-13 04:42:00 am","68.4","76.9","68.5","60.9","point"
"2024-01-13 04:43:00 am","68.4","76.9","68.5","60.9","point"
"2024-01-13 04:44:00 am","68.4","76.7","68.5","60.8","point"
"2024-01-13 04:45:00 am","68.3","76.8","68.4","60.7","point"
"2024-01-13 04:46:00 am","68.4","76.8","68.5","60.8","point"
"2024-01-13 04:47:00 am","68.4","76.9","68.7","60.9","point"
"2024-01-13 04:48:00 am","68.4","76.9","68.7","60.8","point"
"2024-01-13 04:49:00 am","68.3","76.8","68.4","60.8","point"
"2024-01-13 04:50:00 am","68.4","76.9","68.7","60.8","point"
"2024-01-13 04:51:00 am","68.4","76.9","68.5","60.9","point"
"2024-01-13 04:52:00 am","68.4","76.8","68.5","60.8","point"
"2024-01-13 04:53:00 am","68.3","76.9","68.5","60.8","point"
"2024-01-13 04:54:00 am","68.3","77.0","68.5","60.9","point"
"2024-01-13 04:55:00 am","68.3","76.9","68.5","60.8","point"
"2024-01-13 04:56:00 am","68.3","76.9","68.5","60.8","point"
"2024-01-13 04:57:00 am","68.3","77.1","68.5","60.8","point"
"2024-01-13 04:58:00 am","68.4","76.8","68.5","60.8","point"
"2024-01-13 04:59:00 am","68.3","77.0","68.5","60.8","point"
"2024-01-13 05:00:00 am","68.3","77.0","68.5","60.9","point"
"2024-01-13 05:01:00 am","68.3","76.9","68.5","60.8","point"
"2024-01-13 05:02:00 am","68.3","77.1","68.5","60.9","point"
"2024-01-13 05:03:00 am","68.3","77.1","68.5","60.9","point"
"2024-01-13 05:04:00 am","68.4","76.9","68.5","60.8","point"
"2024-01-13 05:05:00 am","68.3","77.2","68.5","60.8","point"
"2024-01-13 05:06:00 am","68.3","77.2","68.5","60.9","point"
"2024-01-13 05:07:00 am","68.4","77.2","68.7","60.9","point"
"2024-01-13 05:08:00 am","68.3","77.3","68.5","60.9","point"
"2024-01-13 05:09:00 am","68.4","77.1","68.7","60.9","point"
"2024-01-13 05:10:00 am","68.4","77.3","68.7","61.0","point"
"2024-01-13 05:11:00 am","68.3","77.5","68.5","61.0","point"
"2024-01-13 05:12:00 am","68.3","77.3","68.5","60.9","point"
"2024-01-13 05:13:00 am","68.3","77.2","68.5","60.9","point"
"2024-01-13 05:14:00 am","68.3","77.3","68.5","60.9","point"
"2024-01-13 05:15:00 am","68.3","77.3","68.5","60.9","point"
"2024-01-13 05:16:00 am","68.3","77.3","68.5","60.9","point"
"2024-01-13 05:17:00 am","68.3","77.4","68.5","60.9","point"
"2024-01-13 05:18:00 am","68.3","77.5","68.5","60.9","point"
"2024-01-13 05:19:00 am","68.3","77.3","68.5","60.9","point"
"2024-01-13 05:20:00 am","68.3","77.5","68.5","60.9","point"
"2024-01-13 05:21:00 am","68.3","77.5","68.5","61.0","point"
"2024-01-13 05:22:00 am","68.3","77.5","68.5","61.0","point"
"2024-01-13 05:23:00 am","68.3","77.6","68.5","61.0","point"
"2024-01-13 05:24:00 am","68.3","77.6","68.5","61.0","point"
"2024-01-13 05:25:00 am","68.4","77.6","68.7","61.1","point"
"2024-01-13 05:26:00 am","68.3","77.6","68.5","61.1","point"
"2024-01-13 05:27:00 am","68.3","77.7","68.5","61.1","point"
"2024-01-13 05:28:00 am","68.4","77.8","68.7","61.2","point"
"2024-01-13 05:29:00 am","68.3","77.7","68.5","61.1","point"
"2024-01-13 05:30:00 am","68.3","77.7","68.5","61.1","point"
"2024-01-13 05:31:00 am","68.3","77.7","68.5","61.1","point"
"2024-01-13 05:32:00 am","68.4","77.8","68.7","61.1","point"
"2024-01-13 05:33:00 am","68.4","77.9","68.7","61.3","point"
"2024-01-13 05:34:00 am","68.4","78.0","68.7","61.2","point"
"2024-01-13 05:35:00 am","68.4","77.9","68.7","61.3","point"
"2024-01-13 05:36:00 am","68.3","77.9","68.5","61.2","point"
"2024-01-13 05:37:00 am","68.3","78.0","68.5","61.2","point"
"2024-01-13 05:38:00 am","68.4","78.1","68.7","61.3","point"
"2024-01-13 05:39:00 am","68.3","78.0","68.5","61.2","point"
"2024-01-13 05:40:00 am","68.4","78.0","68.7","61.3","point"
"2024-01-13 05:41:00 am","68.4","78.1","68.7","61.3","point"
"2024-01-13 05:42:00 am","68.3","78.0","68.5","61.2","point"
"2024-01-13 05:43:00 am","68.4","78.0","68.7","61.3","point"
"2024-01-13 05:44:00 am","68.4","78.1","68.7","61.3","point"
"2024-01-13 05:45:00 am","68.3","78.0","68.5","61.2","point"
"2024-01-13 05:46:00 am","68.5","78.1","68.7","61.4","point"
"2024-01-13 05:47:00 am","68.4","78.0","68.7","61.3","point"
"2024-01-13 05:48:00 am","68.3","78.1","68.5","61.3","point"
"2024-01-13 05:49:00 am","68.4","78.1","68.7","61.3","point"
"2024-01-13 05:50:00 am","68.3","78.3","68.5","61.3","point"
"2024-01-13 05:51:00 am","68.3","78.2","68.5","61.2","point"
"2024-01-13 05:52:00 am","68.4","78.1","68.7","61.3","point"
"2024-01-13 05:53:00 am","68.3","78.3","68.5","61.3","point"
"2024-01-13 05:54:00 am","68.3","78.2","68.5","61.3","point"
"2024-01-13 05:55:00 am","68.5","78.1","68.7","61.4","point"
"2024-01-13 05:56:00 am","68.4","78.3","68.7","61.4","point"
"2024-01-13 05:57:00 am","68.4","78.3","68.7","61.4","point"
"2024-01-13 05:58:00 am","68.4","78.3","68.7","61.3","point"
"2024-01-13 05:59:00 am","68.4","78.3","68.7","61.3","point"
"2024-01-13 06:00:00 am","68.3","78.3","68.5","61.3","point"
"2024-01-13 06:01:00 am","68.4","78.3","68.7","61.4","point"
"2024-01-13 06:02:00 am","68.4","78.3","68.7","61.4","point"
"2024-01-13 06:03:00 am","68.4","78.6","68.7","61.4","point"
"2024-01-13 06:04:00 am","68.4","78.5","68.7","61.4","point"
"2024-01-13 06:05:00 am","68.4","78.4","68.7","61.4","point"
"2024-01-13 06:06:00 am","68.4","78.5","68.7","61.4","point"
"2024-01-13 06:07:00 am","68.4","78.5","68.7","61.4","point"
"2024-01-13 06:08:00 am","68.5","78.6","68.7","61.6","point"
"2024-01-13 06:09:00 am","68.4","78.5","68.7","61.5","point"
"2024-01-13 06:10:00 am","68.4","78.5","68.7","61.5","point"
"2024-01-13 06:11:00 am","68.5","78.4","68.7","61.5","point"
"2024-01-13 06:12:00 am","68.4","78.5","68.7","61.4","point"
"2024-01-13 06:13:00 am","68.4","78.5","68.7","61.4","point"
"2024-01-13 06:14:00 am","68.5","78.5","68.7","61.5","point"
"2024-01-13 06:15:00 am","68.5","78.5","68.7","61.5","point"
"2024-01-13 06:16:00 am","68.4","78.5","68.7","61.4","point"
"2024-01-13 06:17:00 am","68.5","78.6","68.7","61.5","point"
"2024-01-13 06:18:00 am","68.4","78.6","68.7","61.5","point"
"2024-01-13 06:19:00 am","68.4","78.5","68.7","61.5","point"
"2024-01-13 06:20:00 am","68.4","78.5","68.7","61.5","point"
"2024-01-13 06:21:00 am","68.5","78.6","68.7","61.5","point"
"2024-01-13 06:22:00 am","68.5","78.6","68.7","61.6","point"
"2024-01-13 06:23:00 am","68.4","78.8","68.7","61.5","point"
"2024-01-13 06:24:00 am","68.4","78.7","68.7","61.5","point"
"2024-01-13 06:25:00 am","68.4","78.6","68.7","61.5","point"
"2024-01-13 06:26:00 am","68.5","78.6","68.7","61.6","point"
"2024-01-13 06:27:00 am","68.4","78.8","68.7","61.6","point"
"2024-01-13 06:28:00 am","68.5","78.7","68.7","61.6","point"
"2024-01-13 06:29:00 am","68.5","78.9","68.9","61.6","point"
"2024-01-13 06:30:00 am","68.5","78.8","68.9","61.7","point"
"2024-01-13 06:31:00 am","68.3","78.8","68.7","61.5","point"
"2024-01-13 06:32:00 am","68.4","79.0","68.9","61.6","point"
"2024-01-13 06:33:00 am","68.4","79.0","68.9","61.6","point"
"2024-01-13 06:34:00 am","68.4","79.0","68.9","61.6","point"
"2024-01-13 06:35:00 am","68.4","79.0","68.9","61.6","point"
"2024-01-13 06:36:00 am","68.5","79.0","68.9","61.7","point"
"2024-01-13 06:37:00 am","68.4","79.0","68.9","61.6","point"
"2024-01-13 06:38:00 am","68.5","78.9","68.9","61.7","point"
"2024-01-13 06:39:00 am","68.4","79.0","68.9","61.6","point"
"2024-01-13 06:40:00 am","68.5","79.0","68.9","61.8","point"
"2024-01-13 06:41:00 am","68.5","79.1","68.9","61.7","point"
"2024-01-13 06:42:00 am","68.4","79.0","68.9","61.7","point"
"2024-01-13 06:43:00 am","68.5","79.1","68.9","61.7","point"
"2024-01-13 06:44:00 am","68.5","79.0","68.9","61.7","point"
"2024-01-13 06:45:00 am","68.5","79.0","68.9","61.7","point"
"2024-01-13 06:46:00 am","68.5","79.0","68.9","61.7","point"
"2024-01-13 06:47:00 am","68.4","79.1","68.9","61.7","point"
"2024-01-13 06:48:00 am","68.4","79.0","68.9","61.6","point"
"2024-01-13 06:49:00 am","68.4","79.0","68.9","61.6","point"
"2024-01-13 06:50:00 am","68.5","79.0","68.9","61.7","point"
"2024-01-13 06:51:00 am","68.5","78.9","68.9","61.7","point"
"2024-01-13 06:52:00 am","68.3","78.9","68.7","61.5","point"
"2024-01-13 06:53:00 am","68.5","78.8","68.9","61.6","point"
"2024-01-13 06:54:00 am","68.4","78.9","68.9","61.6","point"
"2024-01-13 06:55:00 am","68.3","78.9","68.7","61.5","point"
"2024-01-13 06:56:00 am","68.4","78.9","68.9","61.5","point"
"2024-01-13 06:57:00 am","68.4","78.9","68.9","61.6","point"
"2024-01-13 06:58:00 am","68.4","78.9","68.9","61.6","point"
"2024-01-13 06:59:00 am","68.4","78.9","68.9","61.6","point"
"2024-01-13 07:00:00 am","68.4","78.9","68.9","61.6","point"
"2024-01-13 07:01:00 am","68.4","79.0","68.9","61.7","point"
"2024-01-13 07:02:00 am","68.4","79.0","68.9","61.6","point"
"2024-01-13 07:03:00 am","68.3","78.9","68.7","61.5","point"
"2024-01-13 07:04:00 am","68.5","79.0","68.9","61.7","point"
"2024-01-13 07:05:00 am","68.5","79.0","68.9","61.7","point"
"2024-01-13 07:06:00 am","68.3","79.0","68.7","61.6","point"
"2024-01-13 07:07:00 am","68.4","79.0","68.9","61.6","point"
"2024-01-13 07:08:00 am","68.3","78.9","68.7","61.5","point"
"2024-01-13 07:09:00 am","68.4","78.9","68.9","61.6","point"
"2024-01-13 07:10:00 am","68.3","79.1","68.7","61.6","point"
"2024-01-13 07:11:00 am","68.3","79.1","68.7","61.6","point"
"2024-01-13 07:12:00 am","68.5","79.1","68.9","61.7","point"
"2024-01-13 07:13:00 am","68.3","78.9","68.7","61.5","point"
"2024-01-13 07:14:00 am","68.3","79.0","68.7","61.6","point"
"2024-01-13 07:15:00 am","68.4","79.1","68.9","61.7","point"
"2024-01-13 07:16:00 am","68.4","79.3","68.9","61.7","point"
"2024-01-13 07:17:00 am","68.4","79.3","68.9","61.7","point"
"2024-01-13 07:18:00 am","68.4","79.4","68.9","61.7","point"
"2024-01-13 07:19:00 am","68.4","79.2","68.9","61.7","point"
"2024-01-13 07:20:00 am","68.4","79.3","68.9","61.7","point"
"2024-01-13 07:21:00 am","68.4","79.3","68.9","61.8","point"
"2024-01-13 07:22:00 am","68.5","79.3","68.9","61.8","point"
"2024-01-13 07:23:00 am","68.4","79.3","68.9","61.8","point"
"2024-01-13 07:24:00 am","68.5","79.4","68.9","61.8","point"
"2024-01-13 07:25:00 am","68.4","79.4","68.9","61.8","point"
"2024-01-13 07:26:00 am","68.5","79.4","68.9","61.8","point"
"2024-01-13 07:27:00 am","68.4","79.4","68.9","61.8","point"
"2024-01-13 07:28:00 am","68.5","79.4","68.9","61.8","point"
"2024-01-13 07:29:00 am","68.4","79.4","68.9","61.8","point"
"2024-01-13 07:30:00 am","68.4","79.4","68.9","61.8","point"
"2024-01-13 07:31:00 am","68.4","79.4","68.9","61.8","point"
"2024-01-13 07:32:00 am","68.4","79.4","68.9","61.8","point"
"2024-01-13 07:33:00 am","68.3","79.5","68.7","61.8","point"
"2024-01-13 07:34:00 am","68.4","79.5","68.9","61.8","point"
"2024-01-13 07:35:00 am","68.3","79.6","68.7","61.8","point"
"2024-01-13 07:36:00 am","68.5","79.5","68.9","61.9","point"
"2024-01-13 07:37:00 am","68.4","79.5","68.9","61.8","point"
"2024-01-13 07:38:00 am","68.5","79.7","68.9","62.0","point"
"2024-01-13 07:39:00 am","68.5","79.7","68.9","61.9","point"
"2024-01-13 07:40:00 am","68.4","79.7","68.9","61.9","point"
"2024-01-13 07:41:00 am","68.4","79.6","68.9","61.8","point"
"2024-01-13 07:42:00 am","68.4","79.8","68.9","61.9","point"
"2024-01-13 07:43:00 am","68.4","79.7","68.9","61.8","point"
"2024-01-13 07:44:00 am","68.4","79.7","68.9","61.9","point"
"2024-01-13 07:45:00 am","68.4","79.7","68.9","61.9","point"
"2024-01-13 07:46:00 am","68.5","79.9","68.9","62.0","point"
"2024-01-13 07:47:00 am","68.5","79.9","68.9","62.1","point"
"2024-01-13 07:48:00 am","68.5","79.9","68.9","62.0","point"
"2024-01-13 07:49:00 am","68.5","80.0","68.9","62.1","point"
"2024-01-13 07:50:00 am","68.5","80.0","68.9","62.0","point"
"2024-01-13 07:51:00 am","68.5","80.0","68.9","62.0","point"
"2024-01-13 07:52:00 am","68.5","80.0","68.9","62.0","point"
"2024-01-13 07:53:00 am","68.4","80.2","68.9","62.0","point"
"2024-01-13 07:54:00 am","68.5","80.2","68.9","62.1","point"
"2024-01-13 07:55:00 am","68.5","80.1","68.9","62.2","point"
"2024-01-13 07:56:00 am","68.5","80.1","68.9","62.1","point"
"2024-01-13 07:57:00 am","68.5","80.0","68.9","62.1","point"
"2024-01-13 07:58:00 am","68.4","80.1","68.9","62.0","point"
"2024-01-13 07:59:00 am","68.6","80.1","69.1","62.2","point"
"2024-01-13 08:00:00 am","68.5","80.1","68.9","62.1","point"
"2024-01-13 08:01:00 am","68.5","80.2","68.9","62.1","point"
"2024-01-13 08:02:00 am","68.5","80.3","68.9","62.2","point"
"2024-01-13 08:03:00 am","68.5","80.2","68.9","62.1","point"
"2024-01-13 08:04:00 am","68.5","80.2","68.9","62.1","point"
"2024-01-13 08:05:00 am","68.5","80.3","68.9","62.1","point"
"2024-01-13 08:06:00 am","68.5","80.2","68.9","62.2","point"
"2024-01-13 08:07:00 am","68.5","80.4","68.9","62.2","point"
"2024-01-13 08:08:00 am","68.5","80.4","68.9","62.2","point"
"2024-01-13 08:09:00 am","68.5","80.3","68.9","62.2","point"
"2024-01-13 08:10:00 am","68.5","80.2","68.9","62.1","point"
"2024-01-13 08:11:00 am","68.4","80.3","68.9","62.1","point"
"2024-01-13 08:12:00 am","68.5","80.5","68.9","62.2","point"
"2024-01-13 08:13:00 am","68.5","80.4","68.9","62.2","point"
"2024-01-13 08:14:00 am","68.4","80.4","68.9","62.1","point"
"2024-01-13 08:15:00 am","68.5","80.4","68.9","62.2","point"
"2024-01-13 08:16:00 am","68.5","80.6","68.9","62.3","point"
"2024-01-13 08:17:00 am","68.5","80.5","68.9","62.2","point"
"2024-01-13 08:18:00 am","68.5","80.5","68.9","62.2","point"
"2024-01-13 08:19:00 am","68.5","80.6","68.9","62.3","point"
"2024-01-13 08:20:00 am","68.5","80.7","68.9","62.3","point"
"2024-01-13 08:21:00 am","68.5","80.6","68.9","62.2","point"
"2024-01-13 08:22:00 am","68.5","80.7","68.9","62.3","point"
"2024-01-13 08:23:00 am","68.5","80.7","68.9","62.3","point"
"2024-01-13 08:24:00 am","68.6","80.8","69.3","62.5","point"
"2024-01-13 08:25:00 am","68.6","80.7","69.3","62.4","point"
"2024-01-13 08:26:00 am","68.5","80.8","68.9","62.4","point"
"2024-01-13 08:27:00 am","68.5","80.8","68.9","62.3","point"
"2024-01-13 08:28:00 am","68.5","80.8","68.9","62.4","point"
"2024-01-13 08:29:00 am","68.5","80.9","68.9","62.4","point"
"2024-01-13 08:30:00 am","68.6","80.9","69.3","62.5","point"
"2024-01-13 08:31:00 am","68.5","80.8","68.9","62.4","point"
"2024-01-13 08:32:00 am","68.6","80.9","69.3","62.5","point"
"2024-01-13 08:33:00 am","68.6","80.9","69.3","62.5","point"
"2024-01-13 08:34:00 am","68.6","80.9","69.3","62.5","point"
"2024-01-13 08:35:00 am","68.6","81.0","69.3","62.5","point"
"2024-01-13 08:36:00 am","68.6","80.9","69.3","62.5","point"
"2024-01-13 08:37:00 am","68.6","81.0","69.3","62.5","point"
"2024-01-13 08:38:00 am","68.6","81.0","69.3","62.5","point"
"2024-01-13 08:39:00 am","68.6","81.1","69.3","62.5","point"
"2024-01-13 08:40:00 am","68.6","81.1","69.3","62.6","point"
"2024-01-13 08:41:00 am","68.6","81.1","69.3","62.5","point"
"2024-01-13 08:42:00 am","68.5","81.0","68.9","62.5","point"
"2024-01-13 08:43:00 am","68.6","81.1","69.3","62.5","point"
"2024-01-13 08:44:00 am","68.7","81.1","69.3","62.7","point"
"2024-01-13 08:45:00 am","68.6","81.2","69.3","62.6","point"
"2024-01-13 08:46:00 am","68.6","81.1","69.3","62.6","point"
"2024-01-13 08:47:00 am","68.6","81.1","69.3","62.6","point"
"2024-01-13 08:48:00 am","68.6","81.2","69.3","62.7","point"
"2024-01-13 08:49:00 am","68.6","81.2","69.3","62.6","point"
"2024-01-13 08:50:00 am","68.7","81.2","69.4","62.7","point"
"2024-01-13 08:51:00 am","68.6","81.2","69.3","62.6","point"
"2024-01-13 08:52:00 am","68.7","81.2","69.3","62.7","point"
"2024-01-13 08:53:00 am","68.6","81.2","69.3","62.7","point"
"2024-01-13 08:54:00 am","68.6","81.2","69.3","62.6","point"
"2024-01-13 08:55:00 am","68.7","81.3","69.4","62.8","point"
"2024-01-13 08:56:00 am","68.6","81.3","69.3","62.7","point"
"2024-01-13 08:57:00 am","68.6","81.4","69.3","62.7","point"
"2024-01-13 08:58:00 am","68.7","81.5","69.4","62.9","point"
"2024-01-13 08:59:00 am","68.6","81.5","69.3","62.8","point"
"2024-01-13 09:00:00 am","68.7","81.5","69.3","62.8","point"
"2024-01-13 09:01:00 am","68.7","81.5","69.4","62.9","point"
"2024-01-13 09:02:00 am","68.9","81.5","69.4","63.0","point"
"2024-01-13 09:03:00 am","68.7","81.6","69.4","62.9","point"
"2024-01-13 09:04:00 am","68.7","81.6","69.3","62.8","point"
"2024-01-13 09:05:00 am","68.6","81.6","69.3","62.8","point"
"2024-01-13 09:06:00 am","68.8","81.6","69.4","62.9","point"
"2024-01-13 09:07:00 am","68.7","81.6","69.4","62.9","point"
"2024-01-13 09:08:00 am","68.7","81.8","69.4","62.9","point"
"2024-01-13 09:09:00 am","68.8","81.7","69.4","62.9","point"
"2024-01-13 09:10:00 am","68.8","81.7","69.4","62.9","point"
"2024-01-13 09:11:00 am","68.8","81.7","69.4","63.0","point"
"2024-01-13 09:12:00 am","68.7","81.8","69.4","63.0","point"
"2024-01-13 09:13:00 am","68.8","81.9","69.4","63.0","point"
"2024-01-13 09:14:00 am","68.8","81.9","69.4","63.0","point"
"2024-01-13 09:15:00 am","68.8","82.0","69.4","63.1","point"
"2024-01-13 09:16:00 am","68.9","82.0","69.6","63.2","point"
"2024-01-13 09:17:00 am","68.9","82.1","69.6","63.2","point"
"2024-01-13 09:18:00 am","68.9","82.0","69.4","63.1","point"
"2024-01-13 09:19:00 am","68.9","81.9","69.6","63.1","point"
"2024-01-13 09:20:00 am","68.9","82.1","69.6","63.2","point"
"2024-01-13 09:21:00 am","68.9","82.0","69.6","63.2","point"
"2024-01-13 09:22:00 am","69.0","82.1","69.6","63.3","point"
"2024-01-13 09:23:00 am","69.0","82.2","69.6","63.3","point"
"2024-01-13 09:24:00 am","69.1","82.1","69.6","63.4","point"
"2024-01-13 09:25:00 am","69.1","82.2","69.6","63.4","point"
"2024-01-13 09:26:00 am","69.0","82.1","69.6","63.3","point"
"2024-01-13 09:27:00 am","69.1","82.1","69.8","63.4","point"
"2024-01-13 09:28:00 am","69.1","82.3","69.6","63.4","point"
"2024-01-13 09:29:00 am","69.1","82.1","69.8","63.4","point"
"2024-01-13 09:30:00 am","69.2","82.2","69.8","63.5","point"
"2024-01-13 09:31:00 am","69.1","82.2","69.8","63.5","point"
"2024-01-13 09:32:00 am","69.1","82.2","69.8","63.5","point"
"2024-01-13 09:33:00 am","69.1","82.2","69.8","63.5","point"
"2024-01-13 09:34:00 am","69.3","82.3","70.2","63.6","point"
"2024-01-13 09:35:00 am","69.2","82.3","69.8","63.6","point"
"2024-01-13 09:36:00 am","69.3","82.2","70.2","63.6","point"
"2024-01-13 09:37:00 am","69.1","82.2","69.8","63.5","point"
"2024-01-13 09:38:00 am","69.2","82.2","69.8","63.5","point"
"2024-01-13 09:39:00 am","69.3","82.1","70.2","63.6","point"
"2024-01-13 09:40:00 am","69.4","82.3","70.2","63.7","point"
"2024-01-13 09:41:00 am","69.3","82.3","70.2","63.6","point"
"2024-01-13 09:42:00 am","69.3","82.4","70.2","63.6","point"
"2024-01-13 09:43:00 am","69.4","82.3","70.2","63.7","point"
"2024-01-13 09:44:00 am","69.4","82.1","70.2","63.6","point"
"2024-01-13 09:45:00 am","69.3","82.3","70.2","63.7","point"
"2024-01-13 09:46:00 am","69.3","82.3","70.2","63.7","point"
"2024-01-13 09:47:00 am","69.3","82.1","70.2","63.6","point"
"2024-01-13 09:48:00 am","69.4","82.2","70.2","63.7","point"
"2024-01-13 09:49:00 am","69.4","82.2","70.2","63.7","point"
"2024-01-13 09:50:00 am","69.4","82.1","70.2","63.7","point"
"2024-01-13 09:51:00 am","69.5","82.2","70.3","63.8","point"
"2024-01-13 09:52:00 am","69.4","82.4","70.2","63.8","point"
"2024-01-13 09:53:00 am","69.4","82.1","70.2","63.7","point"
"2024-01-13 09:54:00 am","69.4","82.1","70.2","63.7","point"
"2024-01-13 09:55:00 am","69.5","82.3","70.3","63.9","point"
"2024-01-13 09:56:00 am","69.4","82.3","70.2","63.8","point"
"2024-01-13 09:57:00 am","69.5","82.3","70.3","63.9","point"
"2024-01-13 09:58:00 am","69.5","82.2","70.3","63.8","point"
"2024-01-13 09:59:00 am","69.5","82.3","70.3","63.9","point"
"2024-01-13 10:00:00 am","69.5","82.4","70.3","63.9","point"
"2024-01-13 10:01:00 am","69.5","82.4","70.3","64.0","point"
"2024-01-13 10:02:00 am","69.5","82.4","70.3","64.0","point"
"2024-01-13 10:03:00 am","69.6","82.3","70.3","64.0","point"
"2024-01-13 10:04:00 am","69.6","82.5","70.5","64.0","point"
"2024-01-13 10:05:00 am","69.6","82.4","70.3","64.0","point"
"2024-01-13 10:06:00 am","69.7","82.4","70.5","64.1","point"
"2024-01-13 10:07:00 am","69.7","82.5","70.5","64.1","point"
"2024-01-13 10:08:00 am","69.7","82.5","70.5","64.1","point"
"2024-01-13 10:09:00 am","69.6","82.3","70.3","64.0","point"
"2024-01-13 10:10:00 am","69.7","82.5","70.5","64.1","point"
"2024-01-13 10:11:00 am","69.6","82.5","70.5","64.0","point"
"2024-01-13 10:12:00 am","69.7","82.5","70.7","64.1","point"
"2024-01-13 10:13:00 am","69.8","82.6","70.7","64.2","point"
"2024-01-13 10:14:00 am","69.7","82.5","70.7","64.2","point"
"2024-01-13 10:15:00 am","69.7","82.5","70.7","64.1","point"
"2024-01-13 10:16:00 am","69.7","82.5","70.5","64.1","point"
"2024-01-13 10:17:00 am","69.8","82.5","70.5","64.2","point"
"2024-01-13 10:18:00 am","69.8","82.5","70.5","64.2","point"
"2024-01-13 10:19:00 am","69.7","82.5","70.5","64.1","point"
"2024-01-13 10:20:00 am","69.9","82.3","70.7","64.2","point"
"2024-01-13 10:21:00 am","69.8","82.3","70.7","64.2","point"
"2024-01-13 10:22:00 am","69.9","82.3","70.7","64.2","point"
"2024-01-13 10:23:00 am","69.8","82.2","70.7","64.1","point"
"2024-01-13 10:24:00 am","69.9","82.1","70.7","64.2","point"
"2024-01-13 10:25:00 am","69.9","82.2","70.7","64.2","point"
"2024-01-13 10:26:00 am","69.9","82.1","70.7","64.2","point"
"2024-01-13 10:27:00 am","69.9","82.2","70.7","64.2","point"
"2024-01-13 10:28:00 am","69.9","82.2","70.7","64.2","point"
"2024-01-13 10:29:00 am","69.9","82.1","70.7","64.1","point"
"2024-01-13 10:30:00 am","69.9","82.0","70.7","64.1","point"
"2024-01-13 10:31:00 am","70.0","82.1","71.1","64.3","point"
"2024-01-13 10:32:00 am","69.9","82.0","70.7","64.2","point"
"2024-01-13 10:33:00 am","69.9","81.9","70.7","64.1","point"
"2024-01-13 10:34:00 am","69.9","81.9","70.7","64.1","point"
"2024-01-13 10:35:00 am","69.9","82.0","70.7","64.1","point"
"2024-01-13 10:36:00 am","70.0","81.8","71.1","64.2","point"
"2024-01-13 10:37:00 am","69.9","81.8","70.7","64.1","point"
"2024-01-13 10:38:00 am","70.0","81.8","71.1","64.2","point"
"2024-01-13 10:39:00 am","70.0","81.9","71.1","64.2","point"
"2024-01-13 10:40:00 am","69.9","81.7","70.7","64.1","point"
"2024-01-13 10:41:00 am","70.1","81.7","71.1","64.2","point"
"2024-01-13 10:42:00 am","70.0","81.4","71.1","64.1","point"
"2024-01-13 10:43:00 am","70.0","81.6","71.1","64.1","point"
"2024-01-13 10:44:00 am","70.1","81.7","71.1","64.2","point"
"2024-01-13 10:45:00 am","70.1","81.6","71.1","64.2","point"
"2024-01-13 10:46:00 am","70.1","81.5","71.1","64.1","point"
"2024-01-13 10:47:00 am","70.1","81.4","71.1","64.1","point"
"2024-01-13 10:48:00 am","70.1","81.3","71.1","64.0","point"
"2024-01-13 10:49:00 am","70.1","81.4","71.1","64.2","point"
"2024-01-13 10:50:00 am","70.1","81.4","71.1","64.2","point"
"2024-01-13 10:51:00 am","70.1","81.3","71.1","64.0","point"
"2024-01-13 10:52:00 am","70.2","81.4","71.2","64.2","point"
"2024-01-13 10:53:00 am","70.1","81.3","71.1","64.1","point"
"2024-01-13 10:54:00 am","70.1","81.2","71.1","64.0","point"
"2024-01-13 10:55:00 am","70.1","81.2","71.1","64.1","point"
"2024-01-13 10:56:00 am","70.1","81.1","71.1","64.0","point"
"2024-01-13 10:57:00 am","70.1","81.1","71.1","64.0","point"
"2024-01-13 10:58:00 am","70.2","81.1","71.2","64.1","point"
"2024-01-13 10:59:00 am","70.2","81.3","71.2","64.2","point"
"2024-01-13 11:00:00 am","70.2","81.2","71.2","64.2","point"
"2024-01-13 11:01:00 am","70.2","81.3","71.2","64.2","point"
"2024-01-13 11:02:00 am","70.3","81.6","71.2","64.4","point"
"2024-01-13 11:03:00 am","70.2","81.2","71.2","64.2","point"
"2024-01-13 11:04:00 am","70.4","80.3","71.4","64.0","point"
"2024-01-13 11:05:00 am","70.3","80.1","71.2","63.8","point"
"2024-01-13 11:06:00 am","70.4","78.3","71.2","63.4","point"
"2024-01-13 11:07:00 am","70.6","78.9","71.6","63.7","point"
"2024-01-13 11:08:00 am","70.5","78.7","71.2","63.6","point"
"2024-01-13 11:09:00 am","70.6","78.9","71.6","63.8","point"
"2024-01-13 11:10:00 am","70.6","78.3","71.4","63.5","point"
"2024-01-13 11:11:00 am","70.6","76.7","71.4","63.0","point"
"2024-01-13 11:12:00 am","70.8","75.3","71.8","62.6","point"
"2024-01-13 11:13:00 am","70.9","74.9","71.8","62.5","point"
"2024-01-13 11:14:00 am","70.9","74.7","71.8","62.4","point"
"2024-01-13 11:15:00 am","70.9","73.9","71.8","62.2","point"
"2024-01-13 11:16:00 am","71.0","73.7","71.8","62.2","point"
"2024-01-13 11:17:00 am","71.0","74.1","71.8","62.4","point"
"2024-01-13 11:18:00 am","71.1","73.8","72.0","62.3","point"
"2024-01-13 11:19:00 am","71.1","74.5","72.0","62.6","point"
"2024-01-13 11:20:00 am","71.0","74.8","71.8","62.7","point"
"2024-01-13 11:21:00 am","71.1","75.5","72.1","62.9","point"
"2024-01-13 11:22:00 am","71.0","75.6","72.0","62.9","point"
"2024-01-13 11:23:00 am","71.1","76.4","72.1","63.3","point"
"2024-01-13 11:24:00 am","71.0","76.3","72.0","63.2","point"
"2024-01-13 11:25:00 am","71.0","76.8","72.0","63.4","point"
"2024-01-13 11:26:00 am","71.1","77.0","72.1","63.5","point"
"2024-01-13 11:27:00 am","71.0","77.2","72.0","63.4","point"
"2024-01-13 11:28:00 am","71.0","77.1","72.0","63.4","point"
"2024-01-13 11:29:00 am","70.9","77.6","72.0","63.6","point"
"2024-01-13 11:30:00 am","71.0","77.4","72.0","63.5","point"
"2024-01-13 11:31:00 am","71.0","77.5","72.0","63.5","point"
"2024-01-13 11:32:00 am","70.9","77.7","72.0","63.6","point"
"2024-01-13 11:33:00 am","70.9","78.1","72.0","63.7","point"
"2024-01-13 11:34:00 am","71.0","78.3","72.0","63.9","point"
"2024-01-13 11:35:00 am","70.8","78.5","71.8","63.8","point"
"2024-01-13 11:36:00 am","70.9","78.2","72.0","63.7","point"
"2024-01-13 11:37:00 am","70.9","78.4","72.0","63.8","point"
"2024-01-13 11:38:00 am","70.9","78.4","72.0","63.8","point"
"2024-01-13 11:39:00 am","70.9","78.6","72.0","63.9","point"
"2024-01-13 11:40:00 am","70.8","78.5","71.8","63.7","point"
"2024-01-13 11:41:00 am","70.9","78.9","72.1","64.0","point"
"2024-01-13 11:42:00 am","70.8","78.7","71.8","63.8","point"
"2024-01-13 11:43:00 am","70.8","78.5","71.8","63.8","point"
"2024-01-13 11:44:00 am","70.8","78.7","71.8","63.8","point"
"2024-01-13 11:45:00 am","70.8","78.6","71.8","63.8","point"
"2024-01-13 11:46:00 am","70.8","78.7","71.8","63.8","point"
"2024-01-13 11:47:00 am","70.8","79.0","72.0","63.9","point"
"2024-01-13 11:48:00 am","70.9","78.7","72.0","63.9","point"
"2024-01-13 11:49:00 am","70.8","78.8","71.8","63.9","point"
"2024-01-13 11:50:00 am","70.8","78.8","71.8","63.8","point"
"2024-01-13 11:51:00 am","70.9","78.8","72.0","64.0","point"
"2024-01-13 11:52:00 am","70.8","78.8","71.8","63.9","point"
"2024-01-13 11:53:00 am","70.8","78.9","72.0","63.9","point"
"2024-01-13 11:54:00 am","70.8","79.0","72.0","63.9","point"
"2024-01-13 11:55:00 am","70.8","78.6","71.8","63.8","point"
"2024-01-13 11:56:00 am","70.9","78.5","72.0","63.9","point"
"2024-01-13 11:57:00 am","70.9","78.9","72.1","64.0","point"
"2024-01-13 11:58:00 am","71.0","77.9","72.0","63.7","point"
"2024-01-13 11:59:00 am","70.9","77.8","72.0","63.6","point"
"2024-01-13 12:00:00 pm","71.0","75.6","72.0","62.9","point"
"2024-01-13 12:01:00 pm","71.2","75.1","72.1","62.9","point"
"2024-01-13 12:02:00 pm","71.3","74.2","72.1","62.7","point"
"2024-01-13 12:03:00 pm","71.5","73.6","72.3","62.6","point"
"2024-01-13 12:04:00 pm","71.7","72.0","72.3","62.2","point"
"2024-01-13 12:05:00 pm","71.7","71.1","72.3","61.9","point"
"2024-01-13 12:06:00 pm","71.9","71.7","72.5","62.2","point"
"2024-01-13 12:07:00 pm","71.9","72.2","72.7","62.4","point"
"2024-01-13 12:08:00 pm","71.9","72.6","72.7","62.6","point"
"2024-01-13 12:09:00 pm","71.9","72.2","72.7","62.4","point"
"2024-01-13 12:10:00 pm","71.9","73.1","72.7","62.8","point"
"2024-01-13 12:11:00 pm","71.9","73.0","72.7","62.8","point"
"2024-01-13 12:12:00 pm","72.0","71.3","72.7","62.2","point"
"2024-01-13 12:13:00 pm","72.1","71.6","72.7","62.4","point"
"2024-01-13 12:14:00 pm","72.1","71.4","72.7","62.3","point"
"2024-01-13 12:15:00 pm","72.2","70.5","72.9","62.1","point"
"2024-01-13 12:16:00 pm","72.2","69.1","72.9","61.6","point"
"2024-01-13 12:17:00 pm","72.4","69.8","73.0","62.0","point"
"2024-01-13 12:18:00 pm","72.4","69.9","73.0","62.1","point"
"2024-01-13 12:19:00 pm","72.4","69.3","73.0","61.8","point"
"2024-01-13 12:20:00 pm","72.6","67.3","73.0","61.1","point"
"2024-01-13 12:21:00 pm","72.7","68.4","73.2","61.7","point"
"2024-01-13 12:22:00 pm","72.6","68.6","73.0","61.7","point"
"2024-01-13 12:23:00 pm","72.8","68.1","73.2","61.7","point"
"2024-01-13 12:24:00 pm","72.8","67.8","73.2","61.5","point"
"2024-01-13 12:25:00 pm","72.8","68.4","73.2","61.8","point"
"2024-01-13 12:26:00 pm","72.9","68.5","73.4","62.0","point"
"2024-01-13 12:27:00 pm","72.9","67.8","73.4","61.6","point"
"2024-01-13 12:28:00 pm","73.0","67.8","73.4","61.7","point"
"2024-01-13 12:29:00 pm","73.0","68.6","73.4","62.1","point"
"2024-01-13 12:30:00 pm","73.1","68.6","73.6","62.2","point"
"2024-01-13 12:31:00 pm","73.1","69.0","73.8","62.4","point"
"2024-01-13 12:32:00 pm","73.0","69.0","73.6","62.3","point"
"2024-01-13 12:33:00 pm","73.1","69.4","73.8","62.5","point"
"2024-01-13 12:34:00 pm","73.1","69.4","73.8","62.5","point"
"2024-01-13 12:35:00 pm","73.0","69.8","73.6","62.6","point"
"2024-01-13 12:36:00 pm","73.0","70.8","73.8","62.9","point"
"2024-01-13 12:37:00 pm","73.0","71.6","73.8","63.3","point"
"2024-01-13 12:38:00 pm","72.9","71.5","73.8","63.2","point"
"2024-01-13 12:39:00 pm","72.8","71.6","73.6","63.1","point"
"2024-01-13 12:40:00 pm","72.8","72.5","73.8","63.4","point"
"2024-01-13 12:41:00 pm","72.7","73.3","73.8","63.6","point"
"2024-01-13 12:42:00 pm","72.8","71.2","73.6","62.9","point"
"2024-01-13 12:43:00 pm","72.8","71.1","73.6","62.9","point"
"2024-01-13 12:44:00 pm","72.8","71.1","73.6","62.8","point"
"2024-01-13 12:45:00 pm","72.8","71.8","73.6","63.1","point"
"2024-01-13 12:46:00 pm","72.8","71.8","73.6","63.1","point"
"2024-01-13 12:47:00 pm","72.8","71.6","73.6","63.0","point"
"2024-01-13 12:48:00 pm","72.7","71.5","73.6","63.0","point"
"2024-01-13 12:49:00 pm","73.1","71.0","73.9","63.1","point"
"2024-01-13 12:50:00 pm","72.9","70.2","73.6","62.6","point"
"2024-01-13 12:51:00 pm","72.9","69.9","73.6","62.5","point"
"2024-01-13 12:52:00 pm","73.0","69.9","73.6","62.5","point"
"2024-01-13 12:53:00 pm","72.9","70.0","73.6","62.5","point"
"2024-01-13 12:54:00 pm","73.0","70.0","73.6","62.7","point"
"2024-01-13 12:55:00 pm","72.9","69.7","73.6","62.4","point"
"2024-01-13 12:56:00 pm","73.0","69.9","73.6","62.6","point"
"2024-01-13 12:57:00 pm","73.0","69.2","73.6","62.3","point"
"2024-01-13 12:58:00 pm","73.0","70.4","73.6","62.8","point"
"2024-01-13 12:59:00 pm","73.0","69.7","73.6","62.5","point"
"2024-01-13 01:00:00 pm","73.0","69.3","73.6","62.3","point"
"2024-01-13 01:01:00 pm","73.0","68.6","73.4","62.0","point"
"2024-01-13 01:02:00 pm","73.0","67.8","73.4","61.7","point"
"2024-01-13 01:03:00 pm","73.1","67.2","73.6","61.5","point"
"2024-01-13 01:04:00 pm","73.1","66.5","73.6","61.3","point"
"2024-01-13 01:05:00 pm","73.2","66.5","73.6","61.3","point"
"2024-01-13 01:06:00 pm","73.1","66.9","73.6","61.5","point"
"2024-01-13 01:07:00 pm","73.3","66.4","73.8","61.5","point"
"2024-01-13 01:08:00 pm","73.1","66.5","73.6","61.3","point"
"2024-01-13 01:09:00 pm","73.2","65.8","73.6","61.1","point"
"2024-01-13 01:10:00 pm","73.2","66.5","73.8","61.4","point"
"2024-01-13 01:11:00 pm","73.2","67.2","73.6","61.7","point"
"2024-01-13 01:12:00 pm","73.2","66.5","73.6","61.4","point"
"2024-01-13 01:13:00 pm","73.2","67.4","73.6","61.7","point"
"2024-01-13 01:14:00 pm","73.1","66.9","73.6","61.5","point"
"2024-01-13 01:15:00 pm","73.2","67.4","73.6","61.8","point"
"2024-01-13 01:16:00 pm","73.1","68.8","73.6","62.3","point"
"2024-01-13 01:17:00 pm","73.3","68.8","73.8","62.4","point"
"2024-01-13 01:18:00 pm","73.3","69.1","73.9","62.5","point"
"2024-01-13 01:19:00 pm","73.5","69.6","74.1","62.9","point"
"2024-01-13 01:20:00 pm","73.4","69.8","74.1","62.9","point"
"2024-01-13 01:21:00 pm","73.3","70.6","74.1","63.2","point"
"2024-01-13 01:22:00 pm","73.3","70.3","73.9","63.1","point"
"2024-01-13 01:23:00 pm","73.2","69.5","73.9","62.7","point"
"2024-01-13 01:24:00 pm","73.4","69.7","73.9","62.9","point"
"2024-01-13 01:25:00 pm","73.3","68.2","73.8","62.2","point"
"2024-01-13 01:26:00 pm","73.3","69.3","73.9","62.6","point"
"2024-01-13 01:27:00 pm","73.3","69.3","73.9","62.6","point"
"2024-01-13 01:28:00 pm","73.2","70.3","73.9","63.0","point"
"2024-01-13 01:29:00 pm","73.2","71.0","74.1","63.3","point"
"2024-01-13 01:30:00 pm","73.1","71.5","73.9","63.3","point"
"2024-01-13 01:31:00 pm","73.1","72.0","74.1","63.6","point"
"2024-01-13 01:32:00 pm","73.0","71.9","73.8","63.4","point"
"2024-01-13 01:33:00 pm","73.0","72.9","73.9","63.8","point"
"2024-01-13 01:34:00 pm","72.9","73.4","73.9","63.9","point"
"2024-01-13 01:35:00 pm","72.9","74.3","73.9","64.3","point"
"2024-01-13 01:36:00 pm","72.7","74.2","73.8","64.0","point"
"2024-01-13 01:37:00 pm","72.6","74.7","73.6","64.1","point"
"2024-01-13 01:38:00 pm","72.6","75.0","73.8","64.3","point"
"2024-01-13 01:39:00 pm","72.5","75.2","73.8","64.2","point"
"2024-01-13 01:40:00 pm","72.5","75.6","73.6","64.3","point"
"2024-01-13 01:41:00 pm","72.5","75.4","73.6","64.2","point"
"2024-01-13 01:42:00 pm","72.3","75.4","73.6","64.1","point"
"2024-01-13 01:43:00 pm","72.3","75.7","73.4","64.2","point"
"2024-01-13 01:44:00 pm","72.3","75.2","73.4","64.0","point"
"2024-01-13 01:45:00 pm","72.3","74.7","73.2","63.8","point"
"2024-01-13 01:46:00 pm","72.2","74.9","73.2","63.8","point"
"2024-01-13 01:47:00 pm","72.2","75.6","73.4","64.1","point"
"2024-01-13 01:48:00 pm","72.2","74.9","73.2","63.8","point"
"2024-01-13 01:49:00 pm","72.1","75.4","73.4","63.9","point"
"2024-01-13 01:50:00 pm","72.2","76.5","73.4","64.4","point"
"2024-01-13 01:51:00 pm","72.1","75.6","73.4","64.0","point"
"2024-01-13 01:52:00 pm","72.1","76.5","73.2","64.3","point"
"2024-01-13 01:53:00 pm","72.1","76.9","73.2","64.5","point"
"2024-01-13 01:54:00 pm","72.0","75.7","73.0","63.9","point"
"2024-01-13 01:55:00 pm","72.0","76.5","73.2","64.2","point"
"2024-01-13 01:56:00 pm","72.1","76.5","73.2","64.3","point"
"2024-01-13 01:57:00 pm","72.0","76.5","73.2","64.2","point"
"2024-01-13 01:58:00 pm","72.0","77.0","73.2","64.4","point"
"2024-01-13 01:59:00 pm","72.1","76.9","73.2","64.5","point"
"2024-01-13 02:00:00 pm","72.0","76.9","73.2","64.4","point"
"2024-01-13 02:01:00 pm","72.0","76.4","73.0","64.1","point"
"2024-01-13 02:02:00 pm","71.9","76.6","72.9","64.1","point"
"2024-01-13 02:03:00 pm","72.0","75.7","73.0","63.9","point"
"2024-01-13 02:04:00 pm","72.0","76.6","73.2","64.2","point"
"2024-01-13 02:05:00 pm","71.9","77.3","72.9","64.4","point"
"2024-01-13 02:06:00 pm","72.0","77.3","73.2","64.5","point"
"2024-01-13 02:07:00 pm","72.0","77.4","73.2","64.5","point"
"2024-01-13 02:08:00 pm","71.9","77.8","73.0","64.6","point"
"2024-01-13 02:09:00 pm","71.9","77.9","73.0","64.6","point"
"2024-01-13 02:10:00 pm","71.7","77.3","72.7","64.2","point"
"2024-01-13 02:11:00 pm","72.0","77.6","73.2","64.6","point"
"2024-01-13 02:12:00 pm","71.8","77.7","72.9","64.5","point"
"2024-01-13 02:13:00 pm","71.9","77.1","72.9","64.3","point"
"2024-01-13 02:14:00 pm","72.0","77.0","73.2","64.3","point"
"2024-01-13 02:15:00 pm","72.0","78.0","73.2","64.7","point"
"2024-01-13 02:16:00 pm","71.8","76.8","72.9","64.1","point"
"2024-01-13 02:17:00 pm","71.8","78.1","73.0","64.6","point"
"2024-01-13 02:18:00 pm","71.8","77.9","73.0","64.6","point"
"2024-01-13 02:19:00 pm","71.8","77.3","72.9","64.3","point"
"2024-01-13 02:20:00 pm","71.8","77.2","72.9","64.3","point"
"2024-01-13 02:21:00 pm","71.8","77.5","72.9","64.4","point"
"2024-01-13 02:22:00 pm","71.9","78.0","73.0","64.7","point"
"2024-01-13 02:23:00 pm","71.9","77.7","72.9","64.5","point"
"2024-01-13 02:24:00 pm","71.9","78.4","73.0","64.8","point"
"2024-01-13 02:25:00 pm","71.8","78.8","73.0","64.9","point"
"2024-01-13 02:26:00 pm","71.8","78.4","73.0","64.7","point"
"2024-01-13 02:27:00 pm","71.8","78.0","73.0","64.5","point"
"2024-01-13 02:28:00 pm","71.8","78.5","73.0","64.7","point"
"2024-01-13 02:29:00 pm","71.8","78.6","73.0","64.8","point"
"2024-01-13 02:30:00 pm","71.9","78.0","73.0","64.6","point"
"2024-01-13 02:31:00 pm","71.8","78.3","73.0","64.7","point"
"2024-01-13 02:32:00 pm","71.8","78.3","73.0","64.7","point"
"2024-01-13 02:33:00 pm","71.8","78.6","73.0","64.8","point"
"2024-01-13 02:34:00 pm","71.9","78.6","73.0","64.9","point"
"2024-01-13 02:35:00 pm","71.7","78.5","72.7","64.7","point"
"2024-01-13 02:36:00 pm","71.7","77.6","72.7","64.3","point"
"2024-01-13 02:37:00 pm","71.8","78.7","73.0","64.9","point"
"2024-01-13 02:38:00 pm","71.7","78.6","72.7","64.7","point"
"2024-01-13 02:39:00 pm","71.7","77.5","72.7","64.3","point"
"2024-01-13 02:40:00 pm","71.8","77.1","72.9","64.3","point"
"2024-01-13 02:41:00 pm","71.8","78.5","73.0","64.8","point"
"2024-01-13 02:42:00 pm","71.7","78.0","72.7","64.5","point"
"2024-01-13 02:43:00 pm","71.8","78.7","73.0","64.9","point"
"2024-01-13 02:44:00 pm","71.9","78.7","73.0","64.9","point"
"2024-01-13 02:45:00 pm","71.7","79.0","72.9","64.9","point"
"2024-01-13 02:46:00 pm","71.7","78.8","72.7","64.8","point"
"2024-01-13 02:47:00 pm","71.7","78.8","72.7","64.7","point"
"2024-01-13 02:48:00 pm","71.8","78.8","73.0","64.9","point"
"2024-01-13 02:49:00 pm","71.9","78.3","73.0","64.7","point"
"2024-01-13 02:50:00 pm","71.8","78.4","73.0","64.7","point"
"2024-01-13 02:51:00 pm","71.7","78.6","72.7","64.7","point"
"2024-01-13 02:52:00 pm","71.8","78.3","73.0","64.7","point"
"2024-01-13 02:53:00 pm","71.8","78.3","73.0","64.7","point"
"2024-01-13 02:54:00 pm","71.9","78.6","73.0","64.8","point"
"2024-01-13 02:55:00 pm","71.7","78.8","72.7","64.8","point"
"2024-01-13 02:56:00 pm","71.7","78.1","72.7","64.5","point"
"2024-01-13 02:57:00 pm","71.7","78.5","72.7","64.7","point"
"2024-01-13 02:58:00 pm","71.8","79.2","73.2","65.0","point"
"2024-01-13 02:59:00 pm","71.7","78.0","72.7","64.5","point"
"2024-01-13 03:00:00 pm","71.7","79.0","72.9","64.9","point"
"2024-01-13 03:01:00 pm","71.7","79.1","72.9","64.9","point"
"2024-01-13 03:02:00 pm","71.7","78.4","72.7","64.6","point"
"2024-01-13 03:03:00 pm","71.7","78.4","72.7","64.7","point"
"2024-01-13 03:04:00 pm","71.8","78.4","73.0","64.8","point"
"2024-01-13 03:05:00 pm","71.7","78.8","72.7","64.8","point"
"2024-01-13 03:06:00 pm","71.7","78.7","72.7","64.7","point"
"2024-01-13 03:07:00 pm","71.8","78.6","73.0","64.8","point"
"2024-01-13 03:08:00 pm","71.8","79.0","73.0","64.9","point"
"2024-01-13 03:09:00 pm","71.7","78.1","72.7","64.5","point"
"2024-01-13 03:10:00 pm","71.7","79.0","72.9","64.9","point"
"2024-01-13 03:11:00 pm","71.7","78.4","72.7","64.6","point"
"2024-01-13 03:12:00 pm","71.8","78.3","73.0","64.7","point"
"2024-01-13 03:13:00 pm","71.8","78.8","73.0","64.8","point"
"2024-01-13 03:14:00 pm","71.8","79.3","73.2","65.0","point"
"2024-01-13 03:15:00 pm","71.7","78.5","72.7","64.7","point"
"2024-01-13 03:16:00 pm","71.8","78.0","73.0","64.5","point"
"2024-01-13 03:17:00 pm","71.7","78.2","72.7","64.5","point"
"2024-01-13 03:18:00 pm","71.8","78.9","73.0","64.9","point"
"2024-01-13 03:19:00 pm","71.7","78.6","72.7","64.7","point"
"2024-01-13 03:20:00 pm","71.8","78.7","73.0","64.8","point"
"2024-01-13 03:21:00 pm","71.9","79.0","73.0","65.0","point"
"2024-01-13 03:22:00 pm","71.8","78.4","73.0","64.7","point"
"2024-01-13 03:23:00 pm","71.8","78.9","73.0","64.9","point"
"2024-01-13 03:24:00 pm","71.7","78.9","72.9","64.8","point"
"2024-01-13 03:25:00 pm","71.8","79.0","73.0","64.9","point"
"2024-01-13 03:26:00 pm","71.8","79.1","73.2","65.0","point"
"2024-01-13 03:27:00 pm","71.7","78.6","72.7","64.7","point"
"2024-01-13 03:28:00 pm","71.9","78.2","73.0","64.7","point"
"2024-01-13 03:29:00 pm","71.7","79.0","72.9","64.9","point"
"2024-01-13 03:30:00 pm","71.7","79.3","72.9","65.0","point"
"2024-01-13 03:31:00 pm","71.8","79.4","73.2","65.1","point"
"2024-01-13 03:32:00 pm","71.7","78.6","72.7","64.7","point"
"2024-01-13 03:33:00 pm","71.9","78.7","73.0","64.9","point"
"2024-01-13 03:34:00 pm","71.9","79.1","73.0","65.0","point"
"2024-01-13 03:35:00 pm","71.8","78.7","73.0","64.8","point"
"2024-01-13 03:36:00 pm","71.8","78.3","73.0","64.7","point"
"2024-01-13 03:37:00 pm","71.8","78.6","73.0","64.8","point"
"2024-01-13 03:38:00 pm","71.8","78.7","73.0","64.8","point"
"2024-01-13 03:39:00 pm","71.7","78.7","72.7","64.8","point"
"2024-01-13 03:40:00 pm","71.8","78.7","73.0","64.8","point"
"2024-01-13 03:41:00 pm","71.7","79.0","72.9","64.9","point"
"2024-01-13 03:42:00 pm","71.7","79.0","72.9","64.9","point"
"2024-01-13 03:43:00 pm","71.8","78.8","73.0","64.9","point"
"2024-01-13 03:44:00 pm","71.9","78.5","73.0","64.8","point"
"2024-01-13 03:45:00 pm","71.8","78.4","73.0","64.7","point"
"2024-01-13 03:46:00 pm","71.8","78.7","73.0","64.9","point"
"2024-01-13 03:47:00 pm","71.7","79.0","72.9","64.9","point"
"2024-01-13 03:48:00 pm","71.8","79.1","73.0","65.0","point"
"2024-01-13 03:49:00 pm","71.7","79.2","72.9","64.9","point"
"2024-01-13 03:50:00 pm","71.8","78.8","73.0","64.9","point"
"2024-01-13 03:51:00 pm","71.8","79.4","73.2","65.1","point"
"2024-01-13 03:52:00 pm","71.7","79.4","72.9","65.0","point"
"2024-01-13 03:53:00 pm","71.8","78.9","73.0","64.9","point"
"2024-01-13 03:54:00 pm","71.8","78.8","73.0","64.9","point"
"2024-01-13 03:55:00 pm","71.8","79.4","73.2","65.1","point"
"2024-01-13 03:56:00 pm","71.7","78.7","72.7","64.7","point"
"2024-01-13 03:57:00 pm","71.8","78.7","73.0","64.8","point"
"2024-01-13 03:58:00 pm","71.7","78.6","72.7","64.7","point"
"2024-01-13 03:59:00 pm","71.8","78.9","73.0","64.9","point"
"2024-01-13 04:00:00 pm","71.7","78.9","72.9","64.8","point"
"2024-01-13 04:01:00 pm","71.8","79.0","73.0","64.9","point"
"2024-01-13 04:02:00 pm","71.7","78.8","72.7","64.8","point"
"2024-01-13 04:03:00 pm","71.7","79.1","72.9","64.9","point"
"2024-01-13 04:04:00 pm","71.8","78.9","73.0","64.9","point"
"2024-01-13 04:05:00 pm","71.8","79.2","73.2","65.0","point"
"2024-01-13 04:06:00 pm","71.8","79.3","73.2","65.0","point"
"2024-01-13 04:07:00 pm","71.7","79.6","72.9","65.0","point"
"2024-01-13 04:08:00 pm","71.8","79.4","73.2","65.1","point"
"2024-01-13 04:09:00 pm","71.8","79.5","73.2","65.1","point"
"2024-01-13 04:10:00 pm","71.8","79.4","73.2","65.1","point"
"2024-01-13 04:11:00 pm","71.7","79.0","72.9","64.9","point"
"2024-01-13 04:12:00 pm","71.7","79.2","72.9","64.9","point"
"2024-01-13 04:13:00 pm","71.7","79.1","72.9","64.9","point"
"2024-01-13 04:14:00 pm","71.8","78.9","73.0","64.9","point"
"2024-01-13 04:15:00 pm","71.7","79.0","72.9","64.9","point"
"2024-01-13 04:16:00 pm","71.7","79.6","72.9","65.0","point"
"2024-01-13 04:17:00 pm","71.8","79.4","73.2","65.1","point"
"2024-01-13 04:18:00 pm","71.8","79.4","73.2","65.0","point"
"2024-01-13 04:19:00 pm","71.7","79.2","72.9","64.9","point"
"2024-01-13 04:20:00 pm","71.8","79.8","73.2","65.2","point"
"2024-01-13 04:21:00 pm","71.8","79.6","73.2","65.2","point"
"2024-01-13 04:22:00 pm","71.7","79.3","72.9","65.0","point"
"2024-01-13 04:23:00 pm","71.7","79.3","72.9","64.9","point"
"2024-01-13 04:24:00 pm","71.7","79.5","72.9","65.0","point"
"2024-01-13 04:25:00 pm","71.7","79.8","72.9","65.2","point"
"2024-01-13 04:26:00 pm","71.7","79.8","72.9","65.1","point"
"2024-01-13 04:27:00 pm","71.7","80.0","72.9","65.1","point"
"2024-01-13 04:28:00 pm","71.7","79.4","72.9","64.9","point"
"2024-01-13 04:29:00 pm","71.7","79.4","72.9","65.0","point"
"2024-01-13 04:30:00 pm","71.7","79.9","72.9","65.1","point"
"2024-01-13 04:31:00 pm","71.8","79.6","73.2","65.1","point"
"2024-01-13 04:32:00 pm","71.7","79.6","72.9","65.0","point"
"2024-01-13 04:33:00 pm","71.7","79.5","72.9","65.0","point"
"2024-01-13 04:34:00 pm","71.7","79.8","72.9","65.1","point"
"2024-01-13 04:35:00 pm","71.7","80.0","72.9","65.2","point"
"2024-01-13 04:36:00 pm","71.7","80.2","72.9","65.3","point"
"2024-01-13 04:37:00 pm","71.7","80.3","72.9","65.4","point"
"2024-01-13 04:38:00 pm","71.7","79.7","72.9","65.1","point"
"2024-01-13 04:39:00 pm","71.7","79.6","72.9","65.0","point"
"2024-01-13 04:40:00 pm","71.7","79.6","72.9","65.1","point"
"2024-01-13 04:41:00 pm","71.6","79.8","72.9","65.0","point"
"2024-01-13 04:42:00 pm","71.7","80.0","72.9","65.2","point"
"2024-01-13 04:43:00 pm","71.7","79.7","72.9","65.1","point"
"2024-01-13 04:44:00 pm","71.7","80.2","72.9","65.3","point"
"2024-01-13 04:45:00 pm","71.7","80.1","72.9","65.2","point"
"2024-01-13 04:46:00 pm","71.7","80.2","72.9","65.3","point"
"2024-01-13 04:47:00 pm","71.7","79.8","72.9","65.1","point"
"2024-01-13 04:48:00 pm","71.6","80.1","72.9","65.1","point"
"2024-01-13 04:49:00 pm","71.7","80.0","72.9","65.1","point"
"2024-01-13 04:50:00 pm","71.6","80.0","72.7","65.0","point"
"2024-01-13 04:51:00 pm","71.7","79.8","72.9","65.1","point"
"2024-01-13 04:52:00 pm","71.7","80.1","72.9","65.2","point"
"2024-01-13 04:53:00 pm","71.7","80.3","72.9","65.3","point"
"2024-01-13 04:54:00 pm","71.7","80.5","73.0","65.4","point"
"2024-01-13 04:55:00 pm","71.6","80.2","72.9","65.2","point"
"2024-01-13 04:56:00 pm","71.7","80.0","72.9","65.2","point"
"2024-01-13 04:57:00 pm","71.7","79.8","72.9","65.1","point"
"2024-01-13 04:58:00 pm","71.6","80.0","72.7","65.0","point"
"2024-01-13 04:59:00 pm","71.7","80.5","72.9","65.3","point"
"2024-01-13 05:00:00 pm","71.6","80.6","73.0","65.3","point"
"2024-01-13 05:01:00 pm","71.6","80.4","72.7","65.2","point"
"2024-01-13 05:02:00 pm","71.7","80.8","73.0","65.5","point"
"2024-01-13 05:03:00 pm","71.6","80.6","73.0","65.3","point"
"2024-01-13 05:04:00 pm","71.5","80.3","72.7","65.1","point"
"2024-01-13 05:05:00 pm","71.7","80.3","72.9","65.3","point"
"2024-01-13 05:06:00 pm","71.6","80.4","72.7","65.2","point"
"2024-01-13 05:07:00 pm","71.7","80.5","73.0","65.4","point"
"2024-01-13 05:08:00 pm","71.7","80.8","73.0","65.5","point"
"2024-01-13 05:09:00 pm","71.7","81.1","73.0","65.6","point"
"2024-01-13 05:10:00 pm","71.7","80.9","73.0","65.6","point"
"2024-01-13 05:11:00 pm","71.7","81.0","73.0","65.6","point"
"2024-01-13 05:12:00 pm","71.6","80.9","72.7","65.4","point"
"2024-01-13 05:13:00 pm","71.6","81.1","73.0","65.5","point"
"2024-01-13 05:14:00 pm","71.6","80.7","73.0","65.4","point"
"2024-01-13 05:15:00 pm","71.6","81.0","73.0","65.4","point"
"2024-01-13 05:16:00 pm","71.6","81.0","73.0","65.5","point"
"2024-01-13 05:17:00 pm","71.6","81.2","73.0","65.5","point"
"2024-01-13 05:18:00 pm","71.6","80.8","73.0","65.4","point"
"2024-01-13 05:19:00 pm","71.6","81.3","72.7","65.5","point"
"2024-01-13 05:20:00 pm","71.7","81.4","73.0","65.7","point"
"2024-01-13 05:21:00 pm","71.6","81.1","73.0","65.5","point"
"2024-01-13 05:22:00 pm","71.7","81.3","73.0","65.6","point"
"2024-01-13 05:23:00 pm","71.7","81.2","73.0","65.7","point"
"2024-01-13 05:24:00 pm","71.6","81.2","73.0","65.5","point"
"2024-01-13 05:25:00 pm","71.6","80.8","73.0","65.4","point"
"2024-01-13 05:26:00 pm","71.6","81.0","72.7","65.4","point"
"2024-01-13 05:27:00 pm","71.7","80.8","73.0","65.4","point"
"2024-01-13 05:28:00 pm","71.7","81.4","73.0","65.7","point"
"2024-01-13 05:29:00 pm","71.7","81.4","73.0","65.7","point"
"2024-01-13 05:30:00 pm","71.6","81.2","73.0","65.5","point"
"2024-01-13 05:31:00 pm","71.6","81.0","73.0","65.5","point"
"2024-01-13 05:32:00 pm","71.7","81.0","73.0","65.6","point"
"2024-01-13 05:33:00 pm","71.7","81.2","73.0","65.6","point"
"2024-01-13 05:34:00 pm","71.9","81.1","73.2","65.8","point"
"2024-01-13 05:35:00 pm","71.8","80.9","73.2","65.6","point"
"2024-01-13 05:36:00 pm","71.8","80.9","73.2","65.7","point"
"2024-01-13 05:37:00 pm","71.9","81.0","73.2","65.8","point"
"2024-01-13 05:38:00 pm","71.8","81.1","73.2","65.7","point"
"2024-01-13 05:39:00 pm","72.0","81.6","73.4","66.0","point"
"2024-01-13 05:40:00 pm","71.9","82.2","73.2","66.2","point"
"2024-01-13 05:41:00 pm","72.0","82.3","73.4","66.3","point"
"2024-01-13 05:42:00 pm","72.0","82.0","73.4","66.2","point"
"2024-01-13 05:43:00 pm","72.0","81.9","73.4","66.1","point"
"2024-01-13 05:44:00 pm","72.0","81.6","73.4","66.0","point"
"2024-01-13 05:45:00 pm","72.1","83.4","73.6","66.8","point"
"2024-01-13 05:46:00 pm","72.1","84.5","73.6","67.2","point"
"2024-01-13 05:47:00 pm","72.1","83.9","73.6","66.9","point"
"2024-01-13 05:48:00 pm","72.2","84.8","73.9","67.4","point"
"2024-01-13 05:49:00 pm","72.1","84.6","73.9","67.2","point"
"2024-01-13 05:50:00 pm","72.1","83.5","73.9","66.9","point"
"2024-01-13 05:51:00 pm","72.2","83.3","73.9","66.9","point"
"2024-01-13 05:52:00 pm","72.2","82.9","73.8","66.7","point"
"2024-01-13 05:53:00 pm","72.1","82.9","73.8","66.7","point"
"2024-01-13 05:54:00 pm","72.2","82.8","73.8","66.7","point"
"2024-01-13 05:55:00 pm","72.2","82.9","73.8","66.7","point"
"2024-01-13 05:56:00 pm","72.2","82.7","73.8","66.6","point"
"2024-01-13 05:57:00 pm","72.1","82.7","73.6","66.5","point"
"2024-01-13 05:58:00 pm","72.1","82.6","73.6","66.5","point"
"2024-01-13 05:59:00 pm","72.2","82.8","73.8","66.7","point"
"2024-01-13 06:00:00 pm","72.1","83.0","73.6","66.7","point"
"2024-01-13 06:01:00 pm","72.2","83.4","73.9","66.9","point"
"2024-01-13 06:02:00 pm","72.1","84.5","73.6","67.2","point"
"2024-01-13 06:03:00 pm","72.0","85.1","73.6","67.3","point"
"2024-01-13 06:04:00 pm","72.0","85.3","73.6","67.4","point"
"2024-01-13 06:05:00 pm","72.0","85.4","73.6","67.4","point"
"2024-01-13 06:06:00 pm","71.9","85.5","73.4","67.3","point"
"2024-01-13 06:07:00 pm","71.8","85.5","73.4","67.3","point"
"2024-01-13 06:08:00 pm","71.8","85.5","73.4","67.2","point"
"2024-01-13 06:09:00 pm","72.0","85.0","73.6","67.3","point"
"2024-01-13 06:10:00 pm","71.9","84.8","73.4","67.1","point"
"2024-01-13 06:11:00 pm","71.9","84.6","73.4","67.0","point"
"2024-01-13 06:12:00 pm","72.0","84.2","73.6","67.0","point"
"2024-01-13 06:13:00 pm","72.0","84.0","73.6","66.8","point"
"2024-01-13 06:14:00 pm","72.0","83.9","73.6","66.8","point"
"2024-01-13 06:15:00 pm","72.0","83.8","73.6","66.8","point"
"2024-01-13 06:16:00 pm","72.0","83.8","73.6","66.8","point"
"2024-01-13 06:17:00 pm","72.0","84.0","73.6","66.8","point"
"2024-01-13 06:18:00 pm","72.0","83.9","73.6","66.8","point"
"2024-01-13 06:19:00 pm","72.0","83.7","73.6","66.8","point"
"2024-01-13 06:20:00 pm","72.0","83.8","73.6","66.8","point"
"2024-01-13 06:21:00 pm","71.9","83.7","73.4","66.7","point"
"2024-01-13 06:22:00 pm","71.9","83.6","73.4","66.7","point"
"2024-01-13 06:23:00 pm","71.9","83.5","73.4","66.6","point"
"2024-01-13 06:24:00 pm","71.9","83.7","73.4","66.7","point"
"2024-01-13 06:25:00 pm","71.8","83.7","73.4","66.6","point"
"2024-01-13 06:26:00 pm","71.7","83.5","73.2","66.5","point"
"2024-01-13 06:27:00 pm","71.9","83.5","73.4","66.6","point"
"2024-01-13 06:28:00 pm","71.8","83.4","73.4","66.5","point"
"2024-01-13 06:29:00 pm","71.8","83.4","73.4","66.5","point"
"2024-01-13 06:30:00 pm","71.8","83.2","73.4","66.4","point"
"2024-01-13 06:31:00 pm","71.8","83.3","73.4","66.5","point"
"2024-01-13 06:32:00 pm","71.8","83.3","73.4","66.4","point"
"2024-01-13 06:33:00 pm","71.7","83.4","73.2","66.4","point"
"2024-01-13 06:34:00 pm","71.7","83.3","73.2","66.4","point"
"2024-01-13 06:35:00 pm","71.9","83.2","73.4","66.5","point"
"2024-01-13 06:36:00 pm","71.9","83.3","73.4","66.5","point"
"2024-01-13 06:37:00 pm","71.8","83.2","73.4","66.5","point"
"2024-01-13 06:38:00 pm","72.0","83.2","73.6","66.6","point"
"2024-01-13 06:39:00 pm","72.0","83.3","73.6","66.6","point"
"2024-01-13 06:40:00 pm","72.1","83.4","73.6","66.7","point"
"2024-01-13 06:41:00 pm","72.1","83.1","73.6","66.7","point"
"2024-01-13 06:42:00 pm","72.1","83.1","73.6","66.7","point"
"2024-01-13 06:43:00 pm","72.1","83.0","73.6","66.7","point"
"2024-01-13 06:44:00 pm","72.1","83.0","73.8","66.7","point"
"2024-01-13 06:45:00 pm","72.1","83.0","73.6","66.7","point"
"2024-01-13 06:46:00 pm","72.2","82.9","73.8","66.7","point"
"2024-01-13 06:47:00 pm","72.2","82.9","73.8","66.7","point"
"2024-01-13 06:48:00 pm","72.2","82.9","73.8","66.7","point"
"2024-01-13 06:49:00 pm","72.1","82.8","73.8","66.6","point"
"2024-01-13 06:50:00 pm","72.2","82.8","73.8","66.7","point"
"2024-01-13 06:51:00 pm","72.2","82.8","73.8","66.7","point"
"2024-01-13 06:52:00 pm","72.2","82.8","73.8","66.7","point"
"2024-01-13 06:53:00 pm","72.2","82.7","73.8","66.6","point"
"2024-01-13 06:54:00 pm","72.1","82.9","73.8","66.6","point"
"2024-01-13 06:55:00 pm","72.1","82.7","73.6","66.6","point"
"2024-01-13 06:56:00 pm","72.1","82.7","73.8","66.6","point"
"2024-01-13 06:57:00 pm","72.0","82.8","73.6","66.5","point"
"2024-01-13 06:58:00 pm","72.1","82.6","73.6","66.5","point"
"2024-01-13 06:59:00 pm","72.0","82.6","73.6","66.5","point"
"2024-01-13 07:00:00 pm","72.0","82.7","73.6","66.4","point"
"2024-01-13 07:01:00 pm","72.0","82.8","73.6","66.5","point"
"2024-01-13 07:02:00 pm","72.1","82.8","73.6","66.5","point"
"2024-01-13 07:03:00 pm","72.1","82.9","73.6","66.6","point"
"2024-01-13 07:04:00 pm","72.0","82.8","73.6","66.4","point"
"2024-01-13 07:05:00 pm","72.0","82.9","73.6","66.5","point"
"2024-01-13 07:06:00 pm","71.9","82.9","73.4","66.4","point"
"2024-01-13 07:07:00 pm","72.0","82.8","73.6","66.4","point"
"2024-01-13 07:08:00 pm","72.0","82.9","73.6","66.5","point"
"2024-01-13 07:09:00 pm","72.0","82.8","73.6","66.5","point"
"2024-01-13 07:10:00 pm","72.0","83.0","73.6","66.5","point"
"2024-01-13 07:11:00 pm","71.8","82.9","73.4","66.3","point"
"2024-01-13 07:12:00 pm","71.9","82.8","73.4","66.4","point"
"2024-01-13 07:13:00 pm","71.8","82.8","73.4","66.3","point"
"2024-01-13 07:14:00 pm","71.8","82.8","73.4","66.3","point"
"2024-01-13 07:15:00 pm","71.9","82.7","73.4","66.3","point"
"2024-01-13 07:16:00 pm","71.7","82.9","73.2","66.3","point"
"2024-01-13 07:17:00 pm","71.9","83.2","73.4","66.5","point"
"2024-01-13 07:18:00 pm","71.7","82.9","73.2","66.2","point"
"2024-01-13 07:19:00 pm","71.9","82.7","73.4","66.3","point"
"2024-01-13 07:20:00 pm","71.8","82.8","73.4","66.3","point"
"2024-01-13 07:21:00 pm","71.7","82.7","73.2","66.2","point"
"2024-01-13 07:22:00 pm","71.9","82.6","73.4","66.3","point"
"2024-01-13 07:23:00 pm","71.7","82.7","73.2","66.1","point"
"2024-01-13 07:24:00 pm","71.8","82.8","73.4","66.3","point"
"2024-01-13 07:25:00 pm","71.8","82.6","73.4","66.2","point"
"2024-01-13 07:26:00 pm","71.7","82.6","73.2","66.2","point"
"2024-01-13 07:27:00 pm","71.7","82.5","73.0","66.1","point"
"2024-01-13 07:28:00 pm","71.7","82.4","73.0","66.1","point"
"2024-01-13 07:29:00 pm","71.7","82.8","73.2","66.2","point"
"2024-01-13 07:30:00 pm","71.7","82.4","73.0","66.1","point"
"2024-01-13 07:31:00 pm","71.7","82.7","73.2","66.2","point"
"2024-01-13 07:32:00 pm","71.7","82.8","73.2","66.2","point"
"2024-01-13 07:33:00 pm","71.7","82.5","73.2","66.1","point"
"2024-01-13 07:34:00 pm","71.7","82.8","73.2","66.1","point"
"2024-01-13 07:35:00 pm","71.7","82.5","73.0","66.0","point"
"2024-01-13 07:36:00 pm","71.7","83.1","73.2","66.3","point"
"2024-01-13 07:37:00 pm","71.7","82.8","73.2","66.2","point"
"2024-01-13 07:38:00 pm","71.7","82.6","73.2","66.1","point"
"2024-01-13 07:39:00 pm","71.7","82.8","73.2","66.1","point"
"2024-01-13 07:40:00 pm","71.7","83.1","73.2","66.3","point"
"2024-01-13 07:41:00 pm","71.6","82.6","72.9","66.0","point"
"2024-01-13 07:42:00 pm","71.6","82.7","73.2","66.1","point"
"2024-01-13 07:43:00 pm","71.6","83.1","72.9","66.2","point"
"2024-01-13 07:44:00 pm","71.5","83.6","73.0","66.3","point"
"2024-01-13 07:45:00 pm","71.6","83.8","73.2","66.4","point"
"2024-01-13 07:46:00 pm","71.5","83.7","73.0","66.3","point"
"2024-01-13 07:47:00 pm","71.5","83.5","73.0","66.2","point"
"2024-01-13 07:48:00 pm","71.6","83.6","73.0","66.3","point"
"2024-01-13 07:49:00 pm","71.5","83.7","73.0","66.3","point"
"2024-01-13 07:50:00 pm","71.5","83.5","73.0","66.3","point"
"2024-01-13 07:51:00 pm","71.4","83.5","72.7","66.1","point"
"2024-01-13 07:52:00 pm","71.5","83.4","73.0","66.2","point"
"2024-01-13 07:53:00 pm","71.4","83.4","72.7","66.1","point"
"2024-01-13 07:54:00 pm","71.5","83.2","73.0","66.1","point"
"2024-01-13 07:55:00 pm","71.5","83.2","73.0","66.1","point"
"2024-01-13 07:56:00 pm","71.3","83.2","72.7","66.0","point"
"2024-01-13 07:57:00 pm","71.3","83.2","72.7","66.0","point"
"2024-01-13 07:58:00 pm","71.3","83.1","72.7","65.9","point"
"2024-01-13 07:59:00 pm","71.5","83.2","73.0","66.1","point"
"2024-01-13 08:00:00 pm","71.3","83.3","72.7","65.9","point"
"2024-01-13 08:01:00 pm","71.4","82.8","72.7","65.9","point"
"2024-01-13 08:02:00 pm","71.4","83.2","72.7","66.0","point"
"2024-01-13 08:03:00 pm","71.3","83.2","72.7","65.9","point"
"2024-01-13 08:04:00 pm","71.3","83.4","72.7","65.9","point"
"2024-01-13 08:05:00 pm","71.2","83.5","72.5","65.9","point"
"2024-01-13 08:06:00 pm","71.3","83.5","72.7","66.0","point"
"2024-01-13 08:07:00 pm","71.3","83.5","72.7","66.1","point"
"2024-01-13 08:08:00 pm","71.3","83.3","72.7","65.9","point"
"2024-01-13 08:09:00 pm","71.3","83.3","72.7","66.0","point"
"2024-01-13 08:10:00 pm","71.3","83.4","72.7","65.9","point"
"2024-01-13 08:11:00 pm","71.3","83.4","72.7","66.0","point"
"2024-01-13 08:12:00 pm","71.2","83.3","72.5","65.9","point"
"2024-01-13 08:13:00 pm","71.3","83.6","72.7","66.0","point"
"2024-01-13 08:14:00 pm","71.3","83.5","72.7","66.0","point"
"2024-01-13 08:15:00 pm","71.2","83.1","72.5","65.8","point"
"2024-01-13 08:16:00 pm","71.2","82.9","72.5","65.7","point"
"2024-01-13 08:17:00 pm","71.2","82.6","72.5","65.6","point"
"2024-01-13 08:18:00 pm","71.2","82.2","72.3","65.4","point"
"2024-01-13 08:19:00 pm","71.2","82.2","72.3","65.4","point"
"2024-01-13 08:20:00 pm","71.2","82.1","72.3","65.5","point"
"2024-01-13 08:21:00 pm","71.2","82.0","72.3","65.4","point"
"2024-01-13 08:22:00 pm","71.2","82.1","72.3","65.4","point"
"2024-01-13 08:23:00 pm","71.2","82.6","72.5","65.7","point"
"2024-01-13 08:24:00 pm","71.3","82.8","72.7","65.8","point"
"2024-01-13 08:25:00 pm","71.1","82.4","72.3","65.5","point"
"2024-01-13 08:26:00 pm","71.2","82.5","72.3","65.5","point"
"2024-01-13 08:27:00 pm","71.2","82.9","72.5","65.7","point"
"2024-01-13 08:28:00 pm","71.1","82.9","72.5","65.6","point"
"2024-01-13 08:29:00 pm","71.1","82.8","72.5","65.6","point"
"2024-01-13 08:30:00 pm","71.2","82.9","72.5","65.7","point"
"2024-01-13 08:31:00 pm","71.1","83.0","72.5","65.7","point"
"2024-01-13 08:32:00 pm","71.2","83.2","72.5","65.8","point"
"2024-01-13 08:33:00 pm","71.2","83.2","72.5","65.8","point"
"2024-01-13 08:34:00 pm","71.2","83.3","72.5","65.8","point"
"2024-01-13 08:35:00 pm","71.2","83.1","72.5","65.8","point"
"2024-01-13 08:36:00 pm","71.1","82.9","72.5","65.6","point"
"2024-01-13 08:37:00 pm","71.0","82.5","72.3","65.4","point"
"2024-01-13 08:38:00 pm","71.1","82.2","72.3","65.4","point"
"2024-01-13 08:39:00 pm","71.1","82.2","72.3","65.3","point"
"2024-01-13 08:40:00 pm","71.1","82.5","72.5","65.5","point"
"2024-01-13 08:41:00 pm","71.1","82.8","72.5","65.6","point"
"2024-01-13 08:42:00 pm","71.1","82.8","72.5","65.6","point"
"2024-01-13 08:43:00 pm","71.0","82.4","72.1","65.4","point"
"2024-01-13 08:44:00 pm","71.1","82.1","72.3","65.3","point"
"2024-01-13 08:45:00 pm","71.0","82.1","72.1","65.3","point"
"2024-01-13 08:46:00 pm","71.0","82.0","72.1","65.2","point"
"2024-01-13 08:47:00 pm","71.1","82.0","72.3","65.3","point"
"2024-01-13 08:48:00 pm","71.0","82.1","72.1","65.3","point"
"2024-01-13 08:49:00 pm","71.0","82.1","72.1","65.3","point"
"2024-01-13 08:50:00 pm","71.2","82.3","72.3","65.5","point"
"2024-01-13 08:51:00 pm","71.2","82.4","72.3","65.5","point"
"2024-01-13 08:52:00 pm","71.2","82.2","72.3","65.5","point"
"2024-01-13 08:53:00 pm","71.2","82.2","72.3","65.5","point"
"2024-01-13 08:54:00 pm","71.2","82.3","72.3","65.5","point"
"2024-01-13 08:55:00 pm","71.2","82.3","72.3","65.5","point"
"2024-01-13 08:56:00 pm","71.3","82.6","72.7","65.7","point"
"2024-01-13 08:57:00 pm","71.2","82.5","72.5","65.6","point"
"2024-01-13 08:58:00 pm","71.3","82.6","72.7","65.7","point"
"2024-01-13 08:59:00 pm","71.3","82.5","72.5","65.7","point"
"2024-01-13 09:00:00 pm","71.2","82.2","72.3","65.5","point"
"2024-01-13 09:01:00 pm","71.2","82.2","72.3","65.4","point"
"2024-01-13 09:02:00 pm","71.2","82.2","72.3","65.5","point"
"2024-01-13 09:03:00 pm","71.3","82.2","72.5","65.6","point"
"2024-01-13 09:04:00 pm","71.2","82.5","72.5","65.6","point"
"2024-01-13 09:05:00 pm","71.2","82.7","72.5","65.6","point"
"2024-01-13 09:06:00 pm","71.3","82.3","72.5","65.6","point"
"2024-01-13 09:07:00 pm","71.3","82.2","72.5","65.6","point"
"2024-01-13 09:08:00 pm","71.2","82.3","72.3","65.5","point"
"2024-01-13 09:09:00 pm","71.3","82.2","72.5","65.6","point"
"2024-01-13 09:10:00 pm","71.3","82.1","72.5","65.6","point"
"2024-01-13 09:11:00 pm","71.4","82.2","72.5","65.7","point"
"2024-01-13 09:12:00 pm","71.5","82.2","72.9","65.7","point"
"2024-01-13 09:13:00 pm","71.4","82.1","72.5","65.6","point"
"2024-01-13 09:14:00 pm","71.5","82.2","72.9","65.8","point"
"2024-01-13 09:15:00 pm","71.5","82.3","72.9","65.8","point"
"2024-01-13 09:16:00 pm","71.5","82.5","72.9","65.8","point"
"2024-01-13 09:17:00 pm","71.5","82.4","72.9","65.8","point"
"2024-01-13 09:18:00 pm","71.4","82.2","72.5","65.7","point"
"2024-01-13 09:19:00 pm","71.3","82.3","72.5","65.7","point"
"2024-01-13 09:20:00 pm","71.4","82.2","72.5","65.7","point"
"2024-01-13 09:21:00 pm","71.4","82.1","72.5","65.7","point"
"2024-01-13 09:22:00 pm","71.4","82.1","72.5","65.7","point"
"2024-01-13 09:23:00 pm","71.4","82.1","72.5","65.6","point"
"2024-01-13 09:24:00 pm","71.5","81.8","72.7","65.6","point"
"2024-01-13 09:25:00 pm","71.5","81.8","72.7","65.7","point"
"2024-01-13 09:26:00 pm","71.6","81.6","73.0","65.7","point"
"2024-01-13 09:27:00 pm","71.5","81.7","72.7","65.7","point"
"2024-01-13 09:28:00 pm","71.0","80.6","72.1","64.8","point"
"2024-01-13 09:29:00 pm","70.8","80.6","72.0","64.5","point"
"2024-01-13 09:30:00 pm","70.8","81.5","72.0","64.9","point"
"2024-01-13 09:31:00 pm","70.7","81.9","72.0","64.9","point"
"2024-01-13 09:32:00 pm","70.9","82.1","72.1","65.1","point"
"2024-01-13 09:33:00 pm","70.8","82.3","72.0","65.1","point"
"2024-01-13 09:34:00 pm","70.8","82.4","72.0","65.1","point"
"2024-01-13 09:35:00 pm","70.9","82.6","72.3","65.3","point"
"2024-01-13 09:36:00 pm","71.0","82.7","72.3","65.4","point"
"2024-01-13 09:37:00 pm","71.0","82.5","72.3","65.4","point"
"2024-01-13 09:38:00 pm","71.2","82.6","72.5","65.6","point"
"2024-01-13 09:39:00 pm","71.3","82.5","72.7","65.7","point"
"2024-01-13 09:40:00 pm","71.3","82.5","72.5","65.7","point"
"2024-01-13 09:41:00 pm","71.3","82.3","72.5","65.7","point"
"2024-01-13 09:42:00 pm","71.4","82.2","72.5","65.7","point"
"2024-01-13 09:43:00 pm","71.4","82.1","72.5","65.6","point"
"2024-01-13 09:44:00 pm","71.5","82.0","72.9","65.7","point"
"2024-01-13 09:45:00 pm","71.5","82.0","72.9","65.7","point"
"2024-01-13 09:46:00 pm","71.4","82.0","72.5","65.6","point"
"2024-01-13 09:47:00 pm","71.4","81.9","72.5","65.6","point"
"2024-01-13 09:48:00 pm","71.5","81.8","72.7","65.6","point"
"2024-01-13 09:49:00 pm","71.4","81.8","72.5","65.6","point"
"2024-01-13 09:50:00 pm","71.3","81.6","72.5","65.4","point"
"2024-01-13 09:51:00 pm","71.4","81.6","72.5","65.5","point"
"2024-01-13 09:52:00 pm","71.3","81.5","72.5","65.3","point"
"2024-01-13 09:53:00 pm","71.3","81.5","72.5","65.3","point"
"2024-01-13 09:54:00 pm","71.3","81.6","72.5","65.4","point"
"2024-01-13 09:55:00 pm","71.3","81.8","72.5","65.4","point"
"2024-01-13 09:56:00 pm","71.2","81.7","72.3","65.3","point"
"2024-01-13 09:57:00 pm","71.3","81.8","72.5","65.4","point"
"2024-01-13 09:58:00 pm","71.2","81.5","72.3","65.2","point"
"2024-01-13 09:59:00 pm","71.2","81.6","72.3","65.3","point"
"2024-01-13 10:00:00 pm","71.2","81.7","72.3","65.3","point"
"2024-01-13 10:01:00 pm","71.2","81.6","72.3","65.3","point"
"2024-01-13 10:02:00 pm","71.2","81.5","72.3","65.2","point"
"2024-01-13 10:03:00 pm","71.2","81.7","72.3","65.3","point"
"2024-01-13 10:04:00 pm","71.1","81.9","72.3","65.3","point"
"2024-01-13 10:05:00 pm","71.2","81.9","72.3","65.3","point"
"2024-01-13 10:06:00 pm","71.2","81.7","72.3","65.3","point"
"2024-01-13 10:07:00 pm","71.2","81.8","72.3","65.3","point"
"2024-01-13 10:08:00 pm","71.2","82.0","72.3","65.4","point"
"2024-01-13 10:09:00 pm","71.2","81.6","72.3","65.3","point"
"2024-01-13 10:10:00 pm","71.2","81.6","72.3","65.2","point"
"2024-01-13 10:11:00 pm","71.2","81.6","72.3","65.2","point"
"2024-01-13 10:12:00 pm","71.2","81.4","72.3","65.2","point"
"2024-01-13 10:13:00 pm","71.2","81.4","72.3","65.2","point"
"2024-01-13 10:14:00 pm","71.2","81.3","72.3","65.1","point"
"2024-01-13 10:15:00 pm","71.0","81.3","72.1","65.0","point"
"2024-01-13 10:16:00 pm","71.0","81.4","72.1","65.0","point"
"2024-01-13 10:17:00 pm","71.1","81.4","72.3","65.1","point"
"2024-01-13 10:18:00 pm","71.1","81.4","72.3","65.1","point"
"2024-01-13 10:19:00 pm","71.1","81.3","72.3","65.0","point"
"2024-01-13 10:20:00 pm","71.0","81.3","72.1","64.9","point"
"2024-01-13 10:21:00 pm","71.0","81.2","72.1","65.0","point"
"2024-01-13 10:22:00 pm","71.0","81.2","72.1","64.9","point"
"2024-01-13 10:23:00 pm","71.0","81.3","72.1","65.0","point"
"2024-01-13 10:24:00 pm","70.9","81.2","72.1","64.9","point"
"2024-01-13 10:25:00 pm","70.9","81.3","72.1","64.9","point"
"2024-01-13 10:26:00 pm","70.9","81.2","72.1","64.9","point"
"2024-01-13 10:27:00 pm","71.0","81.3","72.1","65.0","point"
"2024-01-13 10:28:00 pm","70.9","81.3","72.1","64.9","point"
"2024-01-13 10:29:00 pm","70.9","81.2","72.1","64.8","point"
"2024-01-13 10:30:00 pm","71.0","81.3","72.1","64.9","point"
"2024-01-13 10:31:00 pm","70.9","81.2","72.1","64.8","point"
"2024-01-13 10:32:00 pm","70.9","81.2","72.1","64.9","point"
"2024-01-13 10:33:00 pm","70.8","81.2","72.0","64.8","point"
"2024-01-13 10:34:00 pm","70.9","81.1","72.1","64.8","point"
"2024-01-13 10:35:00 pm","70.9","81.1","72.1","64.8","point"
"2024-01-13 10:36:00 pm","70.8","81.1","72.0","64.7","point"
"2024-01-13 10:37:00 pm","70.8","81.0","72.0","64.7","point"
"2024-01-13 10:38:00 pm","70.8","81.1","72.0","64.7","point"
"2024-01-13 10:39:00 pm","71.0","81.1","72.1","64.9","point"
"2024-01-13 10:40:00 pm","70.9","81.2","72.1","64.8","point"
"2024-01-13 10:41:00 pm","70.9","81.1","72.1","64.8","point"
"2024-01-13 10:42:00 pm","70.9","81.2","72.1","64.8","point"
"2024-01-13 10:43:00 pm","70.8","81.2","72.0","64.8","point"
"2024-01-13 10:44:00 pm","70.8","81.2","72.0","64.7","point"
"2024-01-13 10:45:00 pm","70.9","81.3","72.1","64.9","point"
"2024-01-13 10:46:00 pm","70.8","81.3","72.0","64.8","point"
"2024-01-13 10:47:00 pm","70.8","81.3","72.0","64.8","point"
"2024-01-13 10:48:00 pm","70.8","81.2","72.0","64.8","point"
"2024-01-13 10:49:00 pm","70.8","81.2","72.0","64.8","point"
"2024-01-13 10:50:00 pm","70.8","81.3","72.0","64.8","point"
"2024-01-13 10:51:00 pm","70.8","81.3","72.0","64.8","point"
"2024-01-13 10:52:00 pm","70.8","81.5","72.0","64.8","point"
"2024-01-13 10:53:00 pm","70.8","81.5","72.0","64.9","point"
"2024-01-13 10:54:00 pm","70.9","81.6","72.1","64.9","point"
"2024-01-13 10:55:00 pm","70.8","81.4","72.0","64.8","point"
"2024-01-13 10:56:00 pm","70.8","81.3","72.0","64.7","point"
"2024-01-13 10:57:00 pm","70.8","81.3","72.0","64.8","point"
"2024-01-13 10:58:00 pm","70.8","81.2","72.0","64.7","point"
"2024-01-13 10:59:00 pm","70.7","81.3","72.0","64.7","point"
"2024-01-13 11:00:00 pm","70.7","81.3","71.6","64.6","point"
"2024-01-13 11:01:00 pm","70.8","81.2","72.0","64.8","point"
"2024-01-13 11:02:00 pm","70.7","81.2","72.0","64.7","point"
"2024-01-13 11:03:00 pm","70.8","81.2","72.0","64.8","point"
"2024-01-13 11:04:00 pm","70.7","81.2","72.0","64.7","point"
"2024-01-13 11:05:00 pm","70.8","81.3","72.0","64.8","point"
"2024-01-13 11:06:00 pm","70.8","81.2","72.0","64.7","point"
"2024-01-13 11:07:00 pm","70.7","81.1","72.0","64.7","point"
"2024-01-13 11:08:00 pm","70.7","81.2","72.0","64.7","point"
"2024-01-13 11:09:00 pm","70.8","81.3","72.0","64.8","point"
"2024-01-13 11:10:00 pm","70.7","81.2","72.0","64.7","point"
"2024-01-13 11:11:00 pm","70.7","81.3","72.0","64.7","point"
"2024-01-13 11:12:00 pm","70.8","81.2","72.0","64.7","point"
"2024-01-13 11:13:00 pm","70.7","81.4","72.0","64.7","point"
"2024-01-13 11:14:00 pm","70.8","81.3","72.0","64.8","point"
"2024-01-13 11:15:00 pm","70.7","81.3","71.6","64.7","point"
"2024-01-13 11:16:00 pm","70.7","81.4","72.0","64.7","point"
"2024-01-13 11:17:00 pm","70.7","81.4","72.0","64.7","point"
"2024-01-13 11:18:00 pm","70.7","81.4","72.0","64.7","point"
"2024-01-13 11:19:00 pm","70.8","81.2","72.0","64.7","point"
"2024-01-13 11:20:00 pm","70.7","81.3","71.6","64.7","point"
"2024-01-13 11:21:00 pm","70.7","81.3","71.6","64.6","point"
"2024-01-13 11:22:00 pm","70.8","81.2","72.0","64.7","point"
"2024-01-13 11:23:00 pm","70.7","81.3","71.6","64.6","point"
"2024-01-13 11:24:00 pm","70.7","81.1","72.0","64.6","point"
"2024-01-13 11:25:00 pm","70.8","81.3","72.0","64.7","point"
"2024-01-13 11:26:00 pm","70.7","81.2","71.6","64.6","point"
"2024-01-13 11:27:00 pm","70.8","81.3","72.0","64.7","point"
"2024-01-13 11:28:00 pm","70.7","81.3","71.6","64.6","point"
"2024-01-13 11:29:00 pm","70.7","81.2","71.6","64.6","point"
"2024-01-13 11:30:00 pm","70.7","81.2","71.6","64.6","point"
"2024-01-13 11:31:00 pm","70.7","81.2","72.0","64.7","point"
"2024-01-13 11:32:00 pm","70.7","81.2","72.0","64.7","point"
"2024-01-13 11:33:00 pm","70.6","81.1","71.6","64.5","point"
"2024-01-13 11:34:00 pm","70.8","81.0","72.0","64.6","point"
"2024-01-13 11:35:00 pm","70.6","81.0","71.6","64.5","point"
"2024-01-13 11:36:00 pm","70.6","81.0","71.6","64.5","point"
"2024-01-13 11:37:00 pm","70.6","81.1","71.6","64.5","point"
"2024-01-13 11:38:00 pm","70.7","81.1","71.6","64.6","point"
"2024-01-13 11:39:00 pm","70.6","81.1","71.6","64.5","point"
"2024-01-13 11:40:00 pm","70.6","81.1","71.6","64.6","point"
"2024-01-13 11:41:00 pm","70.6","81.0","71.6","64.5","point"
"2024-01-13 11:42:00 pm","70.6","81.1","71.6","64.6","point"
"2024-01-13 11:43:00 pm","70.5","81.0","71.6","64.4","point"
"2024-01-13 11:44:00 pm","70.6","81.1","71.6","64.5","point"
"2024-01-13 11:45:00 pm","70.6","81.2","71.6","64.5","point"
"2024-01-13 11:46:00 pm","70.6","81.3","71.6","64.6","point"
"2024-01-13 11:47:00 pm","70.6","81.2","71.6","64.6","point"
"2024-01-13 11:48:00 pm","70.6","81.2","71.6","64.6","point"
"2024-01-13 11:49:00 pm","70.6","81.3","71.6","64.6","point"
"2024-01-13 11:50:00 pm","70.7","81.4","71.6","64.7","point"
"2024-01-13 11:51:00 pm","70.6","81.4","71.6","64.6","point"
"2024-01-13 11:52:00 pm","70.5","81.5","71.4","64.5","point"
"2024-01-13 11:53:00 pm","70.7","81.6","71.6","64.8","point"
"2024-01-13 11:54:00 pm","70.6","81.7","71.6","64.7","point"
"2024-01-13 11:55:00 pm","70.7","81.6","71.6","64.7","point"
"2024-01-13 11:56:00 pm","70.6","81.8","71.6","64.8","point"
"2024-01-13 11:57:00 pm","70.6","81.7","71.6","64.7","point"
"2024-01-13 11:58:00 pm","70.7","81.6","71.6","64.8","point"
"2024-01-13 11:59:00 pm","70.8","81.7","72.0","64.9","point"
"2024-01-14 12:00:00 am","70.7","81.5","72.0","64.8","point"
"2024-01-14 12:01:00 am","70.7","81.5","72.0","64.8","point"
"2024-01-14 12:02:00 am","70.7","81.6","72.0","64.8","point"
"2024-01-14 12:03:00 am","70.7","81.6","72.0","64.8","point"
"2024-01-14 12:04:00 am","70.7","81.8","71.6","64.8","point"
"2024-01-14 12:05:00 am","70.7","81.7","72.0","64.8","point"
"2024-01-14 12:06:00 am","70.6","81.5","71.6","64.7","point"
"2024-01-14 12:07:00 am","70.7","81.3","71.6","64.7","point"
"2024-01-14 12:08:00 am","70.6","81.3","71.6","64.6","point"
"2024-01-14 12:09:00 am","70.6","81.2","71.6","64.5","point"
"2024-01-14 12:10:00 am","70.6","81.3","71.6","64.6","point"
"2024-01-14 12:11:00 am","70.6","81.4","71.6","64.6","point"
"2024-01-14 12:12:00 am","70.6","81.5","71.6","64.7","point"
"2024-01-14 12:13:00 am","70.6","81.5","71.6","64.6","point"
"2024-01-14 12:14:00 am","70.6","81.4","71.6","64.6","point"
"2024-01-14 12:15:00 am","70.6","81.3","71.6","64.5","point"
"2024-01-14 12:16:00 am","70.6","81.4","71.6","64.6","point"
"2024-01-14 12:17:00 am","70.5","81.3","71.6","64.5","point"
"2024-01-14 12:18:00 am","70.5","81.4","71.6","64.5","point"
"2024-01-14 12:19:00 am","70.5","81.6","71.6","64.6","point"
"2024-01-14 12:20:00 am","70.6","81.6","71.6","64.6","point"
"2024-01-14 12:21:00 am","70.6","81.5","71.6","64.6","point"
"2024-01-14 12:22:00 am","70.4","81.5","71.4","64.5","point"
"2024-01-14 12:23:00 am","70.5","81.5","71.4","64.5","point"
"2024-01-14 12:24:00 am","70.5","81.5","71.4","64.5","point"
"2024-01-14 12:25:00 am","70.5","81.3","71.6","64.5","point"
"2024-01-14 12:26:00 am","70.4","81.2","71.4","64.4","point"
"2024-01-14 12:27:00 am","70.5","81.2","71.4","64.4","point"
"2024-01-14 12:28:00 am","70.4","81.1","71.4","64.4","point"
"2024-01-14 12:29:00 am","70.5","81.0","71.4","64.4","point"
"2024-01-14 12:30:00 am","70.4","80.9","71.4","64.2","point"
"2024-01-14 12:31:00 am","70.5","80.9","71.4","64.3","point"
"2024-01-14 12:32:00 am","70.4","80.8","71.4","64.2","point"
"2024-01-14 12:33:00 am","70.5","80.7","71.4","64.3","point"
"2024-01-14 12:34:00 am","70.4","80.7","71.4","64.1","point"
"2024-01-14 12:35:00 am","70.5","80.7","71.4","64.3","point"
"2024-01-14 12:36:00 am","70.4","80.6","71.4","64.2","point"
"2024-01-14 12:37:00 am","70.4","80.6","71.4","64.1","point"
"2024-01-14 12:38:00 am","70.3","80.7","71.2","64.1","point"
"2024-01-14 12:39:00 am","70.4","80.6","71.4","64.1","point"
"2024-01-14 12:40:00 am","70.4","80.6","71.4","64.2","point"
"2024-01-14 12:41:00 am","70.3","80.7","71.2","64.1","point"
"2024-01-14 12:42:00 am","70.3","80.8","71.2","64.1","point"
"2024-01-14 12:43:00 am","70.3","80.9","71.2","64.1","point"
"2024-01-14 12:44:00 am","70.4","80.8","71.4","64.2","point"
"2024-01-14 12:45:00 am","70.3","80.8","71.2","64.1","point"
"2024-01-14 12:46:00 am","70.3","81.0","71.2","64.1","point"
"2024-01-14 12:47:00 am","70.3","81.0","71.2","64.2","point"
"2024-01-14 12:48:00 am","70.4","81.1","71.4","64.3","point"
"2024-01-14 12:49:00 am","70.3","81.0","71.2","64.2","point"
"2024-01-14 12:50:00 am","70.3","81.0","71.2","64.2","point"
"2024-01-14 12:51:00 am","70.2","81.0","71.2","64.1","point"
"2024-01-14 12:52:00 am","70.3","81.1","71.2","64.2","point"
"2024-01-14 12:53:00 am","70.2","81.1","71.2","64.1","point"
"2024-01-14 12:54:00 am","70.2","81.0","71.2","64.1","point"
"2024-01-14 12:55:00 am","70.2","81.0","71.2","64.1","point"
"2024-01-14 12:56:00 am","70.2","81.0","71.2","64.0","point"
"2024-01-14 12:57:00 am","70.1","80.9","71.1","64.0","point"
"2024-01-14 12:58:00 am","70.2","80.9","71.2","64.1","point"
"2024-01-14 12:59:00 am","70.2","81.0","71.2","64.1","point"
"2024-01-14 01:00:00 am","70.1","81.0","71.1","64.0","point"
"2024-01-14 01:01:00 am","70.1","80.9","71.1","64.0","point"
"2024-01-14 01:02:00 am","70.1","81.1","71.1","64.1","point"
"2024-01-14 01:03:00 am","70.1","81.1","71.1","64.0","point"
"2024-01-14 01:04:00 am","70.1","81.1","71.1","64.0","point"
"2024-01-14 01:05:00 am","70.1","81.1","71.1","64.0","point"
"2024-01-14 01:06:00 am","70.2","81.1","71.2","64.1","point"
"2024-01-14 01:07:00 am","70.1","81.2","71.1","64.0","point"
"2024-01-14 01:08:00 am","70.1","81.3","71.1","64.1","point"
"2024-01-14 01:09:00 am","70.1","81.3","71.1","64.1","point"
"2024-01-14 01:10:00 am","70.1","81.2","71.1","64.0","point"
"2024-01-14 01:11:00 am","70.1","81.2","71.1","64.0","point"
"2024-01-14 01:12:00 am","70.0","81.2","71.1","64.0","point"
"2024-01-14 01:13:00 am","69.9","81.1","70.7","63.9","point"
"2024-01-14 01:14:00 am","70.1","81.2","71.1","64.0","point"
"2024-01-14 01:15:00 am","70.0","81.1","71.1","64.0","point"
"2024-01-14 01:16:00 am","70.0","81.1","71.1","64.0","point"
"2024-01-14 01:17:00 am","70.1","81.1","71.1","64.0","point"
"2024-01-14 01:18:00 am","70.1","81.2","71.1","64.0","point"
"2024-01-14 01:19:00 am","70.1","81.3","71.1","64.1","point"
"2024-01-14 01:20:00 am","69.9","81.2","70.7","63.9","point"
"2024-01-14 01:21:00 am","69.9","81.4","70.7","64.0","point"
"2024-01-14 01:22:00 am","70.0","81.5","71.1","64.0","point"
"2024-01-14 01:23:00 am","70.1","81.5","71.1","64.1","point"
"2024-01-14 01:24:00 am","70.0","81.5","71.1","64.0","point"
"2024-01-14 01:25:00 am","70.0","81.5","71.1","64.1","point"
"2024-01-14 01:26:00 am","69.9","81.7","70.7","64.1","point"
"2024-01-14 01:27:00 am","70.0","81.8","71.1","64.2","point"
"2024-01-14 01:28:00 am","70.0","81.8","71.1","64.2","point"
"2024-01-14 01:29:00 am","70.1","81.8","71.1","64.2","point"
"2024-01-14 01:30:00 am","70.0","81.9","71.1","64.2","point"
"2024-01-14 01:31:00 am","70.1","81.9","71.1","64.3","point"
"2024-01-14 01:32:00 am","70.0","82.1","71.1","64.2","point"
"2024-01-14 01:33:00 am","70.1","82.0","71.1","64.3","point"
"2024-01-14 01:34:00 am","70.0","82.1","71.1","64.2","point"
"2024-01-14 01:35:00 am","70.1","82.2","71.1","64.4","point"
"2024-01-14 01:36:00 am","70.0","82.2","71.1","64.4","point"
"2024-01-14 01:37:00 am","70.0","82.2","71.1","64.3","point"
"2024-01-14 01:38:00 am","70.1","82.4","71.1","64.4","point"
"2024-01-14 01:39:00 am","70.0","82.4","71.1","64.4","point"
"2024-01-14 01:40:00 am","70.1","82.5","71.2","64.5","point"
"2024-01-14 01:41:00 am","70.1","82.5","71.2","64.5","point"
"2024-01-14 01:42:00 am","70.1","82.5","71.1","64.5","point"
"2024-01-14 01:43:00 am","70.1","82.5","71.2","64.5","point"
"2024-01-14 01:44:00 am","70.1","82.6","71.2","64.6","point"
"2024-01-14 01:45:00 am","70.1","82.6","71.2","64.6","point"
"2024-01-14 01:46:00 am","70.1","82.7","71.2","64.6","point"
"2024-01-14 01:47:00 am","70.2","82.8","71.4","64.7","point"
"2024-01-14 01:48:00 am","70.1","82.8","71.2","64.7","point"
"2024-01-14 01:49:00 am","70.1","82.8","71.2","64.6","point"
"2024-01-14 01:50:00 am","70.1","82.7","71.2","64.6","point"
"2024-01-14 01:51:00 am","70.1","82.8","71.2","64.6","point"
"2024-01-14 01:52:00 am","70.2","82.9","71.4","64.8","point"
"2024-01-14 01:53:00 am","70.1","83.0","71.2","64.7","point"
"2024-01-14 01:54:00 am","70.1","83.0","71.2","64.7","point"
"2024-01-14 01:55:00 am","70.1","83.0","71.2","64.7","point"
"2024-01-14 01:56:00 am","70.1","83.0","71.2","64.7","point"
"2024-01-14 01:57:00 am","70.1","82.9","71.2","64.7","point"
"2024-01-14 01:58:00 am","70.2","83.1","71.4","64.8","point"
"2024-01-14 01:59:00 am","70.2","83.0","71.4","64.8","point"
"2024-01-14 02:00:00 am","70.1","83.1","71.2","64.7","point"
"2024-01-14 02:01:00 am","70.2","83.1","71.4","64.8","point"
"2024-01-14 02:02:00 am","70.2","83.1","71.4","64.8","point"
"2024-01-14 02:03:00 am","70.2","83.1","71.4","64.8","point"
"2024-01-14 02:04:00 am","70.1","83.1","71.2","64.8","point"
"2024-01-14 02:05:00 am","70.1","83.1","71.2","64.7","point"
"2024-01-14 02:06:00 am","70.1","83.1","71.2","64.7","point"
"2024-01-14 02:07:00 am","70.1","83.1","71.2","64.8","point"
"2024-01-14 02:08:00 am","70.2","83.1","71.4","64.8","point"
"2024-01-14 02:09:00 am","70.1","83.1","71.2","64.8","point"
"2024-01-14 02:10:00 am","70.1","83.0","71.2","64.7","point"
"2024-01-14 02:11:00 am","70.1","82.9","71.2","64.7","point"
"2024-01-14 02:12:00 am","70.2","83.1","71.4","64.8","point"
"2024-01-14 02:13:00 am","70.2","83.1","71.4","64.8","point"
"2024-01-14 02:14:00 am","70.1","83.1","71.2","64.7","point"
"2024-01-14 02:15:00 am","70.1","82.9","71.2","64.6","point"
"2024-01-14 02:16:00 am","70.1","82.9","71.2","64.6","point"
"2024-01-14 02:17:00 am","70.1","83.0","71.2","64.7","point"
"2024-01-14 02:18:00 am","70.1","82.8","71.2","64.6","point"
"2024-01-14 02:19:00 am","70.0","82.7","71.2","64.5","point"
"2024-01-14 02:20:00 am","70.0","82.9","71.2","64.6","point"
"2024-01-14 02:21:00 am","70.1","82.8","71.2","64.6","point"
"2024-01-14 02:22:00 am","70.1","83.0","71.2","64.7","point"
"2024-01-14 02:23:00 am","70.1","82.8","71.2","64.6","point"
"2024-01-14 02:24:00 am","70.2","82.9","71.4","64.7","point"
"2024-01-14 02:25:00 am","70.0","82.8","71.2","64.5","point"
"2024-01-14 02:26:00 am","70.0","82.7","71.2","64.5","point"
"2024-01-14 02:27:00 am","70.0","82.7","71.2","64.5","point"
"2024-01-14 02:28:00 am","70.1","82.7","71.2","64.5","point"
"2024-01-14 02:29:00 am","70.0","82.6","71.2","64.4","point"
"2024-01-14 02:30:00 am","70.1","82.5","71.2","64.5","point"
"2024-01-14 02:31:00 am","70.0","82.5","71.2","64.4","point"
"2024-01-14 02:32:00 am","70.0","82.4","71.1","64.4","point"
"2024-01-14 02:33:00 am","70.0","82.4","71.1","64.4","point"
"2024-01-14 02:34:00 am","70.0","82.4","71.1","64.4","point"
"2024-01-14 02:35:00 am","70.0","82.4","71.1","64.4","point"
"2024-01-14 02:36:00 am","69.9","82.2","70.7","64.2","point"
"2024-01-14 02:37:00 am","69.9","82.3","70.7","64.2","point"
"2024-01-14 02:38:00 am","70.0","82.2","71.1","64.3","point"
"2024-01-14 02:39:00 am","69.9","82.2","70.7","64.2","point"
"2024-01-14 02:40:00 am","69.9","82.3","70.7","64.2","point"
"2024-01-14 02:41:00 am","69.9","82.3","70.7","64.3","point"
"2024-01-14 02:42:00 am","69.9","82.2","70.7","64.2","point"
"2024-01-14 02:43:00 am","69.9","82.4","70.7","64.2","point"
"2024-01-14 02:44:00 am","69.9","82.5","70.7","64.3","point"
"2024-01-14 02:45:00 am","69.9","82.5","70.9","64.4","point"
"2024-01-14 02:46:00 am","70.0","82.6","71.2","64.4","point"
"2024-01-14 02:47:00 am","69.9","82.5","70.9","64.4","point"
"2024-01-14 02:48:00 am","69.9","82.5","70.9","64.3","point"
"2024-01-14 02:49:00 am","69.9","82.5","70.7","64.3","point"
"2024-01-14 02:50:00 am","69.8","82.4","70.7","64.2","point"
"2024-01-14 02:51:00 am","70.0","82.5","71.1","64.4","point"
"2024-01-14 02:52:00 am","69.8","82.6","70.9","64.3","point"
"2024-01-14 02:53:00 am","70.0","82.5","71.1","64.4","point"
"2024-01-14 02:54:00 am","69.9","82.5","70.9","64.4","point"
"2024-01-14 02:55:00 am","70.0","82.5","71.2","64.5","point"
"2024-01-14 02:56:00 am","70.0","82.6","71.2","64.4","point"
"2024-01-14 02:57:00 am","69.9","82.5","70.9","64.3","point"
"2024-01-14 02:58:00 am","69.9","82.5","70.9","64.4","point"
"2024-01-14 02:59:00 am","70.0","82.6","71.2","64.5","point"
"2024-01-14 03:00:00 am","69.9","82.6","70.9","64.4","point"
"2024-01-14 03:01:00 am","69.9","82.4","70.7","64.3","point"
"2024-01-14 03:02:00 am","70.0","82.5","71.1","64.4","point"
"2024-01-14 03:03:00 am","69.9","82.5","70.9","64.3","point"
"2024-01-14 03:04:00 am","69.9","82.4","70.7","64.3","point"
"2024-01-14 03:05:00 am","69.8","82.3","70.7","64.2","point"
"2024-01-14 03:06:00 am","69.9","82.2","70.7","64.2","point"
"2024-01-14 03:07:00 am","69.8","82.2","70.7","64.1","point"
"2024-01-14 03:08:00 am","69.9","82.2","70.7","64.2","point"
"2024-01-14 03:09:00 am","69.8","82.2","70.5","64.1","point"
"2024-01-14 03:10:00 am","69.8","82.1","70.5","64.1","point"
"2024-01-14 03:11:00 am","69.8","82.1","70.7","64.1","point"
"2024-01-14 03:12:00 am","69.8","82.3","70.7","64.2","point"
"2024-01-14 03:13:00 am","69.8","82.1","70.7","64.1","point"
"2024-01-14 03:14:00 am","69.9","82.0","70.7","64.1","point"
"2024-01-14 03:15:00 am","69.8","82.2","70.7","64.1","point"
"2024-01-14 03:16:00 am","69.8","82.2","70.7","64.1","point"
"2024-01-14 03:17:00 am","69.8","82.1","70.7","64.1","point"
"2024-01-14 03:18:00 am","69.7","82.1","70.5","64.0","point"
"2024-01-14 03:19:00 am","69.8","82.1","70.7","64.1","point"
"2024-01-14 03:20:00 am","69.8","82.2","70.7","64.1","point"
"2024-01-14 03:21:00 am","69.7","82.0","70.5","64.0","point"
"2024-01-14 03:22:00 am","69.7","82.0","70.5","64.0","point"
"2024-01-14 03:23:00 am","69.8","81.9","70.5","64.0","point"
"2024-01-14 03:24:00 am","69.8","82.1","70.5","64.1","point"
"2024-01-14 03:25:00 am","69.7","82.0","70.5","64.0","point"
"2024-01-14 03:26:00 am","69.9","82.0","70.7","64.1","point"
"2024-01-14 03:27:00 am","69.7","82.1","70.5","64.0","point"
"2024-01-14 03:28:00 am","69.7","81.9","70.5","63.9","point"
"2024-01-14 03:29:00 am","69.7","82.0","70.5","64.0","point"
"2024-01-14 03:30:00 am","69.8","82.2","70.7","64.1","point"
"2024-01-14 03:31:00 am","69.8","82.2","70.7","64.1","point"
"2024-01-14 03:32:00 am","69.7","82.2","70.5","64.0","point"
"2024-01-14 03:33:00 am","69.8","82.1","70.5","64.1","point"
"2024-01-14 03:34:00 am","69.8","82.2","70.7","64.1","point"
"2024-01-14 03:35:00 am","69.8","82.2","70.7","64.1","point"
"2024-01-14 03:36:00 am","69.8","82.0","70.5","64.0","point"
"2024-01-14 03:37:00 am","69.8","82.1","70.5","64.1","point"
"2024-01-14 03:38:00 am","69.8","82.0","70.7","64.1","point"
"2024-01-14 03:39:00 am","69.8","82.1","70.5","64.1","point"
"2024-01-14 03:40:00 am","69.7","82.0","70.5","64.0","point"
"2024-01-14 03:41:00 am","69.7","82.0","70.5","64.0","point"
"2024-01-14 03:42:00 am","69.7","81.9","70.5","64.0","point"
"2024-01-14 03:43:00 am","69.8","81.9","70.7","64.0","point"
"2024-01-14 03:44:00 am","69.7","81.9","70.5","63.9","point"
"2024-01-14 03:45:00 am","69.7","81.8","70.5","63.8","point"
"2024-01-14 03:46:00 am","69.7","81.8","70.5","63.9","point"
"2024-01-14 03:47:00 am","69.7","81.7","70.5","63.8","point"
"2024-01-14 03:48:00 am","69.7","81.7","70.5","63.8","point"
"2024-01-14 03:49:00 am","69.6","81.7","70.5","63.8","point"
"2024-01-14 03:50:00 am","69.6","81.5","70.3","63.6","point"
"2024-01-14 03:51:00 am","69.6","81.7","70.5","63.8","point"
"2024-01-14 03:52:00 am","69.6","81.8","70.5","63.8","point"
"2024-01-14 03:53:00 am","69.7","81.7","70.5","63.9","point"
"2024-01-14 03:54:00 am","69.7","81.9","70.5","63.9","point"
"2024-01-14 03:55:00 am","69.6","81.6","70.5","63.7","point"
"2024-01-14 03:56:00 am","69.7","81.7","70.5","63.8","point"
"2024-01-14 03:57:00 am","69.6","81.6","70.5","63.8","point"
"2024-01-14 03:58:00 am","69.6","81.6","70.5","63.8","point"
"2024-01-14 03:59:00 am","69.5","81.8","70.3","63.7","point"
"2024-01-14 04:00:00 am","69.6","81.5","70.5","63.7","point"
"2024-01-14 04:01:00 am","69.6","81.6","70.3","63.7","point"
"2024-01-14 04:02:00 am","69.6","81.7","70.3","63.7","point"
"2024-01-14 04:03:00 am","69.6","81.6","70.5","63.8","point"
"2024-01-14 04:04:00 am","69.5","81.6","70.3","63.7","point"
"2024-01-14 04:05:00 am","69.6","81.6","70.3","63.7","point"
"2024-01-14 04:06:00 am","69.5","81.6","70.3","63.6","point"
"2024-01-14 04:07:00 am","69.7","81.5","70.5","63.7","point"
"2024-01-14 04:08:00 am","69.7","81.6","70.5","63.8","point"
"2024-01-14 04:09:00 am","69.6","81.5","70.5","63.7","point"
"2024-01-14 04:10:00 am","69.5","81.6","70.3","63.6","point"
"2024-01-14 04:11:00 am","69.5","81.6","70.3","63.6","point"
"2024-01-14 04:12:00 am","69.5","81.4","70.3","63.5","point"
"2024-01-14 04:13:00 am","69.5","81.5","70.3","63.6","point"
"2024-01-14 04:14:00 am","69.4","81.5","70.2","63.5","point"
"2024-01-14 04:15:00 am","69.6","81.5","70.3","63.6","point"
"2024-01-14 04:16:00 am","69.4","81.1","70.2","63.3","point"
"2024-01-14 04:17:00 am","69.4","81.1","70.2","63.3","point"
"2024-01-14 04:18:00 am","69.4","81.2","70.2","63.4","point"
"2024-01-14 04:19:00 am","69.5","81.2","70.3","63.5","point"
"2024-01-14 04:20:00 am","69.5","81.1","70.3","63.4","point"
"2024-01-14 04:21:00 am","69.5","81.1","70.3","63.4","point"
"2024-01-14 04:22:00 am","69.4","81.1","70.2","63.4","point"
"2024-01-14 04:23:00 am","69.4","81.1","70.2","63.3","point"
"2024-01-14 04:24:00 am","69.4","81.0","70.2","63.2","point"
"2024-01-14 04:25:00 am","69.4","81.0","70.2","63.3","point"
"2024-01-14 04:26:00 am","69.4","81.0","70.2","63.4","point"
"2024-01-14 04:27:00 am","69.3","80.9","70.2","63.2","point"
"2024-01-14 04:28:00 am","69.4","81.1","70.2","63.3","point"
"2024-01-14 04:29:00 am","69.4","80.9","70.2","63.2","point"
"2024-01-14 04:30:00 am","69.3","81.0","70.2","63.2","point"
"2024-01-14 04:31:00 am","69.4","80.7","70.2","63.2","point"
"2024-01-14 04:32:00 am","69.4","80.9","70.2","63.2","point"
"2024-01-14 04:33:00 am","69.3","80.8","70.2","63.1","point"
"2024-01-14 04:34:00 am","69.2","80.7","69.8","63.1","point"
"2024-01-14 04:35:00 am","69.4","80.8","70.2","63.2","point"
"2024-01-14 04:36:00 am","69.3","80.8","70.2","63.1","point"
"2024-01-14 04:37:00 am","69.2","80.8","69.8","63.1","point"
"2024-01-14 04:38:00 am","69.3","80.8","70.2","63.1","point"
"2024-01-14 04:39:00 am","69.3","80.8","70.2","63.1","point"
"2024-01-14 04:40:00 am","69.2","80.8","69.8","63.1","point"
"2024-01-14 04:41:00 am","69.3","80.8","70.2","63.1","point"
"2024-01-14 04:42:00 am","69.3","80.8","70.2","63.1","point"
"2024-01-14 04:43:00 am","69.2","80.7","69.8","63.1","point"
"2024-01-14 04:44:00 am","69.3","80.9","70.2","63.1","point"
"2024-01-14 04:45:00 am","69.2","80.9","69.8","63.1","point"
"2024-01-14 04:46:00 am","69.2","80.8","69.8","63.1","point"
"2024-01-14 04:47:00 am","69.1","80.8","69.8","63.0","point"
"2024-01-14 04:48:00 am","69.2","80.8","69.8","63.1","point"
"2024-01-14 04:49:00 am","69.2","80.9","69.8","63.1","point"
"2024-01-14 04:50:00 am","69.2","80.8","69.8","63.1","point"
"2024-01-14 04:51:00 am","69.2","80.7","69.8","63.0","point"
"2024-01-14 04:52:00 am","69.2","80.9","69.8","63.1","point"
"2024-01-14 04:53:00 am","69.3","81.0","70.2","63.2","point"
"2024-01-14 04:54:00 am","69.2","80.9","69.8","63.1","point"
"2024-01-14 04:55:00 am","69.2","81.0","69.8","63.1","point"
"2024-01-14 04:56:00 am","69.1","81.0","69.8","63.1","point"
"2024-01-14 04:57:00 am","69.2","81.0","69.8","63.1","point"
"2024-01-14 04:58:00 am","69.2","80.9","69.8","63.1","point"
"2024-01-14 04:59:00 am","69.3","80.9","70.2","63.1","point"
"2024-01-14 05:00:00 am","69.1","80.9","69.8","63.1","point"
"2024-01-14 05:01:00 am","69.3","80.9","70.2","63.2","point"
"2024-01-14 05:02:00 am","69.3","80.9","70.2","63.2","point"
"2024-01-14 05:03:00 am","69.3","80.9","70.2","63.1","point"
"2024-01-14 05:04:00 am","69.1","81.0","69.8","63.0","point"
"2024-01-14 05:05:00 am","69.2","81.0","69.8","63.1","point"
"2024-01-14 05:06:00 am","69.1","81.1","69.8","63.1","point"
"2024-01-14 05:07:00 am","69.3","81.1","70.2","63.2","point"
"2024-01-14 05:08:00 am","69.2","81.1","69.8","63.2","point"
"2024-01-14 05:09:00 am","69.2","81.0","69.8","63.1","point"
"2024-01-14 05:10:00 am","69.1","81.0","69.8","63.0","point"
"2024-01-14 05:11:00 am","69.2","80.8","69.8","63.1","point"
"2024-01-14 05:12:00 am","69.2","80.8","69.8","63.1","point"
"2024-01-14 05:13:00 am","69.1","81.0","69.6","63.0","point"
"2024-01-14 05:14:00 am","69.1","81.0","69.8","63.1","point"
"2024-01-14 05:15:00 am","69.3","81.1","70.2","63.2","point"
"2024-01-14 05:16:00 am","69.1","81.1","69.8","63.1","point"
"2024-01-14 05:17:00 am","69.1","81.0","69.8","63.0","point"
"2024-01-14 05:18:00 am","69.2","81.0","69.8","63.1","point"
"2024-01-14 05:19:00 am","69.1","81.0","69.8","63.0","point"
"2024-01-14 05:20:00 am","69.1","81.1","69.8","63.1","point"
"2024-01-14 05:21:00 am","69.1","81.1","69.8","63.1","point"
"2024-01-14 05:22:00 am","69.2","81.0","69.8","63.1","point"
"2024-01-14 05:23:00 am","69.1","81.2","69.8","63.1","point"
"2024-01-14 05:24:00 am","69.1","81.1","69.8","63.1","point"
"2024-01-14 05:25:00 am","69.2","81.1","69.8","63.2","point"
"2024-01-14 05:26:00 am","69.2","81.1","69.8","63.2","point"
"2024-01-14 05:27:00 am","69.2","81.3","69.8","63.2","point"
"2024-01-14 05:28:00 am","69.1","81.3","69.8","63.2","point"
"2024-01-14 05:29:00 am","69.2","81.2","69.8","63.2","point"
"2024-01-14 05:30:00 am","69.1","81.3","69.8","63.2","point"
"2024-01-14 05:31:00 am","69.2","81.2","69.8","63.2","point"
"2024-01-14 05:32:00 am","69.1","81.4","69.8","63.2","point"
"2024-01-14 05:33:00 am","69.2","81.3","69.8","63.2","point"
"2024-01-14 05:34:00 am","69.1","81.3","69.8","63.2","point"
"2024-01-14 05:35:00 am","69.3","81.2","70.2","63.2","point"
"2024-01-14 05:36:00 am","69.2","81.3","69.8","63.2","point"
"2024-01-14 05:37:00 am","69.1","81.3","69.8","63.2","point"
"2024-01-14 05:38:00 am","69.2","81.2","69.8","63.2","point"
"2024-01-14 05:39:00 am","69.1","81.2","69.8","63.1","point"
"2024-01-14 05:40:00 am","69.1","81.2","69.8","63.2","point"
"2024-01-14 05:41:00 am","69.2","81.2","69.8","63.2","point"
"2024-01-14 05:42:00 am","69.2","81.2","69.8","63.2","point"
"2024-01-14 05:43:00 am","69.2","81.2","69.8","63.2","point"
"2024-01-14 05:44:00 am","69.1","81.3","69.6","63.1","point"
"2024-01-14 05:45:00 am","69.3","81.2","70.2","63.2","point"
"2024-01-14 05:46:00 am","69.1","81.4","69.6","63.1","point"
"2024-01-14 05:47:00 am","69.1","81.5","69.8","63.2","point"
"2024-01-14 05:48:00 am","69.1","81.6","69.8","63.3","point"
"2024-01-14 05:49:00 am","69.1","81.5","69.6","63.2","point"
"2024-01-14 05:50:00 am","69.1","81.4","69.8","63.1","point"
"2024-01-14 05:51:00 am","69.1","81.3","69.8","63.1","point"
"2024-01-14 05:52:00 am","69.2","81.3","69.8","63.2","point"
"2024-01-14 05:53:00 am","69.2","81.4","69.8","63.2","point"
"2024-01-14 05:54:00 am","69.2","81.4","69.8","63.2","point"
"2024-01-14 05:55:00 am","69.2","81.3","69.8","63.2","point"
"2024-01-14 05:56:00 am","69.2","81.3","69.8","63.2","point"
"2024-01-14 05:57:00 am","69.2","81.4","69.8","63.2","point"
"2024-01-14 05:58:00 am","69.1","81.4","69.8","63.1","point"
"2024-01-14 05:59:00 am","69.1","81.4","69.8","63.2","point"
"2024-01-14 06:00:00 am","69.2","81.4","69.8","63.2","point"
"2024-01-14 06:01:00 am","69.1","81.5","69.8","63.2","point"
"2024-01-14 06:02:00 am","69.2","81.6","69.8","63.3","point"
"2024-01-14 06:03:00 am","69.1","81.6","69.8","63.3","point"
"2024-01-14 06:04:00 am","69.1","81.5","69.8","63.2","point"
"2024-01-14 06:05:00 am","69.1","81.5","69.8","63.2","point"
"2024-01-14 06:06:00 am","69.1","81.6","69.8","63.3","point"
"2024-01-14 06:07:00 am","69.2","81.6","69.8","63.3","point"
"2024-01-14 06:08:00 am","69.2","81.5","69.8","63.3","point"
"2024-01-14 06:09:00 am","69.2","81.5","69.8","63.3","point"
"2024-01-14 06:10:00 am","69.1","81.4","69.8","63.2","point"
"2024-01-14 06:11:00 am","69.1","81.6","69.8","63.3","point"
"2024-01-14 06:12:00 am","69.2","81.6","69.8","63.3","point"
"2024-01-14 06:13:00 am","69.1","81.4","69.8","63.2","point"
"2024-01-14 06:14:00 am","69.2","81.6","69.8","63.3","point"
"2024-01-14 06:15:00 am","69.1","81.6","69.8","63.2","point"
"2024-01-14 06:16:00 am","69.1","81.6","69.8","63.2","point"
"2024-01-14 06:17:00 am","69.2","81.4","69.8","63.2","point"
"2024-01-14 06:18:00 am","69.1","81.5","69.8","63.2","point"
"2024-01-14 06:19:00 am","69.2","81.6","69.8","63.3","point"
"2024-01-14 06:20:00 am","69.1","81.6","69.8","63.2","point"
"2024-01-14 06:21:00 am","69.2","81.6","69.8","63.3","point"
"2024-01-14 06:22:00 am","69.1","81.5","69.8","63.2","point"
"2024-01-14 06:23:00 am","69.1","81.6","69.6","63.2","point"
"2024-01-14 06:24:00 am","69.1","81.7","69.8","63.3","point"
"2024-01-14 06:25:00 am","69.1","81.7","69.8","63.2","point"
"2024-01-14 06:26:00 am","69.1","81.7","69.8","63.3","point"
"2024-01-14 06:27:00 am","69.2","81.7","69.8","63.4","point"
"2024-01-14 06:28:00 am","69.1","81.8","69.8","63.3","point"
"2024-01-14 06:29:00 am","69.3","81.7","70.2","63.4","point"
"2024-01-14 06:30:00 am","69.3","81.8","70.2","63.4","point"
"2024-01-14 06:31:00 am","69.3","81.8","70.2","63.4","point"
"2024-01-14 06:32:00 am","69.2","81.7","69.8","63.4","point"
"2024-01-14 06:33:00 am","69.1","81.8","69.8","63.3","point"
"2024-01-14 06:34:00 am","69.1","81.8","69.6","63.2","point"
"2024-01-14 06:35:00 am","69.1","81.8","69.8","63.4","point"
"2024-01-14 06:36:00 am","69.2","81.9","69.8","63.4","point"
"2024-01-14 06:37:00 am","69.1","81.8","69.8","63.3","point"
"2024-01-14 06:38:00 am","69.1","81.8","69.8","63.3","point"
"2024-01-14 06:39:00 am","69.1","81.8","69.8","63.4","point"
"2024-01-14 06:40:00 am","69.2","81.9","69.8","63.4","point"
"2024-01-14 06:41:00 am","69.0","81.8","69.6","63.2","point"
"2024-01-14 06:42:00 am","69.2","81.8","69.8","63.4","point"
"2024-01-14 06:43:00 am","69.2","81.8","69.8","63.4","point"
"2024-01-14 06:44:00 am","69.1","81.8","69.8","63.3","point"
"2024-01-14 06:45:00 am","69.1","81.8","69.8","63.3","point"
"2024-01-14 06:46:00 am","69.2","81.7","69.8","63.4","point"
"2024-01-14 06:47:00 am","69.2","81.8","69.8","63.4","point"
"2024-01-14 06:48:00 am","69.1","81.7","69.8","63.3","point"
"2024-01-14 06:49:00 am","69.1","81.6","69.8","63.3","point"
"2024-01-14 06:50:00 am","69.2","81.7","69.8","63.4","point"
"2024-01-14 06:51:00 am","69.1","81.6","69.8","63.2","point"
"2024-01-14 06:52:00 am","69.1","81.7","69.6","63.2","point"
"2024-01-14 06:53:00 am","69.0","81.6","69.6","63.2","point"
"2024-01-14 06:54:00 am","68.9","81.7","69.4","63.0","point"
"2024-01-14 06:55:00 am","69.1","81.8","69.6","63.3","point"
"2024-01-14 06:56:00 am","69.1","81.7","69.8","63.3","point"
"2024-01-14 06:57:00 am","69.1","81.7","69.6","63.2","point"
"2024-01-14 06:58:00 am","69.1","81.7","69.6","63.2","point"
"2024-01-14 06:59:00 am","69.0","81.7","69.6","63.2","point"
"2024-01-14 07:00:00 am","69.0","81.7","69.6","63.1","point"
"2024-01-14 07:01:00 am","69.1","81.7","69.6","63.2","point"
"2024-01-14 07:02:00 am","69.1","81.7","69.6","63.2","point"
"2024-01-14 07:03:00 am","69.0","81.7","69.6","63.2","point"
"2024-01-14 07:04:00 am","69.1","81.7","69.6","63.2","point"
"2024-01-14 07:05:00 am","69.1","81.8","69.8","63.3","point"
"2024-01-14 07:06:00 am","69.1","81.7","69.6","63.2","point"
"2024-01-14 07:07:00 am","69.1","81.4","69.6","63.1","point"
"2024-01-14 07:08:00 am","69.1","80.8","69.6","62.9","point"
"2024-01-14 07:09:00 am","69.1","80.5","69.6","62.8","point"
"2024-01-14 07:10:00 am","68.8","80.5","69.3","62.6","point"
"2024-01-14 07:11:00 am","68.6","80.4","69.1","62.3","point"
"2024-01-14 07:12:00 am","68.6","80.2","69.1","62.3","point"
"2024-01-14 07:13:00 am","67.9","80.2","68.2","61.6","point"
"2024-01-14 07:14:00 am","67.8","80.1","68.2","61.5","point"
"2024-01-14 07:15:00 am","67.0","80.3","67.1","60.7","point"
"2024-01-14 07:16:00 am","67.0","80.9","67.1","60.9","point"
"2024-01-14 07:17:00 am","66.7","81.4","66.7","60.8","point"
"2024-01-14 07:18:00 am","66.6","81.8","66.7","60.8","point"
"2024-01-14 07:19:00 am","66.1","82.2","66.0","60.5","point"
"2024-01-14 07:20:00 am","65.6","82.6","65.5","60.1","point"
"2024-01-14 07:21:00 am","65.7","83.2","65.8","60.5","point"
"2024-01-14 07:22:00 am","65.9","83.6","66.0","60.8","point"
"2024-01-14 07:23:00 am","65.2","83.9","65.1","60.2","point"
"2024-01-14 07:24:00 am","65.5","84.3","65.5","60.6","point"
"2024-01-14 07:25:00 am","65.6","84.7","65.7","60.8","point"
"2024-01-14 07:26:00 am","65.4","84.8","65.5","60.7","point"
"2024-01-14 07:27:00 am","65.0","85.0","65.1","60.4","point"
"2024-01-14 07:28:00 am","65.0","85.2","65.1","60.5","point"
"2024-01-14 07:29:00 am","65.1","85.5","65.1","60.6","point"
"2024-01-14 07:30:00 am","65.3","85.8","65.5","60.9","point"
"2024-01-14 07:31:00 am","65.1","86.1","65.3","60.9","point"
"2024-01-14 07:32:00 am","65.4","86.2","65.5","61.2","point"
"2024-01-14 07:33:00 am","65.4","86.2","65.5","61.2","point"
"2024-01-14 07:34:00 am","65.4","86.3","65.7","61.2","point"
"2024-01-14 07:35:00 am","65.3","86.2","65.3","61.0","point"
"2024-01-14 07:36:00 am","65.4","86.2","65.5","61.2","point"
"2024-01-14 07:37:00 am","65.5","86.3","65.8","61.3","point"
"2024-01-14 07:38:00 am","65.6","86.5","65.8","61.4","point"
"2024-01-14 07:39:00 am","65.4","86.3","65.7","61.2","point"
"2024-01-14 07:40:00 am","65.7","86.5","66.0","61.5","point"
"2024-01-14 07:41:00 am","65.5","86.3","65.8","61.3","point"
"2024-01-14 07:42:00 am","65.3","86.3","65.5","61.1","point"
"2024-01-14 07:43:00 am","65.6","86.3","65.7","61.4","point"
"2024-01-14 07:44:00 am","65.5","86.5","65.8","61.4","point"
"2024-01-14 07:45:00 am","65.6","86.6","65.8","61.5","point"
"2024-01-14 07:46:00 am","65.5","86.7","65.8","61.4","point"
"2024-01-14 07:47:00 am","65.5","86.8","65.8","61.5","point"
"2024-01-14 07:48:00 am","65.5","86.9","65.8","61.5","point"
"2024-01-14 07:49:00 am","65.5","87.1","65.8","61.6","point"
"2024-01-14 07:50:00 am","65.7","87.0","66.0","61.7","point"
"2024-01-14 07:51:00 am","65.6","87.1","65.8","61.7","point"
"2024-01-14 07:52:00 am","65.6","87.4","65.8","61.7","point"
"2024-01-14 07:53:00 am","65.7","87.5","66.0","61.8","point"
"2024-01-14 07:54:00 am","65.8","87.4","66.0","62.0","point"
"2024-01-14 07:55:00 am","65.9","87.5","66.4","62.0","point"
"2024-01-14 07:56:00 am","65.9","87.3","66.4","62.0","point"
"2024-01-14 07:57:00 am","66.1","87.3","66.6","62.2","point"
"2024-01-14 07:58:00 am","66.1","87.3","66.6","62.2","point"
"2024-01-14 07:59:00 am","66.2","87.1","66.6","62.2","point"
"2024-01-14 08:00:00 am","66.4","86.9","66.9","62.4","point"
"2024-01-14 08:01:00 am","66.3","86.8","66.7","62.3","point"
"2024-01-14 08:02:00 am","66.6","86.9","67.1","62.5","point"
"2024-01-14 08:03:00 am","66.5","86.7","66.9","62.4","point"
"2024-01-14 08:04:00 am","66.6","86.9","67.1","62.6","point"
"2024-01-14 08:05:00 am","66.6","86.9","67.1","62.5","point"
"2024-01-14 08:06:00 am","66.7","86.9","67.1","62.7","point"
"2024-01-14 08:07:00 am","66.8","86.6","67.5","62.7","point"
"2024-01-14 08:08:00 am","66.9","86.8","67.6","62.9","point"
"2024-01-14 08:09:00 am","66.8","86.6","67.5","62.7","point"
"2024-01-14 08:10:00 am","66.7","86.4","67.1","62.5","point"
"2024-01-14 08:11:00 am","66.9","86.7","67.5","62.8","point"
"2024-01-14 08:12:00 am","66.8","86.4","67.5","62.7","point"
"2024-01-14 08:13:00 am","67.0","86.5","67.6","62.9","point"
"2024-01-14 08:14:00 am","67.0","86.7","67.6","62.9","point"
"2024-01-14 08:15:00 am","67.2","86.5","67.8","63.0","point"
"2024-01-14 08:16:00 am","67.1","86.5","67.8","62.9","point"
"2024-01-14 08:17:00 am","67.2","86.4","67.8","63.0","point"
"2024-01-14 08:18:00 am","67.4","86.4","68.0","63.2","point"
"2024-01-14 08:19:00 am","67.4","86.3","68.0","63.2","point"
"2024-01-14 08:20:00 am","67.6","86.1","68.2","63.3","point"
"2024-01-14 08:21:00 am","67.6","85.9","68.2","63.2","point"
"2024-01-14 08:22:00 am","67.7","85.8","68.4","63.2","point"
"2024-01-14 08:23:00 am","67.7","85.6","68.4","63.3","point"
"2024-01-14 08:24:00 am","67.9","85.4","68.5","63.4","point"
"2024-01-14 08:25:00 am","68.0","85.2","68.5","63.4","point"
"2024-01-14 08:26:00 am","68.1","85.1","68.7","63.4","point"
"2024-01-14 08:27:00 am","68.1","84.9","68.7","63.3","point"
"2024-01-14 08:28:00 am","68.1","84.7","68.7","63.4","point"
"2024-01-14 08:29:00 am","68.3","84.6","68.9","63.4","point"
"2024-01-14 08:30:00 am","68.2","84.4","68.9","63.3","point"
"2024-01-14 08:31:00 am","68.3","84.3","68.9","63.4","point"
"2024-01-14 08:32:00 am","68.4","84.3","69.1","63.5","point"
"2024-01-14 08:33:00 am","68.5","84.1","69.1","63.4","point"
"2024-01-14 08:34:00 am","68.5","84.0","69.1","63.5","point"
"2024-01-14 08:35:00 am","68.5","83.9","69.1","63.4","point"
"2024-01-14 08:36:00 am","68.6","83.9","69.4","63.5","point"
"2024-01-14 08:37:00 am","68.6","83.8","69.4","63.5","point"
"2024-01-14 08:38:00 am","68.5","83.8","69.1","63.4","point"
"2024-01-14 08:39:00 am","68.5","83.7","69.1","63.4","point"
"2024-01-14 08:40:00 am","68.7","83.7","69.6","63.6","point"
"2024-01-14 08:41:00 am","68.6","83.7","69.4","63.5","point"
"2024-01-14 08:42:00 am","68.7","83.5","69.6","63.5","point"
"2024-01-14 08:43:00 am","68.6","83.5","69.4","63.4","point"
"2024-01-14 08:44:00 am","68.8","83.5","69.6","63.6","point"
"2024-01-14 08:45:00 am","68.6","83.2","69.4","63.2","point"
"2024-01-14 08:46:00 am","68.6","83.3","69.4","63.4","point"
"2024-01-14 08:47:00 am","68.6","83.3","69.4","63.3","point"
"2024-01-14 08:48:00 am","68.6","83.5","69.4","63.4","point"
"2024-01-14 08:49:00 am","68.7","83.4","69.6","63.5","point"
"2024-01-14 08:50:00 am","68.7","83.5","69.6","63.5","point"
"2024-01-14 08:51:00 am","68.6","83.5","69.4","63.4","point"
"2024-01-14 08:52:00 am","68.8","83.5","69.6","63.6","point"
"2024-01-14 08:53:00 am","68.7","83.4","69.6","63.5","point"
"2024-01-14 08:54:00 am","68.7","83.4","69.6","63.5","point"
"2024-01-14 08:55:00 am","68.8","83.5","69.6","63.6","point"
"2024-01-14 08:56:00 am","68.8","83.4","69.6","63.6","point"
"2024-01-14 08:57:00 am","69.0","83.5","69.8","63.8","point"
"2024-01-14 08:58:00 am","68.8","83.5","69.6","63.6","point"
"2024-01-14 08:59:00 am","68.9","83.5","69.6","63.6","point"
"2024-01-14 09:00:00 am","68.9","83.5","69.8","63.7","point"
"2024-01-14 09:01:00 am","68.9","83.5","69.8","63.7","point"
"2024-01-14 09:02:00 am","69.0","83.5","69.8","63.8","point"
"2024-01-14 09:03:00 am","69.0","83.5","69.8","63.8","point"
"2024-01-14 09:04:00 am","69.1","83.6","69.8","63.9","point"
"2024-01-14 09:05:00 am","69.1","83.6","70.0","64.0","point"
"2024-01-14 09:06:00 am","69.0","83.6","69.8","63.8","point"
"2024-01-14 09:07:00 am","69.1","83.6","70.0","63.9","point"
"2024-01-14 09:08:00 am","69.1","83.6","69.8","63.9","point"
"2024-01-14 09:09:00 am","69.1","83.7","70.0","64.0","point"
"2024-01-14 09:10:00 am","69.2","83.7","70.0","64.0","point"
"2024-01-14 09:11:00 am","69.1","83.7","70.0","64.0","point"
"2024-01-14 09:12:00 am","69.1","83.7","70.0","64.0","point"
"2024-01-14 09:13:00 am","69.1","83.7","70.0","64.0","point"
"2024-01-14 09:14:00 am","69.1","83.8","70.0","64.0","point"
"2024-01-14 09:15:00 am","69.2","83.8","70.0","64.1","point"
"2024-01-14 09:16:00 am","69.3","83.9","70.3","64.2","point"
"2024-01-14 09:17:00 am","69.4","83.9","70.3","64.3","point"
"2024-01-14 09:18:00 am","69.3","83.9","70.3","64.2","point"
"2024-01-14 09:19:00 am","69.3","83.9","70.3","64.2","point"
"2024-01-14 09:20:00 am","69.3","83.9","70.3","64.2","point"
"2024-01-14 09:21:00 am","69.3","83.9","70.3","64.2","point"
"2024-01-14 09:22:00 am","69.4","83.9","70.3","64.3","point"
"2024-01-14 09:23:00 am","69.4","84.0","70.3","64.3","point"
"2024-01-14 09:24:00 am","69.3","84.0","70.3","64.3","point"
"2024-01-14 09:25:00 am","69.4","84.0","70.3","64.3","point"
"2024-01-14 09:26:00 am","69.4","84.1","70.3","64.4","point"
"2024-01-14 09:27:00 am","69.4","84.1","70.3","64.3","point"
"2024-01-14 09:28:00 am","69.4","84.1","70.3","64.4","point"
"2024-01-14 09:29:00 am","69.4","84.0","70.3","64.4","point"
"2024-01-14 09:30:00 am","69.5","84.1","70.5","64.5","point"
"2024-01-14 09:31:00 am","69.5","84.2","70.5","64.5","point"
"2024-01-14 09:32:00 am","69.4","84.1","70.3","64.4","point"
"2024-01-14 09:33:00 am","69.5","84.2","70.5","64.5","point"
"2024-01-14 09:34:00 am","69.4","84.2","70.3","64.4","point"
"2024-01-14 09:35:00 am","69.5","84.1","70.5","64.5","point"
"2024-01-14 09:36:00 am","69.5","84.1","70.5","64.5","point"
"2024-01-14 09:37:00 am","69.6","84.2","70.5","64.6","point"
"2024-01-14 09:38:00 am","69.5","84.2","70.5","64.5","point"
"2024-01-14 09:39:00 am","69.5","84.1","70.5","64.5","point"
"2024-01-14 09:40:00 am","69.7","84.1","70.7","64.6","point"
"2024-01-14 09:41:00 am","69.5","84.1","70.5","64.5","point"
"2024-01-14 09:42:00 am","69.7","84.2","70.7","64.7","point"
"2024-01-14 09:43:00 am","69.6","84.1","70.5","64.6","point"
"2024-01-14 09:44:00 am","69.7","84.1","70.7","64.7","point"
"2024-01-14 09:45:00 am","69.6","84.2","70.7","64.7","point"
"2024-01-14 09:46:00 am","69.6","84.0","70.7","64.6","point"
"2024-01-14 09:47:00 am","69.7","84.0","70.7","64.7","point"
"2024-01-14 09:48:00 am","69.6","84.1","70.7","64.6","point"
"2024-01-14 09:49:00 am","69.7","84.3","70.7","64.8","point"
"2024-01-14 09:50:00 am","69.7","84.1","70.7","64.7","point"
"2024-01-14 09:51:00 am","69.7","84.4","70.7","64.7","point"
"2024-01-14 09:52:00 am","69.7","84.1","70.7","64.7","point"
"2024-01-14 09:53:00 am","69.7","84.2","70.7","64.8","point"
"2024-01-14 09:54:00 am","69.7","84.2","70.7","64.8","point"
"2024-01-14 09:55:00 am","69.8","84.2","70.7","64.8","point"
"2024-01-14 09:56:00 am","69.8","84.3","70.7","64.8","point"
"2024-01-14 09:57:00 am","69.8","84.4","70.9","64.9","point"
"2024-01-14 09:58:00 am","69.8","84.6","70.7","64.9","point"
"2024-01-14 09:59:00 am","69.8","84.5","70.7","64.9","point"
"2024-01-14 10:00:00 am","69.8","84.6","70.7","64.9","point"
"2024-01-14 10:01:00 am","69.8","84.5","70.7","64.9","point"
"2024-01-14 10:02:00 am","69.9","84.5","70.9","65.0","point"
"2024-01-14 10:03:00 am","69.8","84.5","70.9","64.9","point"
"2024-01-14 10:04:00 am","69.8","84.5","70.9","64.9","point"
"2024-01-14 10:05:00 am","69.9","84.4","70.9","64.9","point"
"2024-01-14 10:06:00 am","69.9","84.5","70.9","65.0","point"
"2024-01-14 10:07:00 am","69.9","84.6","70.9","65.0","point"
"2024-01-14 10:08:00 am","69.9","84.5","70.9","65.0","point"
"2024-01-14 10:09:00 am","69.9","84.6","70.9","65.0","point"
"2024-01-14 10:10:00 am","69.9","84.6","70.9","65.0","point"
"2024-01-14 10:11:00 am","69.9","84.6","70.9","65.1","point"
"2024-01-14 10:12:00 am","70.0","84.8","71.2","65.2","point"
"2024-01-14 10:13:00 am","69.9","84.8","70.9","65.1","point"
"2024-01-14 10:14:00 am","70.1","84.8","71.2","65.2","point"
"2024-01-14 10:15:00 am","70.0","84.7","71.2","65.2","point"
"2024-01-14 10:16:00 am","70.0","84.8","71.2","65.2","point"
"2024-01-14 10:17:00 am","70.0","84.7","71.2","65.2","point"
"2024-01-14 10:18:00 am","70.1","84.9","71.2","65.3","point"
"2024-01-14 10:19:00 am","70.1","84.8","71.2","65.3","point"
"2024-01-14 10:20:00 am","70.0","84.8","71.2","65.2","point"
"2024-01-14 10:21:00 am","70.1","84.8","71.2","65.3","point"
"2024-01-14 10:22:00 am","70.0","84.9","71.2","65.2","point"
"2024-01-14 10:23:00 am","70.1","84.9","71.2","65.3","point"
"2024-01-14 10:24:00 am","70.1","84.9","71.2","65.4","point"
"2024-01-14 10:25:00 am","70.1","85.0","71.2","65.4","point"
"2024-01-14 10:26:00 am","70.1","85.0","71.2","65.4","point"
"2024-01-14 10:27:00 am","70.1","85.1","71.2","65.4","point"
"2024-01-14 10:28:00 am","70.1","85.0","71.2","65.4","point"
"2024-01-14 10:29:00 am","70.2","85.0","71.4","65.4","point"
"2024-01-14 10:30:00 am","70.3","85.2","71.4","65.6","point"
"2024-01-14 10:31:00 am","70.2","85.2","71.4","65.5","point"
"2024-01-14 10:32:00 am","70.2","85.2","71.4","65.5","point"
"2024-01-14 10:33:00 am","70.1","85.2","71.2","65.5","point"
"2024-01-14 10:34:00 am","70.2","85.2","71.4","65.6","point"
"2024-01-14 10:35:00 am","70.2","85.2","71.4","65.5","point"
"2024-01-14 10:36:00 am","70.3","85.2","71.4","65.6","point"
"2024-01-14 10:37:00 am","70.3","85.2","71.4","65.7","point"
"2024-01-14 10:38:00 am","70.3","85.2","71.4","65.6","point"
"2024-01-14 10:39:00 am","70.3","85.1","71.4","65.6","point"
"2024-01-14 10:40:00 am","70.3","85.1","71.4","65.6","point"
"2024-01-14 10:41:00 am","70.3","85.1","71.4","65.6","point"
"2024-01-14 10:42:00 am","70.3","85.1","71.4","65.6","point"
"2024-01-14 10:43:00 am","70.4","85.2","71.6","65.7","point"
"2024-01-14 10:44:00 am","70.4","85.1","71.6","65.7","point"
"2024-01-14 10:45:00 am","70.3","84.9","71.4","65.6","point"
"2024-01-14 10:46:00 am","70.4","84.9","71.6","65.6","point"
"2024-01-14 10:47:00 am","70.4","84.9","71.6","65.6","point"
"2024-01-14 10:48:00 am","70.4","84.9","71.6","65.6","point"
"2024-01-14 10:49:00 am","70.3","84.7","71.4","65.5","point"
"2024-01-14 10:50:00 am","70.4","84.6","71.6","65.6","point"
"2024-01-14 10:51:00 am","70.4","84.8","71.6","65.6","point"
"2024-01-14 10:52:00 am","70.3","84.8","71.4","65.5","point"
"2024-01-14 10:53:00 am","70.4","84.7","71.6","65.6","point"
"2024-01-14 10:54:00 am","70.4","84.9","71.6","65.7","point"
"2024-01-14 10:55:00 am","70.5","84.9","71.8","65.8","point"
"2024-01-14 10:56:00 am","70.4","84.5","71.6","65.5","point"
"2024-01-14 10:57:00 am","70.4","84.5","71.6","65.5","point"
"2024-01-14 10:58:00 am","70.5","84.5","71.6","65.6","point"
"2024-01-14 10:59:00 am","70.4","84.3","71.6","65.4","point"
"2024-01-14 11:00:00 am","70.4","84.2","71.6","65.4","point"
"2024-01-14 11:01:00 am","70.6","84.2","71.8","65.6","point"
"2024-01-14 11:02:00 am","70.6","84.2","71.8","65.6","point"
"2024-01-14 11:03:00 am","70.4","84.0","71.6","65.4","point"
"2024-01-14 11:04:00 am","70.6","84.1","71.8","65.6","point"
"2024-01-14 11:05:00 am","70.5","84.2","71.8","65.5","point"
"2024-01-14 11:06:00 am","70.6","84.2","71.8","65.6","point"
"2024-01-14 11:07:00 am","70.6","84.3","71.8","65.6","point"
"2024-01-14 11:08:00 am","70.6","84.1","71.8","65.5","point"
"2024-01-14 11:09:00 am","70.6","84.0","71.8","65.5","point"
"2024-01-14 11:10:00 am","70.6","84.0","71.8","65.6","point"
"2024-01-14 11:11:00 am","70.7","84.0","72.1","65.6","point"
"2024-01-14 11:12:00 am","70.6","83.9","71.8","65.5","point"
"2024-01-14 11:13:00 am","70.6","83.7","71.8","65.5","point"
"2024-01-14 11:14:00 am","70.7","83.6","71.8","65.5","point"
"2024-01-14 11:15:00 am","70.7","83.5","71.8","65.4","point"
"2024-01-14 11:16:00 am","70.7","83.5","72.1","65.5","point"
"2024-01-14 11:17:00 am","70.8","83.5","72.1","65.5","point"
"2024-01-14 11:18:00 am","70.7","83.4","71.8","65.4","point"
"2024-01-14 11:19:00 am","70.7","83.5","72.1","65.5","point"
"2024-01-14 11:20:00 am","70.8","83.2","72.1","65.4","point"
"2024-01-14 11:21:00 am","70.8","83.3","72.1","65.4","point"
"2024-01-14 11:22:00 am","70.8","83.4","72.1","65.5","point"
"2024-01-14 11:23:00 am","70.7","83.2","72.1","65.4","point"
"2024-01-14 11:24:00 am","70.8","83.1","72.1","65.4","point"
"2024-01-14 11:25:00 am","70.8","82.9","72.1","65.3","point"
"2024-01-14 11:26:00 am","70.8","82.7","72.1","65.3","point"
"2024-01-14 11:27:00 am","70.8","82.9","72.1","65.3","point"
"2024-01-14 11:28:00 am","70.8","82.7","72.1","65.2","point"
"2024-01-14 11:29:00 am","70.8","82.8","72.1","65.4","point"
"2024-01-14 11:30:00 am","70.8","82.7","72.1","65.2","point"
"2024-01-14 11:31:00 am","70.9","82.7","72.3","65.4","point"
"2024-01-14 11:32:00 am","70.8","82.5","72.1","65.2","point"
"2024-01-14 11:33:00 am","70.8","83.1","72.1","65.4","point"
"2024-01-14 11:34:00 am","70.9","82.8","72.3","65.4","point"
"2024-01-14 11:35:00 am","70.9","82.5","72.3","65.3","point"
"2024-01-14 11:36:00 am","70.8","82.5","72.0","65.2","point"
"2024-01-14 11:37:00 am","71.0","82.4","72.1","65.3","point"
"2024-01-14 11:38:00 am","70.9","82.6","72.3","65.3","point"
"2024-01-14 11:39:00 am","70.9","82.3","72.1","65.2","point"
"2024-01-14 11:40:00 am","70.9","82.2","72.1","65.2","point"
"2024-01-14 11:41:00 am","71.0","82.3","72.1","65.3","point"
"2024-01-14 11:42:00 am","71.0","82.5","72.3","65.4","point"
"2024-01-14 11:43:00 am","71.0","82.3","72.1","65.4","point"
"2024-01-14 11:44:00 am","70.9","82.3","72.1","65.2","point"
"2024-01-14 11:45:00 am","71.1","82.2","72.3","65.4","point"
"2024-01-14 11:46:00 am","71.0","82.6","72.3","65.5","point"
"2024-01-14 11:47:00 am","71.0","82.3","72.1","65.4","point"
"2024-01-14 11:48:00 am","71.0","82.7","72.3","65.5","point"
"2024-01-14 11:49:00 am","71.0","82.7","72.3","65.4","point"
"2024-01-14 11:50:00 am","71.1","82.6","72.5","65.5","point"
"2024-01-14 11:51:00 am","71.0","82.7","72.3","65.5","point"
"2024-01-14 11:52:00 am","71.2","82.9","72.5","65.7","point"
"2024-01-14 11:53:00 am","71.1","82.7","72.5","65.5","point"
"2024-01-14 11:54:00 am","71.0","82.6","72.3","65.5","point"
"2024-01-14 11:55:00 am","71.1","82.5","72.5","65.5","point"
"2024-01-14 11:56:00 am","71.1","82.5","72.3","65.4","point"
"2024-01-14 11:57:00 am","71.1","82.6","72.5","65.5","point"
"2024-01-14 11:58:00 am","71.1","82.3","72.3","65.4","point"
"2024-01-14 11:59:00 am","71.2","82.0","72.3","65.4","point"
"2024-01-14 12:00:00 pm","71.1","82.6","72.5","65.5","point"
"2024-01-14 12:01:00 pm","71.2","81.9","72.3","65.3","point"
"2024-01-14 12:02:00 pm","71.1","81.7","72.3","65.2","point"
"2024-01-14 12:03:00 pm","71.2","81.9","72.3","65.4","point"
"2024-01-14 12:04:00 pm","71.2","81.8","72.3","65.3","point"
"2024-01-14 12:05:00 pm","71.2","81.2","72.3","65.1","point"
"2024-01-14 12:06:00 pm","71.2","81.2","72.3","65.1","point"
"2024-01-14 12:07:00 pm","71.2","81.0","72.3","65.0","point"
"2024-01-14 12:08:00 pm","71.2","80.7","72.3","65.0","point"
"2024-01-14 12:09:00 pm","71.2","81.0","72.3","65.1","point"
"2024-01-14 12:10:00 pm","71.2","81.2","72.3","65.1","point"
"2024-01-14 12:11:00 pm","71.2","80.9","72.3","65.0","point"
"2024-01-14 12:12:00 pm","71.3","81.2","72.5","65.2","point"
"2024-01-14 12:13:00 pm","71.2","81.1","72.3","65.1","point"
"2024-01-14 12:14:00 pm","71.2","81.0","72.3","65.1","point"
"2024-01-14 12:15:00 pm","71.3","81.5","72.5","65.3","point"
"2024-01-14 12:16:00 pm","71.4","81.7","72.5","65.5","point"
"2024-01-14 12:17:00 pm","71.3","81.4","72.5","65.3","point"
"2024-01-14 12:18:00 pm","71.3","81.4","72.5","65.3","point"
"2024-01-14 12:19:00 pm","71.2","81.3","72.3","65.2","point"
"2024-01-14 12:20:00 pm","71.4","81.6","72.5","65.5","point"
"2024-01-14 12:21:00 pm","71.4","81.3","72.5","65.3","point"
"2024-01-14 12:22:00 pm","71.3","81.4","72.5","65.3","point"
"2024-01-14 12:23:00 pm","71.4","81.1","72.5","65.3","point"
"2024-01-14 12:24:00 pm","71.3","81.1","72.5","65.2","point"
"2024-01-14 12:25:00 pm","71.3","81.0","72.5","65.1","point"
"2024-01-14 12:26:00 pm","71.3","81.0","72.5","65.2","point"
"2024-01-14 12:27:00 pm","71.4","81.0","72.5","65.3","point"
"2024-01-14 12:28:00 pm","71.5","81.0","72.7","65.3","point"
"2024-01-14 12:29:00 pm","71.5","80.9","72.7","65.3","point"
"2024-01-14 12:30:00 pm","71.4","80.4","72.5","65.0","point"
"2024-01-14 12:31:00 pm","71.5","80.5","72.7","65.1","point"
"2024-01-14 12:32:00 pm","71.5","80.5","72.7","65.1","point"
"2024-01-14 12:33:00 pm","71.4","80.5","72.5","65.1","point"
"2024-01-14 12:34:00 pm","71.4","80.5","72.5","65.1","point"
"2024-01-14 12:35:00 pm","71.4","80.3","72.5","65.0","point"
"2024-01-14 12:36:00 pm","71.5","80.5","72.7","65.1","point"
"2024-01-14 12:37:00 pm","71.4","80.5","72.5","65.0","point"
"2024-01-14 12:38:00 pm","71.5","80.9","72.7","65.3","point"
"2024-01-14 12:39:00 pm","71.4","81.0","72.5","65.3","point"
"2024-01-14 12:40:00 pm","71.5","80.8","72.7","65.3","point"
"2024-01-14 12:41:00 pm","71.5","80.9","72.7","65.3","point"
"2024-01-14 12:42:00 pm","71.6","80.8","72.7","65.3","point"
"2024-01-14 12:43:00 pm","71.6","81.0","73.0","65.5","point"
"2024-01-14 12:44:00 pm","71.5","80.9","72.7","65.4","point"
"2024-01-14 12:45:00 pm","71.5","80.8","72.7","65.3","point"
"2024-01-14 12:46:00 pm","71.5","81.3","72.7","65.4","point"
"2024-01-14 12:47:00 pm","71.5","81.4","72.7","65.4","point"
"2024-01-14 12:48:00 pm","71.6","81.0","72.7","65.4","point"
"2024-01-14 12:49:00 pm","71.6","81.3","72.7","65.5","point"
"2024-01-14 12:50:00 pm","71.6","81.3","72.7","65.5","point"
"2024-01-14 12:51:00 pm","71.6","81.3","72.7","65.6","point"
"2024-01-14 12:52:00 pm","71.5","81.0","72.7","65.4","point"
"2024-01-14 12:53:00 pm","71.5","80.8","72.7","65.3","point"
"2024-01-14 12:54:00 pm","71.5","81.0","72.7","65.4","point"
"2024-01-14 12:55:00 pm","71.7","80.9","73.0","65.5","point"
"2024-01-14 12:56:00 pm","71.6","81.0","72.7","65.4","point"
"2024-01-14 12:57:00 pm","71.7","80.5","72.9","65.3","point"
"2024-01-14 12:58:00 pm","71.5","80.5","72.7","65.2","point"
"2024-01-14 12:59:00 pm","71.7","80.4","72.9","65.4","point"
"2024-01-14 01:00:00 pm","71.6","80.5","73.0","65.3","point"
"2024-01-14 01:01:00 pm","71.7","80.4","72.9","65.3","point"
"2024-01-14 01:02:00 pm","71.7","80.5","73.0","65.4","point"
"2024-01-14 01:03:00 pm","71.6","80.4","72.9","65.3","point"
"2024-01-14 01:04:00 pm","71.7","80.8","73.0","65.5","point"
"2024-01-14 01:05:00 pm","71.7","81.2","73.0","65.6","point"
"2024-01-14 01:06:00 pm","71.7","80.6","73.0","65.4","point"
"2024-01-14 01:07:00 pm","71.7","80.9","73.0","65.5","point"
"2024-01-14 01:08:00 pm","71.7","80.6","73.0","65.4","point"
"2024-01-14 01:09:00 pm","71.7","80.8","73.0","65.5","point"
"2024-01-14 01:10:00 pm","71.7","81.0","73.0","65.6","point"
"2024-01-14 01:11:00 pm","71.6","80.9","73.0","65.4","point"
"2024-01-14 01:12:00 pm","71.7","80.9","73.0","65.5","point"
"2024-01-14 01:13:00 pm","71.8","80.8","73.2","65.6","point"
"2024-01-14 01:14:00 pm","71.7","80.6","73.0","65.4","point"
"2024-01-14 01:15:00 pm","71.8","80.7","73.2","65.5","point"
"2024-01-14 01:16:00 pm","71.8","80.7","73.2","65.5","point"
"2024-01-14 01:17:00 pm","71.7","80.7","73.0","65.5","point"
"2024-01-14 01:18:00 pm","71.7","80.6","73.0","65.4","point"
"2024-01-14 01:19:00 pm","71.7","80.6","73.0","65.4","point"
"2024-01-14 01:20:00 pm","71.7","80.6","73.0","65.5","point"
"2024-01-14 01:21:00 pm","71.8","80.3","73.2","65.4","point"
"2024-01-14 01:22:00 pm","71.8","80.6","73.2","65.6","point"
"2024-01-14 01:23:00 pm","71.8","80.8","73.2","65.6","point"
"2024-01-14 01:24:00 pm","71.8","80.6","73.2","65.5","point"
"2024-01-14 01:25:00 pm","71.9","80.6","73.2","65.6","point"
"2024-01-14 01:26:00 pm","71.8","80.6","73.2","65.5","point"
"2024-01-14 01:27:00 pm","71.9","80.7","73.2","65.7","point"
"2024-01-14 01:28:00 pm","71.8","80.7","73.2","65.6","point"
"2024-01-14 01:29:00 pm","71.9","80.7","73.2","65.6","point"
"2024-01-14 01:30:00 pm","71.8","80.9","73.2","65.6","point"
"2024-01-14 01:31:00 pm","71.9","80.7","73.2","65.6","point"
"2024-01-14 01:32:00 pm","71.8","80.6","73.2","65.5","point"
"2024-01-14 01:33:00 pm","71.9","80.9","73.2","65.7","point"
"2024-01-14 01:34:00 pm","71.8","80.8","73.2","65.6","point"
"2024-01-14 01:35:00 pm","71.9","80.5","73.2","65.5","point"
"2024-01-14 01:36:00 pm","71.9","80.6","73.2","65.6","point"
"2024-01-14 01:37:00 pm","71.8","80.4","73.2","65.5","point"
"2024-01-14 01:38:00 pm","71.9","80.4","73.2","65.5","point"
"2024-01-14 01:39:00 pm","71.9","80.3","73.2","65.5","point"
"2024-01-14 01:40:00 pm","71.9","80.4","73.2","65.5","point"
"2024-01-14 01:41:00 pm","71.9","80.5","73.2","65.6","point"
"2024-01-14 01:42:00 pm","71.9","80.3","73.2","65.5","point"
"2024-01-14 01:43:00 pm","72.0","80.4","73.4","65.6","point"
"2024-01-14 01:44:00 pm","72.0","80.5","73.4","65.6","point"
"2024-01-14 01:45:00 pm","72.0","80.4","73.4","65.6","point"
"2024-01-14 01:46:00 pm","71.9","80.4","73.2","65.5","point"
"2024-01-14 01:47:00 pm","72.0","80.3","73.4","65.6","point"
"2024-01-14 01:48:00 pm","72.0","80.5","73.4","65.6","point"
"2024-01-14 01:49:00 pm","72.0","80.6","73.4","65.7","point"
"2024-01-14 01:50:00 pm","71.9","80.6","73.2","65.6","point"
"2024-01-14 01:51:00 pm","72.0","80.4","73.4","65.7","point"
"2024-01-14 01:52:00 pm","72.0","80.3","73.4","65.6","point"
"2024-01-14 01:53:00 pm","71.9","80.2","73.2","65.5","point"
"2024-01-14 01:54:00 pm","71.9","80.3","73.2","65.5","point"
"2024-01-14 01:55:00 pm","72.0","80.1","73.4","65.5","point"
"2024-01-14 01:56:00 pm","71.9","80.0","73.2","65.3","point"
"2024-01-14 01:57:00 pm","72.0","80.1","73.4","65.5","point"
"2024-01-14 01:58:00 pm","72.0","80.0","73.4","65.5","point"
"2024-01-14 01:59:00 pm","72.1","80.0","73.4","65.6","point"
"2024-01-14 02:00:00 pm","72.0","80.3","73.4","65.5","point"
"2024-01-14 02:01:00 pm","72.0","80.3","73.4","65.6","point"
"2024-01-14 02:02:00 pm","72.0","80.5","73.4","65.6","point"
"2024-01-14 02:03:00 pm","72.0","80.4","73.4","65.6","point"
"2024-01-14 02:04:00 pm","72.0","80.5","73.4","65.7","point"
"2024-01-14 02:05:00 pm","72.0","80.2","73.4","65.5","point"
"2024-01-14 02:06:00 pm","72.0","80.2","73.4","65.6","point"
"2024-01-14 02:07:00 pm","72.1","80.1","73.4","65.6","point"
"2024-01-14 02:08:00 pm","72.0","80.1","73.4","65.5","point"
"2024-01-14 02:09:00 pm","72.0","80.2","73.4","65.6","point"
"2024-01-14 02:10:00 pm","72.1","79.8","73.4","65.5","point"
"2024-01-14 02:11:00 pm","72.0","80.0","73.4","65.5","point"
"2024-01-14 02:12:00 pm","72.0","80.1","73.4","65.5","point"
"2024-01-14 02:13:00 pm","72.0","79.9","73.4","65.5","point"
"2024-01-14 02:14:00 pm","72.0","79.9","73.4","65.5","point"
"2024-01-14 02:15:00 pm","72.0","79.9","73.4","65.5","point"
"2024-01-14 02:16:00 pm","72.0","79.9","73.4","65.5","point"
"2024-01-14 02:17:00 pm","72.0","80.1","73.4","65.5","point"
"2024-01-14 02:18:00 pm","72.0","79.9","73.4","65.4","point"
"2024-01-14 02:19:00 pm","72.0","80.1","73.4","65.5","point"
"2024-01-14 02:20:00 pm","72.0","80.0","73.4","65.5","point"
"2024-01-14 02:21:00 pm","72.0","80.3","73.4","65.6","point"
"2024-01-14 02:22:00 pm","72.0","80.2","73.4","65.6","point"
"2024-01-14 02:23:00 pm","72.0","80.2","73.4","65.6","point"
"2024-01-14 02:24:00 pm","72.0","80.2","73.4","65.6","point"
"2024-01-14 02:25:00 pm","72.0","79.9","73.4","65.4","point"
"2024-01-14 02:26:00 pm","72.0","79.9","73.4","65.5","point"
"2024-01-14 02:27:00 pm","72.0","80.0","73.4","65.5","point"
"2024-01-14 02:28:00 pm","72.0","79.7","73.4","65.3","point"
"2024-01-14 02:29:00 pm","72.0","79.8","73.4","65.4","point"
"2024-01-14 02:30:00 pm","72.0","80.4","73.4","65.6","point"
"2024-01-14 02:31:00 pm","72.1","79.9","73.4","65.5","point"
"2024-01-14 02:32:00 pm","72.0","80.0","73.4","65.5","point"
"2024-01-14 02:33:00 pm","72.0","80.0","73.4","65.5","point"
"2024-01-14 02:34:00 pm","72.1","80.1","73.4","65.6","point"
"2024-01-14 02:35:00 pm","72.0","80.3","73.4","65.6","point"
"2024-01-14 02:36:00 pm","72.0","80.3","73.4","65.6","point"
"2024-01-14 02:37:00 pm","72.0","80.3","73.4","65.6","point"
"2024-01-14 02:38:00 pm","72.1","80.4","73.4","65.7","point"
"2024-01-14 02:39:00 pm","72.0","80.2","73.4","65.6","point"
"2024-01-14 02:40:00 pm","72.0","80.1","73.4","65.5","point"
"2024-01-14 02:41:00 pm","72.1","80.0","73.4","65.6","point"
"2024-01-14 02:42:00 pm","72.1","79.9","73.4","65.6","point"
"2024-01-14 02:43:00 pm","72.1","80.1","73.4","65.6","point"
"2024-01-14 02:44:00 pm","72.1","80.0","73.4","65.6","point"
"2024-01-14 02:45:00 pm","72.1","80.1","73.4","65.6","point"
"2024-01-14 02:46:00 pm","72.0","80.0","73.4","65.5","point"
"2024-01-14 02:47:00 pm","72.0","80.1","73.4","65.6","point"
"2024-01-14 02:48:00 pm","72.1","80.0","73.4","65.6","point"
"2024-01-14 02:49:00 pm","72.1","80.1","73.4","65.6","point"
"2024-01-14 02:50:00 pm","72.1","80.4","73.4","65.8","point"
"2024-01-14 02:51:00 pm","72.1","80.4","73.6","65.8","point"
"2024-01-14 02:52:00 pm","72.1","80.4","73.4","65.7","point"
"2024-01-14 02:53:00 pm","72.1","80.2","73.4","65.6","point"
"2024-01-14 02:54:00 pm","72.0","80.2","73.4","65.5","point"
"2024-01-14 02:55:00 pm","72.0","80.0","73.4","65.5","point"
"2024-01-14 02:56:00 pm","72.0","80.0","73.4","65.5","point"
"2024-01-14 02:57:00 pm","72.0","79.8","73.4","65.4","point"
"2024-01-14 02:58:00 pm","72.1","80.0","73.4","65.5","point"
"2024-01-14 02:59:00 pm","72.1","80.1","73.6","65.7","point"
"2024-01-14 03:00:00 pm","72.1","80.2","73.4","65.6","point"
"2024-01-14 03:01:00 pm","72.1","80.3","73.4","65.7","point"
"2024-01-14 03:02:00 pm","72.0","80.1","73.4","65.5","point"
"2024-01-14 03:03:00 pm","72.1","80.1","73.4","65.6","point"
"2024-01-14 03:04:00 pm","72.1","80.3","73.4","65.7","point"
"2024-01-14 03:05:00 pm","72.0","80.2","73.4","65.6","point"
"2024-01-14 03:06:00 pm","72.1","80.0","73.4","65.5","point"
"2024-01-14 03:07:00 pm","72.0","79.9","73.4","65.4","point"
"2024-01-14 03:08:00 pm","72.1","79.9","73.4","65.5","point"
"2024-01-14 03:09:00 pm","72.1","80.0","73.4","65.6","point"
"2024-01-14 03:10:00 pm","72.1","80.0","73.4","65.6","point"
"2024-01-14 03:11:00 pm","72.1","80.0","73.4","65.5","point"
"2024-01-14 03:12:00 pm","72.1","79.9","73.4","65.5","point"
"2024-01-14 03:13:00 pm","72.1","80.2","73.4","65.6","point"
"2024-01-14 03:14:00 pm","72.1","80.3","73.4","65.7","point"
"2024-01-14 03:15:00 pm","72.1","80.0","73.4","65.6","point"
"2024-01-14 03:16:00 pm","72.0","80.1","73.4","65.5","point"
"2024-01-14 03:17:00 pm","72.1","80.0","73.6","65.6","point"
"2024-01-14 03:18:00 pm","72.1","80.1","73.4","65.6","point"
"2024-01-14 03:19:00 pm","72.0","79.9","73.4","65.4","point"
"2024-01-14 03:20:00 pm","72.1","79.9","73.4","65.6","point"
"2024-01-14 03:21:00 pm","72.1","80.0","73.4","65.6","point"
"2024-01-14 03:22:00 pm","72.1","80.1","73.4","65.6","point"
"2024-01-14 03:23:00 pm","72.0","80.1","73.4","65.5","point"
"2024-01-14 03:24:00 pm","72.1","80.1","73.4","65.6","point"
"2024-01-14 03:25:00 pm","72.1","80.3","73.4","65.7","point"
"2024-01-14 03:26:00 pm","72.1","80.4","73.4","65.7","point"
"2024-01-14 03:27:00 pm","72.1","80.3","73.4","65.7","point"
"2024-01-14 03:28:00 pm","72.0","80.2","73.4","65.6","point"
"2024-01-14 03:29:00 pm","72.1","80.1","73.4","65.6","point"
"2024-01-14 03:30:00 pm","72.1","80.0","73.4","65.6","point"
"2024-01-14 03:31:00 pm","72.0","80.1","73.4","65.5","point"
"2024-01-14 03:32:00 pm","72.0","80.1","73.4","65.5","point"
"2024-01-14 03:33:00 pm","72.0","80.2","73.4","65.6","point"
"2024-01-14 03:34:00 pm","72.0","80.0","73.4","65.5","point"
"2024-01-14 03:35:00 pm","72.1","80.1","73.4","65.6","point"
"2024-01-14 03:36:00 pm","72.0","80.1","73.4","65.6","point"
"2024-01-14 03:37:00 pm","72.1","80.2","73.4","65.7","point"
"2024-01-14 03:38:00 pm","72.0","80.2","73.4","65.6","point"
"2024-01-14 03:39:00 pm","72.0","80.2","73.4","65.6","point"
"2024-01-14 03:40:00 pm","72.1","80.2","73.4","65.6","point"
"2024-01-14 03:41:00 pm","72.0","80.4","73.4","65.7","point"
"2024-01-14 03:42:00 pm","72.1","80.4","73.4","65.8","point"
"2024-01-14 03:43:00 pm","72.0","80.3","73.4","65.6","point"
"2024-01-14 03:44:00 pm","72.0","80.4","73.4","65.7","point"
"2024-01-14 03:45:00 pm","72.1","80.1","73.6","65.7","point"
"2024-01-14 03:46:00 pm","72.1","79.9","73.4","65.5","point"
"2024-01-14 03:47:00 pm","72.1","80.1","73.4","65.6","point"
"2024-01-14 03:48:00 pm","72.1","80.4","73.4","65.7","point"
"2024-01-14 03:49:00 pm","72.0","80.2","73.4","65.6","point"
"2024-01-14 03:50:00 pm","72.0","80.4","73.4","65.7","point"
"2024-01-14 03:51:00 pm","72.1","80.5","73.4","65.7","point"
"2024-01-14 03:52:00 pm","72.0","80.3","73.4","65.6","point"
"2024-01-14 03:53:00 pm","72.1","80.4","73.4","65.7","point"
"2024-01-14 03:54:00 pm","72.1","80.4","73.4","65.7","point"
"2024-01-14 03:55:00 pm","72.1","80.3","73.4","65.7","point"
"2024-01-14 03:56:00 pm","72.0","80.4","73.4","65.6","point"
"2024-01-14 03:57:00 pm","72.1","80.3","73.4","65.7","point"
"2024-01-14 03:58:00 pm","72.1","80.3","73.4","65.7","point"
"2024-01-14 03:59:00 pm","72.0","80.5","73.4","65.7","point"
"2024-01-14 04:00:00 pm","72.1","80.5","73.4","65.7","point"
"2024-01-14 04:01:00 pm","72.0","80.4","73.4","65.7","point"
"2024-01-14 04:02:00 pm","72.1","80.5","73.4","65.7","point"
"2024-01-14 04:03:00 pm","72.1","80.5","73.4","65.7","point"
"2024-01-14 04:04:00 pm","72.1","80.3","73.4","65.7","point"
"2024-01-14 04:05:00 pm","72.0","80.5","73.4","65.7","point"
"2024-01-14 04:06:00 pm","72.0","80.4","73.4","65.7","point"
"2024-01-14 04:07:00 pm","72.1","80.4","73.6","65.8","point"
"2024-01-14 04:08:00 pm","72.1","80.6","73.4","65.8","point"
"2024-01-14 04:09:00 pm","72.0","80.7","73.4","65.7","point"
"2024-01-14 04:10:00 pm","72.0","80.5","73.4","65.7","point"
"2024-01-14 04:11:00 pm","72.1","80.5","73.4","65.8","point"
"2024-01-14 04:12:00 pm","72.0","80.7","73.4","65.7","point"
"2024-01-14 04:13:00 pm","72.1","80.7","73.4","65.8","point"
"2024-01-14 04:14:00 pm","72.0","80.4","73.4","65.6","point"
"2024-01-14 04:15:00 pm","71.9","80.7","73.2","65.6","point"
"2024-01-14 04:16:00 pm","72.1","80.8","73.4","65.8","point"
"2024-01-14 04:17:00 pm","72.0","80.6","73.4","65.7","point"
"2024-01-14 04:18:00 pm","71.9","80.6","73.2","65.6","point"
"2024-01-14 04:19:00 pm","72.0","80.7","73.4","65.8","point"
"2024-01-14 04:20:00 pm","72.1","80.6","73.4","65.8","point"
"2024-01-14 04:21:00 pm","72.0","80.8","73.4","65.8","point"
"2024-01-14 04:22:00 pm","72.0","80.8","73.4","65.8","point"
"2024-01-14 04:23:00 pm","72.1","80.8","73.4","65.9","point"
"2024-01-14 04:24:00 pm","72.0","80.9","73.4","65.8","point"
"2024-01-14 04:25:00 pm","72.0","80.8","73.4","65.8","point"
"2024-01-14 04:26:00 pm","72.0","80.9","73.4","65.8","point"
"2024-01-14 04:27:00 pm","72.0","80.8","73.4","65.8","point"
"2024-01-14 04:28:00 pm","72.0","81.0","73.4","65.8","point"
"2024-01-14 04:29:00 pm","72.0","80.9","73.4","65.8","point"
"2024-01-14 04:30:00 pm","72.0","81.1","73.4","65.8","point"
"2024-01-14 04:31:00 pm","72.0","80.9","73.4","65.9","point"
"2024-01-14 04:32:00 pm","72.0","81.1","73.4","65.9","point"
"2024-01-14 04:33:00 pm","72.0","81.3","73.4","65.9","point"
"2024-01-14 04:34:00 pm","72.0","81.2","73.4","65.9","point"
"2024-01-14 04:35:00 pm","72.0","81.2","73.4","65.9","point"
"2024-01-14 04:36:00 pm","72.0","81.4","73.4","66.0","point"
"2024-01-14 04:37:00 pm","72.0","81.2","73.4","65.9","point"
"2024-01-14 04:38:00 pm","72.0","81.2","73.4","65.9","point"
"2024-01-14 04:39:00 pm","72.0","81.2","73.4","65.9","point"
"2024-01-14 04:40:00 pm","72.0","81.2","73.4","65.9","point"
"2024-01-14 04:41:00 pm","72.0","81.2","73.4","65.9","point"
"2024-01-14 04:42:00 pm","72.0","81.3","73.4","65.9","point"
"2024-01-14 04:43:00 pm","72.0","81.2","73.4","65.9","point"
"2024-01-14 04:44:00 pm","72.1","81.3","73.4","66.0","point"
"2024-01-14 04:45:00 pm","72.0","81.2","73.4","65.9","point"
"2024-01-14 04:46:00 pm","71.9","81.1","73.2","65.8","point"
"2024-01-14 04:47:00 pm","72.0","81.2","73.4","65.9","point"
"2024-01-14 04:48:00 pm","72.0","81.3","73.4","65.9","point"
"2024-01-14 04:49:00 pm","72.0","81.3","73.4","65.9","point"
"2024-01-14 04:50:00 pm","72.0","81.3","73.4","66.0","point"
"2024-01-14 04:51:00 pm","72.0","81.2","73.4","65.9","point"
"2024-01-14 04:52:00 pm","72.0","81.2","73.4","65.9","point"
"2024-01-14 04:53:00 pm","72.0","81.2","73.4","65.9","point"
"2024-01-14 04:54:00 pm","72.0","81.4","73.4","65.9","point"
"2024-01-14 04:55:00 pm","72.0","81.4","73.4","66.0","point"
"2024-01-14 04:56:00 pm","71.8","81.4","73.2","65.8","point"
"2024-01-14 04:57:00 pm","71.9","81.5","73.2","65.9","point"
"2024-01-14 04:58:00 pm","72.0","81.4","73.4","66.0","point"
"2024-01-14 04:59:00 pm","71.9","81.5","73.2","65.9","point"
"2024-01-14 05:00:00 pm","72.0","81.4","73.4","66.0","point"
"2024-01-14 05:01:00 pm","71.9","81.5","73.2","65.9","point"
"2024-01-14 05:02:00 pm","72.0","81.5","73.4","66.1","point"
"2024-01-14 05:03:00 pm","71.9","81.5","73.2","65.9","point"
"2024-01-14 05:04:00 pm","72.0","81.5","73.4","66.0","point"
"2024-01-14 05:05:00 pm","71.9","81.5","73.2","65.9","point"
"2024-01-14 05:06:00 pm","71.9","81.6","73.2","65.9","point"
"2024-01-14 05:07:00 pm","72.0","81.6","73.4","66.0","point"
"2024-01-14 05:08:00 pm","72.0","81.6","73.4","66.0","point"
"2024-01-14 05:09:00 pm","72.0","81.6","73.4","66.0","point"
"2024-01-14 05:10:00 pm","71.9","81.6","73.2","65.9","point"
"2024-01-14 05:11:00 pm","72.0","81.8","73.4","66.1","point"
"2024-01-14 05:12:00 pm","71.9","81.7","73.2","66.0","point"
"2024-01-14 05:13:00 pm","71.9","81.7","73.2","66.0","point"
"2024-01-14 05:14:00 pm","72.0","81.6","73.4","66.0","point"
"2024-01-14 05:15:00 pm","72.0","81.6","73.4","66.1","point"
"2024-01-14 05:16:00 pm","71.9","81.6","73.2","65.9","point"
"2024-01-14 05:17:00 pm","71.9","81.6","73.2","66.0","point"
"2024-01-14 05:18:00 pm","72.0","81.7","73.4","66.1","point"
"2024-01-14 05:19:00 pm","72.0","81.8","73.4","66.1","point"
"2024-01-14 05:20:00 pm","72.0","81.9","73.4","66.1","point"
"2024-01-14 05:21:00 pm","71.9","81.8","73.2","66.0","point"
"2024-01-14 05:22:00 pm","71.9","81.7","73.2","66.0","point"
"2024-01-14 05:23:00 pm","72.0","81.7","73.4","66.1","point"
"2024-01-14 05:24:00 pm","72.0","81.8","73.4","66.1","point"
"2024-01-14 05:25:00 pm","71.9","81.8","73.2","66.0","point"
"2024-01-14 05:26:00 pm","72.0","81.8","73.4","66.1","point"
"2024-01-14 05:27:00 pm","72.0","81.9","73.4","66.1","point"
"2024-01-14 05:28:00 pm","72.0","81.7","73.4","66.1","point"
"2024-01-14 05:29:00 pm","72.0","81.5","73.4","66.0","point"
"2024-01-14 05:30:00 pm","72.0","81.4","73.4","65.9","point"
"2024-01-14 05:31:00 pm","72.0","81.6","73.4","66.0","point"
"2024-01-14 05:32:00 pm","71.9","82.0","73.2","66.1","point"
"2024-01-14 05:33:00 pm","71.9","81.8","73.2","66.0","point"
"2024-01-14 05:34:00 pm","71.8","81.6","73.2","65.9","point"
"2024-01-14 05:35:00 pm","72.0","81.8","73.4","66.1","point"
"2024-01-14 05:36:00 pm","72.0","81.7","73.4","66.0","point"
"2024-01-14 05:37:00 pm","72.0","81.8","73.4","66.1","point"
"2024-01-14 05:38:00 pm","71.9","81.7","73.2","66.0","point"
"2024-01-14 05:39:00 pm","72.0","81.8","73.4","66.1","point"
"2024-01-14 05:40:00 pm","72.0","81.9","73.4","66.1","point"
"2024-01-14 05:41:00 pm","71.8","81.9","73.2","66.0","point"
"2024-01-14 05:42:00 pm","71.8","82.0","73.2","66.0","point"
"2024-01-14 05:43:00 pm","72.0","81.9","73.4","66.1","point"
"2024-01-14 05:44:00 pm","72.0","82.1","73.4","66.3","point"
"2024-01-14 05:45:00 pm","71.9","82.0","73.2","66.0","point"
"2024-01-14 05:46:00 pm","71.9","81.9","73.2","66.1","point"
"2024-01-14 05:47:00 pm","71.9","81.8","73.2","66.0","point"
"2024-01-14 05:48:00 pm","71.9","81.9","73.2","66.0","point"
"2024-01-14 05:49:00 pm","71.8","82.0","73.2","66.0","point"
"2024-01-14 05:50:00 pm","71.9","82.0","73.2","66.1","point"
"2024-01-14 05:51:00 pm","71.8","81.9","73.2","65.9","point"
"2024-01-14 05:52:00 pm","71.9","82.0","73.2","66.1","point"
"2024-01-14 05:53:00 pm","71.9","82.0","73.2","66.0","point"
"2024-01-14 05:54:00 pm","71.9","81.8","73.2","66.0","point"
"2024-01-14 05:55:00 pm","71.9","81.8","73.2","66.0","point"
"2024-01-14 05:56:00 pm","71.9","81.8","73.2","66.0","point"
"2024-01-14 05:57:00 pm","71.8","81.8","73.2","65.9","point"
"2024-01-14 05:58:00 pm","71.9","81.6","73.2","65.9","point"
"2024-01-14 05:59:00 pm","71.8","81.8","73.2","66.0","point"
"2024-01-14 06:00:00 pm","71.9","81.6","73.2","65.9","point"
"2024-01-14 06:01:00 pm","71.9","81.5","73.2","65.9","point"
"2024-01-14 06:02:00 pm","71.8","81.5","73.2","65.9","point"
"2024-01-14 06:03:00 pm","71.9","81.5","73.2","65.9","point"
"2024-01-14 06:04:00 pm","71.9","81.6","73.2","65.9","point"
"2024-01-14 06:05:00 pm","71.9","81.7","73.2","66.0","point"
"2024-01-14 06:06:00 pm","71.8","81.7","73.2","65.9","point"
"2024-01-14 06:07:00 pm","71.7","81.9","73.0","65.9","point"
"2024-01-14 06:08:00 pm","71.9","81.9","73.2","66.0","point"
"2024-01-14 06:09:00 pm","71.8","81.6","73.2","65.9","point"
"2024-01-14 06:10:00 pm","71.7","81.6","73.0","65.8","point"
"2024-01-14 06:11:00 pm","71.8","81.5","73.2","65.8","point"
"2024-01-14 06:12:00 pm","71.8","81.5","73.2","65.9","point"
"2024-01-14 06:13:00 pm","71.9","81.5","73.2","65.9","point"
"2024-01-14 06:14:00 pm","71.7","81.7","73.0","65.8","point"
"2024-01-14 06:15:00 pm","71.7","81.9","73.0","65.9","point"
"2024-01-14 06:16:00 pm","71.8","82.0","73.2","66.0","point"
"2024-01-14 06:17:00 pm","71.8","81.8","73.2","66.0","point"
"2024-01-14 06:18:00 pm","71.7","81.6","73.0","65.8","point"
"2024-01-14 06:19:00 pm","71.3","81.0","72.5","65.2","point"
"2024-01-14 06:20:00 pm","71.3","80.6","72.5","65.1","point"
"2024-01-14 06:21:00 pm","71.2","80.8","72.3","65.0","point"
"2024-01-14 06:22:00 pm","71.0","80.6","72.1","64.7","point"
"2024-01-14 06:23:00 pm","71.0","81.2","72.1","64.9","point"
"2024-01-14 06:24:00 pm","70.8","81.3","72.0","64.7","point"
"2024-01-14 06:25:00 pm","70.7","81.8","72.0","64.9","point"
"2024-01-14 06:26:00 pm","70.6","81.7","71.6","64.8","point"
"2024-01-14 06:27:00 pm","70.3","81.9","71.2","64.5","point"
"2024-01-14 06:28:00 pm","70.0","82.2","71.1","64.3","point"
"2024-01-14 06:29:00 pm","70.0","82.4","71.1","64.4","point"
"2024-01-14 06:30:00 pm","70.0","82.6","71.2","64.4","point"
"2024-01-14 06:31:00 pm","70.0","82.8","71.2","64.5","point"
"2024-01-14 06:32:00 pm","70.0","83.1","71.2","64.6","point"
"2024-01-14 06:33:00 pm","69.8","83.5","70.7","64.5","point"
"2024-01-14 06:34:00 pm","69.6","83.7","70.7","64.5","point"
"2024-01-14 06:35:00 pm","69.8","84.0","70.9","64.8","point"
"2024-01-14 06:36:00 pm","69.4","84.3","70.3","64.5","point"
"2024-01-14 06:37:00 pm","69.4","84.5","70.3","64.5","point"
"2024-01-14 06:38:00 pm","69.3","84.3","70.3","64.3","point"
"2024-01-14 06:39:00 pm","69.1","84.3","70.0","64.2","point"
"2024-01-14 06:40:00 pm","69.1","84.4","69.8","64.2","point"
"2024-01-14 06:41:00 pm","69.1","84.6","70.2","64.3","point"
"2024-01-14 06:42:00 pm","69.1","85.1","69.8","64.4","point"
"2024-01-14 06:43:00 pm","69.1","85.4","70.2","64.5","point"
"2024-01-14 06:44:00 pm","68.9","85.7","69.6","64.4","point"
"2024-01-14 06:45:00 pm","68.9","86.1","69.8","64.6","point"
"2024-01-14 06:46:00 pm","68.8","86.1","69.6","64.5","point"
"2024-01-14 06:47:00 pm","68.6","85.9","69.4","64.2","point"
"2024-01-14 06:48:00 pm","68.9","86.1","69.8","64.6","point"
"2024-01-14 06:49:00 pm","69.0","86.3","70.0","64.8","point"
"2024-01-14 06:50:00 pm","69.1","86.5","70.3","65.0","point"
"2024-01-14 06:51:00 pm","69.3","86.5","70.5","65.0","point"
"2024-01-14 06:52:00 pm","69.1","86.0","69.8","64.7","point"
"2024-01-14 06:53:00 pm","69.1","85.8","70.2","64.6","point"
"2024-01-14 06:54:00 pm","68.8","85.9","69.6","64.3","point"
"2024-01-14 06:55:00 pm","68.8","86.1","69.6","64.5","point"
"2024-01-14 06:56:00 pm","68.5","86.4","69.4","64.2","point"
"2024-01-14 06:57:00 pm","68.4","86.8","69.4","64.3","point"
"2024-01-14 06:58:00 pm","68.5","87.0","69.4","64.5","point"
"2024-01-14 06:59:00 pm","68.5","87.4","69.4","64.6","point"
"2024-01-14 07:00:00 pm","68.5","87.3","69.4","64.5","point"
"2024-01-14 07:01:00 pm","68.4","87.4","69.4","64.5","point"
"2024-01-14 07:02:00 pm","68.3","87.4","69.1","64.4","point"
"2024-01-14 07:03:00 pm","68.2","87.5","69.1","64.4","point"
"2024-01-14 07:04:00 pm","68.1","87.4","68.9","64.2","point"
"2024-01-14 07:05:00 pm","68.1","87.4","68.9","64.2","point"
"2024-01-14 07:06:00 pm","68.0","87.5","68.9","64.2","point"
"2024-01-14 07:07:00 pm","68.0","87.8","68.9","64.3","point"
"2024-01-14 07:08:00 pm","68.1","88.0","68.9","64.4","point"
"2024-01-14 07:09:00 pm","68.3","88.1","69.1","64.6","point"
"2024-01-14 07:10:00 pm","68.3","88.3","69.3","64.7","point"
"2024-01-14 07:11:00 pm","68.5","88.4","69.4","64.9","point"
"2024-01-14 07:12:00 pm","68.6","88.3","69.6","65.0","point"
"2024-01-14 07:13:00 pm","68.8","88.2","69.8","65.2","point"
"2024-01-14 07:14:00 pm","69.0","87.9","70.0","65.3","point"
"2024-01-14 07:15:00 pm","69.3","87.8","70.5","65.5","point"
"2024-01-14 07:16:00 pm","69.3","87.7","70.5","65.5","point"
"2024-01-14 07:17:00 pm","69.5","87.5","70.7","65.6","point"
"2024-01-14 07:18:00 pm","69.7","87.0","70.9","65.7","point"
"2024-01-14 07:19:00 pm","69.9","86.7","71.1","65.7","point"
"2024-01-14 07:20:00 pm","69.9","86.4","71.1","65.7","point"
"2024-01-14 07:21:00 pm","70.1","86.4","71.4","65.8","point"
"2024-01-14 07:22:00 pm","70.3","86.2","71.4","65.9","point"
"2024-01-14 07:23:00 pm","70.4","87.1","71.8","66.4","point"
"2024-01-14 07:24:00 pm","70.6","87.0","72.0","66.6","point"
"2024-01-14 07:25:00 pm","70.6","86.0","71.8","66.2","point"
"2024-01-14 07:26:00 pm","70.7","85.1","72.1","66.0","point"
"2024-01-14 07:27:00 pm","70.8","85.1","72.1","66.1","point"
"2024-01-14 07:28:00 pm","70.8","84.8","72.1","66.0","point"
"2024-01-14 07:29:00 pm","70.9","84.5","72.3","66.0","point"
"2024-01-14 07:30:00 pm","71.0","84.5","72.3","66.0","point"
"2024-01-14 07:31:00 pm","70.9","84.2","72.3","65.9","point"
"2024-01-14 07:32:00 pm","71.0","84.1","72.3","65.9","point"
"2024-01-14 07:33:00 pm","71.1","84.0","72.5","66.0","point"
"2024-01-14 07:34:00 pm","71.0","84.1","72.3","65.9","point"
"2024-01-14 07:35:00 pm","71.0","84.2","72.3","66.0","point"
"2024-01-14 07:36:00 pm","71.1","84.1","72.5","66.0","point"
"2024-01-14 07:37:00 pm","71.1","83.8","72.5","65.9","point"
"2024-01-14 07:38:00 pm","71.1","83.6","72.5","65.9","point"
"2024-01-14 07:39:00 pm","71.0","83.5","72.3","65.8","point"
"2024-01-14 07:40:00 pm","71.1","83.5","72.5","65.9","point"
"2024-01-14 07:41:00 pm","71.2","83.6","72.5","65.9","point"
"2024-01-14 07:42:00 pm","71.2","83.6","72.5","65.9","point"
"2024-01-14 07:43:00 pm","71.1","84.2","72.5","66.1","point"
"2024-01-14 07:44:00 pm","71.1","83.5","72.5","65.9","point"
"2024-01-14 07:45:00 pm","71.1","83.4","72.5","65.8","point"
"2024-01-14 07:46:00 pm","71.2","83.3","72.5","65.8","point"
"2024-01-14 07:47:00 pm","71.1","83.4","72.5","65.8","point"
"2024-01-14 07:48:00 pm","71.2","83.4","72.5","65.9","point"
"2024-01-14 07:49:00 pm","71.1","83.4","72.5","65.8","point"
"2024-01-14 07:50:00 pm","71.1","83.2","72.5","65.7","point"
"2024-01-14 07:51:00 pm","71.1","83.3","72.5","65.8","point"
"2024-01-14 07:52:00 pm","71.2","83.0","72.5","65.8","point"
"2024-01-14 07:53:00 pm","71.2","83.0","72.5","65.7","point"
"2024-01-14 07:54:00 pm","71.2","83.2","72.5","65.8","point"
"2024-01-14 07:55:00 pm","71.2","83.0","72.5","65.8","point"
"2024-01-14 07:56:00 pm","71.1","83.0","72.5","65.7","point"
"2024-01-14 07:57:00 pm","71.1","83.1","72.5","65.7","point"
"2024-01-14 07:58:00 pm","71.3","83.2","72.7","65.9","point"
"2024-01-14 07:59:00 pm","71.3","83.2","72.7","65.9","point"
"2024-01-14 08:00:00 pm","71.3","83.2","72.7","65.9","point"
"2024-01-14 08:01:00 pm","71.3","83.3","72.7","66.0","point"
"2024-01-14 08:02:00 pm","71.2","83.4","72.5","65.9","point"
"2024-01-14 08:03:00 pm","71.3","83.4","72.7","66.0","point"
"2024-01-14 08:04:00 pm","71.2","83.4","72.5","65.9","point"
"2024-01-14 08:05:00 pm","71.2","83.4","72.5","65.9","point"
"2024-01-14 08:06:00 pm","71.2","83.4","72.5","65.9","point"
"2024-01-14 08:07:00 pm","71.3","83.3","72.7","65.9","point"
"2024-01-14 08:08:00 pm","71.2","83.4","72.5","65.9","point"
"2024-01-14 08:09:00 pm","71.2","83.5","72.5","65.9","point"
"2024-01-14 08:10:00 pm","71.3","83.6","72.7","66.0","point"
"2024-01-14 08:11:00 pm","71.3","83.6","72.7","66.0","point"
"2024-01-14 08:12:00 pm","71.2","83.4","72.5","65.9","point"
"2024-01-14 08:13:00 pm","71.2","83.4","72.5","65.9","point"
"2024-01-14 08:14:00 pm","71.2","83.5","72.5","65.9","point"
"2024-01-14 08:15:00 pm","71.3","83.3","72.7","65.9","point"
"2024-01-14 08:16:00 pm","71.2","83.1","72.5","65.8","point"
"2024-01-14 08:17:00 pm","71.2","83.4","72.5","65.9","point"
"2024-01-14 08:18:00 pm","71.3","83.3","72.7","65.9","point"
"2024-01-14 08:19:00 pm","71.3","83.3","72.7","65.9","point"
"2024-01-14 08:20:00 pm","71.2","83.3","72.5","65.8","point"
"2024-01-14 08:21:00 pm","71.2","83.0","72.5","65.7","point"
"2024-01-14 08:22:00 pm","70.8","82.3","72.0","65.1","point"
"2024-01-14 08:23:00 pm","70.5","82.4","71.6","64.9","point"
"2024-01-14 08:24:00 pm","69.9","82.7","70.9","64.4","point"
"2024-01-14 08:25:00 pm","69.6","83.1","70.7","64.3","point"
"2024-01-14 08:26:00 pm","68.9","83.6","69.8","63.7","point"
"2024-01-14 08:27:00 pm","69.3","84.2","70.3","64.3","point"
"2024-01-14 08:28:00 pm","69.4","84.8","70.3","64.6","point"
"2024-01-14 08:29:00 pm","69.1","84.4","69.8","64.1","point"
"2024-01-14 08:30:00 pm","69.0","84.4","69.8","64.1","point"
"2024-01-14 08:31:00 pm","68.9","84.9","69.8","64.2","point"
"2024-01-14 08:32:00 pm","69.1","84.9","70.2","64.4","point"
"2024-01-14 08:33:00 pm","69.1","84.7","70.2","64.3","point"
"2024-01-14 08:34:00 pm","69.4","84.6","70.3","64.5","point"
"2024-01-14 08:35:00 pm","69.4","84.4","70.3","64.4","point"
"2024-01-14 08:36:00 pm","69.5","84.2","70.5","64.5","point"
"2024-01-14 08:37:00 pm","69.5","83.9","70.5","64.5","point"
"2024-01-14 08:38:00 pm","69.7","83.8","70.7","64.5","point"
"2024-01-14 08:39:00 pm","69.6","83.6","70.7","64.5","point"
"2024-01-14 08:40:00 pm","69.7","83.6","70.7","64.5","point"
"2024-01-14 08:41:00 pm","69.9","83.4","70.9","64.6","point"
"2024-01-14 08:42:00 pm","69.7","83.3","70.7","64.5","point"
"2024-01-14 08:43:00 pm","69.8","83.2","70.9","64.5","point"
"2024-01-14 08:44:00 pm","69.8","83.1","70.7","64.4","point"
"2024-01-14 08:45:00 pm","69.8","82.9","70.7","64.3","point"
"2024-01-14 08:46:00 pm","69.9","82.8","70.9","64.4","point"
"2024-01-14 08:47:00 pm","69.7","82.7","70.7","64.3","point"
"2024-01-14 08:48:00 pm","69.9","82.7","70.9","64.4","point"
"2024-01-14 08:49:00 pm","69.8","82.7","70.9","64.3","point"
"2024-01-14 08:50:00 pm","69.9","82.7","70.9","64.4","point"
"2024-01-14 08:51:00 pm","69.9","82.7","70.9","64.4","point"
"2024-01-14 08:52:00 pm","69.9","82.7","70.9","64.4","point"
"2024-01-14 08:53:00 pm","70.0","82.8","71.2","64.5","point"
"2024-01-14 08:54:00 pm","70.1","82.7","71.2","64.5","point"
"2024-01-14 08:55:00 pm","70.1","82.8","71.2","64.6","point"
"2024-01-14 08:56:00 pm","70.1","82.7","71.2","64.6","point"
"2024-01-14 08:57:00 pm","70.2","82.7","71.4","64.7","point"
"2024-01-14 08:58:00 pm","70.3","82.7","71.4","64.7","point"
"2024-01-14 08:59:00 pm","70.2","82.6","71.4","64.7","point"
"2024-01-14 09:00:00 pm","70.2","82.4","71.2","64.6","point"
"2024-01-14 09:01:00 pm","70.4","82.5","71.6","64.8","point"
"2024-01-14 09:02:00 pm","70.3","82.5","71.2","64.7","point"
"2024-01-14 09:03:00 pm","70.4","82.4","71.4","64.8","point"
"2024-01-14 09:04:00 pm","70.4","82.4","71.4","64.8","point"
"2024-01-14 09:05:00 pm","70.4","82.2","71.4","64.7","point"
"2024-01-14 09:06:00 pm","70.4","82.3","71.4","64.8","point"
"2024-01-14 09:07:00 pm","70.4","82.3","71.4","64.8","point"
"2024-01-14 09:08:00 pm","70.5","82.2","71.4","64.8","point"
"2024-01-14 09:09:00 pm","70.4","82.2","71.4","64.7","point"
"2024-01-14 09:10:00 pm","70.6","82.1","71.6","64.8","point"
"2024-01-14 09:11:00 pm","70.6","82.1","71.6","64.8","point"
"2024-01-14 09:12:00 pm","70.6","82.1","71.6","64.9","point"
"2024-01-14 09:13:00 pm","70.6","81.9","71.6","64.8","point"
"2024-01-14 09:14:00 pm","70.6","81.8","71.6","64.7","point"
"2024-01-14 09:15:00 pm","70.6","81.9","71.6","64.7","point"
"2024-01-14 09:16:00 pm","70.6","81.8","71.6","64.7","point"
"2024-01-14 09:17:00 pm","70.6","81.8","71.6","64.8","point"
"2024-01-14 09:18:00 pm","70.7","81.8","72.0","64.9","point"
"2024-01-14 09:19:00 pm","70.6","81.8","71.6","64.8","point"
"2024-01-14 09:20:00 pm","70.6","81.7","71.6","64.8","point"
"2024-01-14 09:21:00 pm","70.7","81.7","72.0","64.9","point"
"2024-01-14 09:22:00 pm","70.8","81.8","72.0","64.9","point"
"2024-01-14 09:23:00 pm","70.8","81.8","72.0","64.9","point"
"2024-01-14 09:24:00 pm","70.6","81.7","71.6","64.8","point"
"2024-01-14 09:25:00 pm","70.8","81.7","72.0","64.9","point"
"2024-01-14 09:26:00 pm","70.8","81.6","72.0","64.9","point"
"2024-01-14 09:27:00 pm","70.7","81.5","72.0","64.8","point"
"2024-01-14 09:28:00 pm","70.8","81.4","72.0","64.8","point"
"2024-01-14 09:29:00 pm","70.7","81.3","71.6","64.7","point"
"2024-01-14 09:30:00 pm","70.7","81.4","72.0","64.7","point"
"2024-01-14 09:31:00 pm","70.8","81.4","72.0","64.8","point"
"2024-01-14 09:32:00 pm","70.8","81.4","72.0","64.8","point"
"2024-01-14 09:33:00 pm","70.8","81.5","72.0","64.8","point"
"2024-01-14 09:34:00 pm","70.8","81.5","72.0","64.8","point"
"2024-01-14 09:35:00 pm","70.7","81.4","72.0","64.8","point"
"2024-01-14 09:36:00 pm","70.8","81.4","72.0","64.8","point"
"2024-01-14 09:37:00 pm","70.7","81.3","72.0","64.7","point"
"2024-01-14 09:38:00 pm","70.8","81.2","72.0","64.7","point"
"2024-01-14 09:39:00 pm","70.7","81.1","72.0","64.6","point"
"2024-01-14 09:40:00 pm","70.7","81.0","72.0","64.6","point"
"2024-01-14 09:41:00 pm","70.7","81.1","72.0","64.6","point"
"2024-01-14 09:42:00 pm","70.8","81.1","72.0","64.7","point"
"2024-01-14 09:43:00 pm","70.8","81.2","72.0","64.7","point"
"2024-01-14 09:44:00 pm","70.8","81.2","72.0","64.7","point"
"2024-01-14 09:45:00 pm","70.8","81.2","72.0","64.8","point"
"2024-01-14 09:46:00 pm","70.7","81.3","72.0","64.7","point"
"2024-01-14 09:47:00 pm","70.7","81.3","71.6","64.7","point"
"2024-01-14 09:48:00 pm","70.8","81.3","72.0","64.8","point"
"2024-01-14 09:49:00 pm","70.8","81.4","72.0","64.8","point"
"2024-01-14 09:50:00 pm","70.8","81.4","72.0","64.8","point"
"2024-01-14 09:51:00 pm","70.8","81.5","72.0","64.9","point"
"2024-01-14 09:52:00 pm","70.8","81.7","72.0","64.9","point"
"2024-01-14 09:53:00 pm","70.8","81.6","72.0","64.9","point"
"2024-01-14 09:54:00 pm","70.8","81.7","72.0","64.9","point"
"2024-01-14 09:55:00 pm","70.8","81.6","72.0","64.9","point"
"2024-01-14 09:56:00 pm","70.8","81.6","72.0","64.9","point"
"2024-01-14 09:57:00 pm","70.8","81.6","72.0","64.9","point"
"2024-01-14 09:58:00 pm","70.8","81.6","72.0","64.9","point"
"2024-01-14 09:59:00 pm","70.8","81.6","72.0","64.9","point"
"2024-01-14 10:00:00 pm","70.8","81.5","72.0","64.8","point"
"2024-01-14 10:01:00 pm","70.8","81.5","72.0","64.9","point"
"2024-01-14 10:02:00 pm","70.9","81.4","72.1","64.9","point"
"2024-01-14 10:03:00 pm","70.9","81.4","72.1","64.9","point"
"2024-01-14 10:04:00 pm","70.8","81.4","72.0","64.9","point"
"2024-01-14 10:05:00 pm","70.8","81.4","72.0","64.9","point"
"2024-01-14 10:06:00 pm","70.9","81.2","72.1","64.8","point"
"2024-01-14 10:07:00 pm","70.8","81.3","72.0","64.7","point"
"2024-01-14 10:08:00 pm","70.8","81.3","72.0","64.8","point"
"2024-01-14 10:09:00 pm","70.8","81.3","72.0","64.8","point"
"2024-01-14 10:10:00 pm","70.8","81.2","72.0","64.8","point"
"2024-01-14 10:11:00 pm","70.9","81.1","72.1","64.8","point"
"2024-01-14 10:12:00 pm","70.9","81.1","72.1","64.8","point"
"2024-01-14 10:13:00 pm","70.8","81.1","72.0","64.7","point"
"2024-01-14 10:14:00 pm","70.8","81.2","72.0","64.7","point"
"2024-01-14 10:15:00 pm","70.7","80.9","72.0","64.6","point"
"2024-01-14 10:16:00 pm","70.9","80.8","72.1","64.7","point"
"2024-01-14 10:17:00 pm","70.7","80.7","72.0","64.5","point"
"2024-01-14 10:18:00 pm","70.8","80.6","72.0","64.5","point"
"2024-01-14 10:19:00 pm","70.8","80.6","72.0","64.6","point"
"2024-01-14 10:20:00 pm","70.8","80.7","72.0","64.5","point"
"2024-01-14 10:21:00 pm","70.8","80.7","72.0","64.6","point"
"2024-01-14 10:22:00 pm","70.8","80.6","72.0","64.5","point"
"2024-01-14 10:23:00 pm","70.8","80.6","72.0","64.5","point"
"2024-01-14 10:24:00 pm","70.8","80.5","72.0","64.5","point"
"2024-01-14 10:25:00 pm","70.8","80.4","72.0","64.4","point"
"2024-01-14 10:26:00 pm","70.7","80.4","72.0","64.4","point"
"2024-01-14 10:27:00 pm","70.7","80.5","71.6","64.4","point"
"2024-01-14 10:28:00 pm","70.7","80.4","72.0","64.4","point"
"2024-01-14 10:29:00 pm","70.8","80.4","72.0","64.5","point"
"2024-01-14 10:30:00 pm","70.8","80.4","72.0","64.4","point"
"2024-01-14 10:31:00 pm","70.8","80.4","72.0","64.4","point"
"2024-01-14 10:32:00 pm","70.8","80.3","72.0","64.4","point"
"2024-01-14 10:33:00 pm","70.8","80.3","72.0","64.4","point"
"2024-01-14 10:34:00 pm","70.8","80.4","72.0","64.4","point"
"2024-01-14 10:35:00 pm","70.7","80.5","71.6","64.4","point"
"2024-01-14 10:36:00 pm","70.8","80.5","72.0","64.5","point"
"2024-01-14 10:37:00 pm","70.7","80.5","72.0","64.4","point"
"2024-01-14 10:38:00 pm","70.7","80.5","71.6","64.4","point"
"2024-01-14 10:39:00 pm","70.7","80.5","72.0","64.4","point"
"2024-01-14 10:40:00 pm","70.8","80.5","72.0","64.5","point"
"2024-01-14 10:41:00 pm","70.8","80.5","72.0","64.5","point"
"2024-01-14 10:42:00 pm","70.8","80.4","72.0","64.5","point"
"2024-01-14 10:43:00 pm","70.7","80.2","71.6","64.3","point"
"2024-01-14 10:44:00 pm","70.8","80.2","72.0","64.4","point"
"2024-01-14 10:45:00 pm","70.7","80.1","72.0","64.3","point"
"2024-01-14 10:46:00 pm","70.8","80.1","72.0","64.3","point"
"2024-01-14 10:47:00 pm","70.7","80.1","71.6","64.2","point"
"2024-01-14 10:48:00 pm","70.7","80.0","72.0","64.2","point"
"2024-01-14 10:49:00 pm","70.6","79.8","71.6","64.1","point"
"2024-01-14 10:50:00 pm","70.6","79.9","71.6","64.1","point"
"2024-01-14 10:51:00 pm","70.6","79.9","71.6","64.1","point"
"2024-01-14 10:52:00 pm","70.7","80.0","71.6","64.2","point"
"2024-01-14 10:53:00 pm","70.7","80.0","72.0","64.2","point"
"2024-01-14 10:54:00 pm","70.6","80.0","71.6","64.1","point"
"2024-01-14 10:55:00 pm","70.7","79.9","71.6","64.1","point"
"2024-01-14 10:56:00 pm","70.6","79.9","71.6","64.1","point"
"2024-01-14 10:57:00 pm","70.6","80.0","71.6","64.1","point"
"2024-01-14 10:58:00 pm","70.5","80.0","71.6","64.1","point"
"2024-01-14 10:59:00 pm","70.7","80.0","72.0","64.2","point"
"2024-01-14 11:00:00 pm","70.7","80.0","72.0","64.2","point"
"2024-01-14 11:01:00 pm","70.6","79.9","71.6","64.1","point"
"2024-01-14 11:02:00 pm","70.6","79.9","71.6","64.1","point"
"2024-01-14 11:03:00 pm","70.6","80.0","71.6","64.1","point"
"2024-01-14 11:04:00 pm","70.6","80.1","71.6","64.1","point"
"2024-01-14 11:05:00 pm","70.7","80.1","71.6","64.2","point"
"2024-01-14 11:06:00 pm","70.6","80.0","71.6","64.1","point"
"2024-01-14 11:07:00 pm","70.7","80.0","71.6","64.2","point"
"2024-01-14 11:08:00 pm","70.6","80.0","71.6","64.2","point"
"2024-01-14 11:09:00 pm","70.5","80.1","71.6","64.1","point"
"2024-01-14 11:10:00 pm","70.6","80.1","71.6","64.1","point"
"2024-01-14 11:11:00 pm","70.6","80.0","71.6","64.1","point"
"2024-01-14 11:12:00 pm","70.6","80.1","71.6","64.2","point"
"2024-01-14 11:13:00 pm","70.6","80.0","71.6","64.1","point"
"2024-01-14 11:14:00 pm","70.6","80.0","71.6","64.1","point"
"2024-01-14 11:15:00 pm","70.6","80.0","71.6","64.1","point"
"2024-01-14 11:16:00 pm","70.5","80.1","71.6","64.1","point"
"2024-01-14 11:17:00 pm","70.5","80.0","71.6","64.1","point"
"2024-01-14 11:18:00 pm","70.5","80.1","71.6","64.1","point"
"2024-01-14 11:19:00 pm","70.5","80.1","71.6","64.1","point"
"2024-01-14 11:20:00 pm","70.6","80.1","71.6","64.1","point"
"2024-01-14 11:21:00 pm","70.6","80.0","71.6","64.1","point"
"2024-01-14 11:22:00 pm","70.5","80.1","71.4","64.0","point"
"2024-01-14 11:23:00 pm","70.5","80.1","71.4","64.0","point"
"2024-01-14 11:24:00 pm","70.6","80.1","71.6","64.1","point"
"2024-01-14 11:25:00 pm","70.5","80.1","71.6","64.1","point"
"2024-01-14 11:26:00 pm","70.5","80.1","71.6","64.1","point"
"2024-01-14 11:27:00 pm","70.5","80.0","71.4","64.0","point"
"2024-01-14 11:28:00 pm","70.6","80.1","71.6","64.2","point"
"2024-01-14 11:29:00 pm","70.5","80.1","71.4","64.0","point"
"2024-01-14 11:30:00 pm","70.5","80.1","71.6","64.1","point"
"2024-01-14 11:31:00 pm","70.4","80.0","71.4","64.0","point"
"2024-01-14 11:32:00 pm","70.5","80.0","71.4","64.0","point"
"2024-01-14 11:33:00 pm","70.5","79.9","71.4","64.0","point"
"2024-01-14 11:34:00 pm","70.5","79.9","71.6","64.0","point"
"2024-01-14 11:35:00 pm","70.5","79.8","71.4","63.9","point"
"2024-01-14 11:36:00 pm","70.4","79.8","71.4","63.9","point"
"2024-01-14 11:37:00 pm","70.6","79.8","71.6","64.0","point"
"2024-01-14 11:38:00 pm","70.5","79.9","71.6","64.0","point"
"2024-01-14 11:39:00 pm","70.4","79.9","71.4","63.9","point"
"2024-01-14 11:40:00 pm","70.6","79.9","71.6","64.0","point"
"2024-01-14 11:41:00 pm","70.6","79.7","71.6","64.0","point"
"2024-01-14 11:42:00 pm","70.4","79.7","71.4","63.8","point"
"2024-01-14 11:43:00 pm","70.6","79.7","71.6","64.0","point"
"2024-01-14 11:44:00 pm","70.4","79.8","71.4","63.9","point"
"2024-01-14 11:45:00 pm","70.6","79.8","71.6","64.0","point"
"2024-01-14 11:46:00 pm","70.5","79.9","71.4","64.0","point"
"2024-01-14 11:47:00 pm","70.4","79.9","71.4","63.9","point"
"2024-01-14 11:48:00 pm","70.4","79.9","71.4","63.9","point"
"2024-01-14 11:49:00 pm","70.5","79.9","71.6","64.0","point"
"2024-01-14 11:50:00 pm","70.4","80.0","71.4","64.0","point"
"2024-01-14 11:51:00 pm","70.5","80.0","71.4","64.0","point"
"2024-01-14 11:52:00 pm","70.5","80.0","71.4","64.0","point"
"2024-01-14 11:53:00 pm","70.4","79.9","71.4","63.9","point"
"2024-01-14 11:54:00 pm","70.4","79.9","71.4","63.9","point"
"2024-01-14 11:55:00 pm","70.6","79.9","71.6","64.1","point"
"2024-01-14 11:56:00 pm","70.6","79.9","71.6","64.0","point"
"2024-01-14 11:57:00 pm","70.5","79.9","71.4","64.0","point"
"2024-01-14 11:58:00 pm","70.5","79.9","71.4","64.0","point"
"2024-01-14 11:59:00 pm","70.4","79.9","71.4","63.9","point"
"2024-01-15 12:00:00 am","70.4","80.0","71.4","64.0","point"
"2024-01-15 12:01:00 am","70.4","79.9","71.4","63.9","point"
"2024-01-15 12:02:00 am","70.4","79.9","71.4","63.9","point"
"2024-01-15 12:03:00 am","70.4","79.9","71.4","63.9","point"
"2024-01-15 12:04:00 am","70.4","79.9","71.4","63.9","point"
"2024-01-15 12:05:00 am","70.4","79.9","71.4","63.9","point"
"2024-01-15 12:06:00 am","70.5","79.9","71.4","64.0","point"
"2024-01-15 12:07:00 am","70.4","79.9","71.4","63.9","point"
"2024-01-15 12:08:00 am","70.5","79.9","71.4","64.0","point"
"2024-01-15 12:09:00 am","70.4","79.9","71.4","63.9","point"
"2024-01-15 12:10:00 am","70.4","79.9","71.4","63.9","point"
"2024-01-15 12:11:00 am","70.4","79.8","71.4","63.9","point"
"2024-01-15 12:12:00 am","70.4","79.8","71.4","63.9","point"
"2024-01-15 12:13:00 am","70.4","79.8","71.4","63.9","point"
"2024-01-15 12:14:00 am","70.4","79.9","71.4","63.9","point"
"2024-01-15 12:15:00 am","70.4","79.8","71.4","63.9","point"
"2024-01-15 12:16:00 am","70.4","79.8","71.4","63.9","point"
"2024-01-15 12:17:00 am","70.4","79.8","71.4","63.9","point"
"2024-01-15 12:18:00 am","70.4","79.8","71.4","63.8","point"
"2024-01-15 12:19:00 am","70.4","79.8","71.4","63.8","point"
"2024-01-15 12:20:00 am","70.4","79.8","71.4","63.8","point"
"2024-01-15 12:21:00 am","70.3","79.8","71.2","63.8","point"
"2024-01-15 12:22:00 am","70.4","79.8","71.4","63.8","point"
"2024-01-15 12:23:00 am","70.4","79.8","71.4","63.8","point"
"2024-01-15 12:24:00 am","70.4","79.7","71.4","63.8","point"
"2024-01-15 12:25:00 am","70.4","79.6","71.4","63.8","point"
"2024-01-15 12:26:00 am","70.4","79.6","71.4","63.7","point"
"2024-01-15 12:27:00 am","70.4","79.6","71.4","63.7","point"
"2024-01-15 12:28:00 am","70.3","79.6","71.2","63.6","point"
"2024-01-15 12:29:00 am","70.4","79.6","71.4","63.8","point"
"2024-01-15 12:30:00 am","70.3","79.6","71.2","63.7","point"
"2024-01-15 12:31:00 am","70.3","79.6","71.2","63.6","point"
"2024-01-15 12:32:00 am","70.3","79.5","71.2","63.6","point"
"2024-01-15 12:33:00 am","70.3","79.4","71.2","63.6","point"
"2024-01-15 12:34:00 am","70.3","79.5","71.2","63.6","point"
"2024-01-15 12:35:00 am","70.2","79.4","71.2","63.5","point"
"2024-01-15 12:36:00 am","70.3","79.5","71.2","63.7","point"
"2024-01-15 12:37:00 am","70.3","79.5","71.2","63.6","point"
"2024-01-15 12:38:00 am","70.3","79.6","71.2","63.6","point"
"2024-01-15 12:39:00 am","70.3","79.6","71.2","63.7","point"
"2024-01-15 12:40:00 am","70.2","79.5","71.2","63.6","point"
"2024-01-15 12:41:00 am","70.2","79.5","71.2","63.6","point"
"2024-01-15 12:42:00 am","70.2","79.5","71.2","63.6","point"
"2024-01-15 12:43:00 am","70.3","79.6","71.2","63.7","point"
"2024-01-15 12:44:00 am","70.2","79.6","71.2","63.6","point"
"2024-01-15 12:45:00 am","70.2","79.6","71.2","63.6","point"
"2024-01-15 12:46:00 am","70.2","79.6","71.2","63.6","point"
"2024-01-15 12:47:00 am","70.1","79.6","70.9","63.5","point"
"2024-01-15 12:48:00 am","70.2","79.6","71.2","63.6","point"
"2024-01-15 12:49:00 am","70.3","79.6","71.2","63.7","point"
"2024-01-15 12:50:00 am","70.2","79.7","71.2","63.6","point"
"2024-01-15 12:51:00 am","70.2","79.6","71.2","63.6","point"
"2024-01-15 12:52:00 am","70.2","79.6","71.2","63.6","point"
"2024-01-15 12:53:00 am","70.2","79.6","71.2","63.6","point"
"2024-01-15 12:54:00 am","70.2","79.6","71.2","63.6","point"
"2024-01-15 12:55:00 am","70.1","79.7","70.9","63.6","point"
"2024-01-15 12:56:00 am","70.2","79.7","71.2","63.6","point"
"2024-01-15 12:57:00 am","70.2","79.6","71.2","63.6","point"
"2024-01-15 12:58:00 am","70.1","79.6","70.9","63.5","point"
"2024-01-15 12:59:00 am","70.1","79.7","70.9","63.5","point"
"2024-01-15 01:00:00 am","70.1","79.7","70.9","63.5","point"
"2024-01-15 01:01:00 am","70.1","79.7","70.9","63.5","point"
"2024-01-15 01:02:00 am","70.2","79.7","71.2","63.6","point"
"2024-01-15 01:03:00 am","70.2","79.7","71.2","63.6","point"
"2024-01-15 01:04:00 am","70.1","79.7","70.9","63.6","point"
"2024-01-15 01:05:00 am","70.2","79.6","71.2","63.6","point"
"2024-01-15 01:06:00 am","70.1","79.7","70.9","63.6","point"
"2024-01-15 01:07:00 am","70.1","79.7","70.9","63.5","point"
"2024-01-15 01:08:00 am","70.1","79.6","70.9","63.5","point"
"2024-01-15 01:09:00 am","70.1","79.6","70.9","63.5","point"
"2024-01-15 01:10:00 am","70.1","79.7","70.9","63.6","point"
"2024-01-15 01:11:00 am","70.1","79.7","70.9","63.5","point"
"2024-01-15 01:12:00 am","70.2","79.7","71.2","63.6","point"
"2024-01-15 01:13:00 am","70.2","79.8","71.2","63.6","point"
"2024-01-15 01:14:00 am","70.1","79.7","70.9","63.6","point"
"2024-01-15 01:15:00 am","70.1","79.8","70.9","63.6","point"
"2024-01-15 01:16:00 am","70.1","79.8","70.9","63.6","point"
"2024-01-15 01:17:00 am","70.1","79.6","70.9","63.5","point"
"2024-01-15 01:18:00 am","70.1","79.5","70.9","63.5","point"
"2024-01-15 01:19:00 am","70.1","79.7","70.9","63.5","point"
"2024-01-15 01:20:00 am","70.1","79.8","70.9","63.5","point"
"2024-01-15 01:21:00 am","70.1","79.8","70.9","63.6","point"
"2024-01-15 01:22:00 am","70.1","79.8","70.9","63.5","point"
"2024-01-15 01:23:00 am","70.1","79.8","70.9","63.6","point"
"2024-01-15 01:24:00 am","70.2","79.8","71.2","63.6","point"
"2024-01-15 01:25:00 am","70.1","79.8","70.9","63.5","point"
"2024-01-15 01:26:00 am","70.2","79.8","71.2","63.6","point"
"2024-01-15 01:27:00 am","70.0","79.9","70.9","63.5","point"
"2024-01-15 01:28:00 am","70.1","79.9","70.9","63.6","point"
"2024-01-15 01:29:00 am","70.1","79.7","70.9","63.6","point"
"2024-01-15 01:30:00 am","70.0","79.8","70.9","63.5","point"
"2024-01-15 01:31:00 am","70.0","79.7","70.9","63.5","point"
"2024-01-15 01:32:00 am","70.1","79.7","70.9","63.5","point"
"2024-01-15 01:33:00 am","70.1","79.8","70.9","63.6","point"
"2024-01-15 01:34:00 am","70.1","79.8","70.9","63.5","point"
"2024-01-15 01:35:00 am","70.1","79.8","70.9","63.5","point"
"2024-01-15 01:36:00 am","70.1","79.7","70.9","63.5","point"
"2024-01-15 01:37:00 am","70.0","79.7","70.9","63.5","point"
"2024-01-15 01:38:00 am","70.0","79.8","70.9","63.5","point"
"2024-01-15 01:39:00 am","70.0","79.7","70.9","63.4","point"
"2024-01-15 01:40:00 am","70.0","79.8","70.9","63.4","point"
"2024-01-15 01:41:00 am","70.0","79.9","70.9","63.5","point"
"2024-01-15 01:42:00 am","70.1","79.8","70.9","63.5","point"
"2024-01-15 01:43:00 am","70.1","79.8","70.9","63.5","point"
"2024-01-15 01:44:00 am","70.0","79.7","70.9","63.5","point"
"2024-01-15 01:45:00 am","70.0","79.7","70.9","63.4","point"
"2024-01-15 01:46:00 am","70.0","79.7","70.9","63.4","point"
"2024-01-15 01:47:00 am","69.9","79.6","70.7","63.3","point"
"2024-01-15 01:48:00 am","70.0","79.5","70.9","63.3","point"
"2024-01-15 01:49:00 am","70.0","79.4","70.9","63.3","point"
"2024-01-15 01:50:00 am","69.9","79.4","70.7","63.3","point"
"2024-01-15 01:51:00 am","69.9","79.4","70.7","63.2","point"
"2024-01-15 01:52:00 am","70.0","79.4","70.9","63.3","point"
"2024-01-15 01:53:00 am","70.0","79.4","70.9","63.3","point"
"2024-01-15 01:54:00 am","70.0","79.4","70.9","63.3","point"
"2024-01-15 01:55:00 am","69.9","79.5","70.7","63.2","point"
"2024-01-15 01:56:00 am","70.0","79.5","70.9","63.4","point"
"2024-01-15 01:57:00 am","69.9","79.5","70.7","63.2","point"
"2024-01-15 01:58:00 am","69.9","79.5","70.7","63.3","point"
"2024-01-15 01:59:00 am","69.9","79.5","70.7","63.2","point"
"2024-01-15 02:00:00 am","69.9","79.5","70.7","63.3","point"
"2024-01-15 02:01:00 am","69.9","79.5","70.7","63.3","point"
"2024-01-15 02:02:00 am","69.9","79.4","70.7","63.2","point"
"2024-01-15 02:03:00 am","69.9","79.4","70.7","63.2","point"
"2024-01-15 02:04:00 am","70.0","79.3","70.9","63.3","point"
"2024-01-15 02:05:00 am","69.9","79.3","70.7","63.2","point"
"2024-01-15 02:06:00 am","69.9","79.4","70.7","63.2","point"
"2024-01-15 02:07:00 am","70.0","79.3","70.9","63.3","point"
"2024-01-15 02:08:00 am","69.9","79.3","70.7","63.1","point"
"2024-01-15 02:09:00 am","69.9","79.2","70.7","63.2","point"
"2024-01-15 02:10:00 am","69.9","79.1","70.7","63.1","point"
"2024-01-15 02:11:00 am","69.8","79.1","70.7","63.1","point"
"2024-01-15 02:12:00 am","69.8","79.0","70.7","63.0","point"
"2024-01-15 02:13:00 am","69.9","79.0","70.7","63.1","point"
"2024-01-15 02:14:00 am","69.8","79.0","70.7","63.0","point"
"2024-01-15 02:15:00 am","69.8","78.9","70.5","62.9","point"
"2024-01-15 02:16:00 am","69.8","78.9","70.7","63.0","point"
"2024-01-15 02:17:00 am","69.8","78.9","70.7","63.0","point"
"2024-01-15 02:18:00 am","69.7","78.9","70.5","62.9","point"
"2024-01-15 02:19:00 am","69.8","78.8","70.5","62.9","point"
"2024-01-15 02:20:00 am","69.8","78.8","70.7","63.0","point"
"2024-01-15 02:21:00 am","69.8","78.8","70.7","62.9","point"
"2024-01-15 02:22:00 am","69.8","78.8","70.5","62.9","point"
"2024-01-15 02:23:00 am","69.7","78.9","70.5","62.9","point"
"2024-01-15 02:24:00 am","69.8","78.8","70.5","62.9","point"
"2024-01-15 02:25:00 am","69.7","78.7","70.3","62.8","point"
"2024-01-15 02:26:00 am","69.7","78.8","70.3","62.9","point"
"2024-01-15 02:27:00 am","69.8","78.6","70.5","62.9","point"
"2024-01-15 02:28:00 am","69.7","78.6","70.3","62.8","point"
"2024-01-15 02:29:00 am","69.7","78.6","70.3","62.8","point"
"2024-01-15 02:30:00 am","69.7","78.6","70.3","62.7","point"
"2024-01-15 02:31:00 am","69.7","78.5","70.3","62.8","point"
"2024-01-15 02:32:00 am","69.6","78.6","70.3","62.7","point"
"2024-01-15 02:33:00 am","69.7","78.6","70.3","62.7","point"
"2024-01-15 02:34:00 am","69.7","78.7","70.3","62.7","point"
"2024-01-15 02:35:00 am","69.7","78.5","70.3","62.7","point"
"2024-01-15 02:36:00 am","69.7","78.5","70.3","62.7","point"
"2024-01-15 02:37:00 am","69.6","78.5","70.3","62.6","point"
"2024-01-15 02:38:00 am","69.7","78.5","70.3","62.7","point"
"2024-01-15 02:39:00 am","69.7","78.5","70.3","62.7","point"
"2024-01-15 02:40:00 am","69.5","78.3","70.2","62.5","point"
"2024-01-15 02:41:00 am","69.7","78.3","70.3","62.6","point"
"2024-01-15 02:42:00 am","69.6","78.3","70.2","62.5","point"
"2024-01-15 02:43:00 am","69.6","78.3","70.3","62.6","point"
"2024-01-15 02:44:00 am","69.5","78.3","70.2","62.5","point"
"2024-01-15 02:45:00 am","69.5","78.4","70.2","62.5","point"
"2024-01-15 02:46:00 am","69.5","78.4","70.2","62.4","point"
"2024-01-15 02:47:00 am","69.5","78.3","70.2","62.5","point"
"2024-01-15 02:48:00 am","69.5","78.4","70.2","62.5","point"
"2024-01-15 02:49:00 am","69.5","78.4","70.2","62.5","point"
"2024-01-15 02:50:00 am","69.6","78.3","70.3","62.6","point"
"2024-01-15 02:51:00 am","69.5","78.3","70.2","62.4","point"
"2024-01-15 02:52:00 am","69.5","78.3","70.2","62.5","point"
"2024-01-15 02:53:00 am","69.5","78.4","70.2","62.4","point"
"2024-01-15 02:54:00 am","69.5","78.3","70.2","62.5","point"
"2024-01-15 02:55:00 am","69.6","78.2","70.2","62.5","point"
"2024-01-15 02:56:00 am","69.6","78.2","70.2","62.5","point"
"2024-01-15 02:57:00 am","69.5","78.2","70.2","62.4","point"
"2024-01-15 02:58:00 am","69.4","78.3","69.8","62.4","point"
"2024-01-15 02:59:00 am","69.5","78.2","70.2","62.5","point"
"2024-01-15 03:00:00 am","69.5","78.2","70.2","62.4","point"
"2024-01-15 03:01:00 am","69.5","78.2","70.2","62.4","point"
"2024-01-15 03:02:00 am","69.4","78.2","69.8","62.3","point"
"2024-01-15 03:03:00 am","69.4","78.3","69.8","62.3","point"
"2024-01-15 03:04:00 am","69.4","78.1","69.8","62.3","point"
"2024-01-15 03:05:00 am","69.4","78.2","69.8","62.3","point"
"2024-01-15 03:06:00 am","69.3","78.2","69.8","62.2","point"
"2024-01-15 03:07:00 am","69.4","78.3","69.8","62.3","point"
"2024-01-15 03:08:00 am","69.3","78.2","69.8","62.2","point"
"2024-01-15 03:09:00 am","69.4","78.1","69.8","62.2","point"
"2024-01-15 03:10:00 am","69.4","78.2","69.8","62.3","point"
"2024-01-15 03:11:00 am","69.4","78.2","69.8","62.3","point"
"2024-01-15 03:12:00 am","69.4","78.1","69.8","62.3","point"
"2024-01-15 03:13:00 am","69.4","78.1","69.8","62.2","point"
"2024-01-15 03:14:00 am","69.3","78.0","69.8","62.2","point"
"2024-01-15 03:15:00 am","69.4","78.1","69.8","62.3","point"
"2024-01-15 03:16:00 am","69.3","78.2","69.8","62.2","point"
"2024-01-15 03:17:00 am","69.4","78.2","69.8","62.3","point"
"2024-01-15 03:18:00 am","69.5","78.1","70.2","62.3","point"
"2024-01-15 03:19:00 am","69.3","78.0","69.8","62.1","point"
"2024-01-15 03:20:00 am","69.3","78.0","69.8","62.1","point"
"2024-01-15 03:21:00 am","69.4","78.1","69.8","62.3","point"
"2024-01-15 03:22:00 am","69.3","78.1","69.8","62.1","point"
"2024-01-15 03:23:00 am","69.4","78.2","69.8","62.3","point"
"2024-01-15 03:24:00 am","69.3","78.1","69.8","62.2","point"
"2024-01-15 03:25:00 am","69.4","78.1","69.8","62.2","point"
"2024-01-15 03:26:00 am","69.3","78.0","69.8","62.1","point"
"2024-01-15 03:27:00 am","69.1","78.1","69.6","62.0","point"
"2024-01-15 03:28:00 am","69.3","78.1","69.8","62.1","point"
"2024-01-15 03:29:00 am","69.2","78.2","69.6","62.1","point"
"2024-01-15 03:30:00 am","69.2","78.0","69.6","62.1","point"
"2024-01-15 03:31:00 am","69.2","77.9","69.6","62.0","point"
"2024-01-15 03:32:00 am","69.2","77.9","69.6","62.0","point"
"2024-01-15 03:33:00 am","69.3","77.9","69.8","62.1","point"
"2024-01-15 03:34:00 am","69.2","78.0","69.6","62.1","point"
"2024-01-15 03:35:00 am","69.1","78.1","69.6","62.0","point"
"2024-01-15 03:36:00 am","69.1","78.1","69.6","62.0","point"
"2024-01-15 03:37:00 am","69.1","77.9","69.6","61.9","point"
"2024-01-15 03:38:00 am","69.2","78.0","69.6","62.0","point"
"2024-01-15 03:39:00 am","69.1","78.0","69.6","62.0","point"
"2024-01-15 03:40:00 am","69.1","78.1","69.4","61.9","point"
"2024-01-15 03:41:00 am","69.1","77.9","69.6","61.9","point"
"2024-01-15 03:42:00 am","69.1","78.0","69.4","61.9","point"
"2024-01-15 03:43:00 am","69.3","78.1","69.8","62.1","point"
"2024-01-15 03:44:00 am","69.2","78.1","69.6","62.0","point"
"2024-01-15 03:45:00 am","69.1","78.0","69.6","62.0","point"
"2024-01-15 03:46:00 am","69.1","78.0","69.6","61.9","point"
"2024-01-15 03:47:00 am","69.1","77.9","69.6","61.9","point"
"2024-01-15 03:48:00 am","69.1","77.9","69.6","61.9","point"
"2024-01-15 03:49:00 am","69.0","77.8","69.4","61.8","point"
"2024-01-15 03:50:00 am","69.1","77.8","69.6","61.9","point"
"2024-01-15 03:51:00 am","69.1","77.8","69.6","61.9","point"
"2024-01-15 03:52:00 am","69.1","77.8","69.4","61.8","point"
"2024-01-15 03:53:00 am","69.1","77.8","69.6","61.9","point"
"2024-01-15 03:54:00 am","69.1","77.8","69.4","61.8","point"
"2024-01-15 03:55:00 am","69.0","77.8","69.4","61.8","point"
"2024-01-15 03:56:00 am","69.1","77.8","69.4","61.8","point"
"2024-01-15 03:57:00 am","69.1","77.9","69.4","61.9","point"
"2024-01-15 03:58:00 am","68.9","77.8","69.4","61.7","point"
"2024-01-15 03:59:00 am","69.0","77.8","69.4","61.8","point"
"2024-01-15 04:00:00 am","68.9","77.8","69.4","61.7","point"
"2024-01-15 04:01:00 am","69.0","77.8","69.4","61.8","point"
"2024-01-15 04:02:00 am","68.9","77.8","69.4","61.7","point"
"2024-01-15 04:03:00 am","69.0","77.8","69.4","61.8","point"
"2024-01-15 04:04:00 am","69.0","77.9","69.4","61.8","point"
"2024-01-15 04:05:00 am","68.9","77.9","69.4","61.7","point"
"2024-01-15 04:06:00 am","69.0","77.9","69.4","61.8","point"
"2024-01-15 04:07:00 am","68.9","77.7","69.4","61.7","point"
"2024-01-15 04:08:00 am","68.9","77.7","69.1","61.6","point"
"2024-01-15 04:09:00 am","68.9","77.7","69.1","61.6","point"
"2024-01-15 04:10:00 am","68.8","77.8","69.1","61.6","point"
"2024-01-15 04:11:00 am","68.9","78.0","69.4","61.8","point"
"2024-01-15 04:12:00 am","68.8","77.9","69.1","61.6","point"
"2024-01-15 04:13:00 am","68.8","77.8","69.1","61.6","point"
"2024-01-15 04:14:00 am","68.8","77.9","69.1","61.6","point"
"2024-01-15 04:15:00 am","68.9","77.8","69.4","61.7","point"
"2024-01-15 04:16:00 am","68.8","77.8","69.1","61.6","point"
"2024-01-15 04:17:00 am","68.8","77.9","69.1","61.6","point"
"2024-01-15 04:18:00 am","68.8","78.0","69.1","61.6","point"
"2024-01-15 04:19:00 am","68.9","77.9","69.1","61.7","point"
"2024-01-15 04:20:00 am","68.9","77.9","69.1","61.7","point"
"2024-01-15 04:21:00 am","68.6","77.9","68.9","61.5","point"
"2024-01-15 04:22:00 am","68.9","77.8","69.4","61.7","point"
"2024-01-15 04:23:00 am","68.8","77.7","69.1","61.5","point"
"2024-01-15 04:24:00 am","68.8","77.9","69.1","61.6","point"
"2024-01-15 04:25:00 am","68.8","77.8","69.1","61.6","point"
"2024-01-15 04:26:00 am","68.7","77.9","69.1","61.6","point"
"2024-01-15 04:27:00 am","68.8","77.8","69.1","61.5","point"
"2024-01-15 04:28:00 am","68.9","77.7","69.1","61.6","point"
"2024-01-15 04:29:00 am","68.8","77.8","69.1","61.6","point"
"2024-01-15 04:30:00 am","68.8","77.9","69.1","61.6","point"
"2024-01-15 04:31:00 am","68.8","77.8","69.1","61.5","point"
"2024-01-15 04:32:00 am","68.7","77.9","68.9","61.5","point"
"2024-01-15 04:33:00 am","68.7","78.0","69.1","61.6","point"
"2024-01-15 04:34:00 am","68.8","78.0","69.1","61.6","point"
"2024-01-15 04:35:00 am","68.7","78.0","69.1","61.6","point"
"2024-01-15 04:36:00 am","68.7","77.9","68.9","61.5","point"
"2024-01-15 04:37:00 am","68.7","77.9","69.1","61.6","point"
"2024-01-15 04:38:00 am","68.7","77.9","69.1","61.6","point"
"2024-01-15 04:39:00 am","68.8","78.0","69.1","61.7","point"
"2024-01-15 04:40:00 am","68.7","78.0","68.9","61.6","point"
"2024-01-15 04:41:00 am","68.7","78.1","69.1","61.6","point"
"2024-01-15 04:42:00 am","68.8","78.1","69.1","61.7","point"
"2024-01-15 04:43:00 am","68.8","78.0","69.1","61.7","point"
"2024-01-15 04:44:00 am","68.7","78.0","69.1","61.6","point"
"2024-01-15 04:45:00 am","68.7","78.0","69.1","61.6","point"
"2024-01-15 04:46:00 am","68.8","78.0","69.1","61.7","point"
"2024-01-15 04:47:00 am","68.8","78.0","69.1","61.6","point"
"2024-01-15 04:48:00 am","68.7","78.0","68.9","61.5","point"
"2024-01-15 04:49:00 am","68.7","78.1","69.1","61.6","point"
"2024-01-15 04:50:00 am","68.7","78.1","69.1","61.6","point"
"2024-01-15 04:51:00 am","68.7","78.1","68.9","61.6","point"
"2024-01-15 04:52:00 am","68.7","78.1","68.9","61.6","point"
"2024-01-15 04:53:00 am","68.7","78.1","69.1","61.6","point"
"2024-01-15 04:54:00 am","68.6","78.1","68.9","61.5","point"
"2024-01-15 04:55:00 am","68.6","78.0","68.9","61.5","point"
"2024-01-15 04:56:00 am","68.7","78.0","68.9","61.6","point"
"2024-01-15 04:57:00 am","68.8","78.1","69.1","61.7","point"
"2024-01-15 04:58:00 am","68.6","78.0","68.9","61.5","point"
"2024-01-15 04:59:00 am","68.6","78.2","68.9","61.6","point"
"2024-01-15 05:00:00 am","68.6","78.1","68.9","61.5","point"
"2024-01-15 05:01:00 am","68.7","78.1","69.1","61.6","point"
"2024-01-15 05:02:00 am","68.6","78.1","68.9","61.6","point"
"2024-01-15 05:03:00 am","68.7","78.1","68.9","61.6","point"
"2024-01-15 05:04:00 am","68.7","78.1","68.9","61.6","point"
"2024-01-15 05:05:00 am","68.8","78.0","69.1","61.6","point"
"2024-01-15 05:06:00 am","68.6","78.1","68.9","61.5","point"
"2024-01-15 05:07:00 am","68.6","78.1","68.9","61.5","point"
"2024-01-15 05:08:00 am","68.7","78.1","68.9","61.6","point"
"2024-01-15 05:09:00 am","68.6","78.2","68.9","61.6","point"
"2024-01-15 05:10:00 am","68.7","78.1","68.9","61.6","point"
"2024-01-15 05:11:00 am","68.7","78.1","68.9","61.6","point"
"2024-01-15 05:12:00 am","68.6","78.2","68.9","61.5","point"
"2024-01-15 05:13:00 am","68.6","78.2","68.9","61.5","point"
"2024-01-15 05:14:00 am","68.6","78.1","68.9","61.5","point"
"2024-01-15 05:15:00 am","68.6","78.1","68.9","61.5","point"
"2024-01-15 05:16:00 am","68.7","78.1","68.9","61.6","point"
"2024-01-15 05:17:00 am","68.6","78.1","68.9","61.5","point"
"2024-01-15 05:18:00 am","68.6","78.1","68.9","61.5","point"
"2024-01-15 05:19:00 am","68.6","78.0","68.9","61.5","point"
"2024-01-15 05:20:00 am","68.6","78.0","68.9","61.5","point"
"2024-01-15 05:21:00 am","68.6","78.1","68.9","61.5","point"
"2024-01-15 05:22:00 am","68.6","78.1","68.9","61.5","point"
"2024-01-15 05:23:00 am","68.6","78.1","68.9","61.5","point"
"2024-01-15 05:24:00 am","68.6","78.1","68.9","61.5","point"
"2024-01-15 05:25:00 am","68.6","78.1","68.9","61.5","point"
"2024-01-15 05:26:00 am","68.5","78.1","68.7","61.4","point"
"2024-01-15 05:27:00 am","68.6","78.1","68.9","61.5","point"
"2024-01-15 05:28:00 am","68.5","78.1","68.7","61.4","point"
"2024-01-15 05:29:00 am","68.6","78.1","68.9","61.5","point"
"2024-01-15 05:30:00 am","68.6","78.1","68.9","61.5","point"
"2024-01-15 05:31:00 am","68.5","78.1","68.7","61.4","point"
"2024-01-15 05:32:00 am","68.5","78.1","68.7","61.4","point"
"2024-01-15 05:33:00 am","68.5","78.0","68.7","61.4","point"
"2024-01-15 05:34:00 am","68.5","78.0","68.7","61.3","point"
"2024-01-15 05:35:00 am","68.5","78.0","68.7","61.4","point"
"2024-01-15 05:36:00 am","68.6","77.9","68.9","61.5","point"
"2024-01-15 05:37:00 am","68.5","78.0","68.7","61.4","point"
"2024-01-15 05:38:00 am","68.5","78.0","68.7","61.3","point"
"2024-01-15 05:39:00 am","68.5","77.9","68.7","61.4","point"
"2024-01-15 05:40:00 am","68.6","77.8","68.9","61.4","point"
"2024-01-15 05:41:00 am","68.4","77.8","68.7","61.2","point"
"2024-01-15 05:42:00 am","68.4","77.9","68.7","61.3","point"
"2024-01-15 05:43:00 am","68.5","77.9","68.7","61.3","point"
"2024-01-15 05:44:00 am","68.4","77.9","68.7","61.3","point"
"2024-01-15 05:45:00 am","68.4","78.0","68.7","61.3","point"
"2024-01-15 05:46:00 am","68.6","78.0","68.9","61.4","point"
"2024-01-15 05:47:00 am","68.5","78.1","68.7","61.3","point"
"2024-01-15 05:48:00 am","68.5","78.0","68.7","61.3","point"
"2024-01-15 05:49:00 am","68.5","78.0","68.7","61.3","point"
"2024-01-15 05:50:00 am","68.5","78.1","68.7","61.4","point"
"2024-01-15 05:51:00 am","68.5","78.1","68.7","61.4","point"
"2024-01-15 05:52:00 am","68.5","78.2","68.7","61.5","point"
"2024-01-15 05:53:00 am","68.4","78.2","68.7","61.4","point"
"2024-01-15 05:54:00 am","68.5","78.2","68.7","61.4","point"
"2024-01-15 05:55:00 am","68.5","78.2","68.7","61.4","point"
"2024-01-15 05:56:00 am","68.5","78.2","68.7","61.4","point"
"2024-01-15 05:57:00 am","68.6","78.2","68.9","61.5","point"
"2024-01-15 05:58:00 am","68.5","78.2","68.7","61.4","point"
"2024-01-15 05:59:00 am","68.5","78.2","68.7","61.4","point"
"2024-01-15 06:00:00 am","68.5","78.3","68.7","61.4","point"
"2024-01-15 06:01:00 am","68.5","78.2","68.7","61.4","point"
"2024-01-15 06:02:00 am","68.5","78.2","68.7","61.4","point"
"2024-01-15 06:03:00 am","68.5","78.2","68.7","61.4","point"
"2024-01-15 06:04:00 am","68.5","78.2","68.7","61.4","point"
"2024-01-15 06:05:00 am","68.5","78.2","68.7","61.4","point"
"2024-01-15 06:06:00 am","68.5","78.3","68.7","61.4","point"
"2024-01-15 06:07:00 am","68.4","78.3","68.7","61.3","point"
"2024-01-15 06:08:00 am","68.5","78.2","68.7","61.4","point"
"2024-01-15 06:09:00 am","68.5","78.3","68.7","61.4","point"
"2024-01-15 06:10:00 am","68.5","78.2","68.7","61.4","point"
"2024-01-15 06:11:00 am","68.4","78.1","68.7","61.3","point"
"2024-01-15 06:12:00 am","68.4","78.1","68.7","61.3","point"
"2024-01-15 06:13:00 am","68.5","78.2","68.7","61.4","point"
"2024-01-15 06:14:00 am","68.4","78.1","68.7","61.3","point"
"2024-01-15 06:15:00 am","68.4","78.2","68.7","61.3","point"
"2024-01-15 06:16:00 am","68.3","78.3","68.5","61.3","point"
"2024-01-15 06:17:00 am","68.4","78.2","68.7","61.3","point"
"2024-01-15 06:18:00 am","68.3","78.2","68.5","61.3","point"
"2024-01-15 06:19:00 am","68.4","78.2","68.7","61.3","point"
"2024-01-15 06:20:00 am","68.4","78.0","68.7","61.3","point"
"2024-01-15 06:21:00 am","68.4","78.1","68.7","61.3","point"
"2024-01-15 06:22:00 am","68.3","78.2","68.5","61.2","point"
"2024-01-15 06:23:00 am","68.3","78.1","68.5","61.1","point"
"2024-01-15 06:24:00 am","68.3","78.1","68.5","61.3","point"
"2024-01-15 06:25:00 am","68.3","78.1","68.5","61.3","point"
"2024-01-15 06:26:00 am","68.3","77.9","68.5","61.1","point"
"2024-01-15 06:27:00 am","68.3","77.9","68.5","61.2","point"
"2024-01-15 06:28:00 am","68.2","77.9","68.5","61.0","point"
"2024-01-15 06:29:00 am","68.3","78.0","68.5","61.2","point"
"2024-01-15 06:30:00 am","68.3","78.0","68.5","61.1","point"
"2024-01-15 06:31:00 am","68.2","77.9","68.5","61.0","point"
"2024-01-15 06:32:00 am","68.3","77.9","68.5","61.1","point"
"2024-01-15 06:33:00 am","68.3","77.9","68.5","61.1","point"
"2024-01-15 06:34:00 am","68.3","78.0","68.5","61.2","point"
"2024-01-15 06:35:00 am","68.4","77.9","68.7","61.2","point"
"2024-01-15 06:36:00 am","68.3","77.9","68.5","61.1","point"
"2024-01-15 06:37:00 am","68.3","78.0","68.5","61.1","point"
"2024-01-15 06:38:00 am","68.3","77.9","68.5","61.1","point"
"2024-01-15 06:39:00 am","68.3","77.9","68.5","61.1","point"
"2024-01-15 06:40:00 am","68.3","78.0","68.5","61.1","point"
"2024-01-15 06:41:00 am","68.3","78.1","68.5","61.1","point"
"2024-01-15 06:42:00 am","68.3","78.0","68.5","61.2","point"
"2024-01-15 06:43:00 am","68.3","78.2","68.5","61.2","point"
"2024-01-15 06:44:00 am","68.2","78.1","68.5","61.1","point"
"2024-01-15 06:45:00 am","68.3","78.2","68.5","61.2","point"
"2024-01-15 06:46:00 am","68.3","78.2","68.5","61.2","point"
"2024-01-15 06:47:00 am","68.3","78.2","68.5","61.2","point"
"2024-01-15 06:48:00 am","68.3","78.2","68.5","61.2","point"
"2024-01-15 06:49:00 am","68.2","78.2","68.5","61.2","point"
"2024-01-15 06:50:00 am","68.3","78.2","68.5","61.2","point"
"2024-01-15 06:51:00 am","68.3","78.3","68.5","61.2","point"
"2024-01-15 06:52:00 am","68.2","78.3","68.5","61.2","point"
"2024-01-15 06:53:00 am","68.3","78.2","68.5","61.3","point"
"2024-01-15 06:54:00 am","68.2","78.2","68.5","61.2","point"
"2024-01-15 06:55:00 am","68.2","78.3","68.5","61.2","point"
"2024-01-15 06:56:00 am","68.3","78.4","68.5","61.3","point"
"2024-01-15 06:57:00 am","68.3","78.4","68.5","61.3","point"
"2024-01-15 06:58:00 am","68.3","78.4","68.5","61.3","point"
"2024-01-15 06:59:00 am","68.2","78.4","68.5","61.2","point"
"2024-01-15 07:00:00 am","68.2","78.4","68.5","61.2","point"
"2024-01-15 07:01:00 am","68.3","78.4","68.5","61.3","point"
"2024-01-15 07:02:00 am","68.3","78.4","68.5","61.3","point"
"2024-01-15 07:03:00 am","68.2","78.5","68.5","61.2","point"
"2024-01-15 07:04:00 am","68.3","78.4","68.5","61.4","point"
"2024-01-15 07:05:00 am","68.2","78.5","68.5","61.3","point"
"2024-01-15 07:06:00 am","68.2","78.6","68.5","61.3","point"
"2024-01-15 07:07:00 am","68.3","78.6","68.5","61.3","point"
"2024-01-15 07:08:00 am","68.2","78.6","68.5","61.3","point"
"2024-01-15 07:09:00 am","68.3","78.5","68.5","61.3","point"
"2024-01-15 07:10:00 am","68.3","78.6","68.5","61.4","point"
"2024-01-15 07:11:00 am","68.3","78.6","68.5","61.4","point"
"2024-01-15 07:12:00 am","68.2","78.5","68.5","61.3","point"
"2024-01-15 07:13:00 am","68.2","78.5","68.5","61.3","point"
"2024-01-15 07:14:00 am","68.3","78.6","68.5","61.4","point"
"2024-01-15 07:15:00 am","68.3","78.5","68.5","61.3","point"
"2024-01-15 07:16:00 am","68.3","78.2","68.5","61.3","point"
"2024-01-15 07:17:00 am","68.2","78.3","68.5","61.2","point"
"2024-01-15 07:18:00 am","68.3","78.1","68.5","61.2","point"
"2024-01-15 07:19:00 am","68.1","78.3","68.2","61.1","point"
"2024-01-15 07:20:00 am","68.1","78.2","68.2","61.0","point"
"2024-01-15 07:21:00 am","68.1","78.1","68.2","61.0","point"
"2024-01-15 07:22:00 am","68.0","78.0","68.2","60.9","point"
"2024-01-15 07:23:00 am","67.9","78.0","68.0","60.9","point"
"2024-01-15 07:24:00 am","67.9","78.1","68.0","60.9","point"
"2024-01-15 07:25:00 am","67.9","78.1","68.0","60.9","point"
"2024-01-15 07:26:00 am","67.9","78.1","68.0","60.8","point"
"2024-01-15 07:27:00 am","67.8","78.1","68.0","60.8","point"
"2024-01-15 07:28:00 am","67.9","78.2","68.0","60.9","point"
"2024-01-15 07:29:00 am","67.8","78.2","68.0","60.8","point"
"2024-01-15 07:30:00 am","67.9","78.2","68.0","60.8","point"
"2024-01-15 07:31:00 am","67.8","78.3","68.0","60.9","point"
"2024-01-15 07:32:00 am","67.8","78.2","68.0","60.8","point"
"2024-01-15 07:33:00 am","67.8","78.1","68.0","60.8","point"
"2024-01-15 07:34:00 am","67.7","78.1","67.8","60.7","point"
"2024-01-15 07:35:00 am","67.7","78.0","67.8","60.6","point"
"2024-01-15 07:36:00 am","67.7","78.2","67.8","60.7","point"
"2024-01-15 07:37:00 am","67.6","78.3","67.5","60.6","point"
"2024-01-15 07:38:00 am","67.6","78.3","67.5","60.6","point"
"2024-01-15 07:39:00 am","67.6","78.3","67.5","60.6","point"
"2024-01-15 07:40:00 am","67.6","78.3","67.5","60.5","point"
"2024-01-15 07:41:00 am","67.5","78.4","67.5","60.6","point"
"2024-01-15 07:42:00 am","67.6","78.6","67.5","60.7","point"
"2024-01-15 07:43:00 am","67.6","78.6","67.5","60.7","point"
"2024-01-15 07:44:00 am","67.5","78.7","67.5","60.6","point"
"2024-01-15 07:45:00 am","67.6","78.7","67.5","60.7","point"
"2024-01-15 07:46:00 am","67.5","78.8","67.6","60.7","point"
"2024-01-15 07:47:00 am","67.6","78.9","67.6","60.8","point"
"2024-01-15 07:48:00 am","67.7","79.0","68.0","60.9","point"
"2024-01-15 07:49:00 am","67.6","79.0","67.6","60.8","point"
"2024-01-15 07:50:00 am","67.5","79.1","67.6","60.8","point"
"2024-01-15 07:51:00 am","67.6","79.2","67.6","60.9","point"
"2024-01-15 07:52:00 am","67.7","79.3","68.0","61.1","point"
"2024-01-15 07:53:00 am","67.6","79.3","67.6","61.0","point"
"2024-01-15 07:54:00 am","67.7","79.3","68.0","61.0","point"
"2024-01-15 07:55:00 am","67.6","79.3","67.6","60.9","point"
"2024-01-15 07:56:00 am","67.6","79.4","67.6","61.0","point"
"2024-01-15 07:57:00 am","67.5","79.4","67.6","60.9","point"
"2024-01-15 07:58:00 am","67.5","79.4","67.6","60.9","point"
"2024-01-15 07:59:00 am","67.6","79.5","67.6","61.0","point"
"2024-01-15 08:00:00 am","67.6","79.6","67.6","61.1","point"
"2024-01-15 08:01:00 am","67.7","79.7","68.0","61.2","point"
"2024-01-15 08:02:00 am","67.7","79.7","68.0","61.2","point"
"2024-01-15 08:03:00 am","67.6","79.8","67.6","61.2","point"
"2024-01-15 08:04:00 am","67.7","79.9","68.0","61.3","point"
"2024-01-15 08:05:00 am","67.7","80.1","68.0","61.4","point"
"2024-01-15 08:06:00 am","67.8","80.0","68.2","61.5","point"
"2024-01-15 08:07:00 am","67.7","80.2","68.0","61.4","point"
"2024-01-15 08:08:00 am","67.9","80.1","68.2","61.5","point"
"2024-01-15 08:09:00 am","67.8","80.2","68.2","61.5","point"
"2024-01-15 08:10:00 am","67.8","80.4","68.2","61.6","point"
"2024-01-15 08:11:00 am","67.9","80.4","68.2","61.6","point"
"2024-01-15 08:12:00 am","68.0","80.5","68.4","61.8","point"
"2024-01-15 08:13:00 am","67.9","80.7","68.2","61.7","point"
"2024-01-15 08:14:00 am","67.9","80.5","68.2","61.7","point"
"2024-01-15 08:15:00 am","67.9","80.4","68.2","61.7","point"
"2024-01-15 08:16:00 am","68.0","80.6","68.4","61.8","point"
"2024-01-15 08:17:00 am","67.9","80.6","68.2","61.8","point"
"2024-01-15 08:18:00 am","68.0","80.6","68.2","61.8","point"
"2024-01-15 08:19:00 am","67.9","80.6","68.2","61.8","point"
"2024-01-15 08:20:00 am","68.0","80.8","68.4","61.8","point"
"2024-01-15 08:21:00 am","67.9","80.9","68.4","61.9","point"
"2024-01-15 08:22:00 am","68.0","80.8","68.5","61.9","point"
"2024-01-15 08:23:00 am","67.9","80.9","68.4","61.8","point"
"2024-01-15 08:24:00 am","68.0","80.9","68.5","61.9","point"
"2024-01-15 08:25:00 am","67.9","81.0","68.4","61.9","point"
"2024-01-15 08:26:00 am","68.0","81.0","68.5","62.0","point"
"2024-01-15 08:27:00 am","68.1","81.1","68.5","62.0","point"
"2024-01-15 08:28:00 am","67.9","81.0","68.4","61.9","point"
"2024-01-15 08:29:00 am","67.9","80.9","68.4","61.9","point"
"2024-01-15 08:30:00 am","68.0","80.9","68.4","61.9","point"
"2024-01-15 08:31:00 am","67.9","81.1","68.4","61.9","point"
"2024-01-15 08:32:00 am","68.0","81.1","68.5","62.0","point"
"2024-01-15 08:33:00 am","68.1","81.2","68.5","62.1","point"
"2024-01-15 08:34:00 am","68.1","81.4","68.5","62.2","point"
"2024-01-15 08:35:00 am","68.1","81.5","68.5","62.2","point"
"2024-01-15 08:36:00 am","68.2","81.5","68.7","62.3","point"
"2024-01-15 08:37:00 am","68.2","81.6","68.7","62.3","point"
"2024-01-15 08:38:00 am","68.1","81.6","68.5","62.3","point"
"2024-01-15 08:39:00 am","68.1","81.8","68.5","62.4","point"
"2024-01-15 08:40:00 am","68.1","81.7","68.5","62.3","point"
"2024-01-15 08:41:00 am","68.3","81.8","68.7","62.5","point"
"2024-01-15 08:42:00 am","68.2","81.6","68.7","62.3","point"
"2024-01-15 08:43:00 am","68.1","81.6","68.5","62.3","point"
"2024-01-15 08:44:00 am","68.1","81.8","68.5","62.3","point"
"2024-01-15 08:45:00 am","68.3","81.6","68.7","62.4","point"
"2024-01-15 08:46:00 am","68.3","82.2","68.7","62.6","point"
"2024-01-15 08:47:00 am","68.4","81.9","68.9","62.7","point"
"2024-01-15 08:48:00 am","68.4","81.9","68.9","62.7","point"
"2024-01-15 08:49:00 am","68.6","82.1","69.3","63.0","point"
"2024-01-15 08:50:00 am","68.6","82.0","69.3","62.9","point"
"2024-01-15 08:51:00 am","68.5","81.4","68.9","62.6","point"
"2024-01-15 09:00:00 am","71.1","74.2","72.0","62.5","point"
"2024-01-15 11:00:00 am","69.6","89.9","70.7","66.5","point"
"2024-01-15 01:00:00 pm","71.3","80.0","72.5","64.8","point"
"2024-01-15 03:00:00 pm","72.8","76.5","73.9","64.9","point"
"2024-01-15 05:00:00 pm","71.6","80.5","72.7","65.2","point"
"2024-01-15 07:00:00 pm","68.6","84.2","69.4","63.7","point"
"2024-01-15 09:00:00 pm","67.0","89.3","67.8","63.8","point"
"2024-01-15 11:00:00 pm","65.4","94.0","66.4","63.6","point"
"2024-01-16 01:00:00 am","64.8","92.3","65.5","62.5","point"
"2024-01-16 03:00:00 am","65.6","92.5","66.4","63.3","point"
"2024-01-16 05:00:00 am","64.5","87.6","64.6","60.7","point"
"2024-01-16 07:00:00 am","61.7","91.5","62.2","59.2","point"
"2024-01-16 09:00:00 am","63.8","93.4","64.4","61.8","point"
"2024-01-16 11:00:00 am","67.8","91.6","68.7","65.2","point"
"2024-01-16 01:00:00 pm","71.2","81.1","72.3","65.0","point"
"2024-01-16 03:00:00 pm","73.1","80.3","74.7","66.7","point"
"2024-01-16 05:00:00 pm","72.0","87.6","73.9","68.1","point"
"2024-01-16 07:00:00 pm","68.1","92.1","69.3","65.7","point"
"2024-01-16 09:00:00 pm","67.2","96.0","68.5","66.0","point"
"2024-01-16 11:00:00 pm","66.3","98.0","67.6","65.7","point"
"2024-01-17 01:00:00 am","65.4","98.3","66.7","64.9","point"
"2024-01-17 03:00:00 am","64.9","98.6","66.0","64.5","point"
"2024-01-17 05:00:00 am","64.2","98.6","65.3","63.8","point"
"2024-01-17 07:00:00 am","65.1","99.3","66.4","64.9","point"
"2024-01-17 09:00:00 am","65.7","99.1","67.1","65.5","point"
"2024-01-17 11:00:00 am","68.8","95.2","70.3","67.4","point"
"2024-01-17 01:00:00 pm","72.9","83.3","74.8","67.5","point"
"2024-01-17 03:00:00 pm","73.4","84.7","75.2","68.5","point"
"2024-01-17 05:00:00 pm","71.7","84.7","73.2","66.8","point"
"2024-01-17 07:00:00 pm","68.0","87.1","68.7","64.0","point"
"2024-01-17 09:00:00 pm","67.2","95.4","68.4","65.9","point"
"2024-01-17 11:00:00 pm","66.3","98.0","67.6","65.8","point"
"2024-01-18 01:00:00 am","66.0","98.5","67.3","65.5","point"
"2024-01-18 03:00:00 am","64.5","98.4","65.7","64.0","point"
"2024-01-18 05:00:00 am","64.3","98.5","65.5","63.9","point"
"2024-01-18 07:00:00 am","64.2","98.8","65.3","63.9","point"
"2024-01-18 09:00:00 am","66.1","98.1","67.5","65.5","point"
"2024-01-18 11:00:00 am","69.1","94.5","70.5","67.4","point"
"2024-01-18 01:00:00 pm","71.4","88.9","73.0","68.0","point"
"2024-01-18 03:00:00 pm","71.7","89.7","73.4","68.5","point"
"2024-01-18 05:00:00 pm","72.2","88.9","74.1","68.7","point"
"2024-01-18 07:00:00 pm","68.7","94.1","70.2","66.9","point"
"2024-01-18 09:00:00 pm","67.9","97.4","69.4","67.2","point"
"2024-01-18 11:00:00 pm","66.9","98.1","68.4","66.3","point"
"2024-01-19 01:00:00 am","66.8","98.8","68.4","66.5","point"
"2024-01-19 03:00:00 am","66.7","99.7","68.2","66.6","point"
"2024-01-19 05:00:00 am","65.7","99.1","67.1","65.4","point"
"2024-01-19 07:00:00 am","63.7","98.2","64.9","63.2","point"
"2024-01-19 09:00:00 am","66.1","100.0","67.6","66.0","point"
"2024-01-19 11:00:00 am","68.9","99.0","70.7","68.6","point"
"2024-01-19 01:00:00 pm","70.5","92.4","72.0","68.2","point"
"2024-01-19 03:00:00 pm","71.2","93.9","73.0","69.3","point"
"2024-01-19 05:00:00 pm","71.9","94.1","74.1","70.1","point"
"2024-01-19 07:00:00 pm","68.9","96.6","70.5","67.9","point"
"2024-01-19 09:00:00 pm","67.9","98.9","69.6","67.6","point"
"2024-01-19 11:00:00 pm","66.6","99.1","68.2","66.3","point"
"2024-01-20 01:00:00 am","66.0","98.0","67.3","65.4","point"
"2024-01-20 03:00:00 am","64.9","99.9","66.6","64.9","point"
"2024-01-20 05:00:00 am","63.5","99.5","64.8","63.3","point"
"2024-01-20 07:00:00 am","62.7","100.0","64.0","62.7","point"
"2024-01-20 09:00:00 am","65.0","100.0","66.6","65.0","point"
"2024-01-20 11:00:00 am","68.6","99.4","70.3","68.4","point"
"2024-01-20 01:00:00 pm","70.2","93.9","72.0","68.3","point"
"2024-01-20 03:00:00 pm","71.8","89.8","73.8","68.6","point"
"2024-01-20 05:00:00 pm","73.3","92.2","75.9","70.9","point"
"2024-01-20 07:00:00 pm","69.9","96.3","71.6","68.8","point"
"2024-01-20 09:00:00 pm","68.2","97.3","69.8","67.4","point"
"2024-01-20 11:00:00 pm","66.6","97.0","68.0","65.7","point"
"2024-01-21 01:00:00 am","66.5","97.8","68.0","65.8","point"
"2024-01-21 03:00:00 am","67.3","100.0","69.1","67.3","point"
"2024-01-21 05:00:00 am","65.7","100.0","67.3","65.7","point"
"2024-01-21 07:00:00 am","65.4","100.0","66.9","65.4","point"
"2024-01-21 09:00:00 am","66.1","100.0","67.6","66.0","point"
"2024-01-21 11:00:00 am","69.4","98.2","71.2","68.8","point"
"2024-01-21 01:00:00 pm","72.1","89.9","74.1","69.0","point"
"2024-01-21 03:00:00 pm","74.0","81.8","75.7","68.0","point"
"2024-01-21 05:00:00 pm","73.9","84.5","75.9","68.9","point"
"2024-01-21 07:00:00 pm","70.5","90.2","72.0","67.5","point"
"2024-01-21 09:00:00 pm","69.3","97.3","71.1","68.5","point"
"2024-01-21 11:00:00 pm","67.6","97.0","68.9","66.7","point"
"2024-01-22 01:00:00 am","67.4","99.1","68.9","67.1","point"
"2024-01-22 03:00:00 am","67.0","99.6","68.7","66.9","point"
"2024-01-22 05:00:00 am","65.4","99.7","66.9","65.3","point"
"2024-01-22 07:00:00 am","65.1","100.0","66.6","65.1","point"
"2024-01-22 09:00:00 am","66.5","100.0","68.0","66.5","point"
"2024-01-22 11:00:00 am","69.4","96.7","71.1","68.5","point"
"2024-01-22 01:00:00 pm","72.4","89.1","74.5","69.0","point"
"2024-01-22 03:00:00 pm","74.4","88.4","77.0","70.7","point"
"2024-01-22 05:00:00 pm","74.0","83.7","76.1","68.7","point"
"2024-01-22 07:00:00 pm","70.3","90.3","71.8","67.4","point"
"2024-01-22 09:00:00 pm","69.7","97.8","71.6","69.1","point"
"2024-01-22 11:00:00 pm","68.8","99.0","70.5","68.5","point"
"2024-01-23 01:00:00 am","67.3","99.1","68.9","67.0","point"
"2024-01-23 03:00:00 am","66.1","98.8","67.5","65.7","point"
"2024-01-23 05:00:00 am","65.5","99.4","67.1","65.4","point"
"2024-01-23 07:00:00 am","63.9","93.0","64.6","61.8","point"
"2024-01-23 09:00:00 am","66.5","97.5","67.8","65.8","point"
"2024-01-23 11:00:00 am","69.7","91.8","71.1","67.3","point"
"2024-01-23 01:00:00 pm","72.6","88.8","74.7","69.1","point"
"2024-01-23 03:00:00 pm","72.7","92.3","75.2","70.3","point"
"2024-01-23 05:00:00 pm","73.5","86.9","75.7","69.3","point"
"2024-01-23 07:00:00 pm","69.3","90.4","70.7","66.3","point"
"2024-01-23 09:00:00 pm","67.2","93.0","68.2","65.1","point"
"2024-01-23 11:00:00 pm","65.6","94.8","66.6","64.1","point"
"2024-01-24 01:00:00 am","64.5","96.5","65.5","63.4","point"
"2024-01-24 03:00:00 am","63.6","96.3","64.6","62.5","point"
"2024-01-24 05:00:00 am","62.1","91.3","62.6","59.5","point"
"2024-01-24 07:00:00 am","60.5","95.2","61.3","59.1","point"
"2024-01-24 09:00:00 am","64.1","92.4","64.8","61.8","point"
"2024-01-24 11:00:00 am","68.2","87.5","69.1","64.3","point"
"2024-01-24 01:00:00 pm","72.6","73.9","73.6","63.8","point"
"2024-01-24 03:00:00 pm","73.7","70.3","74.5","63.4","point"
"2024-01-24 05:00:00 pm","71.5","78.6","72.5","64.5","point"
"2024-01-24 07:00:00 pm","67.6","86.2","68.2","63.3","point"
"2024-01-24 09:00:00 pm","65.6","91.9","66.4","63.2","point"
"2024-01-24 11:00:00 pm","63.2","89.4","63.5","60.1","point"
"2024-01-25 01:00:00 am","62.9","84.2","62.8","58.0","point"
"2024-01-25 03:00:00 am","63.1","75.4","62.2","55.2","point"
"2024-01-25 05:00:00 am","62.9","83.2","62.8","57.7","point"
"2024-01-25 07:00:00 am","63.1","83.4","63.0","57.9","point"
"2024-01-25 09:00:00 am","64.8","89.5","65.1","61.6","point"
"2024-01-25 11:00:00 am","68.7","86.8","69.6","64.6","point"
"2024-01-25 01:00:00 pm","69.7","84.3","70.7","64.8","point"
"2024-01-25 03:00:00 pm","71.5","84.9","73.0","66.7","point"
"2024-01-25 05:00:00 pm","71.3","85.9","72.7","66.8","point"
"2024-01-25 07:00:00 pm","67.4","88.9","68.2","64.0","point"
"2024-01-25 09:00:00 pm","66.5","96.0","67.8","65.3","point"
"2024-01-25 11:00:00 pm","64.9","97.7","66.0","64.2","point"
"2024-01-26 01:00:00 am","65.3","96.0","66.6","64.1","point"
"2024-01-26 03:00:00 am","64.4","96.7","65.5","63.4","point"
"2024-01-26 05:00:00 am","63.7","97.0","64.8","62.8","point"
"2024-01-26 07:00:00 am","62.0","97.6","63.1","61.4","point"
"2024-01-26 09:00:00 am","64.1","97.9","65.3","63.5","point"
"2024-01-26 11:00:00 am","67.3","94.9","68.7","65.8","point"
"2024-01-26 01:00:00 pm","70.8","82.8","72.1","65.3","point"
"2024-01-26 03:00:00 pm","71.6","75.8","72.7","63.6","point"
"2024-01-26 05:00:00 pm","71.7","70.9","72.3","61.7","point"
"2024-01-26 07:00:00 pm","69.6","83.3","70.5","64.3","point"
"2024-01-26 09:00:00 pm","67.0","91.4","68.0","64.4","point"
"2024-01-26 11:00:00 pm","66.0","91.6","66.6","63.4","point"
"2024-01-27 01:00:00 am","62.8","81.5","62.4","57.0","point"
"2024-01-27 03:00:00 am","60.0","80.6","59.5","54.1","point"
"2024-01-27 05:00:00 am","58.9","90.0","59.4","56.0","point"
"2024-01-27 07:00:00 am","58.9","93.5","59.5","57.0","point"
"2024-01-27 09:00:00 am","62.4","97.0","63.3","61.5","point"
"2024-01-27 11:00:00 am","67.9","81.3","68.4","62.0","point"
"2024-01-27 01:00:00 pm","70.6","76.7","71.4","62.9","point"
"2024-01-27 03:00:00 pm","71.9","69.8","72.5","61.5","point"
"2024-01-27 05:00:00 pm","71.4","68.9","71.8","60.6","point"
"2024-01-27 07:00:00 pm","67.6","71.6","67.1","58.1","point"
"2024-01-27 09:00:00 pm","65.8","71.2","64.6","56.2","point"
"2024-01-27 11:00:00 pm","64.6","72.9","63.3","55.7","point"
"2024-01-28 01:00:00 am","61.8","81.0","61.5","55.9","point"
"2024-01-28 03:00:00 am","60.0","87.6","60.1","56.3","point"
"2024-01-28 05:00:00 am","59.4","92.6","60.1","57.2","point"
"2024-01-28 07:00:00 am","59.7","96.6","60.4","58.7","point"
"2024-01-28 09:00:00 am","62.8","97.7","64.0","62.1","point"
"2024-01-28 11:00:00 am","67.0","82.5","67.1","61.5","point"
"2024-01-28 01:00:00 pm","69.8","80.1","70.7","63.4","point"
"2024-01-28 03:00:00 pm","71.7","72.6","72.5","62.4","point"
"2024-01-28 05:00:00 pm","71.8","71.6","72.5","62.2","point"
"2024-01-28 07:00:00 pm","68.9","78.9","69.6","62.1","point"
"2024-01-28 09:00:00 pm","65.9","85.0","66.2","61.3","point"
"2024-01-28 11:00:00 pm","64.2","91.3","64.6","61.6","point"
"2024-01-29 01:00:00 am","64.7","87.3","64.8","60.9","point"
"2024-01-29 03:00:00 am","63.0","84.0","63.0","58.0","point"
"2024-01-29 05:00:00 am","60.9","87.1","61.0","57.0","point"
"2024-01-29 07:00:00 am","59.8","91.6","60.3","57.3","point"
"2024-01-29 09:00:00 am","62.5","94.3","63.3","60.9","point"
"2024-01-29 11:00:00 am","67.0","92.8","68.0","64.9","point"
"2024-01-29 01:00:00 pm","69.8","82.8","70.7","64.3","point"
"2024-01-29 03:00:00 pm","72.1","73.6","72.9","63.2","point"
"2024-01-29 05:00:00 pm","72.1","79.9","73.4","65.6","point"
"2024-01-29 07:00:00 pm","68.7","83.4","69.4","63.4","point"
"2024-01-29 09:00:00 pm","65.7","88.9","66.2","62.3","point"
"2024-01-29 11:00:00 pm","64.8","91.7","65.3","62.3","point"
"2024-01-30 01:00:00 am","63.3","77.7","62.8","56.3","point"
"2024-01-30 03:00:00 am","63.7","72.1","62.4","54.5","point"
"2024-01-30 05:00:00 am","62.3","77.3","61.7","55.1","point"
"2024-01-30 07:00:00 am","59.1","87.7","59.2","55.4","point"
"2024-01-30 09:00:00 am","61.6","92.6","62.2","59.4","point"
"2024-01-30 11:00:00 am","67.5","88.8","68.4","64.1","point"
"2024-01-30 01:00:00 pm","71.6","74.9","72.3","63.2","point"
"2024-01-30 03:00:00 pm","74.5","72.0","75.6","64.9","point"
"2024-01-30 05:00:00 pm","71.9","74.1","72.7","63.2","point"
"2024-01-30 07:00:00 pm","67.6","75.9","67.5","59.8","point"
"2024-01-30 09:00:00 pm","67.2","90.4","68.2","64.3","point"
"2024-01-30 11:00:00 pm","65.1","90.6","65.8","62.3","point"
"2024-01-31 01:00:00 am","65.0","81.3","64.8","59.1","point"
"2024-01-31 03:00:00 am","62.1","90.1","62.6","59.2","point"
"2024-01-31 05:00:00 am","62.4","89.1","62.6","59.1","point"
"2024-01-31 07:00:00 am","63.2","87.9","63.3","59.5","point"
"2024-01-31 09:00:00 am","64.8","91.9","65.5","62.4","point"
"2024-01-31 11:00:00 am","68.5","78.4","68.7","61.5","point"
"2024-01-31 01:00:00 pm","72.6","70.8","73.2","62.5","point"
"2024-01-31 03:00:00 pm","73.9","63.7","74.1","60.8","point"
"2024-01-31 05:00:00 pm","72.6","70.2","73.2","62.3","point"
"2024-01-31 07:00:00 pm","67.7","77.1","67.8","60.3","point"
"2024-01-31 09:00:00 pm","65.4","80.0","64.9","59.1","point"
"2024-01-31 11:00:00 pm","64.9","91.8","65.3","62.4","point"
"2024-02-01 01:00:00 am","63.9","93.7","64.6","62.0","point"
"2024-02-01 03:00:00 am","64.1","96.1","65.1","62.9","point"
"2024-02-01 05:00:00 am","63.3","95.0","64.0","61.8","point"
"2024-02-01 07:00:00 am","61.6","86.8","61.7","57.6","point"
"2024-02-01 09:00:00 am","64.3","83.0","64.2","59.1","point"
"2024-02-01 11:00:00 am","69.4","75.2","69.8","61.2","point"
"2024-02-01 01:00:00 pm","72.6","68.1","73.0","61.5","point"
"2024-02-01 03:00:00 pm","74.1","73.0","75.0","64.9","point"
"2024-02-01 05:00:00 pm","72.3","75.6","73.4","64.2","point"
"2024-02-01 07:00:00 pm","68.3","85.4","68.9","63.7","point"
"2024-02-01 09:00:00 pm","66.1","92.0","66.9","63.7","point"
"2024-02-01 11:00:00 pm","66.2","93.7","67.3","64.3","point"
"2024-02-02 01:00:00 am","65.1","96.0","66.4","64.0","point"
"2024-02-02 03:00:00 am","65.4","94.6","66.4","63.8","point"
"2024-02-02 05:00:00 am","63.1","91.3","63.5","60.5","point"
"2024-02-02 07:00:00 am","62.5","95.6","63.3","61.3","point"
"2024-02-02 09:00:00 am","64.1","94.2","64.9","62.4","point"
"2024-02-02 11:00:00 am","68.8","88.0","69.8","65.1","point"
"2024-02-02 01:00:00 pm","73.6","75.3","75.0","65.3","point"
"2024-02-02 03:00:00 pm","75.1","71.4","76.1","65.1","point"
"2024-02-02 05:00:00 pm","73.2","73.0","74.1","64.0","point"
"2024-02-02 07:00:00 pm","69.3","83.9","70.3","64.2","point"
"2024-02-02 09:00:00 pm","66.7","94.1","67.8","64.9","point"
"2024-02-02 11:00:00 pm","65.1","94.3","66.0","63.4","point"
"2024-02-03 01:00:00 am","65.1","93.6","65.8","63.2","point"
"2024-02-03 03:00:00 am","66.6","87.0","67.1","62.6","point"
"2024-02-03 05:00:00 am","64.2","81.3","63.9","58.4","point"
"2024-02-03 07:00:00 am","62.3","89.6","62.6","59.2","point"
"2024-02-03 09:00:00 am","64.5","94.5","65.3","62.9","point"
"2024-02-03 11:00:00 am","69.9","90.1","71.4","66.9","point"
"2024-02-03 01:00:00 pm","73.1","83.9","75.0","68.0","point"
"2024-02-03 03:00:00 pm","74.2","81.6","76.1","68.2","point"
"2024-02-03 05:00:00 pm","74.0","83.9","76.1","68.8","point"
"2024-02-03 07:00:00 pm","71.0","88.3","72.5","67.3","point"
"2024-02-03 09:00:00 pm","68.4","93.5","69.6","66.4","point"
"2024-02-03 11:00:00 pm","68.2","92.4","69.4","65.9","point"
"2024-02-04 01:00:00 am","67.5","93.4","68.7","65.6","point"
"2024-02-04 03:00:00 am","67.1","95.2","68.4","65.7","point"
"2024-02-04 05:00:00 am","66.1","95.9","67.3","64.9","point"
"2024-02-04 07:00:00 am","65.2","94.8","66.2","63.7","point"
"2024-02-04 09:00:00 am","66.5","96.4","67.8","65.4","point"
"2024-02-04 11:00:00 am","70.3","92.3","71.8","68.0","point"
"2024-02-04 01:00:00 pm","71.7","85.7","73.2","67.2","point"
"2024-02-04 03:00:00 pm","74.7","75.0","76.1","66.3","point"
"2024-02-04 05:00:00 pm","74.9","78.8","76.6","67.9","point"
"2024-02-04 07:00:00 pm","71.2","89.7","72.7","68.0","point"
"2024-02-04 09:00:00 pm","69.1","96.3","70.7","68.0","point"
"2024-02-04 11:00:00 pm","67.0","96.3","68.4","65.9","point"
"2024-02-05 01:00:00 am","66.4","98.0","68.0","65.8","point"
"2024-02-05 03:00:00 am","64.2","93.3","64.8","62.2","point"
"2024-02-05 05:00:00 am","61.1","91.6","61.5","58.7","point"
"2024-02-05 07:00:00 am","60.4","90.2","61.0","57.5","point"
"2024-02-05 09:00:00 am","63.3","93.3","63.9","61.3","point"
"2024-02-05 11:00:00 am","68.1","91.5","69.3","65.5","point"
"2024-02-05 01:00:00 pm","73.3","72.7","74.3","64.0","point"
"2024-02-05 03:00:00 pm","75.3","62.7","75.4","61.7","point"
"2024-02-05 05:00:00 pm","75.0","62.4","75.0","61.3","point"
"2024-02-05 07:00:00 pm","72.2","77.2","73.4","64.6","point"
"2024-02-05 09:00:00 pm","69.3","91.0","70.7","66.6","point"
"2024-02-05 11:00:00 pm","69.0","96.2","70.5","67.8","point"
"2024-02-06 01:00:00 am","66.8","96.1","68.2","65.7","point"
"2024-02-06 03:00:00 am","65.3","96.8","66.4","64.3","point"
"2024-02-06 05:00:00 am","61.7","91.6","62.1","59.2","point"
"2024-02-06 07:00:00 am","60.4","93.7","61.2","58.6","point"
"2024-02-06 09:00:00 am","63.1","95.8","64.0","61.9","point"
"2024-02-06 11:00:00 am","68.9","87.5","70.0","65.0","point"
"2024-02-06 01:00:00 pm","73.9","68.6","74.5","62.9","point"
"2024-02-06 03:00:00 pm","76.2","55.3","75.6","59.0","point"
"2024-02-06 05:00:00 pm","76.3","53.0","75.4","57.9","point"
"2024-02-06 07:00:00 pm","73.6","69.2","74.5","62.9","point"
"2024-02-06 09:00:00 pm","70.9","87.4","72.5","66.9","point"
"2024-02-06 11:00:00 pm","67.9","90.8","69.1","65.1","point"
"2024-02-07 01:00:00 am","66.2","79.4","66.0","59.6","point"
"2024-02-07 03:00:00 am","63.5","78.8","63.0","56.8","point"
"2024-02-07 05:00:00 am","62.3","82.1","62.1","56.8","point"
"2024-02-07 07:00:00 am","61.7","89.3","62.1","58.5","point"
"2024-02-07 09:00:00 am","64.6","91.4","65.1","62.0","point"
"2024-02-07 11:00:00 am","70.2","75.7","71.1","62.1","point"
"2024-02-07 01:00:00 pm","75.2","59.0","75.0","59.9","point"
"2024-02-07 03:00:00 pm","77.8","51.5","77.0","58.5","point"
"2024-02-07 05:00:00 pm","77.5","62.6","77.9","63.7","point"
"2024-02-07 07:00:00 pm","72.9","73.6","73.9","64.0","point"
"2024-02-07 09:00:00 pm","70.8","90.4","72.5","67.8","point"
"2024-02-07 11:00:00 pm","68.6","85.8","69.4","64.2","point"
"2024-02-08 01:00:00 am","67.2","85.0","67.6","62.6","point"
"2024-02-08 03:00:00 am","65.4","82.5","65.3","59.9","point"
"2024-02-08 05:00:00 am","62.9","78.3","62.2","56.0","point"
"2024-02-08 07:00:00 am","62.3","76.5","61.5","54.9","point"
"2024-02-08 09:00:00 am","65.4","81.0","65.1","59.4","point"
"2024-02-08 11:00:00 am","70.1","73.9","70.5","61.4","point"
"2024-02-08 01:00:00 pm","75.5","60.0","75.4","60.7","point"
"2024-02-08 03:00:00 pm","78.2","64.7","79.5","65.4","point"
"2024-02-08 05:00:00 pm","76.0","75.8","77.5","67.8","point"
"2024-02-08 07:00:00 pm","72.1","79.2","73.4","65.3","point"
"2024-02-08 09:00:00 pm","70.0","88.6","71.4","66.5","point"
"2024-02-08 11:00:00 pm","67.6","89.8","68.4","64.5","point"
"2024-02-09 01:00:00 am","67.6","83.4","68.0","62.4","point"
"2024-02-09 03:00:00 am","65.9","82.2","65.8","60.3","point"
"2024-02-09 05:00:00 am","64.6","85.2","64.4","60.0","point"
"2024-02-09 07:00:00 am","63.6","84.4","63.5","58.8","point"
"2024-02-09 09:00:00 am","66.8","85.7","67.3","62.3","point"
"2024-02-09 11:00:00 am","71.3","74.5","72.1","62.7","point"
"2024-02-09 01:00:00 pm","75.7","69.6","76.5","65.1","point"
"2024-02-09 03:00:00 pm","77.4","56.2","77.2","60.6","point"
"2024-02-09 05:00:00 pm","76.6","74.1","78.3","67.8","point"
"2024-02-09 07:00:00 pm","72.4","83.8","74.1","67.2","point"
"2024-02-09 09:00:00 pm","71.2","94.0","73.0","69.3","point"
"2024-02-09 11:00:00 pm","70.0","96.4","71.8","69.0","point"
"2024-02-10 01:00:00 am","67.3","96.8","68.7","66.3","point"
"2024-02-10 03:00:00 am","64.2","90.7","64.8","61.5","point"
"2024-02-10 05:00:00 am","63.2","90.9","63.7","60.5","point"
"2024-02-10 07:00:00 am","62.2","92.3","62.8","60.0","point"
"2024-02-10 09:00:00 am","64.1","94.1","64.9","62.3","point"
"2024-02-10 11:00:00 am","69.2","89.2","70.3","65.9","point"
"2024-02-10 01:00:00 pm","74.0","75.2","75.4","65.6","point"
"2024-02-10 03:00:00 pm","75.7","58.4","75.4","60.1","point"
"2024-02-10 05:00:00 pm","76.5","70.9","77.7","66.3","point"
"2024-02-10 07:00:00 pm","72.1","88.0","73.9","68.4","point"
"2024-02-10 09:00:00 pm","70.0","94.7","71.8","68.4","point"
"2024-02-10 11:00:00 pm","67.7","94.9","69.1","66.2","point"
"2024-02-11 01:00:00 am","65.9","96.6","67.1","64.9","point"
"2024-02-11 03:00:00 am","66.0","96.9","67.1","65.1","point"
"2024-02-11 05:00:00 am","62.6","96.4","63.7","61.6","point"
"2024-02-11 07:00:00 am","61.1","97.4","62.1","60.3","point"
"2024-02-11 09:00:00 am","64.5","96.9","65.5","63.6","point"
"2024-02-11 11:00:00 am","68.9","90.5","70.0","65.9","point"
"2024-02-11 01:00:00 pm","72.8","77.4","73.9","65.3","point"
"2024-02-11 03:00:00 pm","74.8","63.3","75.0","61.5","point"
"2024-02-11 05:00:00 pm","74.2","56.6","73.6","57.8","point"
"2024-02-11 07:00:00 pm","72.0","67.2","72.5","60.5","point"
"2024-02-11 09:00:00 pm","68.1","80.1","68.4","61.8","point"
"2024-02-11 11:00:00 pm","66.7","89.9","67.3","63.6","point"
"2024-02-12 01:00:00 am","65.0","79.7","64.6","58.6","point"
"2024-02-12 03:00:00 am","62.9","83.2","62.8","57.7","point"
"2024-02-12 05:00:00 am","61.6","88.7","61.9","58.2","point"
"2024-02-12 07:00:00 am","62.0","89.5","62.2","58.9","point"
"2024-02-12 09:00:00 am","63.5","88.8","63.9","60.2","point"
"2024-02-12 11:00:00 am","68.1","71.6","67.8","58.6","point"
"2024-02-12 01:00:00 pm","73.1","61.2","73.0","59.0","point"
"2024-02-12 03:00:00 pm","76.1","45.0","74.5","53.3","point"
"2024-02-12 05:00:00 pm","75.4","44.1","73.6","52.0","point"
"2024-02-12 07:00:00 pm","70.8","47.5","69.8","49.9","point"
"2024-02-12 09:00:00 pm","68.5","85.2","69.3","63.9","point"
"2024-02-12 11:00:00 pm","66.8","87.6","67.5","63.0","point"
"2024-02-13 01:00:00 am","65.3","86.7","65.7","61.3","point"
"2024-02-13 03:00:00 am","62.8","84.5","62.8","58.0","point"
"2024-02-13 05:00:00 am","60.4","81.7","60.1","54.7","point"
"2024-02-13 07:00:00 am","58.8","87.2","58.8","55.0","point"
"2024-02-13 09:00:00 am","62.4","91.6","62.8","59.9","point"
"2024-02-13 11:00:00 am","67.9","86.0","68.5","63.6","point"
"2024-02-13 01:00:00 pm","72.8","59.6","72.5","58.0","point"
"2024-02-13 03:00:00 pm","76.2","46.7","74.7","54.4","point"
"2024-02-13 05:00:00 pm","76.0","60.2","75.9","61.2","point"
"2024-02-13 07:00:00 pm","70.8","66.4","71.2","59.1","point"
"2024-02-13 09:00:00 pm","68.0","87.1","68.9","64.0","point"
"2024-02-13 11:00:00 pm","65.6","91.3","66.2","63.0","point"
"2024-02-14 01:00:00 am","65.8","91.8","66.4","63.3","point"
"2024-02-14 03:00:00 am","65.1","87.6","65.3","61.3","point"
"2024-02-14 05:00:00 am","63.5","90.0","63.9","60.5","point"
"2024-02-14 07:00:00 am","61.6","93.0","62.2","59.5","point"
"2024-02-14 09:00:00 am","64.7","94.4","65.5","63.0","point"
"2024-02-14 11:00:00 am","69.8","89.3","70.9","66.5","point"
"2024-02-14 01:00:00 pm","74.3","72.9","75.4","65.1","point"
"2024-02-14 03:00:00 pm","76.5","56.7","75.9","60.0","point"
"2024-02-14 05:00:00 pm","75.7","50.7","74.5","56.1","point"
"2024-02-14 07:00:00 pm","72.3","75.8","73.4","64.2","point"
"2024-02-14 09:00:00 pm","69.7","92.9","71.2","67.6","point"
"2024-02-14 11:00:00 pm","68.5","93.4","69.6","66.5","point"
"2024-02-15 01:00:00 am","66.7","92.5","67.6","64.4","point"
"2024-02-15 03:00:00 am","65.4","93.7","66.2","63.6","point"
"2024-02-15 05:00:00 am","64.1","94.1","64.9","62.3","point"
"2024-02-15 07:00:00 am","62.2","96.9","63.1","61.3","point"
"2024-02-15 09:00:00 am","64.6","95.8","65.7","63.4","point"
"2024-02-15 11:00:00 am","69.6","89.6","70.9","66.4","point"
"2024-02-15 01:00:00 pm","73.3","75.8","74.5","65.3","point"
"2024-02-15 03:00:00 pm","75.2","61.0","75.0","60.8","point"
"2024-02-15 05:00:00 pm","74.1","56.6","73.4","57.7","point"
"2024-02-15 07:00:00 pm","72.3","71.6","72.9","62.6","point"
"2024-02-15 09:00:00 pm","68.2","83.0","68.9","62.8","point"
"2024-02-15 11:00:00 pm","67.1","90.1","68.2","64.1","point"
"2024-02-16 01:00:00 am","64.5","88.8","64.8","61.1","point"
"2024-02-16 03:00:00 am","62.3","85.4","62.2","57.9","point"
"2024-02-16 05:00:00 am","62.5","88.8","62.8","59.1","point"
"2024-02-16 07:00:00 am","61.9","90.0","62.2","58.9","point"
"2024-02-16 09:00:00 am","64.3","85.8","64.2","59.9","point"
"2024-02-16 11:00:00 am","68.4","80.5","68.9","62.1","point"
"2024-02-16 01:00:00 pm","73.8","64.7","74.1","61.2","point"
"2024-02-16 03:00:00 pm","76.4","52.0","75.4","57.4","point"
"2024-02-16 05:00:00 pm","76.1","49.0","74.8","55.6","point"
"2024-02-16 07:00:00 pm","72.8","63.7","73.0","59.8","point"
"2024-02-16 09:00:00 pm","68.8","81.3","69.4","62.8","point"
"2024-02-16 11:00:00 pm","67.7","92.7","68.9","65.6","point"
"2024-02-17 01:00:00 am","66.7","93.6","67.6","64.7","point"
"2024-02-17 03:00:00 am","64.0","92.1","64.6","61.6","point"
"2024-02-17 05:00:00 am","61.4","94.7","62.2","59.9","point"
"2024-02-17 07:00:00 am","61.4","97.3","62.4","60.6","point"
"2024-02-17 09:00:00 am","65.1","94.8","66.2","63.6","point"
"2024-02-17 11:00:00 am","69.4","88.1","70.5","65.8","point"
"2024-02-17 01:00:00 pm","74.2","72.5","75.2","64.8","point"
"2024-02-17 03:00:00 pm","77.3","60.6","77.5","62.6","point"
"2024-02-17 05:00:00 pm","76.5","73.6","78.1","67.4","point"
"2024-02-17 07:00:00 pm","73.0","78.4","74.3","65.9","point"
"2024-02-17 09:00:00 pm","69.6","91.7","70.9","67.1","point"
"2024-02-17 11:00:00 pm","67.7","94.9","69.1","66.2","point"
"2024-02-18 01:00:00 am","67.2","95.4","68.4","65.9","point"
"2024-02-18 03:00:00 am","65.3","93.9","66.4","63.5","point"
"2024-02-18 05:00:00 am","65.4","96.6","66.6","64.4","point"
"2024-02-18 07:00:00 am","63.7","95.5","64.6","62.4","point"
"2024-02-18 09:00:00 am","65.9","96.4","67.1","64.9","point"
"2024-02-18 11:00:00 am","71.4","85.7","72.7","66.9","point"
"2024-02-18 01:00:00 pm","74.3","79.6","75.9","67.6","point"
"2024-02-18 03:00:00 pm","76.9","74.5","78.6","68.2","point"
"2024-02-18 05:00:00 pm","76.0","78.6","77.9","68.8","point"
"2024-02-18 07:00:00 pm","72.3","84.6","73.9","67.4","point"
"2024-02-18 09:00:00 pm","70.4","92.3","72.0","68.1","point"
"2024-02-18 11:00:00 pm","68.7","95.3","70.3","67.4","point"
"2024-02-19 01:00:00 am","67.7","94.4","69.1","66.0","point"
"2024-02-19 03:00:00 am","67.8","98.6","69.6","67.4","point"
"2024-02-19 05:00:00 am","65.1","97.0","66.2","64.2","point"
"2024-02-19 07:00:00 am","64.6","99.3","65.8","64.4","point"
"2024-02-19 09:00:00 am","65.6","98.2","66.9","65.1","point"
"2024-02-19 11:00:00 am","69.9","93.6","71.4","68.0","point"
"2024-02-19 01:00:00 pm","74.7","78.6","76.5","67.6","point"
"2024-02-19 03:00:00 pm","73.8","82.2","75.7","68.0","point"
"2024-02-19 05:00:00 pm","75.3","77.7","76.8","67.8","point"
"2024-02-19 07:00:00 pm","71.9","82.9","73.4","66.4","point"
"2024-02-19 09:00:00 pm","70.7","93.9","72.3","68.8","point"
"2024-02-19 11:00:00 pm","68.3","95.1","69.6","66.9","point"
"2024-02-20 01:00:00 am","68.1","93.9","69.4","66.3","point"
"2024-02-20 03:00:00 am","66.7","95.5","67.8","65.3","point"
"2024-02-20 05:00:00 am","65.3","96.8","66.6","64.4","point"
"2024-02-20 07:00:00 am","65.3","98.4","66.7","64.9","point"
"2024-02-20 09:00:00 am","67.1","99.4","68.9","66.9","point"
"2024-02-20 11:00:00 am","70.8","94.8","72.7","69.2","point"
"2024-02-20 01:00:00 pm","74.5","77.2","76.1","66.9","point"
"2024-02-20 03:00:00 pm","75.5","85.7","78.1","70.9","point"
"2024-02-20 05:00:00 pm","75.9","81.7","78.3","69.9","point"
"2024-02-20 07:00:00 pm","72.4","87.7","74.3","68.5","point"
"2024-02-20 09:00:00 pm","71.1","95.4","73.0","69.7","point"
"2024-02-20 11:00:00 pm","69.9","96.7","71.6","68.9","point"
"2024-02-21 01:00:00 am","68.6","98.4","70.3","68.1","point"
"2024-02-21 03:00:00 am","68.1","99.5","69.8","67.9","point"
"2024-02-21 05:00:00 am","67.3","99.1","68.9","67.0","point"
"2024-02-21 07:00:00 am","66.8","99.3","68.4","66.6","point"
"2024-02-21 09:00:00 am","68.2","99.0","70.0","67.9","point"
"2024-02-21 11:00:00 am","70.9","90.2","72.7","67.9","point"
"2024-02-21 01:00:00 pm","74.2","80.3","75.9","67.7","point"
"2024-02-21 03:00:00 pm","77.5","80.1","80.6","70.9","point"
"2024-02-21 05:00:00 pm","76.0","83.1","78.4","70.5","point"
"2024-02-21 07:00:00 pm","72.1","89.1","73.9","68.7","point"
"2024-02-21 09:00:00 pm","68.1","93.8","69.4","66.2","point"
"2024-02-21 11:00:00 pm","66.8","95.0","68.0","65.3","point"
"2024-02-22 01:00:00 am","65.3","97.5","66.6","64.5","point"
"2024-02-22 03:00:00 am","64.2","97.4","65.3","63.5","point"
"2024-02-22 05:00:00 am","64.0","97.9","65.1","63.3","point"
"2024-02-22 07:00:00 am","64.3","98.9","65.5","64.0","point"
"2024-02-22 09:00:00 am","65.4","98.9","66.7","65.1","point"
"2024-02-22 11:00:00 am","69.1","78.3","69.4","62.0","point"
"2024-02-22 01:00:00 pm","74.2","62.1","74.3","60.4","point"
"2024-02-22 03:00:00 pm","77.1","66.8","77.9","65.2","point"
"2024-02-22 05:00:00 pm","74.6","71.5","75.4","64.8","point"
"2024-02-22 07:00:00 pm","71.2","78.1","72.1","64.0","point"
"2024-02-22 09:00:00 pm","68.6","91.5","69.8","66.1","point"
"2024-02-22 11:00:00 pm","66.1","93.8","66.9","64.2","point"
"2024-02-23 01:00:00 am","64.2","94.1","64.9","62.4","point"
"2024-02-23 03:00:00 am","63.5","90.1","64.0","60.5","point"
"2024-02-23 05:00:00 am","62.2","78.2","61.5","55.4","point"
"2024-02-23 07:00:00 am","60.8","83.8","60.8","55.9","point"
"2024-02-23 09:00:00 am","66.1","69.9","65.1","56.0","point"
"2024-02-23 11:00:00 am","71.1","66.0","71.4","59.1","point"
"2024-02-23 01:00:00 pm","75.3","68.6","75.9","64.2","point"
"2024-02-23 03:00:00 pm","77.1","55.9","76.6","60.2","point"
"2024-02-23 05:00:00 pm","75.0","68.3","75.6","63.8","point"
"2024-02-23 07:00:00 pm","70.3","71.4","70.7","60.6","point"
"2024-02-23 09:00:00 pm","68.6","88.5","69.6","65.1","point"
"2024-02-23 11:00:00 pm","66.2","94.7","67.1","64.6","point"
"2024-02-24 01:00:00 am","64.8","95.1","65.7","63.4","point"
"2024-02-24 03:00:00 am","64.5","87.7","64.6","60.8","point"
"2024-02-24 05:00:00 am","64.1","87.6","64.2","60.3","point"
"2024-02-24 07:00:00 am","61.5","88.1","61.5","57.9","point"
"2024-02-24 09:00:00 am","66.5","86.9","66.9","62.5","point"
"2024-02-24 11:00:00 am","71.3","76.4","72.3","63.5","point"
"2024-02-24 01:00:00 pm","74.9","59.4","74.7","59.7","point"
"2024-02-24 03:00:00 pm","76.2","57.1","75.7","60.0","point"
"2024-02-24 05:00:00 pm","74.4","66.2","74.8","62.4","point"
"2024-02-24 07:00:00 pm","70.9","84.5","72.3","66.0","point"
"2024-02-24 09:00:00 pm","67.3","92.7","68.5","65.1","point"
"2024-02-24 11:00:00 pm","66.1","95.7","67.3","64.9","point"
"2024-02-25 01:00:00 am","64.2","93.0","64.8","62.1","point"
"2024-02-25 03:00:00 am","64.8","78.3","64.2","57.9","point"
"2024-02-25 05:00:00 am","64.0","80.6","63.5","57.9","point"
"2024-02-25 07:00:00 am","64.6","85.8","64.6","60.2","point"
"2024-02-25 09:00:00 am","66.5","89.6","67.1","63.4","point"
"2024-02-25 11:00:00 am","71.1","90.5","72.9","68.1","point"
"2024-02-25 01:00:00 pm","74.7","83.7","77.0","69.4","point"
"2024-02-25 03:00:00 pm","76.8","82.2","79.9","71.0","point"
"2024-02-25 05:00:00 pm","76.2","83.3","78.8","70.8","point"
"2024-02-25 07:00:00 pm","72.0","87.3","73.9","68.0","point"
"2024-02-25 09:00:00 pm","68.6","90.9","69.8","65.9","point"
"2024-02-25 11:00:00 pm","66.8","94.4","68.0","65.2","point"
"2024-02-26 01:00:00 am","67.3","96.6","68.7","66.3","point"
"2024-02-26 03:00:00 am","66.9","94.4","68.0","65.2","point"
"2024-02-26 05:00:00 am","65.1","95.9","66.2","63.9","point"
"2024-02-26 07:00:00 am","63.9","97.7","65.1","63.2","point"
"2024-02-26 09:00:00 am","66.0","96.0","67.1","64.8","point"
"2024-02-26 11:00:00 am","69.9","87.7","71.1","66.1","point"
"2024-02-26 01:00:00 pm","73.9","78.8","75.4","66.8","point"
"2024-02-26 03:00:00 pm","76.5","67.5","77.4","64.9","point"
"2024-02-26 05:00:00 pm","75.9","58.6","75.7","60.4","point"
"2024-02-26 07:00:00 pm","72.9","64.8","73.2","60.4","point"
"2024-02-26 09:00:00 pm","70.4","92.3","72.0","68.1","point"
"2024-02-26 11:00:00 pm","68.5","93.5","69.6","66.5","point"
"2024-02-27 01:00:00 am","65.4","92.2","66.2","63.1","point"
"2024-02-27 03:00:00 am","64.1","93.2","64.8","62.1","point"
"2024-02-27 05:00:00 am","63.2","93.8","64.0","61.4","point"
"2024-02-27 07:00:00 am","64.1","94.9","64.9","62.6","point"
"2024-02-27 09:00:00 am","66.8","93.1","67.8","64.8","point"
"2024-02-27 11:00:00 am","72.6","80.5","74.1","66.2","point"
"2024-02-27 01:00:00 pm","75.6","71.7","76.6","65.8","point"
"2024-02-27 03:00:00 pm","78.8","61.6","79.9","64.5","point"
"2024-02-27 05:00:00 pm","78.7","68.0","81.0","67.2","point"
"2024-02-27 07:00:00 pm","74.7","80.8","76.6","68.4","point"
"2024-02-27 09:00:00 pm","70.4","90.8","72.0","67.6","point"
"2024-02-27 11:00:00 pm","69.6","94.3","71.4","67.9","point"
"2024-02-28 01:00:00 am","68.0","95.5","69.4","66.7","point"
"2024-02-28 03:00:00 am","66.4","94.5","67.6","64.8","point"
"2024-02-28 05:00:00 am","65.1","92.5","66.0","62.9","point"
"2024-02-28 07:00:00 am","63.9","92.7","64.6","61.8","point"
"2024-02-28 09:00:00 am","66.4","95.0","67.6","64.9","point"
"2024-02-28 11:00:00 am","72.1","85.6","73.9","67.6","point"
"2024-02-28 01:00:00 pm","77.2","67.1","78.3","65.5","point"
"2024-02-28 03:00:00 pm","80.3","53.4","80.6","61.8","point"
"2024-02-28 05:00:00 pm","78.5","70.8","81.1","68.2","point"
"2024-02-28 07:00:00 pm","73.8","85.9","75.9","69.3","point"
"2024-02-28 09:00:00 pm","71.0","93.3","72.7","69.0","point"
"2024-02-28 11:00:00 pm","69.1","95.9","70.5","67.8","point"
"2024-02-29 01:00:00 am","66.8","94.9","68.0","65.3","point"
"2024-02-29 03:00:00 am","63.5","87.8","63.5","59.8","point"
"2024-02-29 05:00:00 am","63.5","87.6","63.5","59.7","point"
"2024-02-29 07:00:00 am","62.3","90.2","62.8","59.4","point"
"2024-02-29 09:00:00 am","65.4","92.4","66.2","63.1","point"
"2024-02-29 11:00:00 am","71.0","78.7","72.0","64.0","point"
"2024-02-29 01:00:00 pm","75.2","63.2","75.4","61.8","point"
"2024-02-29 03:00:00 pm","78.4","45.7","77.0","55.7","point"
"2024-02-29 05:00:00 pm","78.0","61.6","78.8","63.7","point"
"2024-02-29 07:00:00 pm","73.5","89.7","75.9","70.3","point"
"2024-02-29 09:00:00 pm","70.5","95.3","72.3","69.1","point"
"2024-02-29 11:00:00 pm","69.6","96.2","71.2","68.5","point"
"2024-03-01 01:00:00 am","68.8","96.8","70.3","67.8","point"
"2024-03-01 03:00:00 am","64.9","95.8","66.2","63.7","point"
"2024-03-01 05:00:00 am","63.8","92.9","64.4","61.7","point"
"2024-03-01 07:00:00 am","62.6","91.8","63.0","60.2","point"
"2024-03-01 09:00:00 am","65.4","94.5","66.4","63.7","point"
"2024-03-01 11:00:00 am","70.5","85.5","71.8","66.0","point"
"2024-03-01 01:00:00 pm","72.9","66.9","73.4","61.3","point"
"2024-03-01 03:00:00 pm","77.4","51.9","76.6","58.3","point"
"2024-03-01 05:00:00 pm","76.6","52.3","75.6","57.8","point"
"2024-03-01 07:00:00 pm","72.3","78.2","73.4","65.1","point"
"2024-03-01 09:00:00 pm","71.2","94.1","73.0","69.4","point"
"2024-03-01 11:00:00 pm","69.6","96.9","71.4","68.7","point"
"2024-03-02 01:00:00 am","68.3","96.4","69.8","67.3","point"
"2024-03-02 03:00:00 am","65.1","97.3","66.2","64.3","point"
"2024-03-02 05:00:00 am","63.2","95.0","64.0","61.8","point"
"2024-03-02 07:00:00 am","61.8","93.2","62.4","59.8","point"
"2024-03-02 09:00:00 am","64.8","93.6","65.5","62.9","point"
"2024-03-02 11:00:00 am","69.4","80.9","70.2","63.3","point"
"2024-03-02 01:00:00 pm","74.7","63.9","75.0","61.7","point"
"2024-03-02 03:00:00 pm","77.3","65.6","78.1","64.9","point"
"2024-03-02 05:00:00 pm","75.1","70.5","75.9","64.9","point"
"2024-03-02 07:00:00 pm","72.8","88.0","74.8","69.0","point"
"2024-03-02 09:00:00 pm","71.3","93.7","73.2","69.4","point"
"2024-03-02 11:00:00 pm","69.3","94.0","70.9","67.5","point"
"2024-03-03 01:00:00 am","69.2","94.9","70.7","67.7","point"
"2024-03-03 03:00:00 am","67.4","96.2","68.7","66.3","point"
"2024-03-03 05:00:00 am","65.6","96.3","66.7","64.5","point"
"2024-03-03 07:00:00 am","66.2","95.9","67.5","65.0","point"
"2024-03-03 09:00:00 am","68.6","93.3","70.0","66.6","point"
"2024-03-03 11:00:00 am","72.0","87.4","73.9","68.0","point"
"2024-03-03 01:00:00 pm","75.0","80.3","76.8","68.5","point"
"2024-03-03 03:00:00 pm","75.3","83.5","77.7","69.9","point"
"2024-03-03 05:00:00 pm","76.5","80.0","78.8","69.9","point"
"2024-03-03 07:00:00 pm","72.7","87.7","74.8","68.8","point"
"2024-03-03 09:00:00 pm","69.7","92.2","71.2","67.4","point"
"2024-03-03 11:00:00 pm","67.9","95.5","69.3","66.6","point"
"2024-03-04 01:00:00 am","67.1","96.7","68.5","66.1","point"
"2024-03-04 03:00:00 am","66.3","97.7","67.6","65.6","point"
"2024-03-04 05:00:00 am","66.0","97.6","67.3","65.3","point"
"2024-03-04 07:00:00 am","66.2","94.5","67.1","64.5","point"
"2024-03-04 09:00:00 am","68.3","83.4","68.9","63.1","point"
"2024-03-04 11:00:00 am","72.6","81.7","74.1","66.6","point"
"2024-03-04 01:00:00 pm","74.8","83.0","76.8","69.3","point"
"2024-03-04 03:00:00 pm","78.2","74.3","81.0","69.4","point"
"2024-03-04 05:00:00 pm","76.8","80.1","79.2","70.2","point"
"2024-03-04 07:00:00 pm","72.9","88.9","75.2","69.4","point"
"2024-03-04 09:00:00 pm","69.7","94.3","71.4","68.0","point"
"2024-03-04 11:00:00 pm","68.1","97.4","69.6","67.4","point"
"2024-03-05 01:00:00 am","67.0","98.2","68.5","66.5","point"
"2024-03-05 03:00:00 am","66.7","99.4","68.2","66.5","point"
"2024-03-05 05:00:00 am","66.1","99.1","67.5","65.8","point"
"2024-03-05 07:00:00 am","66.1","97.4","67.3","65.3","point"
"2024-03-05 09:00:00 am","68.6","98.0","70.3","68.1","point"
"2024-03-05 11:00:00 am","72.6","90.9","74.8","69.7","point"
"2024-03-05 01:00:00 pm","75.8","84.6","78.4","70.8","point"
"2024-03-05 03:00:00 pm","78.2","82.1","82.4","72.3","point"
"2024-03-05 05:00:00 pm","76.7","79.5","79.2","69.9","point"
"2024-03-05 07:00:00 pm","73.2","88.2","75.6","69.5","point"
"2024-03-05 09:00:00 pm","70.8","93.3","72.5","68.8","point"
"2024-03-05 11:00:00 pm","68.4","96.1","70.0","67.2","point"
"2024-03-06 01:00:00 am","67.9","98.5","69.6","67.5","point"
"2024-03-06 03:00:00 am","67.2","99.2","68.7","67.0","point"
"2024-03-06 05:00:00 am","64.9","90.6","65.3","62.1","point"
"2024-03-06 07:00:00 am","65.5","84.6","65.7","60.8","point"
"2024-03-06 09:00:00 am","68.4","78.6","68.7","61.4","point"
"2024-03-06 11:00:00 am","74.0","75.1","75.4","65.6","point"
"2024-03-06 01:00:00 pm","77.4","71.0","79.2","67.3","point"
"2024-03-06 03:00:00 pm","78.8","69.6","81.5","68.0","point"
"2024-03-06 05:00:00 pm","76.6","76.3","78.4","68.6","point"
"2024-03-06 07:00:00 pm","73.0","83.5","74.8","67.7","point"
"2024-03-06 09:00:00 pm","70.2","89.2","71.6","66.9","point"
"2024-03-06 11:00:00 pm","67.4","91.9","68.4","65.0","point"
"2024-03-07 01:00:00 am","66.3","92.7","67.3","64.1","point"
"2024-03-07 03:00:00 am","65.2","92.5","66.0","63.0","point"
"2024-03-07 05:00:00 am","64.6","92.3","65.1","62.3","point"
"2024-03-07 07:00:00 am","63.9","92.7","64.6","61.8","point"
"2024-03-07 09:00:00 am","67.0","91.1","68.0","64.3","point"
"2024-03-07 11:00:00 am","73.0","80.8","74.5","66.7","point"
"2024-03-07 01:00:00 pm","77.0","72.9","78.4","67.6","point"
"2024-03-07 03:00:00 pm","78.8","69.7","81.3","68.0","point"
"2024-03-07 05:00:00 pm","77.6","70.2","79.3","67.2","point"
"2024-03-07 07:00:00 pm","74.4","78.5","75.9","67.2","point"
"2024-03-07 09:00:00 pm","71.6","84.5","73.0","66.7","point"
"2024-03-07 11:00:00 pm","69.9","86.8","71.1","65.8","point"
"2024-03-08 01:00:00 am","69.3","84.2","70.3","64.3","point"
"2024-03-08 03:00:00 am","68.9","67.1","68.7","57.5","point"
"2024-03-08 05:00:00 am","68.6","59.3","67.6","53.8","point"
"2024-03-08 07:00:00 am","65.5","72.1","64.6","56.3","point"
"2024-03-08 09:00:00 am","70.8","58.5","70.7","55.5","point"
"2024-03-08 11:00:00 am","74.7","54.9","73.9","57.4","point"
"2024-03-08 01:00:00 pm","78.9","56.7","79.3","62.3","point"
"2024-03-08 03:00:00 pm","79.7","67.0","82.6","67.7","point"
"2024-03-08 05:00:00 pm","77.3","70.9","79.0","67.2","point"
"2024-03-08 07:00:00 pm","73.2","81.2","75.0","67.1","point"
"2024-03-08 09:00:00 pm","69.9","90.0","71.2","66.8","point"
"2024-03-08 11:00:00 pm","67.6","94.0","68.9","65.8","point"
"2024-03-09 01:00:00 am","68.5","96.2","70.0","67.4","point"
"2024-03-09 03:00:00 am","66.9","94.8","68.0","65.4","point"
"2024-03-09 05:00:00 am","65.1","96.8","66.2","64.1","point"
"2024-03-09 07:00:00 am","65.7","95.5","66.7","64.4","point"
"2024-03-09 09:00:00 am","69.7","85.3","70.7","65.1","point"
"2024-03-09 11:00:00 am","74.1","70.9","74.8","64.0","point"
"2024-03-09 01:00:00 pm","78.2","70.4","80.4","67.7","point"
"2024-03-09 03:00:00 pm","80.2","61.4","81.9","65.7","point"
"2024-03-09 05:00:00 pm","77.2","65.1","78.1","64.6","point"
"2024-03-09 07:00:00 pm","74.0","85.3","76.3","69.3","point"
"2024-03-09 09:00:00 pm","72.1","93.7","74.5","70.2","point"
"2024-03-09 11:00:00 pm","70.6","94.0","72.3","68.8","point"
"2024-03-10 01:00:00 am","69.6","95.3","71.1","68.2","point"
"2024-03-10 03:00:00 am","68.7","96.7","70.2","67.7","point"
"2024-03-10 05:00:00 am","68.5","98.3","70.2","68.0","point"
"2024-03-10 07:00:00 am","67.6","92.2","68.7","65.2","point"
"2024-03-10 09:00:00 am","69.2","79.8","69.8","62.7","point"
"2024-03-10 11:00:00 am","73.2","70.0","73.8","62.8","point"
"2024-03-10 01:00:00 pm","77.4","66.7","78.6","65.4","point"
"2024-03-10 03:00:00 pm","79.3","66.8","81.5","67.3","point"
"2024-03-10 05:00:00 pm","77.2","74.5","79.3","68.5","point"
"2024-03-10 07:00:00 pm","74.4","90.1","77.2","71.3","point"
"2024-03-10 09:00:00 pm","72.7","92.5","75.2","70.4","point"
"2024-03-10 11:00:00 pm","71.7","96.2","73.9","70.6","point"
"2024-03-11 01:00:00 am","71.2","97.7","73.2","70.5","point"
"2024-03-11 03:00:00 am","70.4","97.2","72.1","69.5","point"
"2024-03-11 05:00:00 am","70.0","92.3","71.6","67.7","point"
"2024-03-11 07:00:00 am","69.4","95.6","70.9","68.1","point"
"2024-03-11 09:00:00 am","70.9","93.8","72.9","69.0","point"
"2024-03-11 11:00:00 am","73.9","79.1","75.4","66.9","point"
"2024-03-11 01:00:00 pm","77.9","74.3","80.2","69.0","point"
"2024-03-11 03:00:00 pm","79.2","74.5","83.1","70.4","point"
"2024-03-11 05:00:00 pm","77.7","72.5","80.1","68.2","point"
"2024-03-11 07:00:00 pm","75.0","89.2","77.7","71.6","point"
"2024-03-11 09:00:00 pm","71.9","92.4","73.9","69.5","point"
"2024-03-11 11:00:00 pm","71.3","95.4","73.4","69.9","point"
"2024-03-12 01:00:00 am","71.2","96.1","73.0","70.0","point"
"2024-03-12 03:00:00 am","70.6","96.7","72.3","69.6","point"
"2024-03-12 05:00:00 am","69.7","96.5","71.4","68.6","point"
"2024-03-12 07:00:00 am","68.9","97.7","70.7","68.2","point"
"2024-03-12 09:00:00 am","71.0","96.7","72.9","70.0","point"
"2024-03-12 11:00:00 am","74.2","86.9","76.6","70.1","point"
"2024-03-12 01:00:00 pm","76.7","83.7","79.7","71.4","point"
"2024-03-12 03:00:00 pm","79.4","76.8","84.0","71.5","point"
"2024-03-12 05:00:00 pm","77.7","82.3","81.3","71.9","point"
"2024-03-12 07:00:00 pm","74.5","88.2","77.2","70.8","point"
"2024-03-12 09:00:00 pm","71.7","92.5","73.6","69.4","point"
"2024-03-12 11:00:00 pm","70.4","94.9","72.1","68.9","point"
"2024-03-13 01:00:00 am","68.6","93.9","70.2","66.8","point"
"2024-03-13 03:00:00 am","67.8","90.2","68.7","64.8","point"
"2024-03-13 05:00:00 am","67.9","87.2","68.7","63.9","point"
"2024-03-13 07:00:00 am","68.1","88.5","69.1","64.5","point"
"2024-03-13 09:00:00 am","69.7","87.2","70.9","65.8","point"
"2024-03-13 11:00:00 am","72.8","84.3","74.5","67.7","point"
"2024-03-13 01:00:00 pm","75.7","82.9","77.9","70.1","point"
"2024-03-13 03:00:00 pm","77.6","78.2","80.6","70.3","point"
"2024-03-13 05:00:00 pm","76.7","82.7","79.5","71.1","point"
"2024-03-13 07:00:00 pm","74.0","91.3","76.8","71.3","point"
"2024-03-13 09:00:00 pm","72.1","93.4","74.1","70.1","point"
"2024-03-13 11:00:00 pm","69.9","92.2","71.4","67.5","point"
"2024-03-14 01:00:00 am","68.1","96.5","69.6","67.0","point"
"2024-03-14 03:00:00 am","67.1","97.6","68.7","66.4","point"
"2024-03-14 05:00:00 am","67.2","98.5","68.7","66.7","point"
"2024-03-14 07:00:00 am","67.2","98.1","68.7","66.7","point"
"2024-03-14 09:00:00 am","68.6","92.8","70.0","66.5","point"
"2024-03-14 11:00:00 am","73.6","86.7","75.9","69.4","point"
"2024-03-14 01:00:00 pm","76.6","80.5","79.0","70.2","point"
"2024-03-14 03:00:00 pm","77.5","80.6","80.8","71.0","point"
"2024-03-14 05:00:00 pm","76.0","80.3","78.1","69.5","point"
"2024-03-14 07:00:00 pm","73.2","89.1","75.4","69.8","point"
"2024-03-14 09:00:00 pm","70.6","94.2","72.3","68.8","point"
"2024-03-14 11:00:00 pm","68.4","96.6","70.0","67.4","point"
"2024-03-15 01:00:00 am","67.3","97.6","68.9","66.6","point"
"2024-03-15 03:00:00 am","66.0","97.2","67.1","65.2","point"
"2024-03-15 05:00:00 am","65.4","96.5","66.6","64.3","point"
"2024-03-15 07:00:00 am","64.8","97.5","65.8","64.1","point"
"2024-03-15 09:00:00 am","68.4","86.7","69.4","64.3","point"
"2024-03-15 11:00:00 am","74.1","82.5","75.9","68.5","point"
"2024-03-15 01:00:00 pm","77.5","79.6","80.6","70.6","point"
"2024-03-15 03:00:00 pm","79.2","74.6","83.1","70.4","point"
"2024-03-15 05:00:00 pm","77.9","78.8","81.5","70.8","point"
"2024-03-15 07:00:00 pm","74.2","86.9","76.6","70.0","point"
"2024-03-15 09:00:00 pm","70.7","94.6","72.3","69.0","point"
"2024-03-15 11:00:00 pm","69.6","97.5","71.2","68.8","point"
"2024-03-16 01:00:00 am","68.6","99.0","70.3","68.4","point"
"2024-03-16 03:00:00 am","68.0","98.3","69.8","67.5","point"
"2024-03-16 05:00:00 am","66.9","95.3","68.0","65.5","point"
"2024-03-16 07:00:00 am","66.7","89.3","67.3","63.4","point"
"2024-03-16 09:00:00 am","70.3","88.9","71.6","66.8","point"
"2024-03-16 11:00:00 am","73.6","74.7","74.8","65.0","point"
"2024-03-16 01:00:00 pm","78.4","73.2","81.1","69.1","point"
"2024-03-16 03:00:00 pm","79.5","72.7","83.3","70.0","point"
"2024-03-16 05:00:00 pm","77.6","80.4","81.0","71.0","point"
"2024-03-16 07:00:00 pm","74.1","89.4","76.6","70.8","point"
"2024-03-16 09:00:00 pm","71.2","95.2","73.0","69.7","point"
"2024-03-16 11:00:00 pm","69.1","96.5","70.7","68.1","point"
"2024-03-17 01:00:00 am","68.8","96.9","70.3","67.9","point"
"2024-03-17 03:00:00 am","67.7","96.8","69.1","66.8","point"
"2024-03-17 05:00:00 am","66.6","88.7","67.3","63.2","point"
"2024-03-17 07:00:00 am","69.3","79.8","70.0","62.8","point"
"2024-03-17 09:00:00 am","69.5","86.8","70.7","65.4","point"
"2024-03-17 11:00:00 am","74.4","84.0","76.6","69.3","point"
"2024-03-17 01:00:00 pm","78.6","72.6","81.7","69.1","point"
"2024-03-17 03:00:00 pm","80.2","73.1","84.4","70.8","point"
"2024-03-17 05:00:00 pm","78.6","79.8","82.8","71.8","point"
"2024-03-17 07:00:00 pm","73.6","88.1","76.1","69.9","point"
"2024-03-17 09:00:00 pm","71.8","91.5","73.9","69.2","point"
"2024-03-17 11:00:00 pm","70.5","93.7","72.1","68.6","point"
"2024-03-18 01:00:00 am","68.9","96.3","70.5","67.8","point"
"2024-03-18 03:00:00 am","68.1","97.2","69.6","67.2","point"
"2024-03-18 05:00:00 am","66.3","93.1","67.3","64.2","point"
"2024-03-18 07:00:00 am","66.1","90.2","66.9","63.1","point"
"2024-03-18 09:00:00 am","69.6","86.9","70.7","65.5","point"
"2024-03-18 11:00:00 am","74.6","78.8","76.3","67.6","point"
"2024-03-18 01:00:00 pm","77.3","76.2","79.5","69.2","point"
"2024-03-18 03:00:00 pm","79.2","76.1","83.3","71.0","point"
"2024-03-18 05:00:00 pm","77.6","78.5","80.6","70.4","point"
"2024-03-18 07:00:00 pm","74.0","89.7","76.6","70.8","point"
"2024-03-18 09:00:00 pm","70.6","89.6","72.0","67.4","point"
"2024-03-18 11:00:00 pm","67.7","93.8","68.9","65.9","point"
"2024-03-19 01:00:00 am","67.2","95.3","68.4","65.8","point"
"2024-03-19 03:00:00 am","66.7","95.6","67.8","65.4","point"
"2024-03-19 05:00:00 am","66.9","87.4","67.5","63.0","point"
"2024-03-19 07:00:00 am","68.0","80.9","68.4","61.9","point"
"2024-03-19 09:00:00 am","70.8","76.2","71.8","63.0","point"
"2024-03-19 11:00:00 am","74.9","66.9","75.4","63.2","point"
"2024-03-19 01:00:00 pm","79.5","54.7","79.7","61.8","point"
"2024-03-19 03:00:00 pm","80.2","71.3","84.0","70.0","point"
"2024-03-19 05:00:00 pm","78.8","76.6","82.4","70.8","point"
"2024-03-19 07:00:00 pm","74.7","87.8","77.4","70.8","point"
"2024-03-19 09:00:00 pm","71.0","91.8","72.7","68.5","point"
"2024-03-19 11:00:00 pm","69.1","94.5","70.7","67.5","point"
"2024-03-20 01:00:00 am","68.6","93.2","70.0","66.6","point"
"2024-03-20 03:00:00 am","67.5","94.3","68.9","65.8","point"
"2024-03-20 05:00:00 am","68.1","82.3","68.5","62.5","point"
"2024-03-20 07:00:00 am","67.2","80.9","67.5","61.1","point"
"2024-03-20 09:00:00 am","70.3","80.6","71.2","64.1","point"
"2024-03-20 11:00:00 am","74.7","76.8","76.3","66.9","point"
"2024-03-20 01:00:00 pm","78.7","76.9","82.6","70.8","point"
"2024-03-20 03:00:00 pm","79.3","75.1","83.3","70.7","point"
"2024-03-20 05:00:00 pm","77.3","80.1","80.2","70.7","point"
"2024-03-20 07:00:00 pm","74.9","90.0","77.7","71.7","point"
"2024-03-20 09:00:00 pm","72.5","92.6","75.0","70.3","point"
"2024-03-20 11:00:00 pm","70.5","94.8","72.3","69.0","point"
"2024-03-21 01:00:00 am","69.5","97.0","71.2","68.6","point"
"2024-03-21 03:00:00 am","69.4","99.0","71.2","69.1","point"
"2024-03-21 05:00:00 am","68.1","98.3","69.8","67.6","point"
"2024-03-21 07:00:00 am","68.3","99.1","70.0","68.0","point"
"2024-03-21 09:00:00 am","70.1","97.7","72.0","69.4","point"
"2024-03-21 11:00:00 am","72.5","91.3","74.8","69.8","point"
"2024-03-21 01:00:00 pm","75.9","83.1","78.4","70.4","point"
"2024-03-21 03:00:00 pm","77.2","75.4","79.5","68.8","point"
"2024-03-21 05:00:00 pm","77.5","78.7","80.4","70.3","point"
"2024-03-21 07:00:00 pm","75.0","90.4","77.9","72.0","point"
"2024-03-21 09:00:00 pm","73.2","94.5","76.1","71.5","point"
"2024-03-21 11:00:00 pm","72.1","96.7","74.7","71.1","point"
"2024-03-22 01:00:00 am","71.1","96.9","73.0","70.1","point"
"2024-03-22 03:00:00 am","69.5","97.6","71.4","68.8","point"
"2024-03-22 05:00:00 am","69.3","98.0","71.2","68.7","point"
"2024-03-22 07:00:00 am","68.3","98.0","70.0","67.7","point"
"2024-03-22 09:00:00 am","69.9","98.5","71.8","69.4","point"
"2024-03-22 11:00:00 am","73.4","94.4","76.5","71.7","point"
"2024-03-22 01:00:00 pm","77.4","85.2","81.3","72.5","point"
"2024-03-22 03:00:00 pm","78.1","84.6","82.9","73.1","point"
"2024-03-22 05:00:00 pm","76.6","87.0","79.7","72.4","point"
"2024-03-22 07:00:00 pm","74.2","93.8","77.4","72.3","point"
"2024-03-22 09:00:00 pm","72.7","96.3","75.6","71.6","point"
"2024-03-22 11:00:00 pm","72.1","98.0","74.8","71.5","point"
"2024-03-23 01:00:00 am","71.0","98.6","73.0","70.5","point"
"2024-03-23 03:00:00 am","70.5","97.9","72.3","69.9","point"
"2024-03-23 05:00:00 am","69.5","98.7","71.4","69.1","point"
"2024-03-23 07:00:00 am","68.9","98.2","70.5","68.3","point"
"2024-03-23 09:00:00 am","71.1","97.5","73.0","70.3","point"
"2024-03-23 11:00:00 am","74.0","92.9","77.0","71.8","point"
"2024-03-23 01:00:00 pm","77.4","84.2","81.1","72.2","point"
"2024-03-23 03:00:00 pm","78.5","85.8","83.8","73.9","point"
"2024-03-23 05:00:00 pm","78.7","82.3","83.7","72.8","point"
"2024-03-23 07:00:00 pm","75.4","89.9","78.4","72.2","point"
"2024-03-23 09:00:00 pm","73.1","94.2","75.9","71.3","point"
"2024-03-23 11:00:00 pm","72.4","96.3","74.8","71.3","point"
"2024-03-24 01:00:00 am","71.7","96.2","73.9","70.6","point"
"2024-03-24 03:00:00 am","70.1","97.5","72.0","69.3","point"
"2024-03-24 05:00:00 am","69.0","97.9","70.7","68.3","point"
"2024-03-24 07:00:00 am","68.1","97.2","69.6","67.3","point"
"2024-03-24 09:00:00 am","71.3","98.5","73.6","70.9","point"
"2024-03-24 11:00:00 am","75.2","90.8","78.3","72.3","point"
"2024-03-24 01:00:00 pm","79.6","78.4","84.6","72.3","point"
"2024-03-24 03:00:00 pm","80.1","79.0","85.8","73.0","point"
"2024-03-24 05:00:00 pm","79.5","77.0","84.0","71.7","point"
"2024-03-24 07:00:00 pm","75.4","90.4","78.6","72.4","point"
"2024-03-24 09:00:00 pm","73.5","95.5","76.5","72.2","point"
"2024-03-24 11:00:00 pm","72.8","97.7","75.7","72.1","point"
"2024-03-25 01:00:00 am","71.0","96.9","72.9","70.1","point"
"2024-03-25 03:00:00 am","69.9","98.6","71.8","69.5","point"
"2024-03-25 05:00:00 am","68.3","98.5","70.0","67.8","point"
"2024-03-25 07:00:00 am","67.4","96.7","68.7","66.5","point"
"2024-03-25 09:00:00 am","71.7","96.7","73.9","70.6","point"
"2024-03-25 11:00:00 am","73.5","76.0","74.7","65.5","point"
"2024-03-25 01:00:00 pm","78.7","65.4","80.4","66.1","point"
"2024-03-25 03:00:00 pm","80.4","70.2","84.4","69.9","point"
"2024-03-25 05:00:00 pm","79.2","74.3","82.9","70.3","point"
"2024-03-25 07:00:00 pm","76.2","88.7","79.5","72.6","point"
"2024-03-25 09:00:00 pm","74.0","94.4","77.2","72.2","point"
"2024-03-25 11:00:00 pm","72.7","96.6","75.6","71.7","point"
"2024-03-26 01:00:00 am","70.8","91.4","72.5","68.1","point"
"2024-03-26 03:00:00 am","68.0","91.0","69.3","65.3","point"
"2024-03-26 05:00:00 am","69.0","92.2","70.3","66.6","point"
"2024-03-26 07:00:00 am","69.3","93.6","70.7","67.3","point"
"2024-03-26 09:00:00 am","71.8","92.2","73.9","69.4","point"
"2024-03-26 11:00:00 am","75.7","80.8","77.7","69.4","point"
"2024-03-26 01:00:00 pm","78.2","78.6","81.7","70.9","point"
"2024-03-26 03:00:00 pm","80.8","73.3","85.8","71.5","point"
"2024-03-26 05:00:00 pm","78.3","79.5","82.4","71.4","point"
"2024-03-26 07:00:00 pm","75.9","91.4","79.3","73.2","point"
"2024-03-26 09:00:00 pm","74.1","94.1","77.2","72.3","point"
"2024-03-26 11:00:00 pm","72.7","96.3","75.4","71.6","point"
"2024-03-27 01:00:00 am","71.7","97.1","73.9","70.8","point"
"2024-03-27 03:00:00 am","71.2","97.1","73.0","70.3","point"
"2024-03-27 05:00:00 am","70.5","96.2","72.3","69.4","point"
"2024-03-27 07:00:00 am","68.1","97.1","69.6","67.2","point"
"2024-03-27 09:00:00 am","71.3","92.1","73.2","68.8","point"
"2024-03-27 11:00:00 am","75.4","72.6","76.6","66.0","point"
"2024-03-27 01:00:00 pm","80.5","76.0","85.6","72.2","point"
"2024-03-27 03:00:00 pm","81.5","72.9","86.9","72.0","point"
"2024-03-27 05:00:00 pm","79.8","78.7","85.1","72.6","point"
"2024-03-27 07:00:00 pm","75.6","91.7","79.2","73.0","point"
"2024-03-27 09:00:00 pm","73.5","94.0","76.5","71.7","point"
"2024-03-27 11:00:00 pm","72.3","97.0","74.7","71.4","point"
"2024-03-28 01:00:00 am","70.6","96.5","72.3","69.6","point"
"2024-03-28 03:00:00 am","68.9","97.5","70.5","68.2","point"
"2024-03-28 05:00:00 am","67.7","96.6","69.1","66.7","point"
"2024-03-28 07:00:00 am","67.3","95.0","68.7","65.8","point"
"2024-03-28 09:00:00 am","71.1","93.2","72.9","69.0","point"
"2024-03-28 11:00:00 am","75.4","84.1","77.9","70.3","point"
"2024-03-28 01:00:00 pm","78.8","68.1","81.1","67.4","point"
"2024-03-28 03:00:00 pm","82.0","75.7","88.5","73.5","point"
"2024-03-28 05:00:00 pm","80.0","78.5","85.3","72.6","point"
"2024-03-28 07:00:00 pm","76.2","91.9","79.9","73.7","point"
"2024-03-28 09:00:00 pm","74.0","94.2","77.2","72.2","point"
"2024-03-28 11:00:00 pm","73.1","96.2","75.9","72.0","point"
"2024-03-29 01:00:00 am","72.4","97.0","75.0","71.5","point"
"2024-03-29 03:00:00 am","70.5","97.1","72.3","69.6","point"
"2024-03-29 05:00:00 am","69.4","96.0","71.1","68.2","point"
"2024-03-29 07:00:00 am","68.2","95.1","69.6","66.7","point"
"2024-03-29 09:00:00 am","71.0","92.2","72.7","68.6","point"
"2024-03-29 11:00:00 am","75.6","85.7","78.3","71.0","point"
"2024-03-29 01:00:00 pm","79.6","79.3","84.9","72.6","point"
"2024-03-29 03:00:00 pm","80.0","78.2","85.3","72.6","point"
"2024-03-29 05:00:00 pm","78.7","82.7","83.7","73.0","point"
"2024-03-29 07:00:00 pm","74.4","89.1","77.0","71.0","point"
"2024-03-29 09:00:00 pm","72.7","89.9","74.8","69.5","point"
"2024-03-29 11:00:00 pm","70.5","93.0","72.0","68.4","point"
"2024-03-30 01:00:00 am","69.4","95.8","71.1","68.1","point"
"2024-03-30 03:00:00 am","68.3","84.3","68.9","63.4","point"
"2024-03-30 05:00:00 am","70.8","75.8","71.8","62.7","point"
"2024-03-30 07:00:00 am","69.6","78.1","70.2","62.4","point"
"2024-03-30 09:00:00 am","71.5","83.4","73.0","66.2","point"
"2024-03-30 11:00:00 am","76.6","77.3","78.4","69.0","point"
"2024-03-30 01:00:00 pm","79.5","74.6","83.5","70.7","point"
"2024-03-30 03:00:00 pm","81.2","71.4","86.0","71.1","point"
"2024-03-30 05:00:00 pm","79.5","76.7","84.2","71.6","point"
"2024-03-30 07:00:00 pm","76.0","88.4","79.2","72.3","point"
"2024-03-30 09:00:00 pm","72.8","90.6","75.0","69.9","point"
"2024-03-30 11:00:00 pm","71.8","93.7","73.9","69.9","point"
"2024-03-31 01:00:00 am","70.2","94.3","72.0","68.5","point"
"2024-03-31 03:00:00 am","68.6","94.8","70.2","67.1","point"
"2024-03-31 05:00:00 am","67.5","96.3","68.9","66.4","point"
"2024-03-31 07:00:00 am","66.8","95.5","68.0","65.4","point"
"2024-03-31 09:00:00 am","69.9","89.9","71.2","66.8","point"
"2024-03-31 11:00:00 am","75.4","78.2","77.2","68.1","point"
"2024-03-31 01:00:00 pm","80.3","76.7","85.6","72.3","point"
"2024-03-31 03:00:00 pm","81.2","69.3","85.5","70.1","point"
"2024-03-31 05:00:00 pm","79.5","75.7","83.7","71.1","point"
"2024-03-31 07:00:00 pm","76.2","89.9","79.5","73.0","point"
"2024-03-31 09:00:00 pm","74.3","93.2","77.2","72.2","point"
"2024-03-31 11:00:00 pm","73.1","94.4","75.9","71.4","point"
"2024-04-01 01:00:00 am","72.3","95.5","74.8","71.0","point"
"2024-04-01 03:00:00 am","71.4","96.6","73.4","70.4","point"
"2024-04-01 05:00:00 am","70.3","97.5","72.1","69.5","point"
"2024-04-01 07:00:00 am","69.9","98.0","71.8","69.4","point"
"2024-04-01 09:00:00 am","72.3","96.3","74.7","71.2","point"
"2024-04-01 11:00:00 am","76.1","89.0","79.5","72.6","point"
"2024-04-01 01:00:00 pm","78.0","83.7","82.4","72.6","point"
"2024-04-01 03:00:00 pm","80.7","78.9","86.9","73.5","point"
"2024-04-01 05:00:00 pm","79.4","78.8","84.4","72.2","point"
"2024-04-01 07:00:00 pm","76.9","91.3","81.1","74.2","point"
"2024-04-01 09:00:00 pm","74.9","94.3","78.4","73.2","point"
"2024-04-01 11:00:00 pm","73.8","95.4","77.0","72.4","point"
"2024-04-02 01:00:00 am","73.0","95.4","75.7","71.6","point"
"2024-04-02 03:00:00 am","71.2","94.1","73.0","69.4","point"
"2024-04-02 05:00:00 am","69.2","96.0","70.7","68.0","point"
"2024-04-02 07:00:00 am","68.9","97.2","70.5","68.1","point"
"2024-04-02 09:00:00 am","71.7","92.7","73.8","69.4","point"
"2024-04-02 11:00:00 am","76.4","87.0","79.3","72.2","point"
"2024-04-02 01:00:00 pm","79.9","83.3","86.4","74.4","point"
"2024-04-02 03:00:00 pm","81.6","77.6","88.3","73.9","point"
"2024-04-02 05:00:00 pm","80.0","80.9","85.8","73.5","point"
"2024-04-02 07:00:00 pm","76.8","91.3","80.6","74.0","point"
"2024-04-02 09:00:00 pm","74.4","95.3","77.7","73.0","point"
"2024-04-02 11:00:00 pm","73.5","96.5","76.6","72.5","point"
"2024-04-03 01:00:00 am","72.9","97.8","75.9","72.2","point"
"2024-04-03 03:00:00 am","71.8","99.0","74.5","71.5","point"
"2024-04-03 05:00:00 am","71.7","99.1","74.1","71.4","point"
"2024-04-03 07:00:00 am","70.2","97.6","72.1","69.5","point"
"2024-04-03 09:00:00 am","71.5","94.6","73.6","69.9","point"
"2024-04-03 11:00:00 am","75.8","87.3","78.6","71.7","point"
"2024-04-03 01:00:00 pm","79.7","78.3","84.6","72.3","point"
"2024-04-03 03:00:00 pm","80.7","75.7","86.0","72.3","point"
"2024-04-03 05:00:00 pm","79.7","78.9","84.7","72.5","point"
"2024-04-03 07:00:00 pm","76.2","89.3","79.5","72.8","point"
"2024-04-03 09:00:00 pm","73.7","93.1","76.5","71.6","point"
"2024-04-03 11:00:00 pm","72.0","96.5","74.5","70.9","point"
"2024-04-04 01:00:00 am","70.8","96.6","72.7","69.8","point"
"2024-04-04 03:00:00 am","69.7","96.6","71.4","68.7","point"
"2024-04-04 05:00:00 am","69.2","91.6","70.5","66.6","point"
"2024-04-04 07:00:00 am","69.9","91.1","71.4","67.2","point"
"2024-04-04 09:00:00 am","71.8","87.9","73.6","68.1","point"
"2024-04-04 11:00:00 am","77.2","82.1","80.6","71.3","point"
"2024-04-04 01:00:00 pm","81.0","77.5","87.3","73.3","point"
"2024-04-04 03:00:00 pm","81.7","74.9","87.8","73.0","point"
"2024-04-04 05:00:00 pm","80.3","74.3","84.9","71.4","point"
"2024-04-04 07:00:00 pm","77.0","89.8","80.8","73.7","point"
"2024-04-04 09:00:00 pm","74.4","93.4","77.5","72.4","point"
"2024-04-04 11:00:00 pm","73.1","95.7","75.9","71.8","point"
"2024-04-05 01:00:00 am","72.4","95.9","74.8","71.2","point"
"2024-04-05 03:00:00 am","70.3","95.7","72.0","69.0","point"
"2024-04-05 05:00:00 am","69.7","95.5","71.4","68.4","point"
"2024-04-05 07:00:00 am","69.3","95.6","70.9","68.0","point"
"2024-04-05 09:00:00 am","72.0","90.8","74.1","69.1","point"
"2024-04-05 11:00:00 am","76.7","81.6","79.3","70.7","point"
"2024-04-05 01:00:00 pm","80.9","79.2","87.3","73.8","point"
"2024-04-05 03:00:00 pm","81.4","79.0","88.3","74.2","point"
"2024-04-05 05:00:00 pm","79.6","81.0","85.1","73.2","point"
"2024-04-05 07:00:00 pm","76.8","89.8","80.4","73.5","point"
"2024-04-05 09:00:00 pm","74.4","93.1","77.5","72.2","point"
"2024-04-05 11:00:00 pm","73.1","94.2","75.9","71.3","point"
"2024-04-06 01:00:00 am","71.8","96.0","74.1","70.6","point"
"2024-04-06 03:00:00 am","69.3","97.3","71.1","68.5","point"
"2024-04-06 05:00:00 am","68.8","97.4","70.3","68.0","point"
"2024-04-06 07:00:00 am","68.7","92.4","70.0","66.4","point"
"2024-04-06 09:00:00 am","74.4","88.3","77.0","70.8","point"
"2024-04-06 11:00:00 am","77.6","80.0","81.0","71.0","point"
"2024-04-06 01:00:00 pm","82.5","75.6","89.4","74.0","point"
"2024-04-06 03:00:00 pm","83.9","72.2","92.1","74.0","point"
"2024-04-06 05:00:00 pm","82.4","78.0","90.3","74.9","point"
"2024-04-06 07:00:00 pm","77.6","90.2","82.6","74.5","point"
"2024-04-06 09:00:00 pm","75.6","92.7","79.2","73.3","point"
"2024-04-06 11:00:00 pm","74.0","94.1","77.2","72.2","point"
"2024-04-07 01:00:00 am","73.4","97.1","76.3","72.5","point"
"2024-04-07 03:00:00 am","73.1","96.1","75.9","72.0","point"
"2024-04-07 05:00:00 am","72.7","96.5","75.6","71.6","point"
"2024-04-07 07:00:00 am","71.0","96.6","72.9","70.0","point"
"2024-04-07 09:00:00 am","73.0","93.0","75.4","70.8","point"
"2024-04-07 11:00:00 am","76.5","88.1","79.9","72.7","point"
"2024-04-07 01:00:00 pm","79.8","80.4","85.3","73.2","point"
"2024-04-07 03:00:00 pm","81.4","77.6","88.0","73.7","point"
"2024-04-07 05:00:00 pm","79.7","79.3","85.3","72.7","point"
"2024-04-07 07:00:00 pm","75.6","84.9","78.3","70.7","point"
"2024-04-07 09:00:00 pm","73.2","90.0","75.4","70.1","point"
"2024-04-07 11:00:00 pm","71.7","92.1","73.6","69.2","point"
"2024-04-08 01:00:00 am","69.6","94.8","71.1","68.0","point"
"2024-04-08 03:00:00 am","68.7","95.2","70.3","67.3","point"
"2024-04-08 05:00:00 am","67.7","90.7","68.7","64.9","point"
"2024-04-08 07:00:00 am","68.1","86.8","68.9","64.0","point"
"2024-04-08 09:00:00 am","72.0","85.6","73.6","67.4","point"
"2024-04-08 11:00:00 am","76.8","76.1","78.4","68.7","point"
"2024-04-08 01:00:00 pm","80.9","70.6","85.3","70.5","point"
"2024-04-08 03:00:00 pm","83.0","64.1","87.4","69.6","point"
"2024-04-08 05:00:00 pm","80.9","68.1","84.6","69.4","point"
"2024-04-08 07:00:00 pm","76.1","80.9","78.3","69.8","point"
"2024-04-08 09:00:00 pm","73.5","88.5","75.7","69.9","point"
"2024-04-08 11:00:00 pm","71.7","92.1","73.6","69.2","point"
"2024-04-09 01:00:00 am","70.2","92.3","71.8","67.9","point"
"2024-04-09 03:00:00 am","67.9","85.3","68.5","63.3","point"
"2024-04-09 05:00:00 am","68.1","82.5","68.7","62.6","point"
"2024-04-09 07:00:00 am","68.1","77.0","68.2","60.6","point"
"2024-04-09 09:00:00 am","71.6","86.1","73.0","67.2","point"
"2024-04-09 11:00:00 am","76.9","81.0","79.7","70.6","point"
"2024-04-09 01:00:00 pm","78.9","74.0","82.2","69.9","point"
"2024-04-09 03:00:00 pm","82.3","71.2","88.0","72.1","point"
"2024-04-09 05:00:00 pm","80.8","74.7","86.2","72.1","point"
"2024-04-09 07:00:00 pm","76.3","86.6","79.3","72.0","point"
"2024-04-09 09:00:00 pm","74.4","91.6","77.4","71.8","point"
"2024-04-09 11:00:00 pm","72.1","94.6","74.7","70.5","point"
"2024-04-10 01:00:00 am","70.4","95.0","72.1","68.9","point"
"2024-04-10 03:00:00 am","68.9","91.5","70.3","66.3","point"
"2024-04-10 05:00:00 am","68.4","94.5","69.8","66.7","point"
"2024-04-10 07:00:00 am","69.9","95.3","71.6","68.5","point"
"2024-04-10 09:00:00 am","72.5","94.7","75.2","70.9","point"
"2024-04-10 11:00:00 am","76.0","84.3","78.6","70.9","point"
"2024-04-10 01:00:00 pm","80.5","76.7","85.8","72.5","point"
"2024-04-10 03:00:00 pm","81.0","77.4","87.3","73.3","point"
"2024-04-10 05:00:00 pm","80.9","76.7","86.5","72.9","point"
"2024-04-10 07:00:00 pm","75.7","80.8","77.7","69.4","point"
"2024-04-10 09:00:00 pm","73.5","90.0","75.9","70.3","point"
"2024-04-10 11:00:00 pm","71.1","93.4","72.9","69.1","point"
"2024-04-11 01:00:00 am","70.1","94.7","71.8","68.5","point"
"2024-04-11 03:00:00 am","68.3","89.0","69.3","64.9","point"
"2024-04-11 05:00:00 am","68.8","84.1","69.6","63.8","point"
"2024-04-11 07:00:00 am","69.4","84.7","70.3","64.6","point"
"2024-04-11 09:00:00 am","72.4","84.5","74.1","67.5","point"
"2024-04-11 11:00:00 am","75.4","82.2","77.7","69.6","point"
"2024-04-11 01:00:00 pm","77.0","81.2","80.1","70.8","point"
"2024-04-11 03:00:00 pm","81.6","72.2","86.7","71.8","point"
"2024-04-11 05:00:00 pm","80.3","72.6","84.7","70.7","point"
"2024-04-11 07:00:00 pm","76.4","79.8","78.4","69.7","point"
"2024-04-11 09:00:00 pm","72.7","84.9","74.7","67.9","point"
"2024-04-11 11:00:00 pm","71.3","91.4","73.2","68.6","point"
"2024-04-12 01:00:00 am","70.2","87.8","71.6","66.4","point"
"2024-04-12 03:00:00 am","68.9","90.0","70.2","65.9","point"
"2024-04-12 05:00:00 am","69.9","86.9","71.1","65.8","point"
"2024-04-12 07:00:00 am","69.0","88.5","70.2","65.4","point"
"2024-04-12 09:00:00 am","72.5","87.2","74.3","68.5","point"
"2024-04-12 11:00:00 am","76.1","78.2","78.1","68.8","point"
"2024-04-12 01:00:00 pm","78.4","77.6","81.9","70.8","point"
"2024-04-12 03:00:00 pm","81.3","71.4","86.0","71.2","point"
"2024-04-12 05:00:00 pm","80.0","72.4","84.0","70.3","point"
"2024-04-12 07:00:00 pm","74.3","88.5","76.6","70.6","point"
"2024-04-12 09:00:00 pm","73.4","91.6","76.1","70.8","point"
"2024-04-12 11:00:00 pm","71.7","94.9","73.9","70.1","point"
"2024-04-13 01:00:00 am","70.4","95.2","72.1","68.9","point"
"2024-04-13 03:00:00 am","68.0","90.6","69.1","65.1","point"
"2024-04-13 05:00:00 am","67.2","87.3","67.8","63.3","point"
"2024-04-13 07:00:00 am","67.7","92.6","68.9","65.5","point"
"2024-04-13 09:00:00 am","71.6","87.7","73.4","67.8","point"
"2024-04-13 11:00:00 am","75.3","82.3","77.5","69.5","point"
"2024-04-13 01:00:00 pm","78.3","77.7","81.9","70.7","point"
"2024-04-13 03:00:00 pm","78.8","77.2","82.9","71.1","point"
"2024-04-13 05:00:00 pm","78.3","79.6","82.4","71.5","point"
"2024-04-13 07:00:00 pm","75.9","89.0","79.2","72.5","point"
"2024-04-13 09:00:00 pm","71.5","94.8","73.6","69.9","point"
"2024-04-13 11:00:00 pm","69.9","96.5","71.6","68.9","point"
"2024-04-14 01:00:00 am","69.0","94.6","70.5","67.4","point"
"2024-04-14 03:00:00 am","68.4","94.8","69.8","66.8","point"
"2024-04-14 05:00:00 am","68.5","93.2","69.6","66.4","point"
"2024-04-14 07:00:00 am","68.6","93.1","70.0","66.6","point"
"2024-04-14 09:00:00 am","71.8","94.8","74.1","70.2","point"
"2024-04-14 11:00:00 am","75.3","89.0","78.3","71.9","point"
"2024-04-14 01:00:00 pm","79.4","80.9","84.7","73.1","point"
"2024-04-14 03:00:00 pm","79.8","83.2","86.0","74.2","point"
"2024-04-14 05:00:00 pm","80.4","82.1","86.9","74.4","point"
"2024-04-14 07:00:00 pm","76.6","85.5","79.5","71.9","point"
"2024-04-14 09:00:00 pm","74.9","94.2","78.4","73.1","point"
"2024-04-14 11:00:00 pm","73.5","95.3","76.5","72.1","point"
"2024-04-15 01:00:00 am","71.7","96.6","73.9","70.7","point"
"2024-04-15 03:00:00 am","69.8","94.3","71.4","68.1","point"
"2024-04-15 05:00:00 am","69.2","93.0","70.5","67.1","point"
"2024-04-15 07:00:00 am","68.3","92.9","69.4","66.2","point"
"2024-04-15 09:00:00 am","71.7","90.8","73.6","68.8","point"
"2024-04-15 11:00:00 am","75.2","78.1","77.0","67.9","point"
"2024-04-15 01:00:00 pm","79.6","62.6","81.3","65.8","point"
"2024-04-15 03:00:00 pm","82.3","47.1","82.2","60.1","point"
"2024-04-15 05:00:00 pm","83.0","62.3","87.1","68.8","point"
"2024-04-15 07:00:00 pm","77.4","86.7","81.7","73.1","point"
"2024-04-15 09:00:00 pm","74.4","92.0","77.4","71.9","point"
"2024-04-15 11:00:00 pm","72.1","94.2","74.7","70.4","point"
"2024-04-16 01:00:00 am","69.7","92.2","71.2","67.4","point"
"2024-04-16 03:00:00 am","69.4","92.1","70.7","67.0","point"
"2024-04-16 05:00:00 am","69.2","89.8","70.3","66.0","point"
"2024-04-16 07:00:00 am","69.1","90.9","70.5","66.3","point"
"2024-04-16 09:00:00 am","73.7","91.4","76.5","71.1","point"
"2024-04-16 11:00:00 am","77.2","79.3","79.9","70.3","point"
"2024-04-16 01:00:00 pm","80.6","77.4","86.4","72.9","point"
"2024-04-16 03:00:00 pm","82.8","71.5","89.2","72.6","point"
"2024-04-16 05:00:00 pm","81.2","75.6","86.9","72.7","point"
"2024-04-16 07:00:00 pm","76.6","88.2","80.2","72.9","point"
"2024-04-16 09:00:00 pm","74.5","92.1","77.5","72.1","point"
"2024-04-16 11:00:00 pm","72.6","94.5","75.2","70.9","point"
"2024-04-17 01:00:00 am","71.5","95.0","73.6","69.9","point"
"2024-04-17 03:00:00 am","69.8","92.7","71.2","67.6","point"
"2024-04-17 05:00:00 am","70.4","91.9","72.0","67.9","point"
"2024-04-17 07:00:00 am","70.2","88.2","71.6","66.5","point"
"2024-04-17 09:00:00 am","72.6","85.4","74.3","67.9","point"
"2024-04-17 11:00:00 am","75.8","83.9","78.4","70.6","point"
"2024-04-17 01:00:00 pm","77.0","76.9","79.3","69.2","point"
"2024-04-17 03:00:00 pm","79.8","76.5","84.6","71.7","point"
"2024-04-17 05:00:00 pm","77.8","83.0","81.7","72.2","point"
"2024-04-17 07:00:00 pm","75.6","90.1","79.0","72.4","point"
"2024-04-17 09:00:00 pm","73.1","88.6","75.4","69.5","point"
"2024-04-17 11:00:00 pm","71.0","92.9","72.7","68.9","point"
"2024-04-18 01:00:00 am","70.6","94.9","72.3","69.1","point"
"2024-04-18 03:00:00 am","69.9","93.4","71.4","67.9","point"
"2024-04-18 05:00:00 am","69.1","86.6","70.0","64.9","point"
"2024-04-18 07:00:00 am","69.2","78.9","69.8","62.4","point"
"2024-04-18 09:00:00 am","72.3","76.7","73.4","64.6","point"
"2024-04-18 11:00:00 am","76.9","71.6","78.3","67.0","point"
"2024-04-18 01:00:00 pm","80.4","71.5","84.7","70.4","point"
"2024-04-18 03:00:00 pm","82.0","72.5","87.6","72.3","point"
"2024-04-18 05:00:00 pm","80.2","75.5","84.9","71.8","point"
"2024-04-18 07:00:00 pm","76.3","91.2","79.9","73.6","point"
"2024-04-18 09:00:00 pm","71.4","97.4","73.4","70.6","point"
"2024-04-18 11:00:00 pm","72.9","98.9","76.1","72.6","point"
"2024-04-19 01:00:00 am","71.5","98.9","73.9","71.2","point"
"2024-04-19 03:00:00 am","71.5","99.1","73.9","71.2","point"
"2024-04-19 05:00:00 am","71.0","99.1","73.0","70.7","point"
"2024-04-19 07:00:00 am","71.0","99.2","73.0","70.7","point"
"2024-04-19 09:00:00 am","72.3","99.1","75.0","72.0","point"
"2024-04-19 11:00:00 am","74.0","98.4","77.5","73.5","point"
"2024-04-19 01:00:00 pm","77.1","94.1","82.0","75.2","point"
"2024-04-19 03:00:00 pm","78.8","90.0","85.6","75.6","point"
"2024-04-19 05:00:00 pm","77.5","89.5","82.0","74.1","point"
"2024-04-19 07:00:00 pm","75.2","94.9","78.6","73.6","point"
"2024-04-19 09:00:00 pm","73.5","96.2","76.5","72.3","point"
"2024-04-19 11:00:00 pm","70.3","98.0","72.1","69.7","point"
"2024-04-20 01:00:00 am","71.5","98.5","73.8","71.0","point"
"2024-04-20 03:00:00 am","69.1","98.2","70.9","68.6","point"
"2024-04-20 05:00:00 am","68.7","99.2","70.5","68.5","point"
"2024-04-20 07:00:00 am","67.3","99.5","69.1","67.1","point"
"2024-04-20 09:00:00 am","69.5","99.4","71.4","69.3","point"
"2024-04-20 11:00:00 am","71.3","99.4","73.6","71.1","point"
"2024-04-20 01:00:00 pm","72.7","99.1","75.7","72.4","point"
"2024-04-20 03:00:00 pm","74.4","98.9","78.3","74.1","point"
"2024-04-20 05:00:00 pm","74.0","96.7","77.4","73.0","point"
"2024-04-20 07:00:00 pm","73.0","96.2","75.7","71.8","point"
"2024-04-20 09:00:00 pm","71.5","96.6","73.6","70.5","point"
"2024-04-20 11:00:00 pm","70.7","95.4","72.3","69.3","point"
"2024-04-21 01:00:00 am","70.1","94.6","71.8","68.5","point"
"2024-04-21 03:00:00 am","70.5","96.0","72.1","69.3","point"
"2024-04-21 05:00:00 am","69.0","95.4","70.5","67.6","point"
"2024-04-21 07:00:00 am","71.1","96.3","73.0","70.0","point"
"2024-04-21 09:00:00 am","73.1","95.1","75.9","71.7","point"
"2024-04-21 11:00:00 am","76.6","91.7","80.4","74.0","point"
"2024-04-21 01:00:00 pm","78.6","91.3","85.5","75.9","point"
"2024-04-21 03:00:00 pm","81.1","86.5","89.6","76.7","point"
"2024-04-21 05:00:00 pm","79.2","90.1","86.4","76.0","point"
"2024-04-21 07:00:00 pm","76.8","94.9","81.1","75.2","point"
"2024-04-21 09:00:00 pm","75.1","95.5","78.8","73.7","point"
"2024-04-21 11:00:00 pm","74.1","96.3","77.2","73.0","point"
"2024-04-22 01:00:00 am","73.4","96.6","76.3","72.4","point"
"2024-04-22 03:00:00 am","72.6","96.8","75.2","71.6","point"
"2024-04-22 05:00:00 am","70.4","95.8","72.1","69.1","point"
"2024-04-22 07:00:00 am","69.4","94.7","70.9","67.8","point"
"2024-04-22 09:00:00 am","72.8","94.3","75.4","71.1","point"
"2024-04-22 11:00:00 am","75.9","87.7","78.8","72.0","point"
"2024-04-22 01:00:00 pm","79.3","85.4","85.3","74.5","point"
"2024-04-22 03:00:00 pm","80.6","83.0","87.8","75.0","point"
"2024-04-22 05:00:00 pm","76.0","90.1","79.3","72.9","point"
"2024-04-22 07:00:00 pm","75.6","85.5","78.3","70.9","point"
"2024-04-22 09:00:00 pm","73.9","91.2","76.5","71.1","point"
"2024-04-22 11:00:00 pm","72.3","92.4","74.7","70.0","point"
"2024-04-23 01:00:00 am","70.6","95.0","72.3","69.1","point"
"2024-04-23 03:00:00 am","70.2","94.5","72.0","68.5","point"
"2024-04-23 05:00:00 am","69.0","87.3","70.0","65.1","point"
"2024-04-23 07:00:00 am","70.4","82.7","71.6","64.9","point"
"2024-04-23 09:00:00 am","73.6","89.3","76.1","70.2","point"
"2024-04-23 11:00:00 am","78.2","81.3","82.2","72.0","point"
"2024-04-23 01:00:00 pm","80.2","83.2","86.7","74.6","point"
"2024-04-23 03:00:00 pm","82.0","78.4","89.6","74.7","point"
"2024-04-23 05:00:00 pm","80.6","79.0","86.9","73.5","point"
"2024-04-23 07:00:00 pm","76.7","91.8","80.8","74.1","point"
"2024-04-23 09:00:00 pm","75.2","92.8","78.4","73.0","point"
"2024-04-23 11:00:00 pm","74.2","94.1","77.4","72.4","point"
"2024-04-24 01:00:00 am","73.5","95.6","76.5","72.2","point"
"2024-04-24 03:00:00 am","73.0","96.3","75.7","71.9","point"
"2024-04-24 05:00:00 am","71.8","95.9","74.1","70.6","point"
"2024-04-24 07:00:00 am","71.2","95.8","73.0","69.9","point"
"2024-04-24 09:00:00 am","73.4","94.5","76.1","71.7","point"
"2024-04-24 11:00:00 am","76.0","88.0","79.2","72.2","point"
"2024-04-24 01:00:00 pm","78.8","79.6","83.5","72.0","point"
"2024-04-24 03:00:00 pm","80.6","80.3","86.7","73.9","point"
"2024-04-24 05:00:00 pm","79.8","81.5","85.6","73.6","point"
"2024-04-24 07:00:00 pm","77.2","89.5","81.7","73.9","point"
"2024-04-24 09:00:00 pm","74.1","89.7","76.6","70.9","point"
"2024-04-24 11:00:00 pm","73.3","92.7","75.9","71.0","point"
"2024-04-25 01:00:00 am","71.5","93.9","73.6","69.6","point"
"2024-04-25 03:00:00 am","70.3","92.7","71.8","68.1","point"
"2024-04-25 05:00:00 am","69.6","89.3","70.7","66.3","point"
"2024-04-25 07:00:00 am","70.1","84.0","71.2","65.0","point"
"2024-04-25 09:00:00 am","73.8","87.8","76.3","70.0","point"
"2024-04-25 11:00:00 am","77.2","80.7","80.1","70.8","point"
"2024-04-25 01:00:00 pm","79.0","68.2","81.5","67.6","point"
"2024-04-25 03:00:00 pm","82.6","75.4","90.0","74.0","point"
"2024-04-25 05:00:00 pm","80.6","79.9","87.1","73.8","point"
"2024-04-25 07:00:00 pm","76.6","84.3","79.3","71.5","point"
"2024-04-25 09:00:00 pm","73.8","87.7","76.3","69.9","point"
"2024-04-25 11:00:00 pm","73.4","91.7","76.1","70.8","point"
"2024-04-26 01:00:00 am","71.2","92.9","72.9","69.0","point"
"2024-04-26 03:00:00 am","68.9","88.8","70.2","65.5","point"
"2024-04-26 05:00:00 am","68.8","83.4","69.6","63.5","point"
"2024-04-26 07:00:00 am","69.9","81.0","70.7","63.8","point"
"2024-04-26 09:00:00 am","73.7","80.5","75.4","67.3","point"
"2024-04-26 11:00:00 am","77.7","78.2","80.6","70.4","point"
"2024-04-26 01:00:00 pm","81.1","73.4","86.2","71.8","point"
"2024-04-26 03:00:00 pm","82.9","73.5","89.8","73.5","point"
"2024-04-26 05:00:00 pm","81.0","75.9","86.7","72.7","point"
"2024-04-26 07:00:00 pm","76.1","81.4","78.4","70.0","point"
"2024-04-26 09:00:00 pm","74.2","90.0","76.8","71.1","point"
"2024-04-26 11:00:00 pm","73.0","92.5","75.4","70.6","point"
"2024-04-27 01:00:00 am","72.1","93.1","74.1","70.0","point"
"2024-04-27 03:00:00 am","70.5","87.5","71.8","66.6","point"
"2024-04-27 05:00:00 am","72.7","74.5","73.8","64.1","point"
"2024-04-27 07:00:00 am","72.6","72.3","73.4","63.2","point"
"2024-04-27 09:00:00 am","76.1","82.0","78.4","70.2","point"
"2024-04-27 11:00:00 am","78.4","71.4","80.8","68.3","point"
"2024-04-27 01:00:00 pm","82.1","63.0","85.5","68.3","point"
"2024-04-27 03:00:00 pm","84.4","66.3","91.6","71.9","point"
"2024-04-27 05:00:00 pm","82.7","77.1","90.5","74.8","point"
"2024-04-27 07:00:00 pm","77.6","87.9","82.2","73.7","point"
"2024-04-27 09:00:00 pm","75.6","90.7","79.0","72.6","point"
"2024-04-27 11:00:00 pm","74.1","93.2","77.0","72.0","point"
"2024-04-28 01:00:00 am","74.0","92.9","77.0","71.8","point"
"2024-04-28 03:00:00 am","72.0","93.2","74.1","69.9","point"
"2024-04-28 05:00:00 am","72.2","95.8","74.7","70.9","point"
"2024-04-28 07:00:00 am","72.2","94.8","74.7","70.6","point"
"2024-04-28 09:00:00 am","74.0","94.4","77.2","72.3","point"
"2024-04-28 11:00:00 am","78.1","77.2","81.5","70.4","point"
"2024-04-28 01:00:00 pm","81.3","77.1","87.4","73.4","point"
"2024-04-28 03:00:00 pm","83.1","75.8","91.0","74.7","point"
"2024-04-28 05:00:00 pm","81.4","78.9","88.3","74.2","point"
"2024-04-28 07:00:00 pm","77.4","87.1","81.7","73.2","point"
"2024-04-28 09:00:00 pm","75.4","91.8","78.8","72.9","point"
"2024-04-28 11:00:00 pm","74.9","93.6","78.3","73.0","point"
"2024-04-29 01:00:00 am","72.2","91.8","74.5","69.6","point"
"2024-04-29 03:00:00 am","70.8","90.9","72.5","68.0","point"
"2024-04-29 05:00:00 am","71.5","93.4","73.4","69.5","point"
"2024-04-29 07:00:00 am","71.1","94.1","73.0","69.3","point"
"2024-04-29 09:00:00 am","73.4","88.8","75.9","69.9","point"
"2024-04-29 11:00:00 am","78.3","80.5","82.4","71.8","point"
"2024-04-29 01:00:00 pm","81.2","75.3","86.9","72.6","point"
"2024-04-29 03:00:00 pm","83.4","71.8","90.7","73.3","point"
"2024-04-29 05:00:00 pm","81.8","71.5","86.9","71.7","point"
"2024-04-29 07:00:00 pm","78.0","82.0","82.0","72.1","point"
"2024-04-29 09:00:00 pm","75.6","90.2","79.0","72.5","point"
"2024-04-29 11:00:00 pm","74.3","92.4","77.4","72.0","point"
"2024-04-30 01:00:00 am","72.9","93.6","75.4","70.9","point"
"2024-04-30 03:00:00 am","71.5","94.0","73.6","69.6","point"
"2024-04-30 05:00:00 am","70.9","92.5","72.7","68.6","point"
"2024-04-30 07:00:00 am","70.0","89.4","71.4","66.7","point"
"2024-04-30 09:00:00 am","73.1","91.2","75.6","70.4","point"
"2024-04-30 11:00:00 am","77.1","80.8","80.1","70.7","point"
"2024-04-30 01:00:00 pm","80.4","76.5","85.8","72.4","point"
"2024-04-30 03:00:00 pm","81.3","76.7","87.3","73.2","point"
"2024-04-30 05:00:00 pm","79.2","81.2","84.4","73.0","point"
"2024-04-30 07:00:00 pm","77.1","89.1","81.1","73.6","point"
"2024-04-30 09:00:00 pm","75.5","91.4","78.8","72.9","point"
"2024-04-30 11:00:00 pm","74.0","93.3","77.0","71.9","point"
"2024-05-01 01:00:00 am","73.8","95.5","77.0","72.4","point"
"2024-05-01 03:00:00 am","72.8","95.0","75.4","71.2","point"
"2024-05-01 05:00:00 am","72.7","94.5","75.4","71.0","point"
"2024-05-01 07:00:00 am","72.5","93.4","75.0","70.5","point"
"2024-05-01 09:00:00 am","74.0","91.3","76.8","71.3","point"
"2024-05-01 11:00:00 am","77.3","84.7","81.0","72.4","point"
"2024-05-01 01:00:00 pm","80.5","77.0","86.0","72.6","point"
"2024-05-01 03:00:00 pm","81.5","77.2","87.8","73.6","point"
"2024-05-01 05:00:00 pm","79.4","82.2","85.1","73.5","point"
"2024-05-01 07:00:00 pm","77.3","88.6","81.5","73.6","point"
"2024-05-01 09:00:00 pm","75.3","89.0","78.3","71.8","point"
"2024-05-01 11:00:00 pm","73.7","88.9","76.1","70.2","point"
"2024-05-02 01:00:00 am","73.3","90.8","75.7","70.5","point"
"2024-05-02 03:00:00 am","73.1","91.3","75.6","70.4","point"
"2024-05-02 05:00:00 am","71.5","92.3","73.4","69.2","point"
"2024-05-02 07:00:00 am","71.2","93.4","72.9","69.2","point"
"2024-05-02 09:00:00 am","74.0","91.3","76.8","71.3","point"
"2024-05-02 11:00:00 am","78.0","86.2","82.8","73.5","point"
"2024-05-02 01:00:00 pm","80.9","79.2","87.4","73.9","point"
"2024-05-02 03:00:00 pm","83.2","77.1","91.9","75.3","point"
"2024-05-02 05:00:00 pm","81.7","79.9","89.2","74.9","point"
"2024-05-02 07:00:00 pm","78.3","84.8","83.3","73.4","point"
"2024-05-02 09:00:00 pm","76.9","90.7","81.0","74.0","point"
"2024-05-02 11:00:00 pm","75.8","93.3","79.5","73.7","point"
"2024-05-03 01:00:00 am","74.8","94.3","78.1","73.0","point"
"2024-05-03 03:00:00 am","74.2","95.4","77.5","72.8","point"
"2024-05-03 05:00:00 am","71.2","86.2","72.5","66.8","point"
"2024-05-03 07:00:00 am","69.1","76.4","69.3","61.3","point"
"2024-05-03 09:00:00 am","71.6","83.2","73.2","66.3","point"
"2024-05-03 11:00:00 am","77.1","84.5","80.4","72.1","point"
"2024-05-03 01:00:00 pm","78.7","80.3","83.1","72.1","point"
"2024-05-03 03:00:00 pm","79.5","79.0","84.4","72.4","point"
"2024-05-03 05:00:00 pm","78.6","82.3","83.7","72.8","point"
"2024-05-03 07:00:00 pm","77.0","85.3","80.6","72.2","point"
"2024-05-03 09:00:00 pm","74.3","86.6","76.6","70.0","point"
"2024-05-03 11:00:00 pm","72.1","87.8","73.9","68.3","point"
"2024-05-04 01:00:00 am","71.1","91.0","72.9","68.3","point"
"2024-05-04 03:00:00 am","71.5","89.6","73.2","68.3","point"
"2024-05-04 05:00:00 am","72.1","88.0","73.9","68.4","point"
"2024-05-04 07:00:00 am","70.6","91.3","72.1","68.0","point"
"2024-05-04 09:00:00 am","73.4","92.2","76.1","71.0","point"
"2024-05-04 11:00:00 am","75.4","76.4","77.2","67.5","point"
"2024-05-04 01:00:00 pm","80.6","69.1","84.2","69.5","point"
"2024-05-04 03:00:00 pm","81.5","70.8","86.2","71.1","point"
"2024-05-04 05:00:00 pm","80.0","72.6","84.0","70.3","point"
"2024-05-04 07:00:00 pm","76.9","83.5","80.1","71.5","point"
"2024-05-04 09:00:00 pm","74.2","88.8","76.8","70.6","point"
"2024-05-04 11:00:00 pm","71.2","90.7","72.9","68.3","point"
"2024-05-05 01:00:00 am","69.8","93.1","71.4","67.7","point"
"2024-05-05 03:00:00 am","68.2","92.4","69.4","65.9","point"
"2024-05-05 05:00:00 am","67.1","92.8","68.2","65.0","point"
"2024-05-05 07:00:00 am","65.3","89.8","65.8","62.2","point"
"2024-05-05 09:00:00 am","69.7","85.8","70.7","65.3","point"
"2024-05-05 11:00:00 am","75.3","77.9","77.0","67.9","point"
"2024-05-05 01:00:00 pm","77.9","70.5","80.1","67.5","point"
"2024-05-05 03:00:00 pm","80.5","65.8","83.5","68.0","point"
"2024-05-05 05:00:00 pm","78.9","72.0","82.0","69.1","point"
"2024-05-05 07:00:00 pm","75.5","75.7","77.0","67.2","point"
"2024-05-05 09:00:00 pm","72.9","90.6","75.4","70.0","point"
"2024-05-05 11:00:00 pm","72.3","89.8","74.5","69.2","point"
"2024-05-06 01:00:00 am","71.4","90.6","73.2","68.5","point"
"2024-05-06 03:00:00 am","71.3","89.8","73.0","68.2","point"
"2024-05-06 05:00:00 am","71.4","90.6","73.2","68.5","point"
"2024-05-06 07:00:00 am","71.3","89.3","73.0","68.0","point"
"2024-05-06 09:00:00 am","72.5","87.9","74.3","68.7","point"
"2024-05-06 11:00:00 am","75.7","79.1","77.5","68.8","point"
"2024-05-06 01:00:00 pm","78.8","74.9","82.4","70.2","point"
"2024-05-06 03:00:00 pm","80.5","72.9","84.9","71.0","point"
"2024-05-06 05:00:00 pm","78.6","77.5","82.2","71.0","point"
"2024-05-06 07:00:00 pm","75.6","85.0","78.3","70.8","point"
"2024-05-06 09:00:00 pm","74.2","88.0","76.6","70.4","point"
"2024-05-06 11:00:00 pm","73.5","90.9","76.1","70.6","point"
"2024-05-07 01:00:00 am","73.1","92.2","75.6","70.7","point"
"2024-05-07 03:00:00 am","72.8","92.8","75.2","70.5","point"
"2024-05-07 05:00:00 am","72.5","93.8","75.0","70.6","point"
"2024-05-07 07:00:00 am","71.7","93.9","73.9","69.9","point"
"2024-05-07 09:00:00 am","70.4","94.2","72.1","68.6","point"
"2024-05-07 11:00:00 am","75.7","93.2","79.2","73.5","point"
"2024-05-07 01:00:00 pm","78.5","82.3","83.3","72.6","point"
"2024-05-07 03:00:00 pm","79.4","84.6","85.6","74.3","point"
"2024-05-07 05:00:00 pm","77.0","89.6","81.1","73.7","point"
"2024-05-07 07:00:00 pm","74.8","96.7","78.4","73.8","point"
"2024-05-07 09:00:00 pm","73.7","97.5","76.8","72.9","point"
"2024-05-07 11:00:00 pm","73.3","97.7","76.5","72.6","point"
"2024-05-08 01:00:00 am","72.2","98.0","74.8","71.6","point"
"2024-05-08 03:00:00 am","71.5","98.1","73.8","71.0","point"
"2024-05-08 05:00:00 am","70.5","98.1","72.3","69.9","point"
"2024-05-08 07:00:00 am","70.4","98.1","72.3","69.8","point"
"2024-05-08 09:00:00 am","72.7","98.0","75.7","72.1","point"
"2024-05-08 11:00:00 am","74.4","97.7","78.1","73.7","point"
"2024-05-08 01:00:00 pm","76.6","92.4","80.4","74.2","point"
"2024-05-08 03:00:00 pm","78.3","92.1","84.6","75.8","point"
"2024-05-08 05:00:00 pm","77.7","73.8","80.1","68.6","point"
"2024-05-08 07:00:00 pm","67.2","95.6","68.4","65.9","point"
"2024-05-08 09:00:00 pm","70.8","97.1","72.7","70.0","point"
"2024-05-08 11:00:00 pm","71.5","97.2","73.6","70.6","point"
"2024-05-09 01:00:00 am","70.6","96.9","72.3","69.7","point"
"2024-05-09 03:00:00 am","69.9","96.9","71.6","69.0","point"
"2024-05-09 05:00:00 am","70.3","97.2","72.0","69.4","point"
"2024-05-09 07:00:00 am","70.4","96.9","72.1","69.4","point"
"2024-05-09 09:00:00 am","72.3","96.7","74.7","71.3","point"
"2024-05-09 11:00:00 am","75.3","91.5","78.6","72.6","point"
"2024-05-09 01:00:00 pm","77.6","88.3","82.2","73.8","point"
"2024-05-09 03:00:00 pm","79.5","83.3","85.6","74.0","point"
"2024-05-09 05:00:00 pm","68.0","96.0","69.4","66.8","point"
"2024-05-09 07:00:00 pm","69.8","96.9","71.4","68.8","point"
"2024-05-09 09:00:00 pm","70.6","97.2","72.3","69.8","point"
"2024-05-09 11:00:00 pm","70.8","97.5","72.7","70.0","point"
"2024-05-10 01:00:00 am","69.8","97.3","71.6","69.0","point"
"2024-05-10 03:00:00 am","70.8","97.6","72.9","70.1","point"
"2024-05-10 05:00:00 am","70.1","97.3","71.8","69.3","point"
"2024-05-10 07:00:00 am","70.3","97.2","72.0","69.5","point"
"2024-05-10 09:00:00 am","71.8","97.3","74.1","71.0","point"
"2024-05-10 11:00:00 am","74.2","93.8","77.4","72.3","point"
"2024-05-10 01:00:00 pm","76.8","92.2","80.8","74.4","point"
"2024-05-10 03:00:00 pm","78.3","84.6","83.3","73.2","point"
"2024-05-10 05:00:00 pm","77.6","85.2","81.7","72.8","point"
"2024-05-10 07:00:00 pm","76.1","90.5","79.3","73.1","point"
"2024-05-10 09:00:00 pm","74.5","93.7","77.7","72.6","point"
"2024-05-10 11:00:00 pm","73.8","95.1","77.0","72.2","point"
"2024-05-11 01:00:00 am","72.4","95.1","74.8","70.9","point"
"2024-05-11 03:00:00 am","69.9","92.0","71.4","67.5","point"
"2024-05-11 05:00:00 am","69.5","93.5","70.9","67.6","point"
"2024-05-11 07:00:00 am","69.5","92.5","70.9","67.3","point"
"2024-05-11 09:00:00 am","72.0","93.6","74.1","70.0","point"
"2024-05-11 11:00:00 am","75.8","88.5","78.8","72.2","point"
"2024-05-11 01:00:00 pm","78.7","86.6","84.4","74.3","point"
"2024-05-11 03:00:00 pm","71.5","92.5","73.4","69.2","point"
"2024-05-11 05:00:00 pm","70.4","96.9","72.1","69.5","point"
"2024-05-11 07:00:00 pm","69.7","97.3","71.4","68.9","point"
"2024-05-11 09:00:00 pm","71.2","97.5","73.2","70.4","point"
"2024-05-11 11:00:00 pm","71.1","97.7","73.2","70.4","point"
"2024-05-12 01:00:00 am","71.5","97.9","73.8","70.9","point"
"2024-05-12 03:00:00 am","71.2","98.0","73.2","70.6","point"
"2024-05-12 05:00:00 am","70.1","98.0","72.0","69.5","point"
"2024-05-12 07:00:00 am","71.0","98.0","73.0","70.4","point"
"2024-05-12 09:00:00 am","72.8","98.0","75.7","72.2","point"
"2024-05-12 11:00:00 am","75.0","97.6","78.8","74.2","point"
"2024-05-12 01:00:00 pm","76.1","94.0","79.9","74.2","point"
"2024-05-12 03:00:00 pm","76.7","96.3","81.5","75.6","point"
"2024-05-12 05:00:00 pm","66.5","97.9","68.0","65.8","point"
