"Device Name","D2 - 2815033"
"Device Model","Kestrel DROP 2"
"Serial Number","2815033"
"FORMATTED DATE_TIME","Temperature","Relative Humidity","Heat Index","Dew Point","Data Type","Record name","Start time","Duration (H:M:S)","Location description","Location address","Location coordinates","Notes"
"YYYY-MM-DD HH:MM:SS","°F","%","°F","°F"
"2000-01-01 12:10:00 am","73.1","16.3","68.7","24.7","point"
"2000-01-01 12:20:00 am","72.7","16.4","68.5","24.5","point"
"2000-01-01 12:30:00 am","72.4","16.5","68.2","24.5","point"
"2000-01-01 12:40:00 am","73.0","18.3","68.9","27.4","point"
"2023-02-01 11:00:00 am","73.8","54.7","73.0","56.5","point"
"2023-02-01 11:10:00 am","73.5","55.2","73.0","56.5","point"
"2023-02-01 11:20:00 am","73.5","55.4","73.0","56.5","point"
"2023-02-01 11:30:00 am","73.1","56.3","72.7","56.6","point"
"2023-02-01 11:40:00 am","76.6","50.8","75.6","57.0","point"
"2023-02-01 11:50:00 am","74.4","53.0","73.6","56.2","point"
"2023-02-01 12:00:00 pm","73.6","54.4","73.0","56.1","point"
"2023-02-01 12:10:00 pm","73.1","55.3","72.7","56.2","point"
"2023-02-01 12:20:00 pm","72.9","55.7","72.5","56.1","point"
"2023-02-01 12:30:00 pm","72.8","56.0","72.3","56.1","point"
"2023-02-01 12:40:00 pm","72.8","56.1","72.3","56.2","point"
"2023-02-01 12:50:00 pm","72.7","56.2","72.3","56.2","point"
"2023-02-01 01:00:00 pm","72.6","56.3","72.1","56.2","point"
"2023-02-01 01:10:00 pm","72.7","56.2","72.3","56.2","point"
"2023-02-01 01:20:00 pm","72.6","56.1","72.1","56.1","point"
"2023-02-01 01:30:00 pm","72.6","56.0","72.1","56.0","point"
"2023-02-01 01:40:00 pm","72.6","55.9","72.1","56.0","point"
"2023-02-01 01:50:00 pm","72.6","55.8","72.1","55.9","point"
"2023-02-01 02:00:00 pm","72.6","55.7","72.1","55.9","point"
"2023-02-01 02:10:00 pm","72.6","55.5","72.1","55.8","point"
"2023-02-01 02:20:00 pm","72.6","55.4","72.1","55.7","point"
"2023-02-01 02:30:00 pm","72.6","55.3","72.1","55.6","point"
"2023-02-01 02:40:00 pm","72.5","55.1","72.0","55.5","point"
"2023-02-01 02:50:00 pm","72.4","55.1","72.0","55.4","point"
"2023-02-01 03:00:00 pm","72.5","54.8","71.8","55.3","point"
"2023-02-01 03:10:00 pm","72.4","54.7","71.8","55.2","point"
"2023-02-01 03:20:00 pm","72.6","55.0","72.0","55.5","point"
"2023-02-01 03:30:00 pm","72.8","54.6","72.1","55.5","point"
"2023-02-01 03:40:00 pm","72.8","54.4","72.1","55.4","point"
"2023-02-01 03:50:00 pm","72.8","54.4","72.1","55.4","point"
"2023-02-01 04:00:00 pm","72.7","54.5","72.1","55.4","point"
"2023-02-01 04:10:00 pm","72.7","54.6","72.1","55.4","point"
"2023-02-01 04:20:00 pm","72.7","54.6","72.1","55.4","point"
"2023-02-01 04:30:00 pm","72.8","54.7","72.1","55.5","point"
"2023-02-01 04:40:00 pm","72.7","54.6","72.1","55.4","point"
"2023-02-01 04:50:00 pm","72.8","54.6","72.1","55.4","point"
"2023-02-01 05:00:00 pm","72.7","54.6","72.1","55.4","point"
"2023-02-01 05:10:00 pm","72.7","54.4","72.1","55.3","point"
"2023-02-01 05:20:00 pm","72.8","54.6","72.1","55.4","point"
"2023-02-01 05:30:00 pm","72.8","54.3","72.1","55.3","point"
"2023-02-01 05:40:00 pm","72.7","54.1","72.1","55.1","point"
"2023-02-01 05:50:00 pm","72.7","53.9","72.1","55.1","point"
"2023-02-01 06:00:00 pm","72.7","53.9","72.1","55.1","point"
"2023-02-01 06:10:00 pm","72.8","53.8","72.1","55.0","point"
"2023-02-01 06:20:00 pm","72.7","53.5","72.1","54.8","point"
"2023-02-01 06:30:00 pm","72.5","53.7","71.8","54.7","point"
"2023-02-01 06:40:00 pm","72.4","53.6","71.8","54.6","point"
"2023-02-01 06:50:00 pm","72.3","53.6","71.6","54.5","point"
"2023-02-01 07:00:00 pm","72.3","53.6","71.6","54.5","point"
"2023-02-01 07:10:00 pm","72.2","53.5","71.6","54.4","point"
"2023-02-01 07:20:00 pm","72.1","53.5","71.4","54.3","point"
"2023-02-01 07:30:00 pm","72.1","53.5","71.4","54.3","point"
"2023-02-01 07:40:00 pm","72.1","53.6","71.4","54.3","point"
"2023-02-01 07:50:00 pm","72.0","53.7","71.4","54.3","point"
"2023-02-01 08:00:00 pm","72.0","53.7","71.4","54.3","point"
"2023-02-01 08:10:00 pm","72.0","53.8","71.4","54.3","point"
"2023-02-01 08:20:00 pm","71.9","53.8","71.2","54.2","point"
"2023-02-01 08:30:00 pm","72.0","53.8","71.4","54.3","point"
"2023-02-01 08:40:00 pm","71.9","53.8","71.2","54.3","point"
"2023-02-01 08:50:00 pm","71.9","53.9","71.2","54.3","point"
"2023-02-01 09:00:00 pm","71.9","54.0","71.2","54.3","point"
"2023-02-01 09:10:00 pm","71.9","54.0","71.2","54.3","point"
"2023-02-01 09:20:00 pm","71.9","54.0","71.2","54.3","point"
"2023-02-01 09:30:00 pm","71.8","53.9","71.2","54.2","point"
"2023-02-01 09:40:00 pm","71.8","53.8","71.2","54.2","point"
"2023-02-01 09:50:00 pm","71.8","53.9","71.2","54.2","point"
"2023-02-01 10:00:00 pm","71.7","53.9","71.1","54.2","point"
"2023-02-01 10:10:00 pm","71.7","54.0","71.1","54.2","point"
"2023-02-01 10:20:00 pm","71.7","54.0","71.1","54.2","point"
"2023-02-01 10:30:00 pm","71.7","54.0","71.1","54.2","point"
"2023-02-01 10:40:00 pm","71.7","54.0","71.1","54.2","point"
"2023-02-01 10:50:00 pm","71.7","54.0","71.1","54.2","point"
"2023-02-01 11:00:00 pm","71.7","54.0","71.1","54.2","point"
"2023-02-01 11:10:00 pm","71.6","54.0","71.1","54.1","point"
"2023-02-01 11:20:00 pm","71.6","54.0","71.1","54.1","point"
"2023-02-01 11:30:00 pm","71.6","54.0","71.1","54.1","point"
"2023-02-01 11:40:00 pm","71.6","54.1","71.1","54.1","point"
"2023-02-01 11:50:00 pm","71.6","54.1","71.1","54.1","point"
"2023-02-02 12:00:00 am","71.6","54.1","70.9","54.1","point"
"2023-02-02 12:10:00 am","71.6","54.1","70.9","54.1","point"
"2023-02-02 12:20:00 am","71.5","54.0","70.9","54.0","point"
"2023-02-02 12:30:00 am","71.5","54.0","70.9","54.0","point"
"2023-02-02 12:40:00 am","71.6","54.1","71.1","54.2","point"
"2023-02-02 12:50:00 am","71.7","54.1","71.1","54.2","point"
"2023-02-02 01:00:00 am","71.8","54.1","71.2","54.3","point"
"2023-02-02 01:10:00 am","71.9","54.1","71.2","54.4","point"
"2023-02-02 01:20:00 am","71.9","54.1","71.2","54.4","point"
"2023-02-02 01:30:00 am","71.9","54.1","71.2","54.4","point"
"2023-02-02 01:40:00 am","72.0","54.1","71.4","54.5","point"
"2023-02-02 01:50:00 am","72.0","54.1","71.4","54.5","point"
"2023-02-02 02:00:00 am","72.0","54.2","71.4","54.5","point"
"2023-02-02 02:10:00 am","72.0","54.2","71.4","54.6","point"
"2023-02-02 02:20:00 am","72.0","54.2","71.4","54.6","point"
"2023-02-02 02:30:00 am","72.1","54.2","71.4","54.6","point"
"2023-02-02 02:40:00 am","72.0","54.2","71.4","54.6","point"
"2023-02-02 02:50:00 am","72.1","54.2","71.4","54.6","point"
"2023-02-02 03:00:00 am","72.1","54.2","71.4","54.6","point"
"2023-02-02 03:10:00 am","72.1","54.2","71.4","54.7","point"
"2023-02-02 03:20:00 am","72.1","54.2","71.4","54.6","point"
"2023-02-02 03:30:00 am","72.1","54.2","71.4","54.6","point"
"2023-02-02 03:40:00 am","72.1","54.2","71.4","54.6","point"
"2023-02-02 03:50:00 am","72.1","54.2","71.6","54.7","point"
"2023-02-02 04:00:00 am","72.1","54.2","71.6","54.7","point"
"2023-02-02 04:10:00 am","72.1","54.2","71.6","54.7","point"
"2023-02-02 04:20:00 am","72.2","54.2","71.6","54.8","point"
"2023-02-02 04:30:00 am","72.1","54.3","71.6","54.7","point"
"2023-02-02 04:40:00 am","72.2","54.3","71.6","54.8","point"
"2023-02-02 04:50:00 am","72.2","54.3","71.6","54.8","point"
"2023-02-02 05:00:00 am","72.2","54.3","71.6","54.8","point"
"2023-02-02 05:10:00 am","72.2","54.3","71.6","54.8","point"
"2023-02-02 05:20:00 am","72.2","54.3","71.6","54.8","point"
"2023-02-02 05:30:00 am","72.2","54.1","71.6","54.7","point"
"2023-02-02 05:40:00 am","72.2","54.0","71.6","54.6","point"
"2023-02-02 05:50:00 am","72.1","53.9","71.4","54.5","point"
"2023-02-02 06:00:00 am","72.1","53.9","71.4","54.5","point"
"2023-02-02 06:10:00 am","72.0","53.9","71.4","54.4","point"
"2023-02-02 06:20:00 am","72.0","53.9","71.4","54.4","point"
"2023-02-02 06:30:00 am","71.9","53.8","71.2","54.3","point"
"2023-02-02 06:40:00 am","71.9","53.8","71.2","54.3","point"
"2023-02-02 06:50:00 am","71.9","53.8","71.2","54.2","point"
"2023-02-02 07:00:00 am","71.8","53.8","71.2","54.2","point"
"2023-02-02 07:10:00 am","71.8","53.8","71.2","54.2","point"
"2023-02-02 07:20:00 am","71.8","53.7","71.2","54.1","point"
"2023-02-02 07:30:00 am","71.8","53.7","71.2","54.1","point"
"2023-02-02 07:40:00 am","71.7","53.8","71.1","54.1","point"
"2023-02-02 07:50:00 am","71.7","53.8","71.1","54.1","point"
"2023-02-02 08:00:00 am","71.7","53.8","71.1","54.1","point"
"2023-02-02 08:10:00 am","71.7","53.8","71.1","54.1","point"
"2023-02-02 08:20:00 am","71.7","53.8","71.1","54.1","point"
"2023-02-02 08:30:00 am","71.7","53.8","71.1","54.1","point"
"2023-02-02 08:40:00 am","71.7","53.8","71.1","54.0","point"
"2023-02-02 08:50:00 am","71.6","53.7","71.1","53.9","point"
"2023-02-02 09:00:00 am","71.6","53.5","71.1","53.9","point"
"2023-02-02 09:10:00 am","71.6","53.4","70.9","53.7","point"
"2023-02-02 09:20:00 am","71.5","53.2","70.9","53.6","point"
"2023-02-02 09:30:00 am","71.7","53.2","71.1","53.7","point"
"2023-02-02 09:40:00 am","71.8","52.8","71.2","53.7","point"
"2023-02-02 09:50:00 am","72.0","52.8","71.4","53.8","point"
"2023-02-02 10:00:00 am","72.2","52.3","71.4","53.8","point"
"2023-02-02 10:10:00 am","72.4","51.4","71.6","53.5","point"
"2023-02-02 10:20:00 am","72.7","51.0","71.8","53.5","point"
"2023-02-02 10:30:00 am","72.6","50.2","71.8","53.0","point"
"2023-02-02 10:40:00 am","72.8","50.9","71.8","53.6","point"
"2023-02-02 10:50:00 am","72.8","50.6","71.8","53.4","point"
"2023-02-02 11:00:00 am","72.6","50.6","71.8","53.2","point"
"2023-02-02 11:10:00 am","72.6","50.4","71.8","53.1","point"
"2023-02-02 11:20:00 am","72.7","50.7","71.8","53.3","point"
"2023-02-02 11:30:00 am","72.9","50.4","72.0","53.4","point"
"2023-02-02 11:40:00 am","73.0","50.7","72.0","53.7","point"
"2023-02-02 11:50:00 am","73.1","50.5","72.1","53.6","point"
"2023-02-02 12:00:00 pm","73.0","50.4","72.0","53.4","point"
"2023-02-02 12:10:00 pm","73.0","49.7","71.8","53.1","point"
"2023-02-02 12:20:00 pm","72.9","49.6","71.8","53.0","point"
"2023-02-02 12:30:00 pm","72.9","49.0","71.8","52.6","point"
"2023-02-02 12:40:00 pm","72.9","49.0","71.8","52.6","point"
"2023-02-02 12:50:00 pm","72.9","49.0","71.8","52.6","point"
"2023-02-02 01:00:00 pm","72.9","47.9","71.8","52.0","point"
"2023-02-02 01:10:00 pm","72.9","47.5","71.8","51.8","point"
"2023-02-02 01:20:00 pm","72.8","48.3","71.6","52.2","point"
"2023-02-02 01:30:00 pm","72.8","48.1","71.6","52.1","point"
"2023-02-02 01:40:00 pm","72.8","47.8","71.6","51.9","point"
"2023-02-02 01:50:00 pm","72.8","48.2","71.6","52.1","point"
"2023-02-02 02:00:00 pm","72.8","48.1","71.6","52.1","point"
"2023-02-02 02:10:00 pm","72.9","46.3","71.6","51.1","point"
"2023-02-02 02:20:00 pm","73.0","45.5","71.6","50.7","point"
"2023-02-02 02:30:00 pm","73.0","44.7","71.4","50.2","point"
"2023-02-02 02:40:00 pm","73.0","45.2","71.6","50.5","point"
"2023-02-02 02:50:00 pm","73.0","45.3","71.6","50.6","point"
"2023-02-02 03:00:00 pm","73.0","44.7","71.4","50.3","point"
"2023-02-02 03:10:00 pm","73.0","44.6","71.4","50.2","point"
"2023-02-02 03:20:00 pm","73.0","44.6","71.4","50.2","point"
"2023-02-02 03:30:00 pm","73.1","44.2","71.6","50.0","point"
"2023-02-02 03:40:00 pm","73.1","43.5","71.6","49.6","point"
"2023-02-02 03:50:00 pm","73.1","44.1","71.6","50.0","point"
"2023-02-02 04:00:00 pm","73.1","43.6","71.6","49.7","point"
"2023-02-02 04:10:00 pm","73.2","43.7","71.6","49.8","point"
"2023-02-02 04:20:00 pm","73.3","43.2","71.6","49.6","point"
"2023-02-02 04:30:00 pm","73.3","42.9","71.6","49.4","point"
"2023-02-02 04:40:00 pm","73.4","42.9","71.8","49.5","point"
"2023-02-02 04:50:00 pm","74.5","42.8","72.7","50.4","point"
"2023-02-02 05:00:00 pm","73.9","41.5","72.0","49.1","point"
"2023-02-02 05:10:00 pm","73.7","42.1","72.0","49.2","point"
"2023-02-02 05:20:00 pm","73.7","41.7","71.8","48.9","point"
"2023-02-02 05:30:00 pm","73.5","40.5","71.6","48.1","point"
"2023-02-02 05:40:00 pm","73.5","42.4","71.8","49.3","point"
"2023-02-02 05:50:00 pm","73.7","44.1","72.1","50.5","point"
"2023-02-02 06:00:00 pm","74.0","44.0","72.3","50.7","point"
"2023-02-02 06:10:00 pm","74.0","44.3","72.3","50.9","point"
"2023-02-02 06:20:00 pm","73.7","44.5","72.1","50.8","point"
"2023-02-02 06:30:00 pm","73.5","44.9","72.0","50.8","point"
"2023-02-02 06:40:00 pm","73.3","45.1","72.0","50.8","point"
"2023-02-02 06:50:00 pm","73.2","45.4","71.8","50.8","point"
"2023-02-02 07:00:00 pm","73.1","45.4","71.8","50.7","point"
"2023-02-02 07:10:00 pm","73.0","45.6","71.6","50.7","point"
"2023-02-02 07:20:00 pm","73.0","45.9","71.6","50.9","point"
"2023-02-02 07:30:00 pm","72.9","46.2","71.6","51.0","point"
"2023-02-02 07:40:00 pm","72.9","46.3","71.6","51.1","point"
"2023-02-02 07:50:00 pm","72.8","46.4","71.4","51.1","point"
"2023-02-02 08:00:00 pm","72.8","46.5","71.4","51.1","point"
"2023-02-02 08:10:00 pm","72.8","46.5","71.4","51.1","point"
"2023-02-02 08:20:00 pm","72.7","46.5","71.4","51.0","point"
"2023-02-02 08:30:00 pm","72.7","46.6","71.4","51.1","point"
"2023-02-02 08:40:00 pm","72.7","46.7","71.4","51.1","point"
"2023-02-02 08:50:00 pm","72.6","46.8","71.4","51.1","point"
"2023-02-02 09:00:00 pm","72.6","46.8","71.4","51.1","point"
"2023-02-02 09:10:00 pm","72.6","46.8","71.4","51.1","point"
"2023-02-02 09:20:00 pm","72.6","46.9","71.4","51.1","point"
"2023-02-02 09:30:00 pm","72.6","46.9","71.4","51.1","point"
"2023-02-02 09:40:00 pm","72.5","47.0","71.2","51.1","point"
"2023-02-02 09:50:00 pm","72.5","47.1","71.2","51.2","point"
"2023-02-02 10:00:00 pm","72.5","47.2","71.2","51.2","point"
"2023-02-02 10:10:00 pm","72.5","47.3","71.2","51.3","point"
"2023-02-02 10:20:00 pm","72.5","47.4","71.2","51.4","point"
"2023-02-02 10:30:00 pm","72.4","47.5","71.2","51.3","point"
"2023-02-02 10:40:00 pm","72.4","47.6","71.2","51.4","point"
"2023-02-02 10:50:00 pm","72.4","47.6","71.2","51.4","point"
"2023-02-02 11:00:00 pm","72.4","47.4","71.2","51.3","point"
"2023-02-02 11:10:00 pm","72.4","47.5","71.2","51.3","point"
"2023-02-02 11:20:00 pm","72.3","47.5","71.2","51.3","point"
"2023-02-02 11:30:00 pm","72.3","47.5","71.2","51.3","point"
"2023-02-02 11:40:00 pm","72.3","47.5","71.2","51.3","point"
"2023-02-02 11:50:00 pm","72.3","47.6","71.2","51.3","point"
"2023-02-03 12:00:00 am","72.3","47.6","71.2","51.3","point"
"2023-02-03 12:10:00 am","72.3","47.6","71.2","51.3","point"
"2023-02-03 12:20:00 am","72.3","47.6","71.2","51.3","point"
"2023-02-03 12:30:00 am","72.3","47.5","71.2","51.2","point"
"2023-02-03 12:40:00 am","72.3","47.6","71.2","51.3","point"
"2023-02-03 12:50:00 am","72.3","47.6","71.2","51.4","point"
"2023-02-03 01:00:00 am","72.4","47.6","71.2","51.4","point"
"2023-02-03 01:10:00 am","72.4","47.6","71.2","51.4","point"
"2023-02-03 01:20:00 am","72.5","47.4","71.2","51.4","point"
"2023-02-03 01:30:00 am","72.5","47.4","71.2","51.4","point"
"2023-02-03 01:40:00 am","72.5","47.5","71.2","51.4","point"
"2023-02-03 01:50:00 am","72.5","47.5","71.4","51.4","point"
"2023-02-03 02:00:00 am","72.5","47.5","71.4","51.4","point"
"2023-02-03 02:10:00 am","72.5","47.5","71.4","51.5","point"
"2023-02-03 02:20:00 am","72.6","47.6","71.4","51.5","point"
"2023-02-03 02:30:00 am","72.6","47.5","71.4","51.5","point"
"2023-02-03 02:40:00 am","72.6","47.5","71.4","51.5","point"
"2023-02-03 02:50:00 am","72.6","47.6","71.4","51.5","point"
"2023-02-03 03:00:00 am","72.6","47.4","71.4","51.4","point"
"2023-02-03 03:10:00 am","72.6","47.4","71.4","51.4","point"
"2023-02-03 03:20:00 am","72.6","47.3","71.4","51.4","point"
"2023-02-03 03:30:00 am","72.5","47.4","71.4","51.4","point"
"2023-02-03 03:40:00 am","72.6","47.3","71.4","51.4","point"
"2023-02-03 03:50:00 am","72.6","47.3","71.4","51.4","point"
"2023-02-03 04:00:00 am","72.6","47.3","71.4","51.4","point"
"2023-02-03 04:10:00 am","72.6","47.2","71.4","51.4","point"
"2023-02-03 04:20:00 am","72.6","47.2","71.4","51.3","point"
"2023-02-03 04:30:00 am","72.6","47.2","71.4","51.4","point"
"2023-02-03 04:40:00 am","72.6","47.1","71.4","51.4","point"
"2023-02-03 04:50:00 am","72.6","47.2","71.4","51.4","point"
"2023-02-03 05:00:00 am","72.6","47.1","71.4","51.4","point"
"2023-02-03 05:10:00 am","72.7","47.1","71.4","51.4","point"
"2023-02-03 05:20:00 am","72.7","47.0","71.4","51.3","point"
"2023-02-03 05:30:00 am","72.7","46.8","71.4","51.2","point"
"2023-02-03 05:40:00 am","72.6","46.6","71.2","50.9","point"
"2023-02-03 05:50:00 am","72.4","46.5","71.1","50.8","point"
"2023-02-03 06:00:00 am","72.4","46.5","71.1","50.8","point"
"2023-02-03 06:10:00 am","72.3","46.4","71.1","50.6","point"
"2023-02-03 06:20:00 am","72.3","46.4","71.1","50.6","point"
"2023-02-03 06:30:00 am","72.2","46.4","71.1","50.6","point"
"2023-02-03 06:40:00 am","72.2","46.4","71.1","50.5","point"
"2023-02-03 06:50:00 am","72.1","46.4","71.1","50.5","point"
"2023-02-03 07:00:00 am","72.1","46.3","70.9","50.4","point"
"2023-02-03 07:10:00 am","72.1","46.3","70.9","50.3","point"
"2023-02-03 07:20:00 am","72.0","46.2","70.9","50.3","point"
"2023-02-03 07:30:00 am","72.0","46.2","70.9","50.2","point"
"2023-02-03 07:40:00 am","72.0","46.2","70.9","50.2","point"
"2023-02-03 07:50:00 am","72.0","46.1","70.9","50.1","point"
"2023-02-03 08:00:00 am","71.9","46.0","70.7","50.0","point"
"2023-02-03 08:10:00 am","71.9","45.9","70.7","49.9","point"
"2023-02-03 08:20:00 am","71.8","45.8","70.7","49.9","point"
"2023-02-03 08:30:00 am","71.8","45.8","70.7","49.8","point"
"2023-02-03 08:40:00 am","71.8","45.6","70.7","49.7","point"
"2023-02-03 08:50:00 am","71.7","45.4","70.5","49.4","point"
"2023-02-03 09:00:00 am","71.7","45.3","70.5","49.4","point"
"2023-02-03 09:10:00 am","71.7","45.1","70.5","49.3","point"
"2023-02-03 09:20:00 am","71.7","44.8","70.3","49.2","point"
"2023-02-03 09:30:00 am","71.7","44.6","70.3","49.0","point"
"2023-02-03 09:40:00 am","71.6","44.4","70.3","48.8","point"
"2023-02-03 09:50:00 am","71.6","44.3","70.2","48.7","point"
"2023-02-03 10:00:00 am","71.6","44.3","70.3","48.8","point"
"2023-02-03 10:10:00 am","71.9","44.5","70.5","49.1","point"
"2023-02-03 10:20:00 am","72.2","44.3","70.9","49.2","point"
"2023-02-03 10:30:00 am","72.3","43.4","70.9","48.9","point"
"2023-02-03 10:40:00 am","72.4","42.0","70.7","48.0","point"
"2023-02-03 10:50:00 am","72.2","40.3","70.5","46.8","point"
"2023-02-03 11:00:00 am","72.2","40.2","70.5","46.7","point"
"2023-02-03 11:10:00 am","72.1","40.0","70.3","46.5","point"
"2023-02-03 11:20:00 am","72.1","40.1","70.5","46.5","point"
"2023-02-03 11:30:00 am","72.2","40.3","70.5","46.7","point"
"2023-02-03 11:40:00 am","72.1","39.5","70.2","46.1","point"
"2023-02-03 11:50:00 am","72.1","39.7","70.2","46.3","point"
"2023-02-03 12:00:00 pm","72.2","39.7","70.3","46.4","point"
"2023-02-03 12:10:00 pm","72.3","37.6","70.2","45.0","point"
"2023-02-03 12:20:00 pm","72.3","37.1","70.2","44.7","point"
"2023-02-03 12:30:00 pm","72.3","37.2","70.2","44.7","point"
"2023-02-03 12:40:00 pm","72.5","36.8","70.3","44.6","point"
"2023-02-03 12:50:00 pm","72.5","36.2","70.2","44.1","point"
"2023-02-03 01:00:00 pm","72.5","36.3","70.2","44.2","point"
"2023-02-03 01:10:00 pm","72.4","36.4","70.2","44.3","point"
"2023-02-03 01:20:00 pm","72.5","35.5","70.2","43.6","point"
"2023-02-03 01:30:00 pm","72.5","36.4","70.3","44.3","point"
"2023-02-03 01:40:00 pm","72.5","35.6","70.2","43.7","point"
"2023-02-03 01:50:00 pm","72.5","35.9","70.3","44.0","point"
"2023-02-03 02:00:00 pm","72.5","37.5","70.3","45.1","point"
"2023-02-03 02:10:00 pm","72.4","37.8","70.3","45.3","point"
"2023-02-03 02:20:00 pm","72.5","38.3","70.3","45.7","point"
"2023-02-03 02:30:00 pm","72.7","38.3","70.7","45.8","point"
"2023-02-03 02:40:00 pm","72.9","38.6","71.1","46.2","point"
"2023-02-03 02:50:00 pm","73.0","38.2","70.9","46.0","point"
"2023-02-03 03:00:00 pm","72.9","38.5","70.9","46.1","point"
"2023-02-03 03:10:00 pm","72.8","38.5","70.7","46.1","point"
"2023-02-03 03:20:00 pm","72.8","38.7","70.9","46.2","point"
"2023-02-03 03:30:00 pm","73.0","38.9","71.1","46.5","point"
"2023-02-03 03:40:00 pm","72.9","38.9","71.1","46.4","point"
"2023-02-03 03:50:00 pm","72.8","39.1","70.9","46.5","point"
"2023-02-03 04:00:00 pm","72.8","39.1","70.9","46.4","point"
"2023-02-03 04:10:00 pm","72.7","39.3","70.9","46.6","point"
"2023-02-03 04:20:00 pm","72.7","39.6","70.9","46.7","point"
"2023-02-03 04:30:00 pm","72.7","40.1","70.9","47.1","point"
"2023-02-03 04:40:00 pm","72.7","40.4","70.9","47.3","point"
"2023-02-03 04:50:00 pm","72.7","40.9","71.1","47.6","point"
"2023-02-03 05:00:00 pm","72.9","41.1","71.2","47.9","point"
"2023-02-03 05:10:00 pm","72.8","41.0","71.1","47.8","point"
"2023-02-03 05:20:00 pm","72.8","41.1","71.1","47.8","point"
"2023-02-03 05:30:00 pm","72.8","41.2","71.1","47.9","point"
"2023-02-03 05:40:00 pm","73.1","41.1","71.2","48.0","point"
"2023-02-03 05:50:00 pm","73.3","40.9","71.4","48.1","point"
"2023-02-03 06:00:00 pm","73.1","41.1","71.2","48.1","point"
"2023-02-03 06:10:00 pm","73.1","41.6","71.2","48.4","point"
"2023-02-03 06:20:00 pm","73.3","41.1","71.4","48.2","point"
"2023-02-03 06:30:00 pm","73.1","41.2","71.2","48.2","point"
"2023-02-03 06:40:00 pm","72.9","41.5","71.2","48.2","point"
"2023-02-03 06:50:00 pm","72.8","41.7","71.1","48.1","point"
"2023-02-03 07:00:00 pm","72.6","41.8","70.9","48.1","point"
"2023-02-03 07:10:00 pm","72.5","42.0","70.9","48.1","point"
"2023-02-03 07:20:00 pm","72.5","42.1","70.7","48.2","point"
"2023-02-03 07:30:00 pm","72.4","42.2","70.7","48.1","point"
"2023-02-03 07:40:00 pm","72.3","42.4","70.7","48.3","point"
"2023-02-03 07:50:00 pm","72.3","42.6","70.7","48.3","point"
"2023-02-03 08:00:00 pm","72.3","42.8","70.7","48.4","point"
"2023-02-03 08:10:00 pm","72.2","43.0","70.7","48.5","point"
"2023-02-03 08:20:00 pm","72.2","43.2","70.7","48.6","point"
"2023-02-03 08:30:00 pm","72.2","43.4","70.7","48.7","point"
"2023-02-03 08:40:00 pm","72.1","43.5","70.9","48.7","point"
"2023-02-03 08:50:00 pm","72.1","43.6","70.7","48.8","point"
"2023-02-03 09:00:00 pm","72.1","43.7","70.7","48.8","point"
"2023-02-03 09:10:00 pm","72.1","43.9","70.7","48.9","point"
"2023-02-03 09:20:00 pm","72.0","43.9","70.7","48.9","point"
"2023-02-03 09:30:00 pm","72.0","44.0","70.7","48.9","point"
"2023-02-03 09:40:00 pm","72.0","44.1","70.7","48.9","point"
"2023-02-03 09:50:00 pm","72.0","44.2","70.7","49.0","point"
"2023-02-03 10:00:00 pm","71.9","44.4","70.5","49.1","point"
"2023-02-03 10:10:00 pm","71.9","44.4","70.5","49.1","point"
"2023-02-03 10:20:00 pm","71.9","44.5","70.5","49.1","point"
"2023-02-03 10:30:00 pm","71.9","44.6","70.5","49.2","point"
"2023-02-03 10:40:00 pm","71.9","44.6","70.5","49.1","point"
"2023-02-03 10:50:00 pm","71.8","44.7","70.5","49.2","point"
"2023-02-03 11:00:00 pm","71.8","44.6","70.5","49.1","point"
"2023-02-03 11:10:00 pm","71.8","44.6","70.5","49.1","point"
"2023-02-03 11:20:00 pm","71.8","44.7","70.5","49.1","point"
"2023-02-03 11:30:00 pm","71.7","44.8","70.3","49.2","point"
"2023-02-03 11:40:00 pm","71.7","45.0","70.3","49.2","point"
"2023-02-03 11:50:00 pm","71.7","45.0","70.5","49.3","point"
"2023-02-04 12:00:00 am","71.7","45.1","70.5","49.3","point"
"2023-02-04 12:10:00 am","71.7","45.1","70.5","49.3","point"
"2023-02-04 12:20:00 am","71.7","45.2","70.5","49.3","point"
"2023-02-04 12:30:00 am","71.7","45.2","70.5","49.3","point"
"2023-02-04 12:40:00 am","71.6","45.3","70.5","49.3","point"
"2023-02-04 12:50:00 am","71.7","45.6","70.5","49.5","point"
"2023-02-04 01:00:00 am","71.8","45.6","70.7","49.7","point"
"2023-02-04 01:10:00 am","71.8","45.7","70.7","49.8","point"
"2023-02-04 01:20:00 am","71.9","45.7","70.7","49.8","point"
"2023-02-04 01:30:00 am","71.9","45.6","70.7","49.8","point"
"2023-02-04 01:40:00 am","72.0","45.6","70.9","49.8","point"
"2023-02-04 01:50:00 am","72.0","45.7","70.9","49.9","point"
"2023-02-04 02:00:00 am","72.0","45.8","70.9","50.0","point"
"2023-02-04 02:10:00 am","72.0","45.9","70.9","50.1","point"
"2023-02-04 02:20:00 am","72.1","45.9","70.9","50.1","point"
"2023-02-04 02:30:00 am","72.0","45.8","70.9","50.0","point"
"2023-02-04 02:40:00 am","72.1","45.9","70.9","50.1","point"
"2023-02-04 02:50:00 am","72.1","45.8","70.9","50.1","point"
"2023-02-04 03:00:00 am","72.1","45.9","70.9","50.2","point"
"2023-02-04 03:10:00 am","72.1","45.8","70.9","50.1","point"
"2023-02-04 03:20:00 am","72.1","45.9","70.9","50.1","point"
"2023-02-04 03:30:00 am","72.1","45.9","70.9","50.2","point"
"2023-02-04 03:40:00 am","72.1","46.0","70.9","50.2","point"
"2023-02-04 03:50:00 am","72.1","46.0","71.1","50.3","point"
"2023-02-04 04:00:00 am","72.1","46.2","70.9","50.3","point"
"2023-02-04 04:10:00 am","72.2","46.3","71.1","50.5","point"
"2023-02-04 04:20:00 am","72.2","46.3","71.1","50.4","point"
"2023-02-04 04:30:00 am","72.2","46.4","71.1","50.5","point"
"2023-02-04 04:40:00 am","72.1","46.4","71.1","50.5","point"
"2023-02-04 04:50:00 am","72.1","46.5","71.1","50.5","point"
"2023-02-04 05:00:00 am","72.2","46.5","71.1","50.5","point"
"2023-02-04 05:10:00 am","72.2","46.6","71.1","50.6","point"
"2023-02-04 05:20:00 am","72.2","46.5","71.1","50.6","point"
"2023-02-04 05:30:00 am","72.2","46.5","71.1","50.6","point"
"2023-02-04 05:40:00 am","72.1","46.5","70.9","50.5","point"
"2023-02-04 05:50:00 am","72.2","46.5","71.1","50.6","point"
"2023-02-04 06:00:00 am","72.2","46.5","71.1","50.5","point"
"2023-02-04 06:10:00 am","72.2","46.5","71.1","50.5","point"
"2023-02-04 06:20:00 am","72.1","46.5","70.9","50.5","point"
"2023-02-04 06:30:00 am","72.0","46.6","70.9","50.5","point"
"2023-02-04 06:40:00 am","72.0","46.6","70.9","50.5","point"
"2023-02-04 06:50:00 am","72.0","46.7","70.9","50.5","point"
"2023-02-04 07:00:00 am","71.9","46.8","70.7","50.5","point"
"2023-02-04 07:10:00 am","71.9","46.8","70.7","50.5","point"
"2023-02-04 07:20:00 am","71.8","46.8","70.7","50.4","point"
"2023-02-04 07:30:00 am","71.8","46.7","70.7","50.3","point"
"2023-02-04 07:40:00 am","71.8","46.8","70.7","50.4","point"
"2023-02-04 07:50:00 am","71.7","46.8","70.5","50.3","point"
"2023-02-04 08:00:00 am","71.7","46.9","70.5","50.4","point"
"2023-02-04 08:10:00 am","71.7","46.9","70.5","50.4","point"
"2023-02-04 08:20:00 am","71.7","46.9","70.5","50.3","point"
"2023-02-04 08:30:00 am","71.7","46.9","70.5","50.3","point"
"2023-02-04 08:40:00 am","71.7","46.9","70.5","50.3","point"
"2023-02-04 08:50:00 am","71.6","46.9","70.3","50.2","point"
"2023-02-04 09:00:00 am","71.6","46.9","70.5","50.3","point"
"2023-02-04 09:10:00 am","71.6","46.8","70.3","50.2","point"
"2023-02-04 09:20:00 am","71.6","46.7","70.3","50.1","point"
"2023-02-04 09:30:00 am","71.5","46.5","70.3","49.9","point"
"2023-02-04 09:40:00 am","71.5","46.4","70.3","49.9","point"
"2023-02-04 09:50:00 am","71.3","46.5","70.2","49.8","point"
"2023-02-04 10:00:00 am","71.5","46.5","70.3","49.9","point"
"2023-02-04 10:10:00 am","71.5","46.5","70.3","49.9","point"
"2023-02-04 10:20:00 am","71.4","46.5","70.2","49.8","point"
"2023-02-04 10:30:00 am","71.5","46.5","70.3","49.9","point"
"2023-02-04 10:40:00 am","71.5","46.3","70.3","49.8","point"
"2023-02-04 10:50:00 am","71.3","46.2","70.2","49.6","point"
"2023-02-04 11:00:00 am","71.3","46.1","70.2","49.5","point"
"2023-02-04 11:10:00 am","71.5","46.1","70.3","49.7","point"
"2023-02-04 11:20:00 am","71.5","46.1","70.3","49.7","point"
"2023-02-04 11:30:00 am","71.3","46.1","70.2","49.5","point"
"2023-02-04 11:40:00 am","71.5","46.1","70.3","49.6","point"
"2023-02-04 11:50:00 am","71.4","46.1","70.2","49.6","point"
"2023-02-04 12:00:00 pm","71.4","46.1","70.2","49.6","point"
"2023-02-04 12:10:00 pm","71.3","46.1","70.2","49.6","point"
"2023-02-04 12:20:00 pm","71.3","46.0","70.2","49.4","point"
"2023-02-04 12:30:00 pm","71.2","46.1","70.0","49.4","point"
"2023-02-04 12:40:00 pm","71.3","46.0","70.2","49.4","point"
"2023-02-04 12:50:00 pm","71.2","45.9","70.0","49.3","point"
"2023-02-04 01:00:00 pm","71.2","45.8","70.0","49.2","point"
"2023-02-04 01:10:00 pm","71.2","45.7","70.0","49.2","point"
"2023-02-04 01:20:00 pm","71.4","45.5","70.2","49.3","point"
"2023-02-04 01:30:00 pm","71.3","45.4","70.2","49.1","point"
"2023-02-04 01:40:00 pm","71.2","45.4","70.0","49.0","point"
"2023-02-04 01:50:00 pm","71.2","45.4","70.0","49.0","point"
"2023-02-04 02:00:00 pm","71.2","45.3","70.0","48.9","point"
"2023-02-04 02:10:00 pm","71.2","45.4","70.0","49.0","point"
"2023-02-04 02:20:00 pm","71.3","45.3","70.2","49.0","point"
"2023-02-04 02:30:00 pm","71.2","45.4","70.0","49.0","point"
"2023-02-04 02:40:00 pm","71.4","45.5","70.2","49.3","point"
"2023-02-04 02:50:00 pm","71.2","45.4","70.0","49.0","point"
"2023-02-04 03:00:00 pm","71.3","45.6","70.2","49.2","point"
"2023-02-04 03:10:00 pm","71.2","45.6","70.0","49.1","point"
"2023-02-04 03:20:00 pm","71.2","45.5","70.0","49.0","point"
"2023-02-04 03:30:00 pm","71.1","45.4","70.0","48.9","point"
"2023-02-04 03:40:00 pm","71.2","45.5","70.0","49.1","point"
"2023-02-04 03:50:00 pm","71.2","45.6","70.0","49.1","point"
"2023-02-04 04:00:00 pm","71.3","45.6","70.2","49.2","point"
"2023-02-04 04:10:00 pm","71.1","45.7","70.0","49.1","point"
"2023-02-04 04:20:00 pm","71.2","45.8","70.0","49.2","point"
"2023-02-04 04:30:00 pm","71.1","45.8","70.0","49.2","point"
"2023-02-04 04:40:00 pm","71.2","45.9","70.0","49.2","point"
"2023-02-04 04:50:00 pm","71.2","45.9","70.0","49.3","point"
"2023-02-04 05:00:00 pm","71.4","45.8","70.2","49.4","point"
"2023-02-04 05:10:00 pm","71.3","45.7","70.2","49.2","point"
"2023-02-04 05:20:00 pm","71.2","45.7","70.0","49.2","point"
"2023-02-04 05:30:00 pm","71.2","45.6","70.0","49.1","point"
"2023-02-04 05:40:00 pm","71.1","45.6","70.0","49.1","point"
"2023-02-04 05:50:00 pm","71.3","45.8","70.2","49.3","point"
"2023-02-04 06:00:00 pm","71.3","45.8","70.2","49.3","point"
"2023-02-04 06:10:00 pm","71.2","45.8","70.0","49.3","point"
"2023-02-04 06:20:00 pm","71.2","45.9","70.0","49.3","point"
"2023-02-04 06:30:00 pm","71.2","45.8","70.0","49.2","point"
"2023-02-04 06:40:00 pm","71.2","46.0","70.0","49.4","point"
"2023-02-04 06:50:00 pm","71.2","46.0","70.0","49.3","point"
"2023-02-04 07:00:00 pm","71.3","46.0","70.2","49.4","point"
"2023-02-04 07:10:00 pm","71.3","46.1","70.2","49.6","point"
"2023-02-04 07:20:00 pm","71.2","46.0","70.0","49.3","point"
"2023-02-04 07:30:00 pm","71.2","45.9","70.0","49.3","point"
"2023-02-04 07:40:00 pm","71.4","46.0","70.2","49.6","point"
"2023-02-04 07:50:00 pm","71.2","46.2","70.0","49.4","point"
"2023-02-04 08:00:00 pm","71.4","46.3","70.2","49.7","point"
"2023-02-04 08:10:00 pm","71.2","46.4","70.0","49.6","point"
"2023-02-04 08:20:00 pm","71.3","46.5","70.2","49.8","point"
"2023-02-04 08:30:00 pm","71.3","46.6","70.2","49.8","point"
"2023-02-04 08:40:00 pm","71.2","46.7","70.0","49.8","point"
"2023-02-04 08:50:00 pm","71.5","46.8","70.3","50.1","point"
"2023-02-04 09:00:00 pm","71.5","46.8","70.3","50.2","point"
"2023-02-04 09:10:00 pm","71.4","46.8","70.2","50.0","point"
"2023-02-04 09:20:00 pm","71.2","46.7","70.0","49.8","point"
"2023-02-04 09:30:00 pm","71.4","46.7","70.2","50.0","point"
"2023-02-04 09:40:00 pm","71.3","46.7","70.2","49.9","point"
"2023-02-04 09:50:00 pm","71.3","46.9","70.2","50.0","point"
"2023-02-04 10:00:00 pm","71.2","47.0","70.0","50.0","point"
"2023-02-04 10:10:00 pm","71.3","47.0","70.2","50.1","point"
"2023-02-04 10:20:00 pm","71.2","47.0","70.0","50.0","point"
"2023-02-04 10:30:00 pm","71.3","47.1","70.2","50.1","point"
"2023-02-04 10:40:00 pm","71.3","47.1","70.2","50.1","point"
"2023-02-04 10:50:00 pm","71.5","46.8","70.3","50.1","point"
"2023-02-04 11:00:00 pm","71.3","46.9","70.2","49.9","point"
"2023-02-04 11:10:00 pm","71.2","47.0","70.0","49.9","point"
"2023-02-04 11:20:00 pm","71.3","47.0","70.2","50.1","point"
"2023-02-04 11:30:00 pm","71.3","47.1","70.2","50.1","point"
"2023-02-04 11:40:00 pm","71.2","47.1","70.0","50.0","point"
"2023-02-04 11:50:00 pm","71.4","47.2","70.2","50.3","point"
"2023-02-05 12:00:00 am","71.2","47.3","70.0","50.1","point"
"2023-02-05 12:10:00 am","71.3","47.4","70.2","50.3","point"
"2023-02-05 12:20:00 am","71.3","47.5","70.3","50.4","point"
"2023-02-05 12:30:00 am","71.5","47.6","70.5","50.6","point"
"2023-02-05 12:40:00 am","71.3","47.6","70.3","50.4","point"
"2023-02-05 12:50:00 am","71.4","47.7","70.3","50.5","point"
"2023-02-05 01:00:00 am","71.5","47.8","70.5","50.7","point"
"2023-02-05 01:10:00 am","71.7","47.8","70.7","50.8","point"
"2023-02-05 01:20:00 am","71.4","47.9","70.3","50.6","point"
"2023-02-05 01:30:00 am","71.5","47.9","70.5","50.7","point"
"2023-02-05 01:40:00 am","71.7","47.9","70.7","50.9","point"
"2023-02-05 01:50:00 am","71.7","47.9","70.7","50.9","point"
"2023-02-05 02:00:00 am","71.5","47.9","70.5","50.7","point"
"2023-02-05 02:10:00 am","71.5","48.0","70.5","50.7","point"
"2023-02-05 02:20:00 am","71.6","48.1","70.7","51.0","point"
"2023-02-05 02:30:00 am","71.7","48.1","70.7","51.0","point"
"2023-02-05 02:40:00 am","71.5","48.1","70.5","50.9","point"
"2023-02-05 02:50:00 am","71.7","48.3","70.7","51.1","point"
"2023-02-05 03:00:00 am","71.5","48.3","70.5","51.0","point"
"2023-02-05 03:10:00 am","71.7","48.2","70.7","51.1","point"
"2023-02-05 03:20:00 am","71.5","48.1","70.5","50.9","point"
"2023-02-05 03:30:00 am","71.5","48.2","70.5","50.9","point"
"2023-02-05 03:40:00 am","71.5","48.2","70.5","50.9","point"
"2023-02-05 03:50:00 am","71.6","48.2","70.5","51.0","point"
"2023-02-05 04:00:00 am","71.7","48.2","70.7","51.1","point"
"2023-02-05 04:10:00 am","71.8","48.2","70.9","51.2","point"
"2023-02-05 04:20:00 am","71.6","48.2","70.5","51.0","point"
"2023-02-05 04:30:00 am","71.8","48.2","70.9","51.1","point"
"2023-02-05 04:40:00 am","71.7","48.1","70.7","51.0","point"
"2023-02-05 04:50:00 am","71.6","48.1","70.7","51.0","point"
"2023-02-05 05:00:00 am","71.8","48.1","70.9","51.2","point"
"2023-02-05 05:10:00 am","71.6","48.1","70.7","51.0","point"
"2023-02-05 05:20:00 am","71.7","48.0","70.7","51.0","point"
"2023-02-05 05:30:00 am","71.7","47.7","70.7","50.8","point"
"2023-02-05 05:40:00 am","71.7","47.7","70.7","50.7","point"
"2023-02-05 05:50:00 am","71.5","47.7","70.5","50.6","point"
"2023-02-05 06:00:00 am","71.5","47.7","70.5","50.6","point"
"2023-02-05 06:10:00 am","71.6","47.7","70.5","50.7","point"
"2023-02-05 06:20:00 am","71.4","47.7","70.3","50.5","point"
"2023-02-05 06:30:00 am","71.3","47.7","70.3","50.4","point"
"2023-02-05 06:40:00 am","71.5","47.7","70.5","50.6","point"
"2023-02-05 06:50:00 am","71.4","47.7","70.3","50.5","point"
"2023-02-05 07:00:00 am","71.4","47.5","70.3","50.4","point"
"2023-02-05 07:10:00 am","71.2","47.5","70.2","50.2","point"
"2023-02-05 07:20:00 am","71.2","47.5","70.2","50.2","point"
"2023-02-05 07:30:00 am","71.3","47.5","70.3","50.3","point"
"2023-02-05 07:40:00 am","71.3","47.6","70.3","50.3","point"
"2023-02-05 07:50:00 am","71.2","47.6","70.2","50.3","point"
"2023-02-05 08:00:00 am","71.1","47.6","70.2","50.2","point"
"2023-02-05 08:10:00 am","71.1","47.6","70.2","50.2","point"
"2023-02-05 08:20:00 am","71.1","47.7","70.2","50.2","point"
"2023-02-05 08:30:00 am","71.0","47.7","70.0","50.2","point"
"2023-02-05 08:40:00 am","71.0","47.7","70.0","50.2","point"
"2023-02-05 08:50:00 am","71.0","47.7","70.0","50.1","point"
"2023-02-05 09:00:00 am","71.1","47.7","70.2","50.2","point"
"2023-02-05 09:10:00 am","71.1","47.7","70.2","50.2","point"
"2023-02-05 09:20:00 am","71.2","47.7","70.2","50.3","point"
"2023-02-05 09:30:00 am","70.9","47.6","70.0","50.0","point"
"2023-02-05 09:40:00 am","71.0","47.5","70.0","50.1","point"
"2023-02-05 09:50:00 am","71.0","47.5","69.8","50.1","point"
"2023-02-05 10:00:00 am","71.0","47.5","69.8","50.0","point"
"2023-02-05 10:10:00 am","70.9","47.4","69.8","49.9","point"
"2023-02-05 10:20:00 am","70.9","47.3","69.8","49.8","point"
"2023-02-05 10:30:00 am","70.9","46.9","69.8","49.6","point"
"2023-02-05 10:40:00 am","70.8","46.8","69.8","49.5","point"
"2023-02-05 10:50:00 am","71.0","46.7","69.8","49.6","point"
"2023-02-05 11:00:00 am","70.8","46.5","69.8","49.3","point"
"2023-02-05 11:10:00 am","70.9","46.2","69.8","49.2","point"
"2023-02-05 11:20:00 am","70.8","46.1","69.8","49.1","point"
"2023-02-05 11:30:00 am","70.8","46.1","69.8","49.0","point"
"2023-02-05 11:40:00 am","70.7","46.1","69.4","48.9","point"
"2023-02-05 11:50:00 am","71.0","46.0","69.8","49.2","point"
"2023-02-05 12:00:00 pm","70.8","46.0","69.8","49.0","point"
"2023-02-05 12:10:00 pm","70.7","45.9","69.4","48.8","point"
"2023-02-05 12:20:00 pm","70.8","45.9","69.8","48.9","point"
"2023-02-05 12:30:00 pm","70.6","45.8","69.4","48.8","point"
"2023-02-05 12:40:00 pm","70.6","45.9","69.4","48.8","point"
"2023-02-05 12:50:00 pm","70.6","45.9","69.4","48.8","point"
"2023-02-05 01:00:00 pm","70.6","45.8","69.4","48.8","point"
"2023-02-05 01:10:00 pm","70.8","45.8","69.8","48.8","point"
"2023-02-05 01:20:00 pm","70.6","45.7","69.4","48.7","point"
"2023-02-05 01:30:00 pm","70.6","45.6","69.4","48.6","point"
"2023-02-05 01:40:00 pm","70.6","45.6","69.4","48.6","point"
"2023-02-05 01:50:00 pm","70.5","45.7","69.4","48.6","point"
"2023-02-05 02:00:00 pm","70.5","45.6","69.4","48.5","point"
"2023-02-05 02:10:00 pm","70.5","45.6","69.3","48.5","point"
"2023-02-05 02:20:00 pm","70.6","45.6","69.4","48.6","point"
"2023-02-05 02:30:00 pm","70.6","45.5","69.4","48.6","point"
"2023-02-05 02:40:00 pm","70.5","45.6","69.4","48.5","point"
"2023-02-05 02:50:00 pm","70.6","45.5","69.4","48.5","point"
"2023-02-05 03:00:00 pm","70.6","45.4","69.4","48.5","point"
"2023-02-05 03:10:00 pm","70.6","45.5","69.4","48.5","point"
"2023-02-05 03:20:00 pm","70.7","45.3","69.8","48.5","point"
"2023-02-05 03:30:00 pm","70.5","45.3","69.4","48.3","point"
"2023-02-05 03:40:00 pm","70.6","45.3","69.4","48.4","point"
"2023-02-05 03:50:00 pm","70.6","45.5","69.4","48.5","point"
"2023-02-05 04:00:00 pm","70.6","45.6","69.4","48.6","point"
"2023-02-05 04:10:00 pm","70.7","45.7","69.4","48.7","point"
"2023-02-05 04:20:00 pm","70.6","45.9","69.4","48.8","point"
"2023-02-05 04:30:00 pm","70.6","45.9","69.4","48.8","point"
"2023-02-05 04:40:00 pm","70.6","46.0","69.4","48.8","point"
"2023-02-05 04:50:00 pm","70.6","46.1","69.4","49.0","point"
"2023-02-05 05:00:00 pm","70.6","46.1","69.4","48.9","point"
"2023-02-05 05:10:00 pm","70.6","46.0","69.4","48.9","point"
"2023-02-05 05:20:00 pm","70.7","45.9","69.4","48.8","point"
"2023-02-05 05:30:00 pm","70.6","45.9","69.4","48.8","point"
"2023-02-05 05:40:00 pm","70.7","46.0","69.4","48.9","point"
"2023-02-05 05:50:00 pm","70.9","46.2","69.8","49.2","point"
"2023-02-05 06:00:00 pm","70.7","46.3","69.4","49.1","point"
"2023-02-05 06:10:00 pm","70.8","46.4","69.8","49.3","point"
"2023-02-05 06:20:00 pm","70.8","46.4","69.8","49.2","point"
"2023-02-05 06:30:00 pm","70.8","46.5","69.8","49.4","point"
"2023-02-05 06:40:00 pm","70.7","46.7","69.4","49.3","point"
"2023-02-05 06:50:00 pm","70.8","46.7","69.8","49.4","point"
"2023-02-05 07:00:00 pm","70.6","46.8","69.4","49.4","point"
"2023-02-05 07:10:00 pm","70.6","47.0","69.4","49.4","point"
"2023-02-05 07:20:00 pm","70.6","46.9","69.4","49.4","point"
"2023-02-05 07:30:00 pm","70.8","46.9","69.8","49.6","point"
"2023-02-05 07:40:00 pm","70.8","47.0","69.8","49.6","point"
"2023-02-05 07:50:00 pm","70.7","47.2","69.8","49.6","point"
"2023-02-05 08:00:00 pm","70.7","47.4","69.4","49.7","point"
"2023-02-05 08:10:00 pm","70.7","47.5","70.0","49.8","point"
"2023-02-05 08:20:00 pm","70.8","47.7","70.0","49.9","point"
"2023-02-05 08:30:00 pm","70.6","47.8","69.6","49.9","point"
"2023-02-05 08:40:00 pm","70.7","47.9","69.6","50.0","point"
"2023-02-05 08:50:00 pm","70.7","47.9","69.6","50.0","point"
"2023-02-05 09:00:00 pm","70.8","48.0","70.0","50.1","point"
"2023-02-05 09:10:00 pm","70.8","48.1","70.0","50.2","point"
"2023-02-05 09:20:00 pm","70.6","48.2","69.6","50.1","point"
"2023-02-05 09:30:00 pm","70.9","48.2","70.0","50.3","point"
"2023-02-05 09:40:00 pm","70.7","48.2","70.0","50.2","point"
"2023-02-05 09:50:00 pm","70.7","48.3","69.6","50.2","point"
"2023-02-05 10:00:00 pm","70.9","48.5","70.0","50.5","point"
"2023-02-05 10:10:00 pm","70.6","48.6","69.6","50.3","point"
"2023-02-05 10:20:00 pm","70.6","48.7","69.6","50.4","point"
"2023-02-05 10:30:00 pm","70.7","48.9","70.0","50.6","point"
"2023-02-05 10:40:00 pm","70.6","49.0","69.6","50.6","point"
"2023-02-05 10:50:00 pm","70.6","49.2","69.6","50.6","point"
"2023-02-05 11:00:00 pm","70.8","49.3","70.0","50.9","point"
"2023-02-05 11:10:00 pm","70.7","49.4","70.0","50.8","point"
"2023-02-05 11:20:00 pm","70.7","49.5","70.0","50.9","point"
"2023-02-05 11:30:00 pm","70.8","49.6","70.0","51.0","point"
"2023-02-05 11:40:00 pm","70.6","49.8","69.6","50.9","point"
"2023-02-05 11:50:00 pm","70.6","50.0","69.6","51.0","point"
"2023-02-06 12:00:00 am","70.7","50.1","69.8","51.2","point"
"2023-02-06 12:10:00 am","70.9","49.9","70.0","51.3","point"
"2023-02-06 12:20:00 am","71.0","50.1","70.2","51.5","point"
"2023-02-06 12:30:00 am","70.8","50.2","70.2","51.4","point"
"2023-02-06 12:40:00 am","70.8","50.4","70.2","51.5","point"
"2023-02-06 12:50:00 am","71.1","50.6","70.3","51.8","point"
"2023-02-06 01:00:00 am","70.9","50.7","70.2","51.7","point"
"2023-02-06 01:10:00 am","70.9","50.8","70.2","51.8","point"
"2023-02-06 01:20:00 am","71.1","50.9","70.3","52.0","point"
"2023-02-06 01:30:00 am","71.2","50.8","70.3","52.0","point"
"2023-02-06 01:40:00 am","71.0","50.8","70.2","51.9","point"
"2023-02-06 01:50:00 am","71.0","50.8","70.2","51.9","point"
"2023-02-06 02:00:00 am","71.0","50.9","70.2","51.9","point"
"2023-02-06 02:10:00 am","71.1","50.7","70.3","51.9","point"
"2023-02-06 02:20:00 am","71.1","50.8","70.3","52.0","point"
"2023-02-06 02:30:00 am","71.1","50.8","70.3","51.9","point"
"2023-02-06 02:40:00 am","71.3","50.8","70.5","52.1","point"
"2023-02-06 02:50:00 am","71.2","50.8","70.3","52.0","point"
"2023-02-06 03:00:00 am","71.1","50.9","70.3","52.0","point"
"2023-02-06 03:10:00 am","71.1","50.9","70.3","52.0","point"
"2023-02-06 03:20:00 am","71.1","51.0","70.3","52.0","point"
"2023-02-06 03:30:00 am","71.2","51.0","70.3","52.2","point"
"2023-02-06 03:40:00 am","71.2","51.1","70.3","52.2","point"
"2023-02-06 03:50:00 am","71.2","51.1","70.3","52.2","point"
"2023-02-06 04:00:00 am","71.2","51.0","70.3","52.1","point"
"2023-02-06 04:10:00 am","71.3","51.1","70.5","52.3","point"
"2023-02-06 04:20:00 am","71.2","51.1","70.3","52.2","point"
"2023-02-06 04:30:00 am","71.3","51.0","70.5","52.2","point"
"2023-02-06 04:40:00 am","71.2","51.0","70.3","52.2","point"
"2023-02-06 04:50:00 am","71.2","51.1","70.3","52.2","point"
"2023-02-06 05:00:00 am","71.2","51.0","70.3","52.1","point"
"2023-02-06 05:10:00 am","71.3","50.9","70.5","52.3","point"
"2023-02-06 05:20:00 am","71.3","50.9","70.5","52.3","point"
"2023-02-06 05:30:00 am","71.3","50.8","70.5","52.1","point"
"2023-02-06 05:40:00 am","71.1","50.8","70.3","51.9","point"
"2023-02-06 05:50:00 am","71.3","50.7","70.5","52.1","point"
"2023-02-06 06:00:00 am","71.3","50.6","70.5","52.0","point"
"2023-02-06 06:10:00 am","71.2","50.6","70.3","51.9","point"
"2023-02-06 06:20:00 am","71.2","50.6","70.3","51.9","point"
"2023-02-06 06:30:00 am","71.3","50.6","70.5","52.0","point"
"2023-02-06 06:40:00 am","71.2","50.5","70.3","51.9","point"
"2023-02-06 06:50:00 am","71.0","50.5","70.2","51.8","point"
"2023-02-06 07:00:00 am","71.0","50.5","70.2","51.7","point"
"2023-02-06 07:10:00 am","71.2","50.5","70.3","51.9","point"
"2023-02-06 07:20:00 am","71.1","50.5","70.3","51.8","point"
"2023-02-06 07:30:00 am","71.0","50.5","70.2","51.7","point"
"2023-02-06 07:40:00 am","71.1","50.5","70.3","51.8","point"
"2023-02-06 07:50:00 am","70.9","50.5","70.2","51.6","point"
"2023-02-06 08:00:00 am","71.1","50.5","70.3","51.8","point"
"2023-02-06 08:10:00 am","71.0","50.6","70.2","51.8","point"
"2023-02-06 08:20:00 am","71.0","50.7","70.2","51.8","point"
"2023-02-06 08:30:00 am","71.1","50.8","70.3","51.9","point"
"2023-02-06 08:40:00 am","70.8","50.9","70.2","51.7","point"
"2023-02-06 08:50:00 am","71.0","50.9","70.2","51.9","point"
"2023-02-06 09:00:00 am","70.9","51.0","70.2","51.9","point"
"2023-02-06 09:10:00 am","71.0","51.1","70.2","52.1","point"
"2023-02-06 09:20:00 am","70.8","51.2","70.2","51.9","point"
"2023-02-06 09:30:00 am","70.9","51.2","70.2","52.0","point"
"2023-02-06 09:40:00 am","71.1","52.0","70.3","52.6","point"
"2023-02-06 09:50:00 am","71.3","51.7","70.5","52.6","point"
"2023-02-06 10:00:00 am","71.8","53.3","71.2","53.9","point"
"2023-02-06 10:10:00 am","71.7","53.2","71.1","53.8","point"
"2023-02-06 10:20:00 am","71.9","53.1","71.2","53.9","point"
"2023-02-06 10:30:00 am","72.0","53.9","71.4","54.4","point"
"2023-02-06 10:40:00 am","72.0","55.2","71.6","55.0","point"
"2023-02-06 10:50:00 am","72.3","54.3","71.6","54.9","point"
"2023-02-06 11:00:00 am","72.1","55.2","71.6","55.1","point"
"2023-02-06 11:10:00 am","72.3","54.8","71.6","55.1","point"
"2023-02-06 11:20:00 am","72.3","54.8","71.8","55.2","point"
"2024-01-15 09:00:00 am","69.6","78.3","70.2","62.5","point"
"2024-01-15 11:00:00 am","69.6","87.1","70.7","65.6","point"
"2024-01-15 01:00:00 pm","73.5","67.3","73.9","62.0","point"
"2024-01-15 03:00:00 pm","75.2","64.9","75.6","62.6","point"
"2024-01-15 05:00:00 pm","74.3","68.4","74.8","63.2","point"
"2024-01-15 07:00:00 pm","68.7","81.4","69.4","62.8","point"
"2024-01-15 09:00:00 pm","66.9","88.2","67.5","63.3","point"
"2024-01-15 11:00:00 pm","64.7","93.1","65.3","62.7","point"
"2024-01-16 01:00:00 am","64.4","93.6","64.9","62.5","point"
"2024-01-16 03:00:00 am","64.7","91.8","65.1","62.2","point"
"2024-01-16 05:00:00 am","63.5","86.4","63.7","59.4","point"
"2024-01-16 07:00:00 am","61.3","90.5","61.7","58.5","point"
"2024-01-16 09:00:00 am","63.4","95.4","64.2","62.1","point"
"2024-01-16 11:00:00 am","68.6","89.6","69.6","65.4","point"
"2024-01-16 01:00:00 pm","74.4","62.7","74.5","60.8","point"
"2024-01-16 03:00:00 pm","75.7","68.3","76.3","64.5","point"
"2024-01-16 05:00:00 pm","72.9","79.5","74.5","66.2","point"
"2024-01-16 07:00:00 pm","68.4","90.3","69.6","65.4","point"
"2024-01-16 09:00:00 pm","67.0","95.1","68.2","65.6","point"
"2024-01-16 11:00:00 pm","65.8","97.1","66.9","65.0","point"
"2024-01-17 01:00:00 am","65.3","97.5","66.7","64.6","point"
"2024-01-17 03:00:00 am","64.5","98.1","65.7","64.0","point"
"2024-01-17 05:00:00 am","64.0","98.4","65.1","63.6","point"
"2024-01-17 07:00:00 am","64.8","99.1","66.0","64.5","point"
"2024-01-17 09:00:00 am","65.8","99.4","67.1","65.6","point"
"2024-01-17 11:00:00 am","70.0","91.7","71.6","67.5","point"
"2024-01-17 01:00:00 pm","73.7","78.4","75.2","66.5","point"
"2024-01-17 03:00:00 pm","76.8","68.9","77.5","65.8","point"
"2024-01-17 05:00:00 pm","74.4","73.9","75.6","65.5","point"
"2024-01-17 07:00:00 pm","68.1","84.1","68.7","63.1","point"
"2024-01-17 09:00:00 pm","66.9","94.2","68.2","65.2","point"
"2024-01-17 11:00:00 pm","66.3","96.8","67.5","65.3","point"
"2024-01-18 01:00:00 am","65.9","97.6","67.3","65.2","point"
"2024-01-18 03:00:00 am","64.1","98.1","65.3","63.5","point"
"2024-01-18 05:00:00 am","64.1","98.8","65.3","63.8","point"
"2024-01-18 07:00:00 am","64.1","98.9","65.3","63.7","point"
"2024-01-18 09:00:00 am","65.8","98.5","67.1","65.4","point"
"2024-01-18 11:00:00 am","70.4","89.1","71.8","67.1","point"
"2024-01-18 01:00:00 pm","72.4","80.5","73.8","66.1","point"
"2024-01-18 03:00:00 pm","72.8","82.3","74.3","67.0","point"
"2024-01-18 05:00:00 pm","73.4","82.2","75.2","67.6","point"
"2024-01-18 07:00:00 pm","68.9","92.2","70.2","66.5","point"
"2024-01-18 09:00:00 pm","67.7","96.4","69.1","66.7","point"
"2024-01-18 11:00:00 pm","66.7","97.3","68.0","65.9","point"
"2024-01-19 01:00:00 am","66.6","98.4","68.2","66.1","point"
"2024-01-19 03:00:00 am","66.4","99.2","68.0","66.2","point"
"2024-01-19 05:00:00 am","65.4","99.2","66.7","65.2","point"
"2024-01-19 07:00:00 am","63.1","98.7","64.2","62.8","point"
"2024-01-19 09:00:00 am","65.9","100.0","67.5","65.9","point"
"2024-01-19 11:00:00 am","70.2","90.2","71.8","67.2","point"
"2024-01-19 01:00:00 pm","72.3","81.8","73.8","66.5","point"
"2024-01-19 03:00:00 pm","72.5","87.9","74.3","68.7","point"
"2024-01-19 05:00:00 pm","73.7","84.8","75.7","68.8","point"
"2024-01-19 07:00:00 pm","69.2","94.7","70.7","67.6","point"
"2024-01-19 09:00:00 pm","68.1","97.7","69.8","67.4","point"
"2024-01-19 11:00:00 pm","66.4","98.3","68.0","65.9","point"
"2024-01-20 01:00:00 am","65.3","97.9","66.6","64.7","point"
"2024-01-20 03:00:00 am","64.9","99.4","66.0","64.7","point"
"2024-01-20 05:00:00 am","63.6","99.6","64.9","63.5","point"
"2024-01-20 07:00:00 am","62.8","99.8","64.2","62.7","point"
"2024-01-20 09:00:00 am","65.1","100.0","66.6","65.1","point"
"2024-01-20 11:00:00 am","70.1","94.5","71.8","68.5","point"
"2024-01-20 01:00:00 pm","71.2","89.2","72.7","67.8","point"
"2024-01-20 03:00:00 pm","75.4","81.0","77.5","69.2","point"
"2024-01-20 05:00:00 pm","75.1","83.0","77.4","69.5","point"
"2024-01-20 07:00:00 pm","70.0","94.6","71.8","68.4","point"
"2024-01-20 09:00:00 pm","68.1","96.6","69.6","67.1","point"
"2024-01-20 11:00:00 pm","66.3","97.2","67.5","65.4","point"
"2024-01-21 01:00:00 am","66.1","98.5","67.5","65.7","point"
"2024-01-21 03:00:00 am","67.3","99.8","69.1","67.2","point"
"2024-01-21 05:00:00 am","65.4","100.0","66.9","65.4","point"
"2024-01-21 07:00:00 am","65.3","100.0","66.7","65.3","point"
"2024-01-21 09:00:00 am","66.3","100.0","67.8","66.3","point"
"2024-01-21 11:00:00 am","71.0","94.4","72.9","69.3","point"
"2024-01-21 01:00:00 pm","74.5","72.1","75.6","64.9","point"
"2024-01-21 03:00:00 pm","79.4","56.7","80.1","62.7","point"
"2024-01-21 05:00:00 pm","76.5","70.3","77.5","66.1","point"
"2024-01-21 07:00:00 pm","72.2","83.9","73.9","67.1","point"
"2024-01-21 09:00:00 pm","69.6","94.7","71.1","68.0","point"
"2024-01-21 11:00:00 pm","67.5","96.2","68.9","66.4","point"
"2024-01-22 01:00:00 am","67.2","98.0","68.7","66.6","point"
"2024-01-22 03:00:00 am","67.0","98.8","68.5","66.7","point"
"2024-01-22 05:00:00 am","65.1","99.2","66.4","64.9","point"
"2024-01-22 07:00:00 am","64.8","100.0","66.2","64.8","point"
"2024-01-22 09:00:00 am","66.3","100.0","67.8","66.3","point"
"2024-01-22 11:00:00 am","70.7","96.6","72.7","69.7","point"
"2024-01-22 01:00:00 pm","74.5","78.1","76.1","67.3","point"
"2024-01-22 03:00:00 pm","76.1","75.4","77.7","67.7","point"
"2024-01-22 05:00:00 pm","76.6","72.1","78.1","67.0","point"
"2024-01-22 07:00:00 pm","70.6","86.9","72.0","66.5","point"
"2024-01-22 09:00:00 pm","69.7","96.2","71.4","68.5","point"
"2024-01-22 11:00:00 pm","68.6","98.1","70.3","68.0","point"
"2024-01-23 01:00:00 am","66.9","98.2","68.5","66.4","point"
"2024-01-23 03:00:00 am","65.6","97.6","66.9","64.9","point"
"2024-01-23 05:00:00 am","65.2","98.9","66.6","64.9","point"
"2024-01-23 07:00:00 am","62.6","95.0","63.3","61.1","point"
"2024-01-23 09:00:00 am","66.1","98.3","67.5","65.6","point"
"2024-01-23 11:00:00 am","70.4","91.8","72.0","67.9","point"
"2024-01-23 01:00:00 pm","75.7","76.0","77.2","67.6","point"
"2024-01-23 03:00:00 pm","74.6","83.3","76.8","69.1","point"
"2024-01-23 05:00:00 pm","74.8","82.2","76.8","69.0","point"
"2024-01-23 07:00:00 pm","70.1","86.6","71.4","65.9","point"
"2024-01-23 09:00:00 pm","66.8","91.8","67.6","64.3","point"
"2024-01-23 11:00:00 pm","65.3","95.0","66.2","63.8","point"
"2024-01-24 01:00:00 am","63.9","96.4","64.9","62.8","point"
"2024-01-24 03:00:00 am","62.9","96.6","63.9","61.8","point"
"2024-01-24 05:00:00 am","61.4","92.8","62.1","59.3","point"
"2024-01-24 07:00:00 am","59.5","96.0","60.3","58.4","point"
"2024-01-24 09:00:00 am","63.7","91.6","64.2","61.3","point"
"2024-01-24 11:00:00 am","72.1","68.5","72.5","61.1","point"
"2024-01-24 01:00:00 pm","75.3","60.8","75.2","60.8","point"
"2024-01-24 03:00:00 pm","75.0","65.2","75.2","62.5","point"
"2024-01-24 05:00:00 pm","73.7","63.4","73.9","60.5","point"
"2024-01-24 07:00:00 pm","69.0","79.9","69.6","62.6","point"
"2024-01-24 09:00:00 pm","65.9","89.3","66.4","62.7","point"
"2024-01-24 11:00:00 pm","62.8","90.4","63.3","59.9","point"
"2024-01-25 01:00:00 am","62.3","85.5","62.2","57.9","point"
"2024-01-25 03:00:00 am","62.5","76.0","61.7","54.9","point"
"2024-01-25 05:00:00 am","62.6","78.7","62.1","55.9","point"
"2024-01-25 07:00:00 am","62.6","84.4","62.6","57.9","point"
"2024-01-25 09:00:00 am","64.7","89.3","64.9","61.4","point"
"2024-01-25 11:00:00 am","70.6","81.3","71.6","64.5","point"
"2024-01-25 01:00:00 pm","71.8","73.0","72.7","62.7","point"
"2024-01-25 03:00:00 pm","74.9","71.1","75.9","64.9","point"
"2024-01-25 05:00:00 pm","73.4","73.0","74.5","64.2","point"
"2024-01-25 07:00:00 pm","68.0","87.7","68.7","64.2","point"
"2024-01-25 09:00:00 pm","66.2","95.6","67.1","64.9","point"
"2024-01-25 11:00:00 pm","64.6","96.7","65.7","63.6","point"
"2024-01-26 01:00:00 am","64.9","96.4","65.8","63.9","point"
"2024-01-26 03:00:00 am","63.6","97.5","64.8","62.9","point"
"2024-01-26 05:00:00 am","63.5","96.9","64.6","62.6","point"
"2024-01-26 07:00:00 am","62.3","98.0","63.5","61.7","point"
"2024-01-26 09:00:00 am","64.7","96.1","65.7","63.6","point"
"2024-01-26 11:00:00 am","70.0","80.8","71.1","63.8","point"
"2024-01-26 01:00:00 pm","74.0","68.9","74.7","63.1","point"
"2024-01-26 03:00:00 pm","73.3","71.7","74.1","63.6","point"
"2024-01-26 05:00:00 pm","73.2","65.9","73.6","61.2","point"
"2024-01-26 07:00:00 pm","69.5","82.2","70.3","63.8","point"
"2024-01-26 09:00:00 pm","66.3","91.0","67.1","63.6","point"
"2024-01-26 11:00:00 pm","64.9","92.4","65.5","62.7","point"
"2024-01-27 01:00:00 am","62.7","79.6","62.2","56.3","point"
"2024-01-27 03:00:00 am","59.6","80.5","59.2","53.6","point"
"2024-01-27 05:00:00 am","59.2","89.1","59.5","56.0","point"
"2024-01-27 07:00:00 am","58.7","92.9","59.4","56.7","point"
"2024-01-27 09:00:00 am","62.5","96.0","63.5","61.3","point"
"2024-01-27 11:00:00 am","68.4","84.3","69.1","63.5","point"
"2024-01-27 01:00:00 pm","72.7","69.4","73.4","62.1","point"
"2024-01-27 03:00:00 pm","74.8","64.5","75.0","62.0","point"
"2024-01-27 05:00:00 pm","73.7","67.0","74.1","62.0","point"
"2024-01-27 07:00:00 pm","67.4","69.5","66.7","57.1","point"
"2024-01-27 09:00:00 pm","65.6","72.7","64.6","56.5","point"
"2024-01-27 11:00:00 pm","64.5","72.7","63.3","55.5","point"
"2024-01-28 01:00:00 am","61.4","80.9","61.2","55.5","point"
"2024-01-28 03:00:00 am","59.7","87.6","59.9","56.0","point"
"2024-01-28 05:00:00 am","59.4","91.8","59.9","57.0","point"
"2024-01-28 07:00:00 am","59.6","95.7","60.4","58.4","point"
"2024-01-28 09:00:00 am","63.1","96.8","64.0","62.2","point"
"2024-01-28 11:00:00 am","68.8","77.0","69.1","61.3","point"
"2024-01-28 01:00:00 pm","73.9","63.4","74.1","60.6","point"
"2024-01-28 03:00:00 pm","75.3","64.8","75.6","62.6","point"
"2024-01-28 05:00:00 pm","73.4","64.1","73.6","60.5","point"
"2024-01-28 07:00:00 pm","68.9","77.1","69.1","61.4","point"
"2024-01-28 09:00:00 pm","65.6","84.8","65.7","60.9","point"
"2024-01-28 11:00:00 pm","63.4","91.3","63.9","60.8","point"
"2024-01-29 01:00:00 am","64.1","90.0","64.4","61.1","point"
"2024-01-29 03:00:00 am","62.3","81.4","62.1","56.5","point"
"2024-01-29 05:00:00 am","60.4","86.0","60.4","56.2","point"
"2024-01-29 07:00:00 am","59.7","91.1","60.1","57.1","point"
"2024-01-29 09:00:00 am","62.7","93.7","63.3","60.9","point"
"2024-01-29 11:00:00 am","68.5","84.4","69.3","63.6","point"
"2024-01-29 01:00:00 pm","71.2","76.5","72.1","63.4","point"
"2024-01-29 03:00:00 pm","75.4","61.6","75.6","61.3","point"
"2024-01-29 05:00:00 pm","74.3","70.1","75.0","63.9","point"
"2024-01-29 07:00:00 pm","68.8","81.7","69.4","62.9","point"
"2024-01-29 09:00:00 pm","65.3","88.8","65.7","61.9","point"
"2024-01-29 11:00:00 pm","63.9","92.0","64.6","61.5","point"
"2024-01-30 01:00:00 am","63.1","72.6","61.9","54.1","point"
"2024-01-30 03:00:00 am","63.5","69.3","61.9","53.3","point"
"2024-01-30 05:00:00 am","61.8","75.9","61.0","54.1","point"
"2024-01-30 07:00:00 am","59.6","85.7","59.5","55.3","point"
"2024-01-30 09:00:00 am","62.3","90.7","62.8","59.5","point"
"2024-01-30 11:00:00 am","69.2","83.0","70.0","63.8","point"
"2024-01-30 01:00:00 pm","73.8","65.9","74.1","61.6","point"
"2024-01-30 03:00:00 pm","77.8","55.3","77.5","60.5","point"
"2024-01-30 05:00:00 pm","75.5","51.2","74.3","56.2","point"
"2024-01-30 07:00:00 pm","68.3","72.5","68.2","59.2","point"
"2024-01-30 09:00:00 pm","66.7","89.9","67.3","63.6","point"
"2024-01-30 11:00:00 pm","65.3","90.6","66.0","62.5","point"
"2024-01-31 01:00:00 am","64.3","81.3","64.0","58.5","point"
"2024-01-31 03:00:00 am","61.6","90.1","62.1","58.7","point"
"2024-01-31 05:00:00 am","62.3","86.9","62.4","58.3","point"
"2024-01-31 07:00:00 am","62.3","87.7","62.4","58.7","point"
"2024-01-31 09:00:00 am","64.8","91.8","65.3","62.3","point"
"2024-01-31 11:00:00 am","71.4","64.6","71.6","58.8","point"
"2024-01-31 01:00:00 pm","76.5","51.6","75.4","57.3","point"
"2024-01-31 03:00:00 pm","76.7","45.5","75.0","54.1","point"
"2024-01-31 05:00:00 pm","74.6","58.7","74.3","59.1","point"
"2024-01-31 07:00:00 pm","68.0","75.7","68.2","60.1","point"
"2024-01-31 09:00:00 pm","64.9","80.8","64.6","58.9","point"
"2024-01-31 11:00:00 pm","64.4","92.1","64.9","62.0","point"
"2024-02-01 01:00:00 am","63.9","95.5","64.8","62.6","point"
"2024-02-01 03:00:00 am","63.6","96.6","64.6","62.7","point"
"2024-02-01 05:00:00 am","62.7","96.8","63.7","61.8","point"
"2024-02-01 07:00:00 am","60.8","88.0","61.0","57.2","point"
"2024-02-01 09:00:00 am","63.7","81.0","63.5","57.8","point"
"2024-02-01 11:00:00 am","72.0","61.8","72.1","58.2","point"
"2024-02-01 01:00:00 pm","74.7","62.7","74.8","61.1","point"
"2024-02-01 03:00:00 pm","76.1","58.7","75.9","60.6","point"
"2024-02-01 05:00:00 pm","74.1","67.3","74.5","62.6","point"
"2024-02-01 07:00:00 pm","68.7","82.8","69.6","63.3","point"
"2024-02-01 09:00:00 pm","65.7","91.1","66.4","63.0","point"
"2024-02-01 11:00:00 pm","65.9","94.4","66.9","64.2","point"
"2024-02-02 01:00:00 am","64.8","96.1","65.8","63.7","point"
"2024-02-02 03:00:00 am","64.8","94.7","65.7","63.2","point"
"2024-02-02 05:00:00 am","62.6","91.7","63.0","60.1","point"
"2024-02-02 07:00:00 am","61.5","94.4","62.4","59.9","point"
"2024-02-02 09:00:00 am","64.0","94.5","64.8","62.4","point"
"2024-02-02 11:00:00 am","70.5","78.7","71.4","63.6","point"
"2024-02-02 01:00:00 pm","76.2","64.1","76.5","63.2","point"
"2024-02-02 03:00:00 pm","77.3","57.1","77.0","60.9","point"
"2024-02-02 05:00:00 pm","75.1","62.6","75.2","61.5","point"
"2024-02-02 07:00:00 pm","69.8","81.0","70.7","63.7","point"
"2024-02-02 09:00:00 pm","66.6","91.9","67.6","64.2","point"
"2024-02-02 11:00:00 pm","64.7","94.0","65.5","62.9","point"
"2024-02-03 01:00:00 am","64.7","93.6","65.3","62.8","point"
"2024-02-03 03:00:00 am","66.1","87.6","66.6","62.3","point"
"2024-02-03 05:00:00 am","63.3","79.9","63.0","57.0","point"
"2024-02-03 07:00:00 am","62.3","90.1","62.8","59.3","point"
"2024-02-03 09:00:00 am","64.8","94.0","65.7","63.0","point"
"2024-02-03 11:00:00 am","72.2","81.1","73.6","66.1","point"
"2024-02-03 01:00:00 pm","75.8","74.3","77.2","67.0","point"
"2024-02-03 03:00:00 pm","75.6","71.3","76.6","65.7","point"
"2024-02-03 05:00:00 pm","76.1","72.2","77.4","66.5","point"
"2024-02-03 07:00:00 pm","71.5","85.7","73.0","66.9","point"
"2024-02-03 09:00:00 pm","68.3","92.7","69.4","66.0","point"
"2024-02-03 11:00:00 pm","67.6","93.0","68.7","65.5","point"
"2024-02-04 01:00:00 am","67.1","93.3","68.2","65.1","point"
"2024-02-04 03:00:00 am","66.7","95.8","68.0","65.4","point"
"2024-02-04 05:00:00 am","66.5","95.1","67.6","65.0","point"
"2024-02-04 07:00:00 am","65.5","94.4","66.6","63.8","point"
"2024-02-04 09:00:00 am","67.2","94.0","68.4","65.4","point"
"2024-02-04 11:00:00 am","72.6","82.9","74.3","67.1","point"
"2024-02-04 01:00:00 pm","74.9","73.2","76.1","65.7","point"
"2024-02-04 03:00:00 pm","77.6","58.9","77.7","62.1","point"
"2024-02-04 05:00:00 pm","76.5","72.8","77.9","67.1","point"
"2024-02-04 07:00:00 pm","71.2","88.5","72.7","67.6","point"
"2024-02-04 09:00:00 pm","68.9","96.0","70.5","67.7","point"
"2024-02-04 11:00:00 pm","66.8","95.7","68.0","65.5","point"
"2024-02-05 01:00:00 am","66.4","97.9","68.0","65.8","point"
"2024-02-05 03:00:00 am","64.5","94.2","65.3","62.7","point"
"2024-02-05 05:00:00 am","61.4","92.5","62.1","59.2","point"
"2024-02-05 07:00:00 am","60.4","91.0","60.8","57.7","point"
"2024-02-05 09:00:00 am","63.6","93.1","64.2","61.5","point"
"2024-02-05 11:00:00 am","71.0","81.2","72.1","64.9","point"
"2024-02-05 01:00:00 pm","75.8","68.1","76.5","64.5","point"
"2024-02-05 03:00:00 pm","78.4","60.0","79.2","63.4","point"
"2024-02-05 05:00:00 pm","78.1","52.9","77.7","59.5","point"
"2024-02-05 07:00:00 pm","72.3","75.5","73.4","64.1","point"
"2024-02-05 09:00:00 pm","69.4","90.9","70.7","66.6","point"
"2024-02-05 11:00:00 pm","68.7","96.7","70.3","67.7","point"
"2024-02-06 01:00:00 am","66.4","95.6","67.6","65.1","point"
"2024-02-06 03:00:00 am","65.1","97.3","66.4","64.3","point"
"2024-02-06 05:00:00 am","61.7","90.8","62.2","59.0","point"
"2024-02-06 07:00:00 am","60.7","92.8","61.3","58.6","point"
"2024-02-06 09:00:00 am","63.8","94.7","64.6","62.2","point"
"2024-02-06 11:00:00 am","71.4","79.6","72.5","64.8","point"
"2024-02-06 01:00:00 pm","77.2","56.2","76.8","60.4","point"
"2024-02-06 03:00:00 pm","79.9","50.4","79.7","59.8","point"
"2024-02-06 05:00:00 pm","78.1","49.5","77.2","57.7","point"
"2024-02-06 07:00:00 pm","73.5","66.1","73.9","61.5","point"
"2024-02-06 09:00:00 pm","70.3","88.1","71.6","66.6","point"
"2024-02-06 11:00:00 pm","67.5","91.7","68.5","65.0","point"
"2024-02-07 01:00:00 am","66.0","81.7","65.8","60.2","point"
"2024-02-07 03:00:00 am","63.1","79.4","62.6","56.6","point"
"2024-02-07 05:00:00 am","62.1","81.8","61.9","56.5","point"
"2024-02-07 07:00:00 am","61.4","88.2","61.7","57.9","point"
"2024-02-07 09:00:00 am","65.2","89.3","65.7","62.0","point"
"2024-02-07 11:00:00 am","72.6","72.2","73.4","63.1","point"
"2024-02-07 01:00:00 pm","78.3","45.0","77.0","55.2","point"
"2024-02-07 03:00:00 pm","81.0","42.5","79.7","56.1","point"
"2024-02-07 05:00:00 pm","79.6","57.6","80.4","63.3","point"
"2024-02-07 07:00:00 pm","73.0","72.5","73.9","63.6","point"
"2024-02-07 09:00:00 pm","70.4","91.3","72.0","67.7","point"
"2024-02-07 11:00:00 pm","67.7","86.7","68.5","63.6","point"
"2024-02-08 01:00:00 am","67.0","85.0","67.5","62.4","point"
"2024-02-08 03:00:00 am","65.6","85.2","65.7","61.0","point"
"2024-02-08 05:00:00 am","63.0","79.7","62.6","56.6","point"
"2024-02-08 07:00:00 am","62.2","80.9","61.9","56.3","point"
"2024-02-08 09:00:00 am","65.4","79.4","64.9","58.8","point"
"2024-02-08 11:00:00 am","72.8","67.6","73.2","61.5","point"
"2024-02-08 01:00:00 pm","78.6","53.7","78.6","60.4","point"
"2024-02-08 03:00:00 pm","81.3","53.8","82.0","62.9","point"
"2024-02-08 05:00:00 pm","78.0","62.7","78.8","64.2","point"
"2024-02-08 07:00:00 pm","72.2","76.2","73.4","64.3","point"
"2024-02-08 09:00:00 pm","69.5","89.2","70.7","66.1","point"
"2024-02-08 11:00:00 pm","67.7","90.2","68.7","64.7","point"
"2024-02-09 01:00:00 am","66.9","83.0","67.1","61.6","point"
"2024-02-09 03:00:00 am","65.5","84.1","65.5","60.5","point"
"2024-02-09 05:00:00 am","64.6","86.4","64.8","60.4","point"
"2024-02-09 07:00:00 am","63.5","85.7","63.5","59.2","point"
"2024-02-09 09:00:00 am","66.8","85.1","67.3","62.2","point"
"2024-02-09 11:00:00 am","73.5","63.0","73.8","60.1","point"
"2024-02-09 01:00:00 pm","78.0","60.1","78.6","63.1","point"
"2024-02-09 03:00:00 pm","80.3","53.7","80.8","62.0","point"
"2024-02-09 05:00:00 pm","78.5","68.9","80.6","67.5","point"
"2024-02-09 07:00:00 pm","72.5","83.3","74.3","67.1","point"
"2024-02-09 09:00:00 pm","70.7","94.0","72.7","68.9","point"
"2024-02-09 11:00:00 pm","70.1","95.9","71.8","68.9","point"
"2024-02-10 01:00:00 am","67.6","97.1","68.9","66.8","point"
"2024-02-10 03:00:00 am","64.9","90.4","65.3","62.0","point"
"2024-02-10 05:00:00 am","63.9","91.6","64.4","61.4","point"
"2024-02-10 07:00:00 am","62.3","92.1","63.0","60.0","point"
"2024-02-10 09:00:00 am","64.9","92.2","65.8","62.6","point"
"2024-02-10 11:00:00 am","72.8","76.5","73.9","65.0","point"
"2024-02-10 01:00:00 pm","77.5","65.3","78.4","64.9","point"
"2024-02-10 03:00:00 pm","80.2","49.5","79.9","59.5","point"
"2024-02-10 05:00:00 pm","78.3","67.5","80.1","66.6","point"
"2024-02-10 07:00:00 pm","72.9","86.6","75.0","68.7","point"
"2024-02-10 09:00:00 pm","69.9","94.3","71.6","68.2","point"
"2024-02-10 11:00:00 pm","67.6","94.5","68.9","65.9","point"
"2024-02-11 01:00:00 am","65.4","95.4","66.4","64.1","point"
"2024-02-11 03:00:00 am","65.7","97.8","67.1","65.1","point"
"2024-02-11 05:00:00 am","62.8","96.5","63.9","61.8","point"
"2024-02-11 07:00:00 am","60.8","97.3","61.7","60.0","point"
"2024-02-11 09:00:00 am","64.3","98.9","65.5","64.0","point"
"2024-02-11 11:00:00 am","70.2","84.5","71.4","65.3","point"
"2024-02-11 01:00:00 pm","77.2","60.8","77.2","62.6","point"
"2024-02-11 03:00:00 pm","80.0","40.2","78.1","53.7","point"
"2024-02-11 05:00:00 pm","76.7","45.2","75.0","53.9","point"
"2024-02-11 07:00:00 pm","72.0","61.6","72.1","58.0","point"
"2024-02-11 09:00:00 pm","68.0","79.1","68.4","61.3","point"
"2024-02-11 11:00:00 pm","65.9","89.6","66.4","62.8","point"
"2024-02-12 01:00:00 am","65.0","80.7","64.8","58.9","point"
"2024-02-12 03:00:00 am","62.9","84.6","62.8","58.1","point"
"2024-02-12 05:00:00 am","61.4","88.0","61.5","57.8","point"
"2024-02-12 07:00:00 am","61.3","90.7","61.7","58.6","point"
"2024-02-12 09:00:00 am","63.5","88.8","63.9","60.1","point"
"2024-02-12 11:00:00 am","71.3","63.1","71.6","58.1","point"
"2024-02-12 01:00:00 pm","78.5","40.9","76.5","52.8","point"
"2024-02-12 03:00:00 pm","79.5","36.7","77.0","50.7","point"
"2024-02-12 05:00:00 pm","78.1","35.6","75.4","48.7","point"
"2024-02-12 07:00:00 pm","71.3","44.2","70.0","48.4","point"
"2024-02-12 09:00:00 pm","68.5","84.8","69.3","63.7","point"
"2024-02-12 11:00:00 pm","66.3","89.1","66.9","63.0","point"
"2024-02-13 01:00:00 am","64.6","86.7","64.6","60.5","point"
"2024-02-13 03:00:00 am","62.5","85.3","62.4","58.0","point"
"2024-02-13 05:00:00 am","60.3","83.8","60.3","55.4","point"
"2024-02-13 07:00:00 am","58.6","89.9","58.8","55.6","point"
"2024-02-13 09:00:00 am","63.3","90.5","63.9","60.5","point"
"2024-02-13 11:00:00 am","71.5","72.6","72.3","62.3","point"
"2024-02-13 01:00:00 pm","75.7","54.0","74.8","57.8","point"
"2024-02-13 03:00:00 pm","78.2","40.6","76.1","52.3","point"
"2024-02-13 05:00:00 pm","78.8","52.2","78.4","59.7","point"
"2024-02-13 07:00:00 pm","70.9","66.0","71.2","59.0","point"
"2024-02-13 09:00:00 pm","67.6","87.7","68.4","63.8","point"
"2024-02-13 11:00:00 pm","65.0","91.9","65.7","62.6","point"
"2024-02-14 01:00:00 am","65.3","94.3","66.4","63.6","point"
"2024-02-14 03:00:00 am","65.0","88.8","65.5","61.6","point"
"2024-02-14 05:00:00 am","63.3","91.2","63.7","60.7","point"
"2024-02-14 07:00:00 am","61.5","93.3","62.2","59.6","point"
"2024-02-14 09:00:00 am","65.0","94.2","66.0","63.2","point"
"2024-02-14 11:00:00 am","72.6","78.3","73.8","65.4","point"
"2024-02-14 01:00:00 pm","78.0","55.2","77.9","60.6","point"
"2024-02-14 03:00:00 pm","79.0","50.3","78.6","58.9","point"
"2024-02-14 05:00:00 pm","78.0","42.1","76.1","53.1","point"
"2024-02-14 07:00:00 pm","72.6","75.0","73.6","64.2","point"
"2024-02-14 09:00:00 pm","69.9","91.8","71.4","67.4","point"
"2024-02-14 11:00:00 pm","68.1","94.8","69.4","66.5","point"
"2024-02-15 01:00:00 am","66.3","94.3","67.5","64.6","point"
"2024-02-15 03:00:00 am","65.4","94.8","66.4","63.9","point"
"2024-02-15 05:00:00 am","63.7","95.1","64.6","62.3","point"
"2024-02-15 07:00:00 am","62.6","96.9","63.5","61.7","point"
"2024-02-15 09:00:00 am","65.4","94.9","66.4","63.9","point"
"2024-02-15 11:00:00 am","72.2","80.5","73.6","65.9","point"
"2024-02-15 01:00:00 pm","76.8","57.2","76.5","60.5","point"
"2024-02-15 03:00:00 pm","78.8","45.7","77.4","56.0","point"
"2024-02-15 05:00:00 pm","75.1","54.0","74.3","57.4","point"
"2024-02-15 07:00:00 pm","72.2","69.8","72.9","61.8","point"
"2024-02-15 09:00:00 pm","68.0","83.9","68.5","62.9","point"
"2024-02-15 11:00:00 pm","66.4","90.8","67.3","63.6","point"
"2024-02-16 01:00:00 am","64.7","90.6","65.1","61.9","point"
"2024-02-16 03:00:00 am","62.0","86.8","62.1","58.0","point"
"2024-02-16 05:00:00 am","62.3","87.7","62.4","58.6","point"
"2024-02-16 07:00:00 am","61.3","90.2","61.7","58.3","point"
"2024-02-16 09:00:00 am","64.1","86.9","64.2","60.1","point"
"2024-02-16 11:00:00 am","71.9","66.4","72.3","60.1","point"
"2024-02-16 01:00:00 pm","77.0","57.2","76.8","60.7","point"
"2024-02-16 03:00:00 pm","80.5","36.7","78.1","51.6","point"
"2024-02-16 05:00:00 pm","78.3","40.2","76.3","52.2","point"
"2024-02-16 07:00:00 pm","72.8","61.6","72.9","58.8","point"
"2024-02-16 09:00:00 pm","69.1","82.0","69.8","63.3","point"
"2024-02-16 11:00:00 pm","67.5","92.1","68.7","65.1","point"
"2024-02-17 01:00:00 am","66.2","95.2","67.5","64.8","point"
"2024-02-17 03:00:00 am","63.9","93.1","64.6","61.9","point"
"2024-02-17 05:00:00 am","61.4","94.7","62.2","59.9","point"
"2024-02-17 07:00:00 am","61.7","96.6","62.6","60.7","point"
"2024-02-17 09:00:00 am","65.4","93.0","66.2","63.3","point"
"2024-02-17 11:00:00 am","72.8","72.9","73.8","63.6","point"
"2024-02-17 01:00:00 pm","78.5","58.9","79.2","63.0","point"
"2024-02-17 03:00:00 pm","80.0","47.5","79.3","58.3","point"
"2024-02-17 05:00:00 pm","80.4","59.1","81.7","64.8","point"
"2024-02-17 07:00:00 pm","73.8","73.7","75.0","64.9","point"
"2024-02-17 09:00:00 pm","69.6","90.8","70.9","66.8","point"
"2024-02-17 11:00:00 pm","67.4","94.9","68.7","65.9","point"
"2024-02-18 01:00:00 am","67.4","96.6","68.7","66.3","point"
"2024-02-18 03:00:00 am","65.0","95.1","66.0","63.5","point"
"2024-02-18 05:00:00 am","64.2","94.2","64.9","62.5","point"
"2024-02-18 07:00:00 am","63.8","96.4","64.8","62.8","point"
"2024-02-18 09:00:00 am","65.9","97.0","67.1","65.1","point"
"2024-02-18 11:00:00 am","73.5","78.7","74.8","66.5","point"
"2024-02-18 01:00:00 pm","76.3","67.1","76.8","64.6","point"
"2024-02-18 03:00:00 pm","78.8","64.9","80.8","66.0","point"
"2024-02-18 05:00:00 pm","77.6","68.5","79.2","66.5","point"
"2024-02-18 07:00:00 pm","72.5","82.5","74.1","66.9","point"
"2024-02-18 09:00:00 pm","70.2","92.1","71.8","67.8","point"
"2024-02-18 11:00:00 pm","68.5","95.7","69.8","67.2","point"
"2024-02-19 01:00:00 am","67.6","96.0","68.9","66.5","point"
"2024-02-19 03:00:00 am","67.6","98.3","69.1","67.1","point"
"2024-02-19 05:00:00 am","64.5","98.5","65.7","64.1","point"
"2024-02-19 07:00:00 am","64.5","99.0","65.7","64.2","point"
"2024-02-19 09:00:00 am","65.8","98.4","67.1","65.4","point"
"2024-02-19 11:00:00 am","72.3","84.5","73.9","67.3","point"
"2024-02-19 01:00:00 pm","77.2","63.9","77.9","64.1","point"
"2024-02-19 03:00:00 pm","75.7","72.2","76.8","66.1","point"
"2024-02-19 05:00:00 pm","79.0","60.3","80.2","64.1","point"
"2024-02-19 07:00:00 pm","73.3","76.9","74.7","65.6","point"
"2024-02-19 09:00:00 pm","70.8","93.2","72.5","68.8","point"
"2024-02-19 11:00:00 pm","68.2","94.6","69.6","66.6","point"
"2024-02-20 01:00:00 am","67.7","95.2","69.1","66.3","point"
"2024-02-20 03:00:00 am","65.9","95.8","67.1","64.7","point"
"2024-02-20 05:00:00 am","64.8","96.8","65.8","63.8","point"
"2024-02-20 07:00:00 am","65.1","98.5","66.4","64.6","point"
"2024-02-20 09:00:00 am","67.4","99.8","69.1","67.3","point"
"2024-02-20 11:00:00 am","72.9","85.9","74.8","68.5","point"
"2024-02-20 01:00:00 pm","76.8","64.7","77.2","64.0","point"
"2024-02-20 03:00:00 pm","78.2","76.8","81.5","70.3","point"
"2024-02-20 05:00:00 pm","77.6","72.2","79.7","67.9","point"
"2024-02-20 07:00:00 pm","73.2","83.3","75.2","67.8","point"
"2024-02-20 09:00:00 pm","71.2","94.5","73.0","69.5","point"
"2024-02-20 11:00:00 pm","69.6","96.6","71.4","68.6","point"
"2024-02-21 01:00:00 am","68.9","97.6","70.7","68.2","point"
"2024-02-21 03:00:00 am","68.3","98.7","70.0","67.9","point"
"2024-02-21 05:00:00 am","67.4","98.6","68.9","66.9","point"
"2024-02-21 07:00:00 am","66.7","98.8","68.2","66.4","point"
"2024-02-21 09:00:00 am","68.2","99.3","70.0","68.0","point"
"2024-02-21 11:00:00 am","72.2","85.0","73.9","67.4","point"
"2024-02-21 01:00:00 pm","75.0","75.6","76.3","66.8","point"
"2024-02-21 03:00:00 pm","78.9","74.6","82.4","70.1","point"
"2024-02-21 05:00:00 pm","77.5","74.9","79.7","68.9","point"
"2024-02-21 07:00:00 pm","72.7","85.6","74.7","68.1","point"
"2024-02-21 09:00:00 pm","68.6","92.0","70.0","66.2","point"
"2024-02-21 11:00:00 pm","66.7","95.1","67.8","65.2","point"
"2024-02-22 01:00:00 am","64.9","96.2","65.8","63.8","point"
"2024-02-22 03:00:00 am","63.7","96.1","64.8","62.6","point"
"2024-02-22 05:00:00 am","63.5","98.0","64.8","62.9","point"
"2024-02-22 07:00:00 am","64.2","98.8","65.3","63.9","point"
"2024-02-22 09:00:00 am","65.5","99.0","66.9","65.2","point"
"2024-02-22 11:00:00 am","70.1","69.0","70.2","59.5","point"
"2024-02-22 01:00:00 pm","76.6","53.5","75.7","58.5","point"
"2024-02-22 03:00:00 pm","79.5","54.2","79.9","61.5","point"
"2024-02-22 05:00:00 pm","77.3","56.0","76.8","60.4","point"
"2024-02-22 07:00:00 pm","72.4","74.0","73.4","63.6","point"
"2024-02-22 09:00:00 pm","68.3","90.4","69.4","65.4","point"
"2024-02-22 11:00:00 pm","65.7","95.2","66.7","64.3","point"
"2024-02-23 01:00:00 am","63.6","94.0","64.4","61.8","point"
"2024-02-23 03:00:00 am","62.6","91.6","63.1","60.2","point"
"2024-02-23 05:00:00 am","61.2","76.2","60.4","53.6","point"
"2024-02-23 07:00:00 am","61.1","70.7","59.7","51.5","point"
"2024-02-23 09:00:00 am","65.6","65.5","63.9","53.7","point"
"2024-02-23 11:00:00 am","73.7","51.2","72.7","54.5","point"
"2024-02-23 01:00:00 pm","77.9","57.1","77.9","61.5","point"
"2024-02-23 03:00:00 pm","78.8","44.7","77.4","55.5","point"
"2024-02-23 05:00:00 pm","77.3","53.9","76.6","59.3","point"
"2024-02-23 07:00:00 pm","72.0","65.5","72.3","59.8","point"
"2024-02-23 09:00:00 pm","68.5","88.5","69.4","65.0","point"
"2024-02-23 11:00:00 pm","66.2","92.6","66.9","64.0","point"
"2024-02-24 01:00:00 am","64.1","94.8","64.9","62.6","point"
"2024-02-24 03:00:00 am","64.3","87.8","64.4","60.6","point"
"2024-02-24 05:00:00 am","63.6","86.3","63.7","59.4","point"
"2024-02-24 07:00:00 am","61.1","85.3","61.0","56.7","point"
"2024-02-24 09:00:00 am","66.2","83.7","66.4","61.1","point"
"2024-02-24 11:00:00 am","75.1","60.3","75.0","60.5","point"
"2024-02-24 01:00:00 pm","76.7","51.1","75.6","57.3","point"
"2024-02-24 03:00:00 pm","78.2","50.7","77.4","58.4","point"
"2024-02-24 05:00:00 pm","76.7","54.7","75.9","59.1","point"
"2024-02-24 07:00:00 pm","71.0","82.5","72.3","65.4","point"
"2024-02-24 09:00:00 pm","67.6","91.8","68.5","65.1","point"
"2024-02-24 11:00:00 pm","65.9","95.2","66.9","64.5","point"
"2024-02-25 01:00:00 am","63.8","93.0","64.4","61.7","point"
"2024-02-25 03:00:00 am","64.0","76.1","63.1","56.4","point"
"2024-02-25 05:00:00 am","63.2","80.2","62.8","57.0","point"
"2024-02-25 07:00:00 am","64.3","85.3","64.2","59.8","point"
"2024-02-25 09:00:00 am","66.8","89.1","67.5","63.4","point"
"2024-02-25 11:00:00 am","73.3","84.5","75.2","68.4","point"
"2024-02-25 01:00:00 pm","77.1","75.5","79.2","68.8","point"
"2024-02-25 03:00:00 pm","80.3","75.4","85.3","71.8","point"
"2024-02-25 05:00:00 pm","77.5","76.9","80.1","69.6","point"
"2024-02-25 07:00:00 pm","72.3","85.5","74.1","67.7","point"
"2024-02-25 09:00:00 pm","68.2","91.9","69.4","65.8","point"
"2024-02-25 11:00:00 pm","66.3","94.6","67.5","64.7","point"
"2024-02-26 01:00:00 am","66.7","97.0","68.0","65.8","point"
"2024-02-26 03:00:00 am","67.1","94.9","68.4","65.6","point"
"2024-02-26 05:00:00 am","65.0","96.1","66.2","63.9","point"
"2024-02-26 07:00:00 am","63.8","97.1","64.8","63.0","point"
"2024-02-26 09:00:00 am","66.7","93.6","67.6","64.8","point"
"2024-02-26 11:00:00 am","72.8","72.7","73.8","63.5","point"
"2024-02-26 01:00:00 pm","78.1","58.5","78.6","62.4","point"
"2024-02-26 03:00:00 pm","83.4","46.8","83.8","61.0","point"
"2024-02-26 05:00:00 pm","78.8","50.2","78.4","58.7","point"
"2024-02-26 07:00:00 pm","73.5","61.0","73.4","59.3","point"
"2024-02-26 09:00:00 pm","70.0","92.5","71.6","67.7","point"
"2024-02-26 11:00:00 pm","67.9","94.6","69.3","66.3","point"
"2024-02-27 01:00:00 am","65.8","94.0","66.7","64.0","point"
"2024-02-27 03:00:00 am","64.0","93.2","64.6","62.0","point"
"2024-02-27 05:00:00 am","63.5","93.6","64.2","61.7","point"
"2024-02-27 07:00:00 am","63.5","95.7","64.2","62.2","point"
"2024-02-27 09:00:00 am","66.7","95.2","67.8","65.3","point"
"2024-02-27 11:00:00 am","74.4","74.7","75.6","65.9","point"
"2024-02-27 01:00:00 pm","78.9","60.9","79.9","64.2","point"
"2024-02-27 03:00:00 pm","87.6","40.3","88.7","60.5","point"
"2024-02-27 05:00:00 pm","81.9","59.4","84.4","66.3","point"
"2024-02-27 07:00:00 pm","75.5","76.9","77.2","67.8","point"
"2024-02-27 09:00:00 pm","70.6","89.4","72.0","67.4","point"
"2024-02-27 11:00:00 pm","69.6","93.6","70.9","67.7","point"
"2024-02-28 01:00:00 am","67.4","95.0","68.7","65.9","point"
"2024-02-28 03:00:00 am","66.7","94.5","67.8","65.0","point"
"2024-02-28 05:00:00 am","65.3","93.4","66.2","63.4","point"
"2024-02-28 07:00:00 am","64.0","93.4","64.6","62.1","point"
"2024-02-28 09:00:00 am","67.4","93.0","68.5","65.3","point"
"2024-02-28 11:00:00 am","74.3","74.2","75.6","65.6","point"
"2024-02-28 01:00:00 pm","78.7","66.3","80.6","66.5","point"
"2024-02-28 03:00:00 pm","82.6","54.8","84.4","64.7","point"
"2024-02-28 05:00:00 pm","80.9","60.3","82.9","65.9","point"
"2024-02-28 07:00:00 pm","74.6","83.0","76.6","69.0","point"
"2024-02-28 09:00:00 pm","70.8","93.4","72.5","68.8","point"
"2024-02-28 11:00:00 pm","69.1","96.3","70.7","68.1","point"
"2024-02-29 01:00:00 am","66.4","96.8","67.8","65.5","point"
"2024-02-29 03:00:00 am","63.6","87.3","63.7","59.8","point"
"2024-02-29 05:00:00 am","63.7","87.0","63.9","59.8","point"
"2024-02-29 07:00:00 am","62.3","91.5","62.8","59.8","point"
"2024-02-29 09:00:00 am","66.5","88.8","67.1","63.0","point"
"2024-02-29 11:00:00 am","73.4","71.3","74.3","63.6","point"
"2024-02-29 01:00:00 pm","79.4","49.5","79.0","58.9","point"
"2024-02-29 03:00:00 pm","82.2","35.2","80.1","52.0","point"
"2024-02-29 05:00:00 pm","81.5","51.1","81.9","61.7","point"
"2024-02-29 07:00:00 pm","74.0","88.0","76.5","70.3","point"
"2024-02-29 09:00:00 pm","70.8","93.3","72.5","68.8","point"
"2024-02-29 11:00:00 pm","69.1","96.2","70.7","68.0","point"
"2024-03-01 01:00:00 am","68.1","97.1","69.6","67.3","point"
"2024-03-01 03:00:00 am","65.7","95.6","66.7","64.4","point"
"2024-03-01 05:00:00 am","64.3","92.7","64.9","62.2","point"
"2024-03-01 07:00:00 am","63.2","92.2","63.9","60.9","point"
"2024-03-01 09:00:00 am","66.4","90.7","67.3","63.6","point"
"2024-03-01 11:00:00 am","73.3","71.6","74.1","63.6","point"
"2024-03-01 01:00:00 pm","75.3","61.9","75.4","61.4","point"
"2024-03-01 03:00:00 pm","81.8","38.7","79.9","54.2","point"
"2024-03-01 05:00:00 pm","77.8","49.5","76.8","57.4","point"
"2024-03-01 07:00:00 pm","73.6","79.1","75.2","66.7","point"
"2024-03-01 09:00:00 pm","71.7","93.2","73.8","69.7","point"
"2024-03-01 11:00:00 pm","69.9","95.9","71.6","68.6","point"
"2024-03-02 01:00:00 am","67.9","96.6","69.4","66.9","point"
"2024-03-02 03:00:00 am","65.4","97.1","66.6","64.5","point"
"2024-03-02 05:00:00 am","63.0","96.6","64.0","62.0","point"
"2024-03-02 07:00:00 am","62.0","94.2","62.8","60.4","point"
"2024-03-02 09:00:00 am","65.5","91.5","66.2","63.0","point"
"2024-03-02 11:00:00 am","73.7","60.9","73.6","59.4","point"
"2024-03-02 01:00:00 pm","79.2","46.5","78.1","56.9","point"
"2024-03-02 03:00:00 pm","79.8","49.6","79.3","59.3","point"
"2024-03-02 05:00:00 pm","77.5","59.2","77.5","62.2","point"
"2024-03-02 07:00:00 pm","73.0","86.0","74.8","68.6","point"
"2024-03-02 09:00:00 pm","71.6","92.5","73.6","69.3","point"
"2024-03-02 11:00:00 pm","69.7","91.8","71.1","67.2","point"
"2024-03-03 01:00:00 am","69.6","92.8","70.9","67.4","point"
"2024-03-03 03:00:00 am","67.2","96.4","68.5","66.1","point"
"2024-03-03 05:00:00 am","65.1","96.1","66.4","64.0","point"
"2024-03-03 07:00:00 am","65.4","97.8","66.7","64.8","point"
"2024-03-03 09:00:00 am","68.3","96.9","69.8","67.3","point"
"2024-03-03 11:00:00 am","73.9","80.5","75.6","67.5","point"
"2024-03-03 01:00:00 pm","77.1","70.0","78.4","66.5","point"
"2024-03-03 03:00:00 pm","77.0","74.9","79.0","68.5","point"
"2024-03-03 05:00:00 pm","78.3","72.7","81.1","68.8","point"
"2024-03-03 07:00:00 pm","73.6","82.8","75.6","68.0","point"
"2024-03-03 09:00:00 pm","70.0","91.5","71.6","67.4","point"
"2024-03-03 11:00:00 pm","67.7","95.5","69.1","66.3","point"
"2024-03-04 01:00:00 am","66.8","96.1","68.2","65.7","point"
"2024-03-04 03:00:00 am","65.8","97.5","66.9","65.1","point"
"2024-03-04 05:00:00 am","65.5","97.4","66.7","64.8","point"
"2024-03-04 07:00:00 am","65.4","96.6","66.6","64.4","point"
"2024-03-04 09:00:00 am","67.9","81.4","68.4","62.1","point"
"2024-03-04 11:00:00 am","74.9","70.3","75.7","64.6","point"
"2024-03-04 01:00:00 pm","77.5","73.0","79.5","68.1","point"
"2024-03-04 03:00:00 pm","79.0","70.3","81.9","68.5","point"
"2024-03-04 05:00:00 pm","78.2","73.0","80.8","68.8","point"
"2024-03-04 07:00:00 pm","73.2","86.9","75.2","69.0","point"
"2024-03-04 09:00:00 pm","69.6","94.2","71.4","67.9","point"
"2024-03-04 11:00:00 pm","68.1","96.1","69.6","66.9","point"
"2024-03-05 01:00:00 am","66.6","97.6","68.2","65.9","point"
"2024-03-05 03:00:00 am","66.5","99.0","68.0","66.1","point"
"2024-03-05 05:00:00 am","65.7","99.2","67.1","65.4","point"
"2024-03-05 07:00:00 am","65.5","98.5","66.9","65.0","point"
"2024-03-05 09:00:00 am","68.5","99.0","70.2","68.2","point"
"2024-03-05 11:00:00 am","74.6","84.1","76.8","69.5","point"
"2024-03-05 01:00:00 pm","76.3","80.1","78.4","69.7","point"
"2024-03-05 03:00:00 pm","79.8","75.8","84.4","71.5","point"
"2024-03-05 05:00:00 pm","78.5","71.0","81.1","68.3","point"
"2024-03-05 07:00:00 pm","73.6","86.5","75.9","69.3","point"
"2024-03-05 09:00:00 pm","71.1","91.6","72.9","68.5","point"
"2024-03-05 11:00:00 pm","68.4","95.8","70.0","67.1","point"
"2024-03-06 01:00:00 am","68.0","97.6","69.8","67.3","point"
"2024-03-06 03:00:00 am","67.4","98.7","68.9","67.0","point"
"2024-03-06 05:00:00 am","64.5","90.9","64.9","61.8","point"
"2024-03-06 07:00:00 am","64.7","84.5","64.6","59.9","point"
"2024-03-06 09:00:00 am","67.7","77.2","67.8","60.3","point"
"2024-03-06 11:00:00 am","74.9","68.3","75.6","63.7","point"
"2024-03-06 01:00:00 pm","80.4","59.4","81.9","64.9","point"
"2024-03-06 03:00:00 pm","79.7","64.7","81.9","66.7","point"
"2024-03-06 05:00:00 pm","78.5","65.9","80.2","66.1","point"
"2024-03-06 07:00:00 pm","74.2","80.7","76.1","67.9","point"
"2024-03-06 09:00:00 pm","70.2","88.9","71.6","66.7","point"
"2024-03-06 11:00:00 pm","67.2","92.6","68.2","65.0","point"
"2024-03-07 01:00:00 am","66.2","93.6","66.9","64.3","point"
"2024-03-07 03:00:00 am","65.1","92.6","65.8","62.9","point"
"2024-03-07 05:00:00 am","63.5","93.6","64.0","61.6","point"
"2024-03-07 07:00:00 am","63.3","93.6","63.9","61.4","point"
"2024-03-07 09:00:00 am","66.9","92.8","67.8","64.7","point"
"2024-03-07 11:00:00 am","74.0","71.6","74.8","64.3","point"
"2024-03-07 01:00:00 pm","80.5","59.3","82.2","65.0","point"
"2024-03-07 03:00:00 pm","81.8","56.3","83.3","64.7","point"
"2024-03-07 05:00:00 pm","80.1","59.7","81.7","64.8","point"
"2024-03-07 07:00:00 pm","75.8","71.3","76.8","65.8","point"
"2024-03-07 09:00:00 pm","71.5","83.9","73.0","66.3","point"
"2024-03-07 11:00:00 pm","69.6","86.6","70.9","65.4","point"
"2024-03-08 01:00:00 am","69.4","75.2","69.8","61.2","point"
"2024-03-08 03:00:00 am","68.7","63.6","68.0","55.9","point"
"2024-03-08 05:00:00 am","67.9","51.6","66.0","49.4","point"
"2024-03-08 07:00:00 am","65.0","69.7","63.7","54.8","point"
"2024-03-08 09:00:00 am","70.1","56.6","69.4","54.0","point"
"2024-03-08 11:00:00 am","75.7","53.3","74.7","57.5","point"
"2024-03-08 01:00:00 pm","81.0","47.6","80.8","59.2","point"
"2024-03-08 03:00:00 pm","80.8","58.9","82.6","65.1","point"
"2024-03-08 05:00:00 pm","79.3","57.3","79.9","62.9","point"
"2024-03-08 07:00:00 pm","74.0","79.2","75.7","67.2","point"
"2024-03-08 09:00:00 pm","70.0","89.6","71.4","66.8","point"
"2024-03-08 11:00:00 pm","67.5","94.2","68.9","65.8","point"
"2024-03-09 01:00:00 am","67.9","96.9","69.4","67.0","point"
"2024-03-09 03:00:00 am","66.4","95.4","67.6","65.0","point"
"2024-03-09 05:00:00 am","64.8","97.0","65.8","64.0","point"
"2024-03-09 07:00:00 am","65.4","96.6","66.6","64.4","point"
"2024-03-09 09:00:00 am","69.2","85.7","70.2","64.7","point"
"2024-03-09 11:00:00 am","76.3","63.0","76.5","62.8","point"
"2024-03-09 01:00:00 pm","81.0","58.3","82.6","65.0","point"
"2024-03-09 03:00:00 pm","81.1","58.2","82.6","65.0","point"
"2024-03-09 05:00:00 pm","79.5","53.4","79.5","61.1","point"
"2024-03-09 07:00:00 pm","74.7","83.8","77.0","69.4","point"
"2024-03-09 09:00:00 pm","72.3","93.0","74.5","70.2","point"
"2024-03-09 11:00:00 pm","70.8","92.9","72.5","68.7","point"
"2024-03-10 01:00:00 am","69.8","94.1","71.6","68.0","point"
"2024-03-10 03:00:00 am","68.8","96.7","70.3","67.8","point"
"2024-03-10 05:00:00 am","68.5","98.0","70.2","67.9","point"
"2024-03-10 07:00:00 am","67.0","93.4","68.0","65.0","point"
"2024-03-10 09:00:00 am","68.9","77.8","69.1","61.7","point"
"2024-03-10 11:00:00 am","76.6","53.2","75.6","58.3","point"
"2024-03-10 01:00:00 pm","79.9","55.1","80.4","62.3","point"
"2024-03-10 03:00:00 pm","80.3","63.1","82.6","66.6","point"
"2024-03-10 05:00:00 pm","78.5","67.3","80.4","66.8","point"
"2024-03-10 07:00:00 pm","74.4","89.1","77.0","71.0","point"
"2024-03-10 09:00:00 pm","72.8","91.5","75.2","70.2","point"
"2024-03-10 11:00:00 pm","71.8","95.5","74.1","70.4","point"
"2024-03-11 01:00:00 am","71.4","97.1","73.4","70.5","point"
"2024-03-11 03:00:00 am","70.4","97.5","72.1","69.6","point"
"2024-03-11 05:00:00 am","69.6","92.0","70.9","67.2","point"
"2024-03-11 07:00:00 am","69.2","95.7","70.7","67.9","point"
"2024-03-11 09:00:00 am","71.6","89.4","73.4","68.3","point"
"2024-03-11 11:00:00 am","77.1","63.9","77.5","64.0","point"
"2024-03-11 01:00:00 pm","81.0","58.1","82.6","64.9","point"
"2024-03-11 03:00:00 pm","80.4","65.3","83.1","67.7","point"
"2024-03-11 05:00:00 pm","78.9","67.9","81.1","67.4","point"
"2024-03-11 07:00:00 pm","75.3","87.2","78.1","71.3","point"
"2024-03-11 09:00:00 pm","71.9","91.4","73.9","69.2","point"
"2024-03-11 11:00:00 pm","71.3","94.9","73.4","69.8","point"
"2024-03-12 01:00:00 am","71.2","95.7","73.0","69.8","point"
"2024-03-12 03:00:00 am","70.6","96.4","72.3","69.5","point"
"2024-03-12 05:00:00 am","69.2","97.0","70.7","68.3","point"
"2024-03-12 07:00:00 am","68.5","97.7","70.2","67.8","point"
"2024-03-12 09:00:00 am","70.6","97.8","72.5","69.9","point"
"2024-03-12 11:00:00 am","76.3","74.8","77.7","67.7","point"
"2024-03-12 01:00:00 pm","78.1","78.3","81.7","70.8","point"
"2024-03-12 03:00:00 pm","81.0","70.8","85.5","70.6","point"
"2024-03-12 05:00:00 pm","79.1","74.2","82.6","70.2","point"
"2024-03-12 07:00:00 pm","74.8","86.1","77.2","70.3","point"
"2024-03-12 09:00:00 pm","72.1","90.9","74.1","69.3","point"
"2024-03-12 11:00:00 pm","70.3","94.3","72.0","68.6","point"
"2024-03-13 01:00:00 am","68.6","93.2","70.0","66.6","point"
"2024-03-13 03:00:00 am","67.2","92.2","68.2","64.9","point"
"2024-03-13 05:00:00 am","67.5","88.0","68.4","63.8","point"
"2024-03-13 07:00:00 am","67.9","86.8","68.7","63.8","point"
"2024-03-13 09:00:00 am","70.0","85.2","71.2","65.3","point"
"2024-03-13 11:00:00 am","73.7","75.8","75.0","65.6","point"
"2024-03-13 01:00:00 pm","76.6","77.2","78.4","68.9","point"
"2024-03-13 03:00:00 pm","78.4","74.0","81.3","69.4","point"
"2024-03-13 05:00:00 pm","77.3","78.7","80.1","70.2","point"
"2024-03-13 07:00:00 pm","74.1","89.5","76.6","70.8","point"
"2024-03-13 09:00:00 pm","72.0","91.7","74.1","69.4","point"
"2024-03-13 11:00:00 pm","70.3","91.4","71.8","67.7","point"
"2024-03-14 01:00:00 am","68.1","95.2","69.4","66.7","point"
"2024-03-14 03:00:00 am","67.2","96.9","68.5","66.3","point"
"2024-03-14 05:00:00 am","67.2","98.0","68.7","66.6","point"
"2024-03-14 07:00:00 am","66.9","98.6","68.5","66.5","point"
"2024-03-14 09:00:00 am","68.6","92.0","70.0","66.2","point"
"2024-03-14 11:00:00 am","76.0","78.5","77.9","68.8","point"
"2024-03-14 01:00:00 pm","77.0","76.6","79.0","69.0","point"
"2024-03-14 03:00:00 pm","78.2","72.9","80.8","68.8","point"
"2024-03-14 05:00:00 pm","76.7","75.7","78.4","68.4","point"
"2024-03-14 07:00:00 pm","73.8","87.0","76.1","69.6","point"
"2024-03-14 09:00:00 pm","70.9","92.9","72.7","68.8","point"
"2024-03-14 11:00:00 pm","68.1","96.1","69.6","67.0","point"
"2024-03-15 01:00:00 am","67.2","97.4","68.5","66.4","point"
"2024-03-15 03:00:00 am","66.0","97.7","67.3","65.3","point"
"2024-03-15 05:00:00 am","65.0","96.9","66.2","64.1","point"
"2024-03-15 07:00:00 am","64.2","97.7","65.5","63.6","point"
"2024-03-15 09:00:00 am","67.9","90.2","69.1","64.9","point"
"2024-03-15 11:00:00 am","76.5","72.9","77.9","67.2","point"
"2024-03-15 01:00:00 pm","80.1","69.0","83.7","69.0","point"
"2024-03-15 03:00:00 pm","80.0","71.3","83.7","69.9","point"
"2024-03-15 05:00:00 pm","79.2","71.3","82.4","69.0","point"
"2024-03-15 07:00:00 pm","74.7","84.5","77.0","69.7","point"
"2024-03-15 09:00:00 pm","71.0","93.4","72.7","69.0","point"
"2024-03-15 11:00:00 pm","69.8","96.4","71.4","68.7","point"
"2024-03-16 01:00:00 am","68.8","98.1","70.5","68.2","point"
"2024-03-16 03:00:00 am","67.8","98.4","69.3","67.3","point"
"2024-03-16 05:00:00 am","66.5","96.8","67.8","65.6","point"
"2024-03-16 07:00:00 am","65.6","88.5","66.0","62.1","point"
"2024-03-16 09:00:00 am","69.8","89.3","71.2","66.5","point"
"2024-03-16 11:00:00 am","74.3","71.4","75.2","64.5","point"
"2024-03-16 01:00:00 pm","81.1","61.7","83.5","66.7","point"
"2024-03-16 03:00:00 pm","80.6","68.8","84.0","69.4","point"
"2024-03-16 05:00:00 pm","78.6","73.5","81.9","69.5","point"
"2024-03-16 07:00:00 pm","74.3","87.7","77.0","70.4","point"
"2024-03-16 09:00:00 pm","71.3","94.0","73.4","69.5","point"
"2024-03-16 11:00:00 pm","69.3","96.2","71.1","68.2","point"
"2024-03-17 01:00:00 am","68.2","96.8","69.8","67.2","point"
"2024-03-17 03:00:00 am","67.2","97.6","68.7","66.5","point"
"2024-03-17 05:00:00 am","66.0","91.4","66.6","63.4","point"
"2024-03-17 07:00:00 am","67.9","81.2","68.4","61.9","point"
"2024-03-17 09:00:00 am","70.2","86.1","71.4","65.8","point"
"2024-03-17 10:00:00 am","73.3","84.9","75.2","68.5","point"
"2024-03-17 12:00:00 pm","79.2","61.0","80.4","64.5","point"
"2024-03-17 02:00:00 pm","81.1","72.0","85.8","71.2","point"
"2024-03-17 04:00:00 pm","81.0","63.7","83.8","67.6","point"
"2024-03-17 06:00:00 pm","75.9","83.0","78.4","70.4","point"
"2024-03-17 08:00:00 pm","72.7","89.7","74.8","69.5","point"
"2024-03-17 10:00:00 pm","71.1","91.5","72.9","68.5","point"
"2024-03-18 12:00:00 am","69.9","94.1","71.6","68.1","point"
"2024-03-18 02:00:00 am","68.2","96.0","69.8","67.0","point"
"2024-03-18 04:00:00 am","67.3","97.1","68.7","66.5","point"
"2024-03-18 06:00:00 am","64.9","94.5","65.7","63.2","point"
"2024-03-18 08:00:00 am","66.3","80.7","66.2","60.2","point"
"2024-03-18 10:00:00 am","73.0","79.8","74.5","66.3","point"
"2024-03-18 12:00:00 pm","78.6","61.7","79.5","64.3","point"
"2024-03-18 02:00:00 pm","78.3","73.5","81.1","69.1","point"
"2024-03-18 04:00:00 pm","80.0","71.1","83.7","69.7","point"
"2024-03-18 06:00:00 pm","76.4","83.6","79.0","71.1","point"
"2024-03-18 08:00:00 pm","72.3","89.9","74.1","69.1","point"
"2024-03-18 10:00:00 pm","68.6","91.8","69.8","66.2","point"
"2024-03-19 12:00:00 am","66.9","94.8","68.2","65.4","point"
"2024-03-19 02:00:00 am","67.1","95.9","68.5","65.9","point"
"2024-03-19 04:00:00 am","66.4","91.8","67.3","64.0","point"
"2024-03-19 06:00:00 am","68.0","89.1","68.9","64.6","point"
"2024-03-19 08:00:00 am","67.8","76.4","67.6","60.1","point"
"2024-03-19 10:00:00 am","72.5","67.5","73.0","61.1","point"
"2024-03-19 12:00:00 pm","77.5","57.5","77.4","61.3","point"
"2024-03-19 02:00:00 pm","81.1","65.0","84.2","68.2","point"
"2024-03-19 04:00:00 pm","80.9","65.1","84.0","68.1","point"
"2024-03-19 06:00:00 pm","77.7","77.7","80.4","70.2","point"
"2024-03-19 08:00:00 pm","73.2","88.0","75.4","69.4","point"
"2024-03-19 10:00:00 pm","69.7","92.4","71.2","67.4","point"
"2024-03-20 12:00:00 am","68.1","94.9","69.4","66.6","point"
"2024-03-20 02:00:00 am","67.9","95.3","69.3","66.5","point"
"2024-03-20 04:00:00 am","66.7","86.5","67.1","62.5","point"
"2024-03-20 06:00:00 am","66.4","83.6","66.7","61.3","point"
"2024-03-20 08:00:00 am","67.3","83.4","67.8","62.1","point"
"2024-03-20 10:00:00 am","73.4","69.4","73.9","62.8","point"
"2024-03-20 12:00:00 pm","79.2","68.7","81.9","68.0","point"
"2024-03-20 02:00:00 pm","79.9","69.4","82.9","69.0","point"
"2024-03-20 04:00:00 pm","79.3","70.3","82.2","68.8","point"
"2024-03-20 06:00:00 pm","76.6","81.9","79.2","70.7","point"
"2024-03-20 08:00:00 pm","73.5","90.3","76.1","70.5","point"
"2024-03-20 10:00:00 pm","71.9","93.2","73.9","69.8","point"
"2024-03-21 12:00:00 am","69.4","96.2","71.1","68.3","point"
"2024-03-21 02:00:00 am","69.5","98.1","71.4","69.0","point"
"2024-03-21 04:00:00 am","68.5","98.3","70.2","68.0","point"
"2024-03-21 06:00:00 am","67.6","98.4","69.1","67.2","point"
"2024-03-21 08:00:00 am","69.7","99.2","71.6","69.4","point"
"2024-03-21 10:00:00 am","71.9","89.0","73.8","68.5","point"
"2024-03-21 12:00:00 pm","76.0","77.5","77.7","68.5","point"
"2024-03-21 02:00:00 pm","78.2","67.6","80.1","66.6","point"
"2024-03-21 04:00:00 pm","79.6","67.8","82.4","68.0","point"
"2024-03-21 06:00:00 pm","78.2","73.1","80.8","68.9","point"
"2024-03-21 08:00:00 pm","74.5","91.7","77.5","71.9","point"
"2024-03-21 10:00:00 pm","72.4","94.7","74.8","70.8","point"
"2024-03-22 12:00:00 am","71.4","95.8","73.4","70.1","point"
"2024-03-22 02:00:00 am","70.0","96.8","71.8","69.0","point"
"2024-03-22 04:00:00 am","68.8","97.5","70.5","68.0","point"
"2024-03-22 06:00:00 am","68.3","98.1","70.0","67.8","point"
"2024-03-22 08:00:00 am","68.6","98.4","70.3","68.2","point"
"2024-03-22 10:00:00 am","71.4","97.7","73.6","70.7","point"
"2024-03-22 12:00:00 pm","78.4","72.3","81.0","68.7","point"
"2024-03-22 02:00:00 pm","77.8","81.9","81.7","71.9","point"
"2024-03-22 04:00:00 pm","79.5","77.4","84.0","71.8","point"
"2024-03-22 06:00:00 pm","76.2","88.9","79.5","72.7","point"
"2024-03-22 08:00:00 pm","73.4","93.7","76.3","71.5","point"
"2024-03-22 10:00:00 pm","72.1","96.0","74.7","70.9","point"
"2024-03-23 12:00:00 am","72.2","97.6","74.8","71.5","point"
"2024-03-23 02:00:00 am","71.0","98.3","73.0","70.5","point"
"2024-03-23 04:00:00 am","69.6","98.3","71.6","69.1","point"
"2024-03-23 06:00:00 am","68.9","98.8","70.7","68.5","point"
"2024-03-23 08:00:00 am","69.5","98.0","71.4","69.0","point"
"2024-03-23 10:00:00 am","74.0","89.4","76.6","70.7","point"
"2024-03-23 12:00:00 pm","78.6","75.2","81.9","70.1","point"
"2024-03-23 02:00:00 pm","80.4","77.8","85.8","72.8","point"
"2024-03-23 04:00:00 pm","81.2","72.9","86.4","71.7","point"
"2024-03-23 06:00:00 pm","78.4","82.6","82.8","72.7","point"
"2024-03-23 08:00:00 pm","74.9","92.4","78.1","72.6","point"
"2024-03-23 10:00:00 pm","72.8","94.6","75.4","71.1","point"
"2024-03-24 12:00:00 am","72.2","95.0","74.7","70.7","point"
"2024-03-24 02:00:00 am","70.6","96.1","72.3","69.4","point"
"2024-03-24 04:00:00 am","69.7","97.6","71.6","68.9","point"
"2024-03-24 06:00:00 am","67.6","97.6","69.1","66.9","point"
"2024-03-24 08:00:00 am","69.0","98.2","70.7","68.4","point"
"2024-03-24 10:00:00 am","74.3","90.0","77.0","71.2","point"
"2024-03-24 12:00:00 pm","80.9","65.7","84.0","68.4","point"
"2024-03-24 02:00:00 pm","80.3","74.8","85.1","71.6","point"
"2024-03-24 04:00:00 pm","82.2","69.3","87.4","71.2","point"
"2024-03-24 06:00:00 pm","78.7","80.0","83.1","72.0","point"
"2024-03-24 08:00:00 pm","74.6","91.7","77.5","72.0","point"
"2024-03-24 10:00:00 pm","72.6","95.7","75.2","71.3","point"
"2024-03-25 12:00:00 am","72.5","96.8","75.2","71.5","point"
"2024-03-25 02:00:00 am","70.6","97.3","72.3","69.8","point"
"2024-03-25 04:00:00 am","69.4","98.7","71.2","69.0","point"
"2024-03-25 06:00:00 am","67.6","97.8","69.1","67.0","point"
"2024-03-25 08:00:00 am","68.6","97.6","70.3","67.9","point"
"2024-03-25 10:00:00 am","74.4","74.4","75.6","65.7","point"
"2024-03-25 12:00:00 pm","80.5","51.7","80.8","61.1","point"
"2024-03-25 02:00:00 pm","81.5","66.3","85.1","69.1","point"
"2024-03-25 04:00:00 pm","83.4","58.2","86.7","67.2","point"
"2024-03-25 06:00:00 pm","79.8","72.3","83.7","70.1","point"
"2024-03-25 08:00:00 pm","75.3","89.9","78.3","72.2","point"
"2024-03-25 10:00:00 pm","73.7","94.0","76.6","71.9","point"
"2024-03-26 12:00:00 am","71.9","96.2","74.1","70.7","point"
"2024-03-26 02:00:00 am","69.1","93.0","70.5","67.0","point"
"2024-03-26 04:00:00 am","68.1","89.5","69.1","64.9","point"
"2024-03-26 06:00:00 am","68.3","95.9","69.8","67.1","point"
"2024-03-26 08:00:00 am","69.9","95.4","71.6","68.5","point"
"2024-03-26 10:00:00 am","75.4","78.4","77.2","68.2","point"
"2024-03-26 12:00:00 pm","81.0","59.7","82.9","65.7","point"
"2024-03-26 02:00:00 pm","81.5","65.8","85.3","69.0","point"
"2024-03-26 04:00:00 pm","80.9","68.8","84.7","69.6","point"
"2024-03-26 06:00:00 pm","77.6","84.6","81.5","72.6","point"
"2024-03-26 08:00:00 pm","74.8","92.0","77.9","72.3","point"
"2024-03-26 10:00:00 pm","73.3","93.2","75.9","71.2","point"
"2024-03-27 12:00:00 am","71.7","95.5","73.9","70.3","point"
"2024-03-27 02:00:00 am","71.4","96.5","73.4","70.4","point"
"2024-03-27 04:00:00 am","71.0","96.6","72.9","70.0","point"
"2024-03-27 06:00:00 am","69.4","96.3","71.1","68.3","point"
"2024-03-27 08:00:00 am","68.7","96.6","70.3","67.7","point"
"2024-03-27 10:00:00 am","74.4","81.8","76.3","68.5","point"
"2024-03-27 12:00:00 pm","80.8","63.2","83.5","67.1","point"
"2024-03-27 02:00:00 pm","83.1","69.1","89.4","72.0","point"
"2024-03-27 04:00:00 pm","82.5","70.0","88.0","71.8","point"
"2024-03-27 06:00:00 pm","78.1","85.1","82.9","73.2","point"
"2024-03-27 08:00:00 pm","74.7","92.1","77.9","72.2","point"
"2024-03-27 10:00:00 pm","72.8","94.1","75.4","71.0","point"
"2024-03-28 12:00:00 am","71.2","95.9","73.0","69.9","point"
"2024-03-28 02:00:00 am","69.4","96.6","71.1","68.3","point"
"2024-03-28 04:00:00 am","67.6","96.7","68.9","66.6","point"
"2024-03-28 06:00:00 am","67.0","96.8","68.4","66.1","point"
"2024-03-28 08:00:00 am","68.3","95.3","69.6","66.9","point"
"2024-03-28 10:00:00 am","74.3","83.2","76.6","68.9","point"
"2024-03-28 12:00:00 pm","80.1","65.8","82.9","67.6","point"
"2024-03-28 02:00:00 pm","84.8","65.5","91.9","71.9","point"
"2024-03-28 04:00:00 pm","82.6","68.3","88.0","71.2","point"
"2024-03-28 06:00:00 pm","78.4","86.0","83.5","73.8","point"
"2024-03-28 08:00:00 pm","75.1","92.1","78.4","72.6","point"
"2024-03-28 10:00:00 pm","73.4","94.7","76.1","71.7","point"
"2024-03-29 12:00:00 am","72.9","94.6","75.6","71.2","point"
"2024-03-29 02:00:00 am","71.9","95.8","74.1","70.6","point"
"2024-03-29 04:00:00 am","69.9","97.0","71.6","69.0","point"
"2024-03-29 06:00:00 am","68.2","96.5","69.8","67.2","point"
"2024-03-29 08:00:00 am","68.5","95.3","69.8","67.1","point"
"2024-03-29 10:00:00 am","74.4","84.5","76.6","69.4","point"
"2024-03-29 12:00:00 pm","79.9","72.5","83.7","70.2","point"
"2024-03-29 02:00:00 pm","79.4","75.1","83.7","70.8","point"
"2024-03-29 04:00:00 pm","80.7","75.5","86.0","72.2","point"
"2024-03-29 06:00:00 pm","76.9","81.3","79.7","70.7","point"
"2024-03-29 08:00:00 pm","73.5","86.6","75.7","69.2","point"
"2024-03-29 10:00:00 pm","72.0","89.5","73.9","68.8","point"
"2024-03-30 12:00:00 am","69.7","94.0","71.4","67.9","point"
"2024-03-30 02:00:00 am","69.0","95.6","70.5","67.7","point"
"2024-03-30 04:00:00 am","69.1","76.9","69.6","61.6","point"
"2024-03-30 06:00:00 am","70.0","72.2","70.5","60.6","point"
"2024-03-30 08:00:00 am","68.9","82.9","69.8","63.5","point"
"2024-03-30 10:00:00 am","74.4","79.3","76.1","67.6","point"
"2024-03-30 12:00:00 pm","78.0","69.0","79.9","67.0","point"
"2024-03-30 02:00:00 pm","82.0","66.4","86.4","69.7","point"
"2024-03-30 04:00:00 pm","82.7","64.0","86.7","69.3","point"
"2024-03-30 06:00:00 pm","79.3","78.7","84.0","72.1","point"
"2024-03-30 08:00:00 pm","73.9","86.4","76.1","69.6","point"
"2024-03-30 10:00:00 pm","72.5","91.9","74.8","70.0","point"
"2024-03-31 12:00:00 am","71.2","92.0","72.9","68.8","point"
"2024-03-31 02:00:00 am","70.3","93.3","71.8","68.3","point"
"2024-03-31 04:00:00 am","67.9","95.5","69.3","66.6","point"
"2024-03-31 06:00:00 am","67.2","96.9","68.5","66.3","point"
"2024-03-31 08:00:00 am","67.7","96.1","69.1","66.5","point"
"2024-03-31 10:00:00 am","73.7","73.5","74.7","64.7","point"
"2024-03-31 12:00:00 pm","80.4","69.0","83.8","69.3","point"
"2024-03-31 02:00:00 pm","81.7","69.8","86.5","70.9","point"
"2024-03-31 04:00:00 pm","81.7","68.6","86.2","70.4","point"
"2024-03-31 06:00:00 pm","78.5","76.7","82.0","70.6","point"
"2024-03-31 08:00:00 pm","75.3","91.0","78.4","72.5","point"
"2024-03-31 10:00:00 pm","73.6","92.5","76.5","71.3","point"
"2024-04-01 12:00:00 am","72.3","95.1","74.7","70.8","point"
"2024-04-01 02:00:00 am","71.7","95.3","73.9","70.2","point"
"2024-04-01 04:00:00 am","70.4","96.3","72.1","69.3","point"
"2024-04-01 06:00:00 am","70.0","97.2","71.8","69.1","point"
"2024-04-01 08:00:00 am","71.0","97.9","73.0","70.3","point"
"2024-04-01 10:00:00 am","74.8","88.9","77.5","71.3","point"
"2024-04-01 12:00:00 pm","79.7","77.5","84.4","72.0","point"
"2024-04-01 02:00:00 pm","81.0","72.7","86.0","71.4","point"
"2024-04-01 04:00:00 pm","82.1","70.6","87.4","71.6","point"
"2024-04-01 06:00:00 pm","78.6","79.3","82.8","71.6","point"
"2024-04-01 08:00:00 pm","75.9","92.1","79.3","73.4","point"
"2024-04-01 10:00:00 pm","74.2","94.3","77.4","72.4","point"
"2024-04-02 12:00:00 am","73.6","94.9","76.6","72.1","point"
"2024-04-02 02:00:00 am","72.7","94.1","75.4","70.9","point"
"2024-04-02 04:00:00 am","70.0","95.1","71.8","68.5","point"
"2024-04-02 06:00:00 am","69.4","96.8","71.1","68.4","point"
"2024-04-02 08:00:00 am","69.9","97.3","71.6","69.1","point"
"2024-04-02 10:00:00 am","74.5","86.7","77.0","70.3","point"
"2024-04-02 12:00:00 pm","79.8","75.3","84.2","71.3","point"
"2024-04-02 02:00:00 pm","82.2","72.5","88.0","72.5","point"
"2024-04-02 04:00:00 pm","82.0","73.7","88.3","72.8","point"
"2024-04-02 06:00:00 pm","78.2","86.3","83.1","73.7","point"
"2024-04-02 08:00:00 pm","75.5","92.6","79.0","73.1","point"
"2024-04-02 10:00:00 pm","73.5","95.1","76.5","72.1","point"
"2024-04-03 12:00:00 am","73.2","96.4","76.1","72.1","point"
"2024-04-03 02:00:00 am","72.1","98.2","74.8","71.6","point"
"2024-04-03 04:00:00 am","71.7","98.8","74.1","71.4","point"
"2024-04-03 06:00:00 am","71.4","98.6","73.6","71.0","point"
"2024-04-03 08:00:00 am","70.1","95.6","71.8","68.8","point"
"2024-04-03 10:00:00 am","75.7","84.9","78.3","70.8","point"
"2024-04-03 12:00:00 pm","79.4","73.4","83.1","70.1","point"
"2024-04-03 02:00:00 pm","81.2","73.8","86.5","72.0","point"
"2024-04-03 04:00:00 pm","81.6","73.8","87.3","72.4","point"
"2024-04-03 06:00:00 pm","78.2","84.0","82.8","73.0","point"
"2024-04-03 08:00:00 pm","74.9","90.4","77.9","71.8","point"
"2024-04-03 10:00:00 pm","73.0","92.7","75.4","70.7","point"
"2024-04-04 12:00:00 am","71.6","95.6","73.6","70.3","point"
"2024-04-04 02:00:00 am","70.1","96.2","71.8","69.0","point"
"2024-04-04 04:00:00 am","68.5","94.7","69.8","66.9","point"
"2024-04-04 06:00:00 am","68.7","90.6","69.8","65.8","point"
"2024-04-04 08:00:00 am","70.1","93.5","71.6","68.1","point"
"2024-04-04 10:00:00 am","75.3","81.2","77.4","69.1","point"
"2024-04-04 12:00:00 pm","81.4","70.8","86.2","71.0","point"
"2024-04-04 02:00:00 pm","82.8","66.9","87.8","70.7","point"
"2024-04-04 04:00:00 pm","82.9","67.7","88.2","71.1","point"
"2024-04-04 06:00:00 pm","79.5","77.6","84.0","71.9","point"
"2024-04-04 08:00:00 pm","75.8","91.3","79.2","73.1","point"
"2024-04-04 10:00:00 pm","73.4","93.8","76.3","71.5","point"
"2024-04-05 12:00:00 am","72.8","94.8","75.4","71.2","point"
"2024-04-05 02:00:00 am","71.2","95.4","73.0","69.8","point"
"2024-04-05 04:00:00 am","69.6","96.1","71.2","68.4","point"
"2024-04-05 06:00:00 am","68.6","95.6","70.2","67.3","point"
"2024-04-05 08:00:00 am","70.0","95.9","71.8","68.8","point"
"2024-04-05 10:00:00 am","75.8","80.7","78.1","69.4","point"
"2024-04-05 12:00:00 pm","82.5","64.0","86.4","69.1","point"
"2024-04-05 02:00:00 pm","83.0","71.7","89.8","73.0","point"
"2024-04-05 04:00:00 pm","81.6","75.4","87.6","73.1","point"
"2024-04-05 06:00:00 pm","79.2","82.0","84.6","73.2","point"
"2024-04-05 08:00:00 pm","75.5","90.6","78.6","72.5","point"
"2024-04-05 10:00:00 pm","73.6","92.9","76.5","71.4","point"
"2024-04-06 12:00:00 am","72.3","93.9","74.8","70.5","point"
"2024-04-06 02:00:00 am","70.6","96.7","72.3","69.6","point"
"2024-04-06 04:00:00 am","69.3","97.8","71.2","68.6","point"
"2024-04-06 06:00:00 am","67.0","97.4","68.4","66.2","point"
"2024-04-06 08:00:00 am","70.3","85.0","71.4","65.6","point"
"2024-04-06 10:00:00 am","77.2","75.4","79.5","68.8","point"
"2024-04-06 12:00:00 pm","83.8","65.2","89.4","70.8","point"
"2024-04-06 02:00:00 pm","87.0","62.0","95.4","72.4","point"
"2024-04-06 04:00:00 pm","86.3","64.8","94.8","73.0","point"
"2024-04-06 06:00:00 pm","81.2","79.0","88.0","74.0","point"
"2024-04-06 08:00:00 pm","76.5","89.9","80.1","73.3","point"
"2024-04-06 10:00:00 pm","74.9","91.7","78.1","72.3","point"
"2024-04-07 12:00:00 am","73.9","94.7","76.8","72.3","point"
"2024-04-07 02:00:00 am","73.5","95.5","76.5","72.1","point"
"2024-04-07 04:00:00 am","73.1","94.9","75.9","71.6","point"
"2024-04-07 06:00:00 am","72.3","94.4","74.8","70.6","point"
"2024-04-07 08:00:00 am","72.6","92.3","74.8","70.2","point"
"2024-04-07 10:00:00 am","74.9","83.7","77.2","69.6","point"
"2024-04-07 12:00:00 pm","80.0","77.5","85.1","72.2","point"
"2024-04-07 02:00:00 pm","82.0","73.4","87.8","72.7","point"
"2024-04-07 04:00:00 pm","81.6","74.0","87.3","72.5","point"
"2024-04-07 06:00:00 pm","78.0","81.2","81.9","71.7","point"
"2024-04-07 08:00:00 pm","74.2","84.3","76.3","69.1","point"
"2024-04-07 10:00:00 pm","72.8","90.5","75.0","69.9","point"
"2024-04-08 12:00:00 am","71.1","92.7","72.9","68.9","point"
"2024-04-08 02:00:00 am","69.1","94.5","70.7","67.4","point"
"2024-04-08 04:00:00 am","67.9","94.8","69.3","66.3","point"
"2024-04-08 06:00:00 am","67.3","88.7","68.2","63.9","point"
"2024-04-08 08:00:00 am","69.3","87.4","70.5","65.4","point"
"2024-04-08 10:00:00 am","75.0","75.2","76.3","66.6","point"
"2024-04-08 12:00:00 pm","82.3","59.8","84.9","66.9","point"
"2024-04-08 02:00:00 pm","84.8","54.2","88.3","66.5","point"
"2024-04-08 04:00:00 pm","84.0","59.1","88.3","68.2","point"
"2024-04-08 06:00:00 pm","79.4","76.6","83.8","71.5","point"
"2024-04-08 08:00:00 pm","74.8","82.8","76.8","69.2","point"
"2024-04-08 10:00:00 pm","73.1","89.9","75.4","69.9","point"
"2024-04-09 12:00:00 am","71.1","93.4","72.9","69.0","point"
"2024-04-09 02:00:00 am","68.6","88.2","69.6","65.0","point"
"2024-04-09 04:00:00 am","68.2","86.3","69.1","63.9","point"
"2024-04-09 06:00:00 am","66.7","73.4","66.0","57.9","point"
"2024-04-09 08:00:00 am","68.8","84.0","69.6","63.8","point"
"2024-04-09 10:00:00 am","76.4","76.6","78.1","68.5","point"
"2024-04-09 12:00:00 pm","80.5","66.5","83.7","68.4","point"
"2024-04-09 02:00:00 pm","83.6","58.9","87.3","67.7","point"
"2024-04-09 04:00:00 pm","84.2","63.7","89.8","70.5","point"
"2024-04-09 06:00:00 pm","79.1","79.4","83.8","72.2","point"
"2024-04-09 08:00:00 pm","75.1","89.3","78.1","71.7","point"
"2024-04-09 10:00:00 pm","73.4","90.8","76.1","70.6","point"
"2024-04-10 12:00:00 am","71.4","93.8","73.4","69.5","point"
"2024-04-10 02:00:00 am","69.4","94.0","70.9","67.6","point"
"2024-04-10 04:00:00 am","67.8","93.7","69.1","66.0","point"
"2024-04-10 06:00:00 am","68.5","95.3","69.8","67.1","point"
"2024-04-10 08:00:00 am","71.1","95.6","73.0","69.7","point"
"2024-04-10 10:00:00 am","77.6","76.4","80.4","69.6","point"
"2024-04-10 12:00:00 pm","80.8","67.0","84.4","68.8","point"
"2024-04-10 02:00:00 pm","83.0","70.4","89.4","72.4","point"
"2024-04-10 04:00:00 pm","84.3","63.2","90.0","70.4","point"
"2024-04-10 06:00:00 pm","79.2","72.4","82.8","69.5","point"
"2024-04-10 08:00:00 pm","74.4","81.9","76.3","68.5","point"
"2024-04-10 10:00:00 pm","72.5","91.4","74.8","69.9","point"
"2024-04-11 12:00:00 am","71.0","93.0","72.7","68.9","point"
"2024-04-11 02:00:00 am","69.2","94.6","70.7","67.6","point"
"2024-04-11 04:00:00 am","68.1","86.3","68.7","63.8","point"
"2024-04-11 06:00:00 am","67.9","87.1","68.7","63.9","point"
"2024-04-11 08:00:00 am","69.8","87.9","71.1","66.1","point"
"2024-04-11 10:00:00 am","74.8","81.0","76.6","68.5","point"
"2024-04-11 12:00:00 pm","77.0","76.4","79.3","69.0","point"
"2024-04-11 02:00:00 pm","82.6","65.2","86.7","69.7","point"
"2024-04-11 04:00:00 pm","84.0","62.0","89.2","69.6","point"
"2024-04-11 06:00:00 pm","80.0","72.0","83.8","70.1","point"
"2024-04-11 08:00:00 pm","75.3","77.4","76.8","67.7","point"
"2024-04-11 10:00:00 pm","71.3","88.7","73.0","67.8","point"
"2024-04-12 12:00:00 am","70.0","90.7","71.6","67.2","point"
"2024-04-12 02:00:00 am","68.7","89.5","69.8","65.5","point"
"2024-04-12 04:00:00 am","68.3","88.7","69.3","64.8","point"
"2024-04-12 06:00:00 am","68.2","88.4","69.3","64.6","point"
"2024-04-12 08:00:00 am","70.3","89.7","71.6","67.2","point"
"2024-04-12 10:00:00 am","75.2","77.6","76.8","67.7","point"
"2024-04-12 12:00:00 pm","81.1","63.1","83.8","67.4","point"
"2024-04-12 02:00:00 pm","83.2","62.4","87.4","69.0","point"
"2024-04-12 04:00:00 pm","83.0","60.9","86.7","68.1","point"
"2024-04-12 06:00:00 pm","76.2","78.3","78.1","68.9","point"
"2024-04-12 08:00:00 pm","74.4","89.7","77.0","71.2","point"
"2024-04-12 10:00:00 pm","72.2","92.5","74.5","69.9","point"
"2024-04-13 12:00:00 am","71.5","94.8","73.6","69.9","point"
"2024-04-13 02:00:00 am","69.7","95.4","71.4","68.3","point"
"2024-04-13 04:00:00 am","67.4","87.6","68.0","63.5","point"
"2024-04-13 06:00:00 am","67.7","90.8","68.7","64.9","point"
"2024-04-13 08:00:00 am","69.4","91.5","70.7","66.7","point"
"2024-04-13 10:00:00 am","75.3","73.6","76.6","66.3","point"
"2024-04-13 12:00:00 pm","75.3","81.9","77.4","69.3","point"
"2024-04-13 02:00:00 pm","81.4","69.2","85.8","70.3","point"
"2024-04-13 04:00:00 pm","79.8","70.3","83.3","69.3","point"
"2024-04-13 06:00:00 pm","77.8","81.2","81.5","71.6","point"
"2024-04-13 08:00:00 pm","73.1","88.8","75.4","69.6","point"
"2024-04-13 10:00:00 pm","70.4","95.2","72.1","69.0","point"
"2024-04-14 12:00:00 am","69.5","96.0","71.2","68.3","point"
"2024-04-14 02:00:00 am","68.4","94.0","69.8","66.6","point"
"2024-04-14 04:00:00 am","67.6","91.7","68.5","65.1","point"
"2024-04-14 06:00:00 am","68.2","92.9","69.4","66.0","point"
"2024-04-14 08:00:00 am","70.0","95.1","71.8","68.5","point"
"2024-04-14 10:00:00 am","75.3","88.8","78.3","71.7","point"
"2024-04-14 12:00:00 pm","79.8","72.8","83.7","70.3","point"
"2024-04-14 02:00:00 pm","81.5","75.7","87.8","73.1","point"
"2024-04-14 04:00:00 pm","83.0","71.7","89.8","72.9","point"
"2024-04-14 06:00:00 pm","79.6","74.2","83.7","70.7","point"
"2024-04-14 08:00:00 pm","76.3","90.4","79.9","73.2","point"
"2024-04-14 10:00:00 pm","74.0","93.8","77.2","72.1","point"
"2024-04-15 12:00:00 am","72.7","96.0","75.4","71.5","point"
"2024-04-15 02:00:00 am","70.8","95.2","72.7","69.4","point"
"2024-04-15 04:00:00 am","69.5","93.5","70.9","67.6","point"
"2024-04-15 06:00:00 am","68.7","92.8","70.0","66.5","point"
"2024-04-15 08:00:00 am","70.1","93.8","71.6","68.2","point"
"2024-04-15 10:00:00 am","75.3","76.8","76.8","67.6","point"
"2024-04-15 12:00:00 pm","80.2","61.4","81.9","65.7","point"
"2024-04-15 02:00:00 pm","84.4","47.4","85.6","62.2","point"
"2024-04-15 04:00:00 pm","86.4","38.4","86.4","58.0","point"
"2024-04-15 06:00:00 pm","81.3","75.9","87.1","73.0","point"
"2024-04-15 08:00:00 pm","75.7","88.4","78.6","72.0","point"
"2024-04-15 10:00:00 pm","73.7","91.8","76.5","71.1","point"
"2024-04-16 12:00:00 am","70.4","93.0","72.0","68.2","point"
"2024-04-16 02:00:00 am","69.4","92.4","70.7","67.1","point"
"2024-04-16 04:00:00 am","68.3","93.1","69.4","66.2","point"
"2024-04-16 06:00:00 am","68.7","89.2","69.6","65.4","point"
"2024-04-16 08:00:00 am","71.3","94.5","73.4","69.6","point"
"2024-04-16 10:00:00 am","76.6","77.8","78.8","69.2","point"
"2024-04-16 12:00:00 pm","80.7","72.5","85.3","71.0","point"
"2024-04-16 02:00:00 pm","84.2","66.3","90.7","71.7","point"
"2024-04-16 04:00:00 pm","83.5","68.6","90.1","72.1","point"
"2024-04-16 06:00:00 pm","78.8","83.5","84.2","73.4","point"
"2024-04-16 08:00:00 pm","75.2","89.8","78.1","72.0","point"
"2024-04-16 10:00:00 pm","74.0","92.0","76.8","71.5","point"
"2024-04-17 12:00:00 am","72.1","94.8","74.3","70.5","point"
"2024-04-17 02:00:00 am","70.6","94.5","72.3","69.0","point"
"2024-04-17 04:00:00 am","69.4","92.6","70.7","67.2","point"
"2024-04-17 06:00:00 am","69.6","92.2","70.9","67.2","point"
"2024-04-17 08:00:00 am","70.4","86.9","71.8","66.3","point"
"2024-04-17 10:00:00 am","75.5","79.5","77.4","68.7","point"
"2024-04-17 12:00:00 pm","77.2","77.0","79.7","69.4","point"
"2024-04-17 02:00:00 pm","79.8","67.9","82.8","68.2","point"
"2024-04-17 04:00:00 pm","79.8","73.8","84.0","70.6","point"
"2024-04-17 06:00:00 pm","76.5","86.9","79.7","72.3","point"
"2024-04-17 08:00:00 pm","74.1","88.7","76.5","70.5","point"
"2024-04-17 10:00:00 pm","72.1","90.2","74.1","69.0","point"
"2024-04-18 12:00:00 am","70.9","94.2","72.9","69.2","point"
"2024-04-18 02:00:00 am","70.4","94.9","72.1","68.8","point"
"2024-04-18 04:00:00 am","69.0","92.7","70.3","66.8","point"
"2024-04-18 06:00:00 am","68.3","83.1","68.9","62.9","point"
"2024-04-18 08:00:00 am","70.4","75.5","71.2","62.3","point"
"2024-04-18 10:00:00 am","75.0","68.6","75.6","64.0","point"
"2024-04-18 12:00:00 pm","81.8","63.3","84.9","68.1","point"
"2024-04-18 02:00:00 pm","85.2","62.0","91.6","70.7","point"
"2024-04-18 04:00:00 pm","82.6","67.7","87.4","70.8","point"
"2024-04-18 06:00:00 pm","79.4","82.1","85.1","73.5","point"
"2024-04-18 08:00:00 pm","74.1","97.0","77.4","73.2","point"
"2024-04-18 10:00:00 pm","72.3","98.5","75.2","71.9","point"
"2024-04-19 12:00:00 am","72.1","99.0","74.7","71.8","point"
"2024-04-19 02:00:00 am","71.0","99.3","73.0","70.8","point"
"2024-04-19 04:00:00 am","71.7","99.4","74.1","71.5","point"
"2024-04-19 06:00:00 am","71.4","99.5","73.6","71.3","point"
"2024-04-19 08:00:00 am","72.1","99.6","74.7","71.9","point"
"2024-04-19 10:00:00 am","73.7","99.1","77.2","73.4","point"
"2024-04-19 12:00:00 pm","77.5","88.5","81.9","73.8","point"
"2024-04-19 02:00:00 pm","80.1","85.3","87.3","75.2","point"
"2024-04-19 04:00:00 pm","79.2","84.7","85.3","74.2","point"
"2024-04-19 06:00:00 pm","77.8","89.6","82.9","74.5","point"
"2024-04-19 08:00:00 pm","74.7","93.9","78.1","72.8","point"
"2024-04-19 10:00:00 pm","68.3","95.7","69.6","67.0","point"
"2024-04-20 12:00:00 am","70.2","97.9","72.1","69.6","point"
"2024-04-20 02:00:00 am","70.6","98.3","72.5","70.1","point"
"2024-04-20 04:00:00 am","68.6","99.0","70.3","68.4","point"
"2024-04-20 06:00:00 am","68.1","99.5","69.8","67.9","point"
"2024-04-20 08:00:00 am","68.5","99.7","70.2","68.4","point"
"2024-04-20 10:00:00 am","70.1","99.8","72.0","70.1","point"
"2024-04-20 12:00:00 pm","72.4","99.7","75.2","72.3","point"
"2024-04-20 02:00:00 pm","74.9","97.3","78.6","74.0","point"
"2024-04-20 04:00:00 pm","75.7","92.1","79.2","73.2","point"
"2024-04-20 06:00:00 pm","75.0","94.7","78.4","73.3","point"
"2024-04-20 08:00:00 pm","72.4","97.4","75.0","71.6","point"
"2024-04-20 10:00:00 pm","71.0","97.3","72.9","70.1","point"
"2024-04-21 12:00:00 am","69.5","94.8","71.1","68.0","point"
"2024-04-21 02:00:00 am","69.9","96.3","71.6","68.8","point"
"2024-04-21 04:00:00 am","69.3","97.0","71.1","68.4","point"
"2024-04-21 06:00:00 am","69.5","96.9","71.2","68.5","point"
"2024-04-21 08:00:00 am","71.6","96.7","73.9","70.6","point"
"2024-04-21 10:00:00 am","75.2","90.8","78.3","72.3","point"
"2024-04-21 12:00:00 pm","80.1","88.3","88.0","76.3","point"
"2024-04-21 02:00:00 pm","82.3","82.8","91.2","76.6","point"
"2024-04-21 04:00:00 pm","82.1","81.9","90.5","76.0","point"
"2024-04-21 06:00:00 pm","78.5","87.1","84.0","74.3","point"
"2024-04-21 08:00:00 pm","75.8","93.8","79.7","73.9","point"
"2024-04-21 10:00:00 pm","74.5","95.7","78.1","73.2","point"
"2024-04-22 12:00:00 am","73.7","96.4","76.8","72.6","point"
"2024-04-22 02:00:00 am","72.8","96.6","75.6","71.8","point"
"2024-04-22 04:00:00 am","71.5","96.3","73.6","70.4","point"
"2024-04-22 06:00:00 am","70.1","96.6","71.8","69.0","point"
"2024-04-22 08:00:00 am","71.0","96.4","72.9","69.9","point"
"2024-04-22 10:00:00 am","75.4","84.3","77.9","70.3","point"
"2024-04-22 12:00:00 pm","79.6","77.9","84.4","72.1","point"
"2024-04-22 02:00:00 pm","82.3","74.5","88.9","73.4","point"
"2024-04-22 04:00:00 pm","80.2","80.9","86.2","73.8","point"
"2024-04-22 06:00:00 pm","78.2","81.4","82.2","72.0","point"
"2024-04-22 08:00:00 pm","75.3","85.8","77.9","70.7","point"
"2024-04-22 10:00:00 pm","73.3","90.5","75.7","70.4","point"
"2024-04-23 12:00:00 am","71.4","94.2","73.4","69.6","point"
"2024-04-23 02:00:00 am","70.0","95.8","71.8","68.8","point"
"2024-04-23 04:00:00 am","69.9","95.2","71.6","68.4","point"
"2024-04-23 06:00:00 am","68.2","89.5","69.3","65.0","point"
"2024-04-23 08:00:00 am","71.2","85.9","72.5","66.8","point"
"2024-04-23 10:00:00 am","76.4","84.9","79.2","71.5","point"
"2024-04-23 12:00:00 pm","82.6","67.4","87.3","70.6","point"
"2024-04-23 02:00:00 pm","84.6","71.4","93.7","74.3","point"
"2024-04-23 04:00:00 pm","83.2","70.2","89.8","72.5","point"
"2024-04-23 06:00:00 pm","78.5","87.1","84.0","74.4","point"
"2024-04-23 08:00:00 pm","76.1","91.4","79.9","73.4","point"
"2024-04-23 10:00:00 pm","74.7","91.9","77.9","72.2","point"
"2024-04-24 12:00:00 am","73.6","94.7","76.6","72.0","point"
"2024-04-24 02:00:00 am","73.4","95.9","76.3","72.1","point"
"2024-04-24 04:00:00 am","71.8","96.4","74.1","70.7","point"
"2024-04-24 06:00:00 am","71.5","96.7","73.6","70.6","point"
"2024-04-24 08:00:00 am","72.0","97.1","74.5","71.1","point"
"2024-04-24 10:00:00 am","75.7","87.8","78.6","71.8","point"
"2024-04-24 12:00:00 pm","79.8","68.1","82.8","68.3","point"
"2024-04-24 02:00:00 pm","82.5","68.9","87.6","71.2","point"
"2024-04-24 04:00:00 pm","83.1","69.2","89.4","72.0","point"
"2024-04-24 06:00:00 pm","79.6","80.1","84.9","72.9","point"
"2024-04-24 08:00:00 pm","75.4","88.7","78.4","71.8","point"
"2024-04-24 10:00:00 pm","73.4","91.6","76.1","70.8","point"
"2024-04-25 12:00:00 am","72.9","92.8","75.4","70.7","point"
"2024-04-25 02:00:00 am","70.9","94.8","72.9","69.3","point"
"2024-04-25 04:00:00 am","68.9","94.6","70.3","67.2","point"
"2024-04-25 06:00:00 am","68.7","88.3","69.8","65.1","point"
"2024-04-25 08:00:00 am","70.6","89.1","72.0","67.2","point"
"2024-04-25 10:00:00 am","76.6","81.0","79.0","70.3","point"
"2024-04-25 12:00:00 pm","82.7","57.7","85.1","66.3","point"
"2024-04-25 02:00:00 pm","87.3","54.4","93.0","68.8","point"
"2024-04-25 04:00:00 pm","81.6","76.9","88.2","73.7","point"
"2024-04-25 06:00:00 pm","80.9","72.2","85.5","71.1","point"
"2024-04-25 08:00:00 pm","75.5","81.3","77.5","69.4","point"
"2024-04-25 10:00:00 pm","73.6","89.6","76.1","70.3","point"
"2024-04-26 12:00:00 am","72.5","92.9","74.7","70.3","point"
"2024-04-26 02:00:00 am","69.4","90.2","70.7","66.4","point"
"2024-04-26 04:00:00 am","68.4","90.6","69.6","65.5","point"
"2024-04-26 06:00:00 am","67.7","81.0","68.0","61.7","point"
"2024-04-26 08:00:00 am","71.0","79.3","72.1","64.2","point"
"2024-04-26 10:00:00 am","77.4","75.4","79.9","68.9","point"
"2024-04-26 12:00:00 pm","83.9","53.8","86.5","65.4","point"
"2024-04-26 02:00:00 pm","84.2","68.4","91.8","72.6","point"
"2024-04-26 04:00:00 pm","84.3","69.7","92.3","73.3","point"
"2024-04-26 06:00:00 pm","78.9","76.1","82.6","70.8","point"
"2024-04-26 08:00:00 pm","75.3","86.1","77.9","70.8","point"
"2024-04-26 10:00:00 pm","73.9","91.8","76.6","71.3","point"
"2024-04-27 12:00:00 am","72.0","93.6","74.1","70.0","point"
"2024-04-27 02:00:00 am","71.5","94.7","73.6","69.9","point"
"2024-04-27 04:00:00 am","70.6","75.2","71.4","62.4","point"
"2024-04-27 06:00:00 am","71.0","71.4","71.6","61.3","point"
"2024-04-27 08:00:00 am","73.0","81.9","74.7","67.1","point"
"2024-04-27 10:00:00 am","78.6","73.9","82.0","69.6","point"
"2024-04-27 12:00:00 pm","82.8","56.1","85.1","65.5","point"
"2024-04-27 02:00:00 pm","88.5","40.6","90.3","61.6","point"
"2024-04-27 04:00:00 pm","86.7","58.8","93.7","70.6","point"
"2024-04-27 06:00:00 pm","79.8","83.6","86.2","74.3","point"
"2024-04-27 08:00:00 pm","76.5","89.4","80.1","73.1","point"
"2024-04-27 10:00:00 pm","75.4","91.1","78.6","72.6","point"
"2024-04-28 12:00:00 am","74.2","94.7","77.4","72.5","point"
"2024-04-28 02:00:00 am","73.3","94.0","76.1","71.5","point"
"2024-04-28 04:00:00 am","71.9","95.0","74.1","70.3","point"
"2024-04-28 06:00:00 am","71.5","96.2","73.6","70.3","point"
"2024-04-28 08:00:00 am","71.6","95.3","73.9","70.2","point"
"2024-04-28 10:00:00 am","77.1","75.7","79.2","68.9","point"
"2024-04-28 12:00:00 pm","81.6","68.6","86.0","70.2","point"
"2024-04-28 02:00:00 pm","83.4","75.3","91.8","74.8","point"
"2024-04-28 04:00:00 pm","83.5","72.8","91.4","73.9","point"
"2024-04-28 06:00:00 pm","80.2","80.3","86.0","73.6","point"
"2024-04-28 08:00:00 pm","76.2","89.1","79.5","72.8","point"
"2024-04-28 10:00:00 pm","75.1","93.3","78.4","73.1","point"
"2024-04-29 12:00:00 am","73.7","91.9","76.5","71.2","point"
"2024-04-29 02:00:00 am","71.4","93.2","73.2","69.3","point"
"2024-04-29 04:00:00 am","70.6","94.2","72.3","68.8","point"
"2024-04-29 06:00:00 am","70.8","95.4","72.7","69.4","point"
"2024-04-29 08:00:00 am","71.7","96.3","73.9","70.6","point"
"2024-04-29 10:00:00 am","76.0","78.3","77.9","68.7","point"
"2024-04-29 12:00:00 pm","82.2","68.8","86.9","70.9","point"
"2024-04-29 02:00:00 pm","84.1","65.3","90.3","71.2","point"
"2024-04-29 04:00:00 pm","83.4","73.1","91.2","73.9","point"
"2024-04-29 06:00:00 pm","80.9","74.0","86.0","71.8","point"
"2024-04-29 08:00:00 pm","77.2","87.9","81.5","73.3","point"
"2024-04-29 10:00:00 pm","74.2","92.0","77.2","71.7","point"
"2024-04-30 12:00:00 am","73.6","94.7","76.6","72.0","point"
"2024-04-30 02:00:00 am","71.9","95.7","74.1","70.6","point"
"2024-04-30 04:00:00 am","71.0","94.9","72.9","69.4","point"
"2024-04-30 06:00:00 am","70.5","95.6","72.3","69.2","point"
"2024-04-30 08:00:00 am","70.9","95.1","72.9","69.4","point"
"2024-04-30 10:00:00 am","76.5","85.4","79.5","71.8","point"
"2024-04-30 12:00:00 pm","79.0","75.4","82.9","70.5","point"
"2024-04-30 02:00:00 pm","82.2","73.7","88.2","72.9","point"
"2024-04-30 04:00:00 pm","80.9","76.1","86.4","72.7","point"
"2024-04-30 06:00:00 pm","78.4","86.0","83.5","73.9","point"
"2024-04-30 08:00:00 pm","76.6","89.8","80.1","73.4","point"
"2024-04-30 10:00:00 pm","74.3","94.9","77.4","72.7","point"
"2024-05-01 12:00:00 am","73.7","94.9","76.6","72.1","point"
"2024-05-01 02:00:00 am","72.9","96.2","75.7","71.7","point"
"2024-05-01 04:00:00 am","72.9","95.4","75.7","71.5","point"
"2024-05-01 06:00:00 am","72.6","93.4","75.0","70.6","point"
"2024-05-01 08:00:00 am","73.3","91.8","75.9","70.7","point"
"2024-05-01 10:00:00 am","76.2","87.2","79.2","72.1","point"
"2024-05-01 12:00:00 pm","79.3","80.4","84.2","72.7","point"
"2024-05-01 02:00:00 pm","81.6","77.0","88.2","73.7","point"
"2024-05-01 04:00:00 pm","80.4","77.5","85.8","72.7","point"
"2024-05-01 06:00:00 pm","79.2","80.6","84.4","72.7","point"
"2024-05-01 08:00:00 pm","76.1","90.5","79.7","73.1","point"
"2024-05-01 10:00:00 pm","74.6","87.9","77.2","70.8","point"
"2024-05-02 12:00:00 am","73.5","90.0","75.9","70.4","point"
"2024-05-02 02:00:00 am","73.1","90.3","75.6","70.1","point"
"2024-05-02 04:00:00 am","72.1","92.4","74.1","69.7","point"
"2024-05-02 06:00:00 am","70.9","93.7","72.7","69.0","point"
"2024-05-02 08:00:00 am","72.6","93.4","75.0","70.6","point"
"2024-05-02 10:00:00 am","77.1","85.4","80.6","72.4","point"
"2024-05-02 12:00:00 pm","79.6","82.9","85.6","73.9","point"
"2024-05-02 02:00:00 pm","84.4","71.5","92.8","74.1","point"
"2024-05-02 04:00:00 pm","84.1","74.5","93.4","75.1","point"
"2024-05-02 06:00:00 pm","80.6","82.0","87.6","74.6","point"
"2024-05-02 08:00:00 pm","78.2","89.5","83.7","74.8","point"
"2024-05-02 10:00:00 pm","76.3","92.2","80.1","73.9","point"
"2024-05-03 12:00:00 am","75.3","95.0","79.0","73.8","point"
"2024-05-03 02:00:00 am","74.4","95.1","77.7","73.0","point"
"2024-05-03 04:00:00 am","73.5","79.0","75.0","66.6","point"
"2024-05-03 06:00:00 am","70.3","85.4","71.4","65.7","point"
"2024-05-03 08:00:00 am","71.9","72.4","72.7","62.5","point"
"2024-05-03 10:00:00 am","76.0","77.5","77.7","68.4","point"
"2024-05-03 12:00:00 pm","77.6","84.4","81.5","72.5","point"
"2024-05-03 02:00:00 pm","78.4","79.6","82.4","71.6","point"
"2024-05-03 04:00:00 pm","80.2","77.9","85.5","72.7","point"
"2024-05-03 06:00:00 pm","78.4","82.3","82.8","72.6","point"
"2024-05-03 08:00:00 pm","75.9","86.7","78.6","71.6","point"
"2024-05-03 10:00:00 pm","73.2","87.2","75.4","69.2","point"
"2024-05-04 12:00:00 am","71.3","90.5","73.2","68.3","point"
"2024-05-04 02:00:00 am","70.7","92.9","72.5","68.6","point"
"2024-05-04 04:00:00 am","71.0","91.1","72.7","68.2","point"
"2024-05-04 06:00:00 am","71.3","91.1","73.2","68.6","point"
"2024-05-04 08:00:00 am","72.0","93.3","74.1","69.9","point"
"2024-05-04 10:00:00 am","76.6","75.2","78.4","68.2","point"
"2024-05-04 12:00:00 pm","80.4","61.2","82.2","65.8","point"
"2024-05-04 02:00:00 pm","82.5","62.4","86.0","68.3","point"
"2024-05-04 04:00:00 pm","82.2","60.4","84.7","67.1","point"
"2024-05-04 06:00:00 pm","80.0","70.7","83.7","69.5","point"
"2024-05-04 08:00:00 pm","75.6","85.9","78.3","71.1","point"
"2024-05-04 10:00:00 pm","72.8","90.8","75.0","70.0","point"
"2024-05-05 12:00:00 am","70.5","93.3","72.0","68.5","point"
"2024-05-05 02:00:00 am","68.3","91.3","69.4","65.7","point"
"2024-05-05 04:00:00 am","67.6","92.9","68.7","65.5","point"
"2024-05-05 06:00:00 am","65.3","91.2","66.0","62.7","point"
"2024-05-05 08:00:00 am","67.6","92.1","68.7","65.2","point"
"2024-05-05 10:00:00 am","73.6","68.2","74.3","62.5","point"
"2024-05-05 12:00:00 pm","77.9","70.4","79.7","67.5","point"
"2024-05-05 02:00:00 pm","80.3","63.5","82.6","66.7","point"
"2024-05-05 04:00:00 pm","81.0","65.1","84.2","68.2","point"
"2024-05-05 06:00:00 pm","78.5","68.8","80.6","67.4","point"
"2024-05-05 08:00:00 pm","74.2","85.5","76.5","69.5","point"
"2024-05-05 10:00:00 pm","72.8","91.1","75.0","70.1","point"
"2024-05-06 12:00:00 am","71.5","89.3","73.2","68.2","point"
"2024-05-06 02:00:00 am","71.5","91.2","73.4","68.7","point"
"2024-05-06 04:00:00 am","71.4","90.1","73.2","68.4","point"
"2024-05-06 06:00:00 am","71.5","91.0","73.4","68.7","point"
"2024-05-06 08:00:00 am","71.9","85.7","73.4","67.3","point"
"2024-05-06 10:00:00 am","73.9","82.2","75.7","68.1","point"
"2024-05-06 12:00:00 pm","77.5","76.9","80.1","69.7","point"
"2024-05-06 02:00:00 pm","80.2","73.5","84.4","70.9","point"
"2024-05-06 04:00:00 pm","80.2","73.9","84.6","71.1","point"
"2024-05-06 06:00:00 pm","76.9","81.1","79.7","70.7","point"
"2024-05-06 08:00:00 pm","74.9","87.3","77.7","70.9","point"
"2024-05-06 10:00:00 pm","73.5","89.4","75.9","70.2","point"
"2024-05-07 12:00:00 am","73.1","92.8","75.7","70.9","point"
"2024-05-07 02:00:00 am","73.0","93.8","75.6","71.1","point"
"2024-05-07 04:00:00 am","72.4","94.2","74.8","70.6","point"
"2024-05-07 06:00:00 am","72.1","95.0","74.3","70.5","point"
"2024-05-07 08:00:00 am","71.3","93.5","73.2","69.3","point"
"2024-05-07 10:00:00 am","73.2","96.3","76.3","72.1","point"
"2024-05-07 12:00:00 pm","78.1","83.7","82.8","72.7","point"
"2024-05-07 02:00:00 pm","81.4","79.0","88.3","74.2","point"
"2024-05-07 04:00:00 pm","78.2","83.4","82.8","72.8","point"
"2024-05-07 06:00:00 pm","75.9","92.9","79.5","73.7","point"
"2024-05-07 08:00:00 pm","73.7","97.3","76.8","72.9","point"
"2024-05-07 10:00:00 pm","73.7","98.0","77.0","73.1","point"
"2024-05-08 12:00:00 am","73.1","98.4","76.3","72.6","point"
"2024-05-08 02:00:00 am","71.7","98.6","74.1","71.2","point"
"2024-05-08 04:00:00 am","71.0","98.7","73.0","70.6","point"
"2024-05-08 06:00:00 am","70.1","98.8","72.0","69.8","point"
"2024-05-08 08:00:00 am","71.7","98.8","74.1","71.3","point"
"2024-05-08 10:00:00 am","73.9","98.8","77.2","73.5","point"
"2024-05-08 12:00:00 pm","78.1","91.0","84.0","75.3","point"
"2024-05-08 02:00:00 pm","80.9","83.7","88.5","75.5","point"
"2024-05-08 04:00:00 pm","82.8","76.0","90.5","74.5","point"
"2024-05-08 06:00:00 pm","67.3","93.2","68.5","65.3","point"
"2024-05-08 08:00:00 pm","69.9","95.1","71.6","68.4","point"
"2024-05-08 10:00:00 pm","71.7","96.0","73.9","70.4","point"
"2024-05-09 12:00:00 am","71.0","96.8","72.9","70.1","point"
"2024-05-09 02:00:00 am","70.3","97.4","72.0","69.5","point"
"2024-05-09 04:00:00 am","69.4","97.6","71.2","68.6","point"
"2024-05-09 06:00:00 am","70.1","98.0","72.0","69.5","point"
"2024-05-09 08:00:00 am","70.8","98.0","72.9","70.2","point"
"2024-05-09 10:00:00 am","74.2","94.9","77.4","72.6","point"
"2024-05-09 12:00:00 pm","77.3","83.4","80.8","71.9","point"
"2024-05-09 02:00:00 pm","81.3","71.6","86.0","71.2","point"
"2024-05-09 04:00:00 pm","68.4","89.6","69.4","65.2","point"
"2024-05-09 06:00:00 pm","69.1","96.5","70.7","68.1","point"
"2024-05-09 08:00:00 pm","69.9","97.4","71.6","69.1","point"
"2024-05-09 10:00:00 pm","71.2","97.4","73.0","70.4","point"
"2024-05-10 12:00:00 am","70.6","97.8","72.5","70.0","point"
"2024-05-10 02:00:00 am","70.8","98.0","72.9","70.3","point"
"2024-05-10 04:00:00 am","70.5","98.3","72.5","70.0","point"
"2024-05-10 06:00:00 am","69.8","98.3","71.6","69.3","point"
"2024-05-10 08:00:00 am","70.8","98.5","72.9","70.4","point"
"2024-05-10 10:00:00 am","75.0","88.2","77.7","71.2","point"
"2024-05-10 12:00:00 pm","78.8","82.0","83.8","72.9","point"
"2024-05-10 02:00:00 pm","79.6","78.9","84.7","72.5","point"
"2024-05-10 04:00:00 pm","80.7","72.0","85.1","70.8","point"
"2024-05-10 06:00:00 pm","78.0","83.6","82.4","72.6","point"
"2024-05-10 08:00:00 pm","75.5","90.8","78.6","72.6","point"
"2024-05-10 10:00:00 pm","74.1","93.1","77.0","72.0","point"
"2024-05-11 12:00:00 am","73.0","94.8","75.6","71.3","point"
"2024-05-11 02:00:00 am","70.1","93.7","71.6","68.2","point"
"2024-05-11 04:00:00 am","69.6","93.2","70.9","67.5","point"
"2024-05-11 06:00:00 am","68.9","93.4","70.2","66.9","point"
"2024-05-11 08:00:00 am","69.9","93.8","71.4","68.1","point"
"2024-05-11 10:00:00 am","76.1","81.4","78.4","70.0","point"
"2024-05-11 12:00:00 pm","79.2","80.3","84.2","72.6","point"
"2024-05-11 02:00:00 pm","81.2","76.3","87.3","73.0","point"
"2024-05-11 04:00:00 pm","70.7","95.6","72.3","69.3","point"
"2024-05-11 06:00:00 pm","70.0","97.0","71.8","69.1","point"
"2024-05-11 08:00:00 pm","70.7","97.6","72.9","70.0","point"
"2024-05-11 10:00:00 pm","71.7","97.8","74.1","71.0","point"
"2024-05-12 12:00:00 am","71.7","98.1","74.1","71.1","point"
"2024-05-12 02:00:00 am","71.8","98.4","74.3","71.3","point"
"2024-05-12 04:00:00 am","70.9","98.6","73.0","70.4","point"
"2024-05-12 06:00:00 am","70.8","98.7","72.9","70.4","point"
"2024-05-12 08:00:00 am","71.5","98.7","73.8","71.2","point"
"2024-05-12 10:00:00 am","74.0","98.4","77.5","73.5","point"
"2024-05-12 12:00:00 pm","77.8","88.2","82.6","74.0","point"
"2024-05-12 02:00:00 pm","76.6","96.1","81.3","75.4","point"
"2024-05-12 04:00:00 pm","66.4","91.5","67.3","63.8","point"
"2024-05-12 06:00:00 pm","67.3","97.9","68.9","66.7","point"
"2024-05-12 08:00:00 pm","69.4","98.3","71.2","68.8","point"
"2024-05-12 10:00:00 pm","68.0","98.7","69.8","67.6","point"
"2024-05-13 12:00:00 am","69.9","98.7","71.8","69.5","point"
"2024-05-13 02:00:00 am","69.7","98.9","71.6","69.4","point"
"2024-05-13 04:00:00 am","69.4","99.1","71.2","69.1","point"
"2024-05-13 06:00:00 am","65.4","99.4","66.7","65.2","point"
"2024-05-13 08:00:00 am","66.5","99.4","68.0","66.3","point"
"2024-05-13 10:00:00 am","67.5","99.4","69.1","67.3","point"
"2024-05-13 12:00:00 pm","71.9","99.2","74.5","71.7","point"
"2024-05-13 02:00:00 pm","75.3","98.3","79.3","74.8","point"
"2024-05-13 04:00:00 pm","76.6","91.2","80.2","73.8","point"
"2024-05-13 06:00:00 pm","74.9","93.9","78.4","73.0","point"
"2024-05-13 08:00:00 pm","72.7","96.3","75.6","71.6","point"
"2024-05-13 10:00:00 pm","70.9","95.4","72.9","69.5","point"
"2024-05-14 12:00:00 am","70.7","96.3","72.3","69.5","point"
"2024-05-14 02:00:00 am","70.3","97.2","72.0","69.5","point"
"2024-05-14 04:00:00 am","69.6","97.6","71.6","68.9","point"
"2024-05-14 06:00:00 am","68.8","97.8","70.5","68.1","point"
"2024-05-14 08:00:00 am","69.5","98.3","71.4","69.0","point"
"2024-05-14 10:00:00 am","70.9","98.3","73.0","70.4","point"
"2024-05-14 12:00:00 pm","75.8","85.0","78.4","71.0","point"
"2024-05-14 02:00:00 pm","76.6","84.8","79.5","71.7","point"
"2024-05-14 04:00:00 pm","77.5","86.8","81.7","73.2","point"
"2024-05-14 06:00:00 pm","76.0","87.3","79.2","71.9","point"
"2024-05-14 08:00:00 pm","73.7","93.3","76.5","71.7","point"
"2024-05-14 10:00:00 pm","72.7","95.6","75.4","71.4","point"
"2024-05-15 12:00:00 am","72.3","96.5","74.7","71.2","point"
"2024-05-15 02:00:00 am","71.8","97.1","74.1","70.9","point"
"2024-05-15 04:00:00 am","72.0","96.2","74.5","70.8","point"
"2024-05-15 06:00:00 am","71.6","96.7","73.6","70.6","point"
"2024-05-15 08:00:00 am","67.3","97.3","68.7","66.5","point"
"2024-05-15 10:00:00 am","72.1","98.0","74.8","71.5","point"
"2024-05-15 12:00:00 pm","76.0","93.2","79.7","73.9","point"
"2024-05-15 02:00:00 pm","78.8","80.0","83.5","72.1","point"
"2024-05-15 04:00:00 pm","81.2","76.7","87.3","73.2","point"
"2024-05-15 06:00:00 pm","68.3","95.6","69.6","67.0","point"
"2024-05-15 08:00:00 pm","70.0","97.3","71.8","69.2","point"
"2024-05-15 10:00:00 pm","70.4","97.8","72.3","69.8","point"
"2024-05-16 12:00:00 am","72.0","98.1","74.7","71.4","point"
"2024-05-16 02:00:00 am","71.1","98.3","73.2","70.6","point"
"2024-05-16 04:00:00 am","69.7","98.5","71.6","69.2","point"
"2024-05-16 06:00:00 am","70.3","98.5","72.1","69.8","point"
"2024-05-16 08:00:00 am","71.3","98.6","73.6","70.9","point"
"2024-05-16 10:00:00 am","72.6","98.4","75.4","72.1","point"
"2024-05-16 12:00:00 pm","75.6","89.5","78.8","72.3","point"
"2024-05-16 02:00:00 pm","78.0","82.9","82.2","72.4","point"
"2024-05-16 04:00:00 pm","77.5","86.0","81.5","73.0","point"
"2024-05-16 06:00:00 pm","74.1","92.3","76.8","71.7","point"
"2024-05-16 08:00:00 pm","69.5","95.9","71.2","68.3","point"
"2024-05-16 10:00:00 pm","70.1","97.2","71.8","69.2","point"
"2024-05-17 12:00:00 am","69.7","97.8","71.6","69.0","point"
"2024-05-17 02:00:00 am","70.5","98.1","72.3","69.9","point"
"2024-05-17 04:00:00 am","70.5","98.3","72.3","70.0","point"
"2024-05-17 06:00:00 am","69.4","98.5","71.2","68.9","point"
"2024-05-17 08:00:00 am","70.0","98.6","72.0","69.6","point"
"2024-05-17 10:00:00 am","72.5","98.6","75.4","72.1","point"
"2024-05-17 12:00:00 pm","78.2","85.0","82.9","73.3","point"
"2024-05-17 02:00:00 pm","72.1","96.3","74.5","70.9","point"
"2024-05-17 04:00:00 pm","74.0","96.5","77.4","72.9","point"
"2024-05-17 06:00:00 pm","72.0","96.2","74.5","70.8","point"
"2024-05-17 08:00:00 pm","71.6","96.7","73.9","70.6","point"
"2024-05-17 10:00:00 pm","71.3","97.2","73.4","70.4","point"
"2024-05-18 12:00:00 am","69.4","97.7","71.2","68.7","point"
"2024-05-18 02:00:00 am","68.4","98.3","70.2","67.8","point"
"2024-05-18 04:00:00 am","68.3","98.5","70.0","67.9","point"
"2024-05-18 06:00:00 am","68.0","98.7","69.8","67.6","point"
"2024-05-18 08:00:00 am","69.8","98.7","71.6","69.4","point"
"2024-05-18 10:00:00 am","71.5","98.7","73.8","71.2","point"
"2024-05-18 12:00:00 pm","75.5","97.1","79.5","74.6","point"
"2024-05-18 02:00:00 pm","78.8","83.0","84.0","73.2","point"
"2024-05-18 04:00:00 pm","72.6","91.9","74.8","70.1","point"
"2024-05-18 06:00:00 pm","69.9","97.1","71.6","69.0","point"
"2024-05-18 08:00:00 pm","70.7","97.8","72.5","70.0","point"
"2024-05-18 10:00:00 pm","70.5","98.1","72.3","69.9","point"
"2024-05-19 12:00:00 am","70.8","98.4","72.9","70.3","point"
"2024-05-19 02:00:00 am","70.1","98.5","72.0","69.7","point"
"2024-05-19 04:00:00 am","68.9","98.7","70.5","68.5","point"
"2024-05-19 06:00:00 am","68.5","98.7","70.2","68.1","point"
"2024-05-19 08:00:00 am","69.5","98.8","71.4","69.2","point"
"2024-05-19 10:00:00 am","71.9","98.6","74.3","71.5","point"
"2024-05-19 12:00:00 pm","73.0","97.2","75.7","72.1","point"
"2024-05-19 02:00:00 pm","75.6","91.1","79.0","72.8","point"
"2024-05-19 04:00:00 pm","75.0","91.5","78.1","72.4","point"
"2024-05-19 06:00:00 pm","75.2","90.4","78.4","72.2","point"
"2024-05-19 08:00:00 pm","72.9","95.8","75.7","71.7","point"
"2024-05-19 10:00:00 pm","68.9","97.0","70.5","68.0","point"
"2024-05-20 12:00:00 am","68.9","97.8","70.7","68.2","point"
"2024-05-20 02:00:00 am","68.5","98.1","70.2","68.0","point"
"2024-05-20 04:00:00 am","69.1","98.3","70.7","68.6","point"
"2024-05-20 06:00:00 am","69.1","98.5","70.9","68.7","point"
"2024-05-20 08:00:00 am","70.0","98.6","72.0","69.6","point"
"2024-05-20 10:00:00 am","71.2","98.6","73.2","70.7","point"
"2024-05-20 12:00:00 pm","72.8","98.0","75.7","72.2","point"
"2024-05-20 02:00:00 pm","74.4","92.9","77.5","72.2","point"
"2024-05-20 04:00:00 pm","72.2","96.9","74.7","71.3","point"
"2024-05-20 06:00:00 pm","71.1","97.5","73.0","70.3","point"
"2024-05-20 08:00:00 pm","70.3","98.0","72.1","69.7","point"
"2024-05-20 10:00:00 pm","70.3","98.3","72.1","69.8","point"
"2024-05-21 12:00:00 am","70.3","98.5","72.1","69.8","point"
"2024-05-21 02:00:00 am","69.3","98.7","71.2","68.9","point"
"2024-05-21 04:00:00 am","68.7","98.9","70.3","68.4","point"
"2024-05-21 06:00:00 am","68.5","99.0","70.2","68.2","point"
"2024-05-21 08:00:00 am","69.5","99.0","71.4","69.2","point"
"2024-05-21 10:00:00 am","72.3","98.9","75.0","72.0","point"
"2024-05-21 12:00:00 pm","76.9","98.7","82.2","76.5","point"
"2024-05-21 02:00:00 pm","78.2","93.0","84.4","75.9","point"
"2024-05-21 04:00:00 pm","74.5","95.9","78.1","73.2","point"
"2024-05-21 06:00:00 pm","73.1","97.2","76.1","72.3","point"
"2024-05-21 08:00:00 pm","71.2","98.1","73.2","70.6","point"
"2024-05-21 10:00:00 pm","71.3","98.4","73.6","70.8","point"
"2024-05-22 12:00:00 am","71.0","98.6","73.0","70.5","point"
"2024-05-22 02:00:00 am","70.1","98.7","72.0","69.7","point"
"2024-05-22 04:00:00 am","70.1","98.9","72.0","69.8","point"
"2024-05-22 06:00:00 am","69.4","99.0","71.2","69.1","point"
"2024-05-22 08:00:00 am","70.6","99.0","72.5","70.3","point"
"2024-05-22 10:00:00 am","74.3","98.9","77.9","73.9","point"
"2024-05-22 12:00:00 pm","76.2","98.8","80.8","75.8","point"
"2024-05-22 02:00:00 pm","77.7","96.4","84.2","76.6","point"
"2024-05-22 04:00:00 pm","78.1","92.9","84.4","75.9","point"
"2024-05-22 06:00:00 pm","73.4","95.2","76.5","72.0","point"
"2024-05-22 08:00:00 pm","72.7","97.3","75.6","71.9","point"
"2024-05-22 10:00:00 pm","72.4","97.8","75.2","71.7","point"
"2024-05-23 12:00:00 am","72.6","98.1","75.4","72.0","point"
"2024-05-23 02:00:00 am","70.2","98.1","72.1","69.6","point"
"2024-05-23 04:00:00 am","68.2","97.8","70.0","67.5","point"
"2024-05-23 06:00:00 am","69.6","97.7","71.6","69.0","point"
"2024-05-23 08:00:00 am","72.7","97.9","75.7","72.0","point"
"2024-05-23 10:00:00 am","74.4","95.6","77.7","73.1","point"
"2024-05-23 12:00:00 pm","76.9","88.2","80.6","73.1","point"
"2024-05-23 02:00:00 pm","75.5","92.7","79.0","73.2","point"
"2024-05-23 04:00:00 pm","75.3","92.9","78.8","73.1","point"
"2024-05-23 06:00:00 pm","73.4","96.8","76.3","72.4","point"
"2024-05-23 08:00:00 pm","73.1","97.7","76.3","72.4","point"
"2024-05-23 10:00:00 pm","73.1","98.0","76.3","72.5","point"
"2024-05-24 12:00:00 am","72.1","98.1","74.7","71.6","point"
"2024-05-24 02:00:00 am","72.1","98.3","74.7","71.6","point"
"2024-05-24 04:00:00 am","72.3","98.4","74.8","71.8","point"
"2024-05-24 06:00:00 am","72.3","98.6","74.8","71.9","point"
"2024-05-24 08:00:00 am","71.0","98.6","73.0","70.6","point"
"2024-05-24 10:00:00 am","71.0","98.8","73.0","70.7","point"
"2024-05-24 12:00:00 pm","72.8","98.6","75.7","72.3","point"
"2024-05-24 02:00:00 pm","72.0","98.5","74.7","71.6","point"
"2024-05-24 04:00:00 pm","72.7","98.6","75.7","72.3","point"
"2024-05-24 06:00:00 pm","72.6","98.7","75.4","72.2","point"
"2024-05-24 08:00:00 pm","69.2","98.6","70.9","68.8","point"
"2024-05-24 10:00:00 pm","67.4","99.0","68.9","67.2","point"
"2024-05-25 12:00:00 am","67.8","99.0","69.3","67.5","point"
"2024-05-25 02:00:00 am","66.9","99.1","68.5","66.7","point"
"2024-05-25 04:00:00 am","66.6","99.2","68.2","66.3","point"
"2024-05-25 06:00:00 am","66.6","99.2","68.2","66.3","point"
"2024-05-25 08:00:00 am","66.7","99.3","68.2","66.4","point"
"2024-05-25 10:00:00 am","68.1","99.2","69.8","67.9","point"
"2024-05-25 12:00:00 pm","69.8","99.1","71.6","69.5","point"
"2024-05-25 02:00:00 pm","69.6","99.0","71.4","69.3","point"
"2024-05-25 04:00:00 pm","70.8","98.3","72.9","70.3","point"
"2024-05-25 06:00:00 pm","70.2","96.9","72.0","69.2","point"
"2024-05-25 08:00:00 pm","70.0","93.9","71.8","68.2","point"
"2024-05-25 10:00:00 pm","70.4","94.8","72.1","68.8","point"
"2024-05-26 12:00:00 am","70.8","94.9","72.7","69.2","point"
"2024-05-26 02:00:00 am","70.4","94.5","72.1","68.8","point"
"2024-05-26 04:00:00 am","70.7","94.2","72.7","69.0","point"
"2024-05-26 06:00:00 am","71.2","94.3","73.0","69.4","point"
"2024-05-26 08:00:00 am","71.6","95.1","73.6","70.1","point"
"2024-05-26 10:00:00 am","72.1","95.7","74.5","70.8","point"
"2024-05-26 12:00:00 pm","71.7","92.7","73.8","69.4","point"
"2024-05-26 02:00:00 pm","75.5","89.1","78.4","72.0","point"
"2024-05-26 04:00:00 pm","72.4","92.3","74.7","70.1","point"
"2024-05-26 06:00:00 pm","71.7","95.2","73.9","70.3","point"
"2024-05-26 08:00:00 pm","71.3","94.2","73.4","69.6","point"
"2024-05-26 10:00:00 pm","71.1","93.8","73.0","69.2","point"
"2024-05-27 12:00:00 am","71.0","94.1","72.9","69.3","point"
"2024-05-27 02:00:00 am","69.4","93.9","70.9","67.6","point"
"2024-05-27 04:00:00 am","70.0","89.9","71.4","66.9","point"
"2024-05-27 06:00:00 am","70.3","91.6","71.8","67.7","point"
"2024-05-27 08:00:00 am","71.4","93.1","73.2","69.3","point"
"2024-05-27 10:00:00 am","71.8","94.0","74.1","70.0","point"
"2024-05-27 12:00:00 pm","75.1","84.6","77.5","70.1","point"
"2024-05-27 02:00:00 pm","75.0","83.0","77.2","69.5","point"
"2024-05-27 04:00:00 pm","74.9","87.6","77.7","71.0","point"
"2024-05-27 06:00:00 pm","74.0","87.9","76.5","70.2","point"
"2024-05-27 08:00:00 pm","72.8","90.6","75.0","69.8","point"
"2024-05-27 10:00:00 pm","71.9","90.2","73.9","68.8","point"
"2024-05-28 12:00:00 am","71.6","91.2","73.6","68.9","point"
"2024-05-28 02:00:00 am","71.5","92.2","73.4","69.1","point"
"2024-05-28 04:00:00 am","71.2","93.2","72.9","69.1","point"
"2024-05-28 06:00:00 am","71.6","94.4","73.6","69.9","point"
"2024-05-28 08:00:00 am","72.1","94.0","74.3","70.3","point"
"2024-05-28 10:00:00 am","72.9","92.2","75.4","70.5","point"
"2024-05-28 12:00:00 pm","74.9","87.1","77.5","70.8","point"
"2024-05-28 02:00:00 pm","74.9","87.1","77.5","70.8","point"
"2024-05-28 04:00:00 pm","72.0","94.3","74.3","70.2","point"
"2024-05-28 06:00:00 pm","69.7","97.1","71.4","68.8","point"
"2024-05-28 08:00:00 pm","69.5","97.6","71.4","68.8","point"
"2024-05-28 10:00:00 pm","70.3","97.8","72.1","69.7","point"
"2024-05-29 12:00:00 am","70.9","97.8","73.0","70.2","point"
"2024-05-29 02:00:00 am","71.3","97.6","73.6","70.6","point"
"2024-05-29 04:00:00 am","71.5","97.4","73.6","70.7","point"
"2024-05-29 06:00:00 am","71.5","97.4","73.6","70.7","point"
"2024-05-29 08:00:00 am","72.0","97.7","74.7","71.3","point"
"2024-05-29 10:00:00 am","72.8","97.1","75.6","71.9","point"
"2024-05-29 12:00:00 pm","73.5","96.5","76.6","72.4","point"
"2024-05-29 02:00:00 pm","74.4","93.7","77.5","72.5","point"
"2024-05-29 04:00:00 pm","73.7","94.0","76.6","71.9","point"
"2024-05-29 06:00:00 pm","72.4","96.9","75.0","71.4","point"
"2024-05-29 08:00:00 pm","71.5","97.4","73.6","70.8","point"
"2024-05-29 10:00:00 pm","71.5","97.8","73.8","70.8","point"
"2024-05-30 12:00:00 am","69.7","97.9","71.6","69.1","point"
"2024-05-30 02:00:00 am","69.4","98.0","71.2","68.8","point"
"2024-05-30 04:00:00 am","69.5","98.1","71.4","68.9","point"
"2024-05-30 06:00:00 am","69.9","98.2","71.8","69.4","point"
"2024-05-30 08:00:00 am","71.0","98.3","73.0","70.5","point"
"2024-05-30 10:00:00 am","73.2","98.0","76.3","72.6","point"
"2024-05-30 12:00:00 pm","77.2","87.0","80.8","73.0","point"
"2024-05-30 02:00:00 pm","76.8","88.3","80.2","73.1","point"
"2024-05-30 04:00:00 pm","75.7","89.4","78.8","72.4","point"
"2024-05-30 06:00:00 pm","71.8","94.1","74.1","70.0","point"
"2024-05-30 08:00:00 pm","71.7","--","--","--","point"
"2024-05-30 10:00:00 pm","71.4","97.6","73.6","70.7","point"
"2024-05-31 12:00:00 am","71.5","97.9","73.8","70.8","point"
"2024-05-31 02:00:00 am","70.8","--","--","--","point"
"2024-05-31 04:00:00 am","69.6","98.3","71.4","69.1","point"
"2024-05-31 06:00:00 am","69.1","98.3","70.9","68.6","point"
"2024-05-31 08:00:00 am","70.9","98.4","73.0","70.4","point"
"2024-05-31 10:00:00 am","73.6","98.2","77.0","73.1","point"
"2024-05-31 12:00:00 pm","76.9","90.4","81.0","73.9","point"
"2024-05-31 02:00:00 pm","78.2","88.2","83.5","74.4","point"
"2024-05-31 04:00:00 pm","78.1","88.3","83.5","74.3","point"
"2024-05-31 06:00:00 pm","75.8","91.8","79.3","73.2","point"
"2024-05-31 08:00:00 pm","74.7","94.6","78.1","73.0","point"
"2024-05-31 10:00:00 pm","74.3","96.1","77.7","73.1","point"
"2024-06-01 12:00:00 am","73.7","96.8","76.8","72.7","point"
"2024-06-01 02:00:00 am","73.7","97.2","76.8","72.8","point"
"2024-06-01 04:00:00 am","72.9","97.3","75.7","72.1","point"
"2024-06-01 06:00:00 am","72.6","97.3","75.2","71.7","point"
"2024-06-01 08:00:00 am","73.1","97.1","76.1","72.2","point"
"2024-06-01 10:00:00 am","74.1","96.4","77.4","73.0","point"
"2024-06-01 12:00:00 pm","77.1","91.3","81.5","74.4","point"
"2024-06-01 02:00:00 pm","78.2","88.1","83.5","74.4","point"
"2024-06-01 04:00:00 pm","75.7","91.2","79.0","73.0","point"
"2024-06-01 06:00:00 pm","74.0","93.3","77.0","71.9","point"
"2024-06-01 08:00:00 pm","73.5","92.8","76.3","71.3","point"
"2024-06-01 10:00:00 pm","73.2","91.7","75.6","70.6","point"
"2024-06-02 12:00:00 am","72.1","94.5","74.3","70.4","point"
"2024-06-02 02:00:00 am","71.5","95.5","73.6","70.1","point"
"2024-06-02 04:00:00 am","70.6","--","--","--","point"
