"Device Name","D2 - 2822656"
"Device Model","Kestrel DROP 2"
"Serial Number","2822656"
"FORMATTED DATE_TIME","Temperature","Relative Humidity","Heat Index","Dew Point","Data Type","Record name","Start time","Duration (H:M:S)","Location description","Location address","Location coordinates","Notes"
"YYYY-MM-DD HH:MM:SS","°F","%","°F","°F"
"2000-01-01 12:10:00 am","75.0","38.7","72.7","48.2","point"
"2023-02-21 03:30:00 pm","74.6","39.8","72.3","48.6","point"
"2023-02-21 03:40:00 pm","73.4","42.3","71.6","49.1","point"
"2023-02-21 03:50:00 pm","73.1","43.5","71.6","49.6","point"
"2023-02-21 04:00:00 pm","72.8","43.8","71.2","49.5","point"
"2023-02-21 04:10:00 pm","72.7","44.0","71.2","49.5","point"
"2023-02-21 04:20:00 pm","72.8","43.9","71.2","49.6","point"
"2023-02-21 04:30:00 pm","73.0","44.3","71.4","50.0","point"
"2023-02-21 04:40:00 pm","72.9","44.0","71.4","49.7","point"
"2023-02-21 04:50:00 pm","73.5","42.0","71.8","49.0","point"
"2023-02-21 05:00:00 pm","73.7","41.0","71.8","48.6","point"
"2023-02-21 05:10:00 pm","73.8","41.4","72.0","48.9","point"
"2023-02-21 05:20:00 pm","74.0","41.3","72.1","49.0","point"
"2023-02-21 05:30:00 pm","74.0","41.4","72.1","49.0","point"
"2023-02-21 05:40:00 pm","74.0","41.1","72.1","48.9","point"
"2023-02-21 05:50:00 pm","74.1","41.0","72.1","48.9","point"
"2023-02-21 06:00:00 pm","74.2","40.8","72.1","48.8","point"
"2023-02-21 06:10:00 pm","74.2","40.7","72.1","48.8","point"
"2023-02-21 06:20:00 pm","74.2","40.8","72.3","48.8","point"
"2023-02-21 06:30:00 pm","74.0","40.5","72.0","48.5","point"
"2023-02-21 06:40:00 pm","73.7","40.4","71.8","48.2","point"
"2023-02-21 06:50:00 pm","73.5","40.6","71.6","48.1","point"
"2023-02-21 07:00:00 pm","73.3","40.7","71.4","48.0","point"
"2023-02-21 07:10:00 pm","73.2","40.8","71.2","48.0","point"
"2023-02-21 07:20:00 pm","73.1","40.9","71.2","47.9","point"
"2023-02-21 07:30:00 pm","73.0","41.1","71.2","47.9","point"
"2023-02-21 07:40:00 pm","72.9","41.2","71.2","48.0","point"
"2023-02-21 07:50:00 pm","72.8","41.3","71.1","47.9","point"
"2023-02-21 08:00:00 pm","72.8","41.4","71.1","48.0","point"
"2023-02-21 08:10:00 pm","72.8","41.5","71.1","48.0","point"
"2023-02-21 08:20:00 pm","72.8","41.7","71.1","48.2","point"
"2023-02-21 08:30:00 pm","72.6","41.8","70.9","48.1","point"
"2023-02-21 08:40:00 pm","72.6","41.9","70.9","48.2","point"
"2023-02-21 08:50:00 pm","72.6","42.0","70.9","48.2","point"
"2023-02-21 09:00:00 pm","72.6","42.1","70.9","48.2","point"
"2023-02-21 09:10:00 pm","72.5","42.2","70.9","48.3","point"
"2023-02-21 09:20:00 pm","72.5","42.3","70.7","48.3","point"
"2023-02-21 09:30:00 pm","72.5","42.4","70.7","48.4","point"
"2023-02-21 09:40:00 pm","72.4","42.5","70.7","48.4","point"
"2023-02-21 09:50:00 pm","72.4","42.7","70.7","48.5","point"
"2023-02-21 10:00:00 pm","72.4","42.8","70.7","48.5","point"
"2023-02-21 10:10:00 pm","72.4","42.9","70.7","48.6","point"
"2023-02-21 10:20:00 pm","72.3","43.0","70.9","48.6","point"
"2023-02-21 10:30:00 pm","72.3","43.1","70.7","48.6","point"
"2023-02-21 10:40:00 pm","72.3","43.3","70.9","48.8","point"
"2023-02-21 10:50:00 pm","72.3","43.4","70.9","48.8","point"
"2023-02-21 11:00:00 pm","72.3","43.5","70.9","48.9","point"
"2023-02-21 11:10:00 pm","72.3","43.6","70.9","48.9","point"
"2023-02-21 11:20:00 pm","72.2","43.7","70.9","49.0","point"
"2023-02-21 11:30:00 pm","72.3","43.9","70.9","49.1","point"
"2023-02-21 11:40:00 pm","72.2","44.0","70.9","49.1","point"
"2023-02-21 11:50:00 pm","72.2","44.1","70.9","49.1","point"
"2023-02-22 12:00:00 am","72.2","44.2","70.9","49.2","point"
"2023-02-22 12:10:00 am","72.2","44.3","70.9","49.3","point"
"2023-02-22 12:20:00 am","72.2","44.4","70.9","49.3","point"
"2023-02-22 12:30:00 am","72.1","44.5","70.9","49.4","point"
"2023-02-22 12:40:00 am","72.2","44.7","70.9","49.5","point"
"2023-02-22 12:50:00 am","72.2","44.9","70.9","49.7","point"
"2023-02-22 01:00:00 am","72.3","45.0","70.9","49.7","point"
"2023-02-22 01:10:00 am","72.3","45.1","71.1","49.8","point"
"2023-02-22 01:20:00 am","72.3","45.2","71.1","49.9","point"
"2023-02-22 01:30:00 am","72.3","45.2","71.1","49.9","point"
"2023-02-22 01:40:00 am","72.3","45.3","71.1","50.0","point"
"2023-02-22 01:50:00 am","72.3","45.4","71.1","50.1","point"
"2023-02-22 02:00:00 am","72.4","45.4","71.1","50.1","point"
"2023-02-22 02:10:00 am","72.4","45.5","71.1","50.2","point"
"2023-02-22 02:20:00 am","72.4","45.6","71.1","50.2","point"
"2023-02-22 02:30:00 am","72.4","45.6","71.1","50.2","point"
"2023-02-22 02:40:00 am","72.4","45.7","71.1","50.3","point"
"2023-02-22 02:50:00 am","72.4","45.8","71.1","50.3","point"
"2023-02-22 03:00:00 am","72.5","45.8","71.1","50.4","point"
"2023-02-22 03:10:00 am","72.5","45.9","71.1","50.5","point"
"2023-02-22 03:20:00 am","72.5","46.0","71.1","50.5","point"
"2023-02-22 03:30:00 am","72.5","46.1","71.2","50.6","point"
"2023-02-22 03:40:00 am","72.5","46.1","71.2","50.6","point"
"2023-02-22 03:50:00 am","72.5","46.2","71.2","50.7","point"
"2023-02-22 04:00:00 am","72.6","46.3","71.2","50.8","point"
"2023-02-22 04:10:00 am","72.6","46.3","71.2","50.8","point"
"2023-02-22 04:20:00 am","72.6","46.4","71.2","50.8","point"
"2023-02-22 04:30:00 am","72.6","46.4","71.2","50.9","point"
"2023-02-22 04:40:00 am","72.6","46.5","71.2","50.9","point"
"2023-02-22 04:50:00 am","72.6","46.5","71.2","51.0","point"
"2023-02-22 05:00:00 am","72.6","46.6","71.2","51.0","point"
"2023-02-22 05:10:00 am","72.6","46.7","71.2","51.0","point"
"2023-02-22 05:20:00 am","72.6","46.7","71.2","51.0","point"
"2023-02-22 05:30:00 am","72.6","46.7","71.2","51.0","point"
"2023-02-22 05:40:00 am","72.6","46.8","71.4","51.0","point"
"2023-02-22 05:50:00 am","72.6","46.8","71.4","51.1","point"
"2023-02-22 06:00:00 am","72.5","46.9","71.4","51.1","point"
"2023-02-22 06:10:00 am","72.5","47.0","71.4","51.2","point"
"2023-02-22 06:20:00 am","72.5","47.1","71.2","51.1","point"
"2023-02-22 06:30:00 am","72.5","47.1","71.2","51.2","point"
"2023-02-22 06:40:00 am","72.5","47.2","71.2","51.2","point"
"2023-02-22 06:50:00 am","72.4","47.3","71.2","51.2","point"
"2023-02-22 07:00:00 am","72.4","47.3","71.2","51.2","point"
"2023-02-22 07:10:00 am","72.4","47.3","71.2","51.2","point"
"2023-02-22 07:20:00 am","72.3","47.4","71.2","51.2","point"
"2023-02-22 07:30:00 am","72.3","47.4","71.2","51.2","point"
"2023-02-22 07:40:00 am","72.3","47.5","71.2","51.3","point"
"2023-02-22 07:50:00 am","72.3","47.6","71.2","51.3","point"
"2023-02-22 08:00:00 am","72.3","47.6","71.2","51.3","point"
"2023-02-22 08:10:00 am","72.3","47.6","71.2","51.3","point"
"2023-02-22 08:20:00 am","72.3","47.7","71.2","51.4","point"
"2023-02-22 08:30:00 am","72.3","47.7","71.2","51.4","point"
"2023-02-22 08:40:00 am","72.3","47.8","71.2","51.4","point"
"2023-02-22 08:50:00 am","72.3","47.8","71.2","51.4","point"
"2023-02-22 09:00:00 am","72.3","47.9","71.2","51.4","point"
"2023-02-22 09:10:00 am","72.3","47.9","71.2","51.4","point"
"2023-02-22 09:20:00 am","72.2","47.9","71.2","51.4","point"
"2023-02-22 09:30:00 am","72.3","48.3","71.2","51.7","point"
"2023-02-22 09:40:00 am","72.5","48.7","71.6","52.1","point"
"2023-02-22 09:50:00 am","72.7","48.6","71.6","52.2","point"
"2023-02-22 10:00:00 am","72.8","48.4","71.6","52.2","point"
"2023-02-22 10:10:00 am","73.0","48.4","71.8","52.4","point"
"2023-02-22 10:20:00 am","73.0","48.1","71.8","52.2","point"
"2023-02-22 10:30:00 am","73.0","48.3","71.8","52.4","point"
"2023-02-22 10:40:00 am","73.0","48.0","71.8","52.1","point"
"2023-02-22 10:50:00 am","72.9","47.8","71.8","51.9","point"
"2023-02-22 11:00:00 am","72.8","47.6","71.6","51.7","point"
"2023-02-22 11:10:00 am","72.7","47.4","71.4","51.6","point"
"2023-02-22 11:20:00 am","72.7","47.3","71.4","51.5","point"
"2023-02-22 11:30:00 am","72.8","46.9","71.4","51.3","point"
"2023-02-22 11:40:00 am","73.0","45.4","71.6","50.6","point"
"2023-02-22 11:50:00 am","73.2","44.2","71.6","50.1","point"
"2023-02-22 12:00:00 pm","73.1","44.6","71.6","50.3","point"
"2023-02-22 12:10:00 pm","73.3","44.7","71.8","50.5","point"
"2023-02-22 12:20:00 pm","73.2","44.5","71.6","50.3","point"
"2023-02-22 12:30:00 pm","73.3","44.5","71.8","50.5","point"
"2023-02-22 12:40:00 pm","73.4","44.2","72.0","50.3","point"
"2023-02-22 12:50:00 pm","73.4","44.1","71.8","50.2","point"
"2023-02-22 01:00:00 pm","73.2","44.1","71.6","50.1","point"
"2023-02-22 01:10:00 pm","73.0","44.1","71.4","49.8","point"
"2023-02-22 01:20:00 pm","73.1","44.1","71.6","50.0","point"
"2023-02-22 01:30:00 pm","72.8","44.1","71.2","49.7","point"
"2023-02-22 01:40:00 pm","73.0","44.1","71.4","49.9","point"
"2023-02-22 01:50:00 pm","72.6","44.2","71.1","49.6","point"
"2023-02-22 02:00:00 pm","72.8","44.3","71.2","49.9","point"
"2023-02-22 02:10:00 pm","72.7","44.4","71.2","49.8","point"
"2023-02-22 02:20:00 pm","72.6","44.4","71.1","49.7","point"
"2023-02-22 02:30:00 pm","72.9","44.5","71.4","50.0","point"
"2023-02-22 02:40:00 pm","72.7","44.5","71.2","49.8","point"
"2023-02-22 02:50:00 pm","72.8","44.5","71.2","49.9","point"
"2023-02-22 03:00:00 pm","72.6","44.5","71.1","49.8","point"
"2023-02-22 03:10:00 pm","72.6","44.5","71.1","49.7","point"
"2023-02-22 03:20:00 pm","72.5","44.5","71.1","49.7","point"
"2023-02-22 03:30:00 pm","72.5","44.5","71.1","49.7","point"
"2023-02-22 03:40:00 pm","72.4","44.5","70.9","49.6","point"
"2023-02-22 03:50:00 pm","72.4","44.6","70.9","49.6","point"
"2023-02-22 04:00:00 pm","72.6","44.6","71.1","49.8","point"
"2023-02-22 04:10:00 pm","72.6","44.6","71.1","49.7","point"
"2023-02-22 04:20:00 pm","72.4","44.6","70.9","49.6","point"
"2023-02-22 04:30:00 pm","72.5","44.6","71.1","49.7","point"
"2023-02-22 04:40:00 pm","72.4","44.8","70.9","49.7","point"
"2023-02-22 04:50:00 pm","72.5","45.1","71.2","50.1","point"
"2023-02-22 05:00:00 pm","72.6","45.0","71.2","50.1","point"
"2023-02-22 05:10:00 pm","72.7","45.1","71.4","50.2","point"
"2023-02-22 05:20:00 pm","72.6","45.0","71.1","50.0","point"
"2023-02-22 05:30:00 pm","72.5","44.9","71.1","49.9","point"
"2023-02-22 05:40:00 pm","72.5","44.9","71.1","49.9","point"
"2023-02-22 05:50:00 pm","72.6","45.2","71.2","50.2","point"
"2023-02-22 06:00:00 pm","72.7","45.3","71.4","50.3","point"
"2023-02-22 06:10:00 pm","72.7","45.2","71.4","50.3","point"
"2023-02-22 06:20:00 pm","72.7","45.1","71.4","50.2","point"
"2023-02-22 06:30:00 pm","72.5","45.0","71.2","50.0","point"
"2023-02-22 06:40:00 pm","72.5","45.1","71.1","50.0","point"
"2023-02-22 06:50:00 pm","72.4","45.1","71.1","50.0","point"
"2023-02-22 07:00:00 pm","72.4","45.1","71.1","49.9","point"
"2023-02-22 07:10:00 pm","72.3","45.1","71.1","49.9","point"
"2023-02-22 07:20:00 pm","72.3","45.1","71.1","49.9","point"
"2023-02-22 07:30:00 pm","72.2","45.2","71.1","49.8","point"
"2023-02-22 07:40:00 pm","72.3","45.2","71.1","49.9","point"
"2023-02-22 07:50:00 pm","72.1","45.2","70.9","49.7","point"
"2023-02-22 08:00:00 pm","72.1","45.2","71.1","49.8","point"
"2023-02-22 08:10:00 pm","72.2","45.2","71.1","49.9","point"
"2023-02-22 08:20:00 pm","72.1","45.3","70.9","49.7","point"
"2023-02-22 08:30:00 pm","72.1","45.3","70.9","49.8","point"
"2023-02-22 08:40:00 pm","72.1","45.3","70.9","49.8","point"
"2023-02-22 08:50:00 pm","72.0","45.4","70.9","49.7","point"
"2023-02-22 09:00:00 pm","72.0","45.4","70.9","49.8","point"
"2023-02-22 09:10:00 pm","72.0","45.4","70.9","49.7","point"
"2023-02-22 09:20:00 pm","72.0","45.5","70.9","49.8","point"
"2023-02-22 09:30:00 pm","72.0","45.5","70.9","49.8","point"
"2023-02-22 09:40:00 pm","71.9","45.5","70.7","49.7","point"
"2023-02-22 09:50:00 pm","71.9","45.6","70.7","49.7","point"
"2023-02-22 10:00:00 pm","71.9","45.6","70.7","49.7","point"
"2023-02-22 10:10:00 pm","71.8","45.6","70.7","49.7","point"
"2023-02-22 10:20:00 pm","71.8","45.7","70.7","49.7","point"
"2023-02-22 10:30:00 pm","71.7","45.7","70.5","49.6","point"
"2023-02-22 10:40:00 pm","71.8","45.7","70.7","49.7","point"
"2023-02-22 10:50:00 pm","71.7","45.7","70.5","49.7","point"
"2023-02-22 11:00:00 pm","71.7","45.8","70.5","49.7","point"
"2023-02-22 11:10:00 pm","71.8","45.8","70.7","49.8","point"
"2023-02-22 11:20:00 pm","71.8","45.9","70.7","49.9","point"
"2023-02-22 11:30:00 pm","71.7","45.9","70.5","49.7","point"
"2023-02-22 11:40:00 pm","71.7","45.9","70.5","49.8","point"
"2023-02-22 11:50:00 pm","71.8","46.0","70.7","49.9","point"
"2023-02-23 12:00:00 am","71.7","46.1","70.5","49.9","point"
"2023-02-23 12:10:00 am","71.7","46.1","70.5","49.9","point"
"2023-02-23 12:20:00 am","71.7","46.2","70.5","49.9","point"
"2023-02-23 12:30:00 am","71.9","46.3","70.7","50.1","point"
"2023-02-23 12:40:00 am","71.8","46.3","70.7","50.1","point"
"2023-02-23 12:50:00 am","71.8","46.4","70.7","50.2","point"
"2023-02-23 01:00:00 am","71.8","46.5","70.7","50.2","point"
"2023-02-23 01:10:00 am","72.0","46.5","70.9","50.3","point"
"2023-02-23 01:20:00 am","71.9","46.5","70.7","50.3","point"
"2023-02-23 01:30:00 am","72.0","46.6","70.9","50.5","point"
"2023-02-23 01:40:00 am","72.0","46.6","70.9","50.5","point"
"2023-02-23 01:50:00 am","72.0","46.6","70.9","50.4","point"
"2023-02-23 02:00:00 am","72.1","46.7","70.9","50.5","point"
"2023-02-23 02:10:00 am","72.1","46.7","70.9","50.6","point"
"2023-02-23 02:20:00 am","72.2","46.7","71.1","50.7","point"
"2023-02-23 02:30:00 am","72.1","46.7","70.9","50.6","point"
"2023-02-23 02:40:00 am","72.2","46.8","71.1","50.7","point"
"2023-02-23 02:50:00 am","72.0","46.8","70.9","50.6","point"
"2023-02-23 03:00:00 am","72.2","46.8","71.1","50.8","point"
"2023-02-23 03:10:00 am","72.0","46.9","70.9","50.6","point"
"2023-02-23 03:20:00 am","72.1","46.9","71.1","50.7","point"
"2023-02-23 03:30:00 am","72.2","46.9","71.1","50.8","point"
"2023-02-23 03:40:00 am","72.1","46.9","70.9","50.7","point"
"2023-02-23 03:50:00 am","72.1","46.9","71.1","50.8","point"
"2023-02-23 04:00:00 am","72.2","47.0","71.1","50.9","point"
"2023-02-23 04:10:00 am","72.2","47.0","71.1","50.9","point"
"2023-02-23 04:20:00 am","72.3","47.0","71.1","50.9","point"
"2023-02-23 04:30:00 am","72.1","47.0","71.1","50.8","point"
"2023-02-23 04:40:00 am","72.3","47.1","71.2","51.0","point"
"2023-02-23 04:50:00 am","72.3","47.1","71.1","51.0","point"
"2023-02-23 05:00:00 am","72.4","47.1","71.2","51.1","point"
"2023-02-23 05:10:00 am","72.4","47.2","71.2","51.1","point"
"2023-02-23 05:20:00 am","72.3","47.2","71.1","51.0","point"
"2023-02-23 05:30:00 am","72.4","47.2","71.2","51.2","point"
"2023-02-23 05:40:00 am","72.2","47.2","71.1","51.0","point"
"2023-02-23 05:50:00 am","72.3","47.2","71.1","51.1","point"
"2023-02-23 06:00:00 am","72.3","47.2","71.2","51.1","point"
"2023-02-23 06:10:00 am","72.3","47.2","71.2","51.1","point"
"2023-02-23 06:20:00 am","72.2","47.2","71.1","51.0","point"
"2023-02-23 06:30:00 am","72.1","47.2","71.1","50.9","point"
"2023-02-23 06:40:00 am","72.3","47.2","71.1","51.1","point"
"2023-02-23 06:50:00 am","72.1","47.2","70.9","50.9","point"
"2023-02-23 07:00:00 am","72.0","47.2","70.9","50.8","point"
"2023-02-23 07:10:00 am","72.0","47.2","70.9","50.7","point"
"2023-02-23 07:20:00 am","72.0","47.2","70.9","50.8","point"
"2023-02-23 07:30:00 am","71.9","47.2","70.7","50.7","point"
"2023-02-23 07:40:00 am","72.1","47.2","70.9","50.9","point"
"2023-02-23 07:50:00 am","71.8","47.2","70.7","50.7","point"
"2023-02-23 08:00:00 am","72.0","47.2","70.9","50.8","point"
"2023-02-23 08:10:00 am","71.7","47.2","70.5","50.6","point"
"2023-02-23 08:20:00 am","72.0","47.2","70.9","50.8","point"
"2023-02-23 08:30:00 am","71.7","47.2","70.5","50.6","point"
"2023-02-23 08:40:00 am","71.7","47.2","70.5","50.5","point"
"2023-02-23 08:50:00 am","71.8","47.1","70.7","50.6","point"
"2023-02-23 09:00:00 am","72.0","47.1","70.9","50.7","point"
"2023-02-23 09:10:00 am","71.5","47.1","70.3","50.3","point"
"2023-02-23 09:20:00 am","71.7","47.2","70.5","50.5","point"
"2023-02-23 09:30:00 am","71.7","47.2","70.5","50.5","point"
"2023-02-23 09:40:00 am","71.7","47.5","70.7","50.7","point"
"2023-02-23 09:50:00 am","71.7","48.0","70.7","51.0","point"
"2023-02-23 10:00:00 am","72.0","48.1","71.1","51.3","point"
"2023-02-23 10:10:00 am","72.2","48.1","71.2","51.5","point"
"2023-02-23 10:20:00 am","72.3","48.3","71.2","51.7","point"
"2023-02-23 10:30:00 am","72.4","48.2","71.2","51.7","point"
"2023-02-23 10:40:00 am","72.3","48.0","71.2","51.5","point"
"2023-02-23 10:50:00 am","72.4","48.2","71.2","51.8","point"
"2023-02-23 11:00:00 am","72.6","48.2","71.4","51.9","point"
"2023-02-23 11:10:00 am","72.7","48.1","71.6","51.9","point"
"2024-01-09 07:00:00 pm","73.2","81.6","74.7","67.2","point"
"2024-01-09 09:00:00 pm","72.6","83.3","74.3","67.3","point"
"2024-01-09 11:00:00 pm","71.5","84.1","73.0","66.5","point"
"2024-01-10 01:00:00 am","71.0","82.0","72.1","65.2","point"
"2024-01-10 03:00:00 am","70.1","79.9","70.9","63.6","point"
"2024-01-10 05:00:00 am","69.6","79.8","70.3","63.1","point"
"2024-01-10 07:00:00 am","69.2","80.8","69.8","63.1","point"
"2024-01-10 09:00:00 am","69.4","81.7","70.2","63.5","point"
"2024-01-10 11:00:00 am","71.0","78.8","72.1","64.0","point"
"2024-01-10 01:00:00 pm","72.6","75.1","73.8","64.2","point"
"2024-01-10 03:00:00 pm","72.8","75.5","73.9","64.6","point"
"2024-01-10 05:00:00 pm","72.6","77.6","73.8","65.2","point"
"2024-01-10 07:00:00 pm","72.3","79.7","73.6","65.7","point"
"2024-01-10 09:00:00 pm","71.6","79.5","72.7","64.9","point"
"2024-01-10 11:00:00 pm","70.9","77.6","72.0","63.6","point"
"2024-01-11 01:00:00 am","70.3","78.7","71.1","63.3","point"
"2024-01-11 03:00:00 am","69.8","77.8","70.3","62.5","point"
"2024-01-11 05:00:00 am","69.3","78.2","69.8","62.2","point"
"2024-01-11 07:00:00 am","69.0","79.7","69.6","62.4","point"
"2024-01-11 09:00:00 am","68.2","83.9","68.9","63.1","point"
"2024-01-11 11:00:00 am","70.2","68.2","70.3","59.2","point"
"2024-01-11 01:00:00 pm","73.1","61.3","73.0","59.0","point"
"2024-01-11 03:00:00 pm","75.6","61.9","75.7","61.6","point"
"2024-01-11 05:00:00 pm","75.7","61.9","75.7","61.7","point"
"2024-01-11 07:00:00 pm","70.6","71.1","71.1","60.7","point"
"2024-01-11 09:00:00 pm","65.9","87.9","66.4","62.2","point"
"2024-01-11 11:00:00 pm","67.4","80.3","67.5","61.1","point"
"2024-01-12 01:00:00 am","65.3","83.9","65.1","60.3","point"
"2024-01-12 03:00:00 am","64.3","86.1","64.2","60.0","point"
"2024-01-12 05:00:00 am","63.8","87.0","63.9","59.9","point"
"2024-01-12 07:00:00 am","62.9","87.5","63.0","59.1","point"
"2024-01-12 09:00:00 am","64.3","83.6","64.2","59.2","point"
"2024-01-12 11:00:00 am","68.4","74.9","68.4","60.1","point"
"2024-01-12 01:00:00 pm","71.8","70.2","72.5","61.6","point"
"2024-01-12 03:00:00 pm","76.2","55.9","75.6","59.3","point"
"2024-01-12 05:00:00 pm","75.2","60.8","75.0","60.7","point"
"2024-01-12 07:00:00 pm","69.9","77.1","70.5","62.4","point"
"2024-01-12 09:00:00 pm","66.3","83.8","66.4","61.3","point"
"2024-01-12 11:00:00 pm","65.9","81.0","65.8","60.0","point"
"2024-01-13 01:00:00 am","64.2","86.1","64.0","60.0","point"
"2024-01-13 03:00:00 am","63.0","90.5","63.5","60.2","point"
"2024-01-13 05:00:00 am","62.1","92.4","62.8","59.8","point"
"2024-01-13 07:00:00 am","62.2","94.9","63.0","60.7","point"
"2024-01-13 09:00:00 am","64.7","93.4","65.3","62.8","point"
"2024-01-13 11:00:00 am","69.7","78.4","70.3","62.6","point"
"2024-01-13 01:00:00 pm","73.0","66.9","73.4","61.3","point"
"2024-01-13 03:00:00 pm","75.4","62.4","75.6","61.7","point"
"2024-01-13 05:00:00 pm","74.2","76.1","75.6","66.2","point"
"2024-01-13 07:00:00 pm","69.8","85.9","70.7","65.4","point"
"2024-01-13 09:00:00 pm","67.9","91.8","69.1","65.4","point"
"2024-01-13 11:00:00 pm","64.7","93.9","65.5","62.9","point"
"2024-01-14 01:00:00 am","66.3","92.5","67.3","64.1","point"
"2024-01-14 03:00:00 am","65.7","88.5","66.2","62.2","point"
"2024-01-14 05:00:00 am","65.0","88.7","65.5","61.6","point"
"2024-01-14 07:00:00 am","64.2","91.3","64.8","61.7","point"
"2024-01-14 09:00:00 am","66.0","91.0","66.6","63.3","point"
"2024-01-14 11:00:00 am","71.3","78.3","72.3","64.2","point"
"2024-01-14 01:00:00 pm","76.1","58.7","75.7","60.5","point"
"2024-01-14 03:00:00 pm","76.8","57.0","76.5","60.5","point"
"2024-01-14 05:00:00 pm","75.7","76.9","77.4","67.9","point"
"2024-01-14 07:00:00 pm","70.6","86.2","71.8","66.2","point"
"2024-01-14 09:00:00 pm","65.2","91.2","65.8","62.5","point"
"2024-01-14 11:00:00 pm","69.7","69.3","69.8","59.2","point"
"2024-01-15 01:00:00 am","69.2","70.1","69.1","59.1","point"
"2024-01-15 03:00:00 am","65.9","78.1","65.5","58.9","point"
"2024-01-15 05:00:00 am","65.2","80.8","64.9","59.1","point"
"2024-01-15 07:00:00 am","62.9","89.3","63.1","59.6","point"
"2024-01-15 09:00:00 am","64.5","91.0","64.9","61.8","point"
"2024-01-15 11:00:00 am","69.1","84.2","70.0","64.2","point"
"2024-01-15 01:00:00 pm","72.8","67.1","73.2","61.2","point"
"2024-01-15 03:00:00 pm","74.9","65.8","75.2","62.7","point"
"2024-01-15 05:00:00 pm","73.9","69.6","74.7","63.3","point"
"2024-01-15 07:00:00 pm","69.9","80.5","70.7","63.6","point"
"2024-01-15 09:00:00 pm","66.8","86.1","67.3","62.5","point"
"2024-01-15 11:00:00 pm","63.9","92.1","64.6","61.6","point"
"2024-01-16 01:00:00 am","62.5","94.0","63.3","60.8","point"
"2024-01-16 03:00:00 am","62.9","88.5","63.1","59.5","point"
"2024-01-16 05:00:00 am","63.6","89.8","63.9","60.5","point"
"2024-01-16 07:00:00 am","61.6","92.4","62.2","59.4","point"
"2024-01-16 09:00:00 am","62.6","96.4","63.7","61.6","point"
"2024-01-16 11:00:00 am","67.7","91.2","68.7","65.1","point"
"2024-01-16 01:00:00 pm","72.7","68.5","73.2","61.7","point"
"2024-01-16 03:00:00 pm","73.1","72.4","74.1","63.7","point"
"2024-01-16 05:00:00 pm","72.2","81.0","73.6","66.0","point"
"2024-01-16 07:00:00 pm","69.3","88.7","70.5","65.8","point"
"2024-01-16 09:00:00 pm","68.4","94.6","69.8","66.8","point"
"2024-01-16 11:00:00 pm","66.1","96.5","67.3","65.1","point"
"2024-01-17 01:00:00 am","66.9","97.5","68.4","66.2","point"
"2024-01-17 03:00:00 am","66.4","97.8","68.0","65.8","point"
"2024-01-17 05:00:00 am","66.0","97.8","67.3","65.4","point"
"2024-01-17 07:00:00 am","65.1","98.8","66.4","64.7","point"
"2024-01-17 09:00:00 am","65.8","98.1","67.1","65.2","point"
"2024-01-17 11:00:00 am","69.4","89.3","70.5","66.1","point"
"2024-01-17 01:00:00 pm","71.5","86.5","73.2","67.2","point"
"2024-01-17 03:00:00 pm","72.1","83.5","73.6","66.8","point"
"2024-01-17 05:00:00 pm","72.6","74.1","73.6","63.8","point"
"2024-01-17 07:00:00 pm","69.1","83.3","70.0","63.8","point"
"2024-01-17 09:00:00 pm","68.8","95.2","70.3","67.4","point"
"2024-01-17 11:00:00 pm","67.7","95.4","69.1","66.4","point"
"2024-01-18 01:00:00 am","67.4","96.3","68.7","66.3","point"
"2024-01-18 03:00:00 am","65.9","96.5","67.1","64.9","point"
"2024-01-18 05:00:00 am","65.4","96.9","66.6","64.5","point"
"2024-01-18 07:00:00 am","62.9","95.7","63.9","61.7","point"
"2024-01-18 09:00:00 am","66.1","98.1","67.5","65.6","point"
"2024-01-18 11:00:00 am","69.7","88.8","70.9","66.2","point"
"2024-01-18 01:00:00 pm","71.7","81.9","73.0","65.9","point"
"2024-01-18 03:00:00 pm","74.1","81.9","75.9","68.2","point"
"2024-01-18 05:00:00 pm","73.1","81.5","74.7","67.1","point"
"2024-01-18 07:00:00 pm","70.0","90.4","71.6","67.0","point"
"2024-01-18 09:00:00 pm","68.2","92.8","69.4","66.0","point"
"2024-01-18 11:00:00 pm","66.8","95.7","68.0","65.5","point"
"2024-01-19 01:00:00 am","67.0","98.4","68.5","66.6","point"
"2024-01-19 03:00:00 am","67.1","99.1","68.7","66.8","point"
"2024-01-19 05:00:00 am","65.1","97.8","66.4","64.4","point"
"2024-01-19 07:00:00 am","62.9","99.7","64.2","62.8","point"
"2024-01-19 09:00:00 am","65.3","99.8","66.9","65.2","point"
"2024-01-19 11:00:00 am","70.1","91.7","71.6","67.5","point"
"2024-01-19 01:00:00 pm","73.3","83.4","75.2","67.9","point"
"2024-01-19 03:00:00 pm","74.5","82.4","76.6","68.8","point"
"2024-01-19 05:00:00 pm","73.5","85.3","75.6","68.8","point"
"2024-01-19 07:00:00 pm","70.2","92.3","71.8","67.8","point"
"2024-01-19 09:00:00 pm","69.4","97.8","71.2","68.8","point"
"2024-01-19 11:00:00 pm","66.8","96.7","68.2","65.8","point"
"2024-01-20 01:00:00 am","65.1","99.1","66.6","64.9","point"
"2024-01-20 03:00:00 am","65.5","99.4","66.9","65.3","point"
"2024-01-20 05:00:00 am","64.8","97.2","65.8","64.0","point"
"2024-01-20 07:00:00 am","63.6","98.5","64.8","63.2","point"
"2024-01-20 09:00:00 am","65.5","97.8","66.9","64.9","point"
"2024-01-20 11:00:00 am","69.5","93.4","70.9","67.5","point"
"2024-01-20 01:00:00 pm","73.2","81.5","74.7","67.2","point"
"2024-01-20 03:00:00 pm","73.1","82.9","74.8","67.6","point"
"2024-01-20 05:00:00 pm","74.0","85.7","76.3","69.4","point"
"2024-01-20 07:00:00 pm","70.8","92.8","72.5","68.6","point"
"2024-01-20 09:00:00 pm","67.6","96.1","68.9","66.5","point"
"2024-01-20 11:00:00 pm","65.4","96.1","66.6","64.3","point"
"2024-01-21 01:00:00 am","66.2","99.5","67.6","66.0","point"
"2024-01-21 03:00:00 am","65.0","98.5","66.4","64.5","point"
"2024-01-21 05:00:00 am","65.8","99.8","67.3","65.8","point"
"2024-01-21 07:00:00 am","65.3","100.0","66.9","65.3","point"
"2024-01-21 09:00:00 am","65.9","100.0","67.5","65.9","point"
"2024-01-21 11:00:00 am","69.9","93.2","71.4","67.8","point"
"2024-01-21 01:00:00 pm","73.9","76.9","75.2","66.2","point"
"2024-01-21 03:00:00 pm","76.2","75.5","77.7","67.9","point"
"2024-01-21 05:00:00 pm","75.2","77.6","76.6","67.7","point"
"2024-01-21 07:00:00 pm","72.1","83.8","73.9","67.0","point"
"2024-01-21 09:00:00 pm","70.9","95.9","72.9","69.7","point"
"2024-01-21 11:00:00 pm","67.9","96.3","69.4","66.9","point"
"2024-01-22 01:00:00 am","67.2","97.9","68.7","66.6","point"
"2024-01-22 03:00:00 am","66.2","95.9","67.3","65.0","point"
"2024-01-22 05:00:00 am","64.5","98.3","65.7","64.0","point"
"2024-01-22 07:00:00 am","62.8","97.5","64.0","62.1","point"
"2024-01-22 09:00:00 am","66.1","99.9","67.6","66.1","point"
"2024-01-22 11:00:00 am","70.3","94.8","72.0","68.8","point"
"2024-01-22 01:00:00 pm","74.5","80.0","76.3","68.0","point"
"2024-01-22 03:00:00 pm","75.4","78.8","77.4","68.3","point"
"2024-01-22 05:00:00 pm","75.2","78.7","77.0","68.1","point"
"2024-01-22 07:00:00 pm","71.5","86.8","73.2","67.3","point"
"2024-01-22 09:00:00 pm","71.2","95.7","73.0","69.9","point"
"2024-01-22 11:00:00 pm","68.6","98.1","70.3","68.0","point"
"2024-01-23 01:00:00 am","65.5","95.8","66.7","64.3","point"
"2024-01-23 03:00:00 am","64.6","97.6","65.8","63.9","point"
"2024-01-23 05:00:00 am","63.4","98.8","64.6","63.1","point"
"2024-01-23 07:00:00 am","62.7","92.2","63.3","60.4","point"
"2024-01-23 09:00:00 am","66.9","95.0","68.2","65.4","point"
"2024-01-23 11:00:00 am","70.2","88.0","71.6","66.5","point"
"2024-01-23 01:00:00 pm","73.2","75.7","74.3","65.0","point"
"2024-01-23 03:00:00 pm","75.0","81.9","77.0","69.1","point"
"2024-01-23 05:00:00 pm","74.6","82.8","76.6","69.0","point"
"2024-01-23 07:00:00 pm","70.3","84.9","71.4","65.5","point"
"2024-01-23 09:00:00 pm","68.1","89.8","69.1","65.0","point"
"2024-01-23 11:00:00 pm","64.2","94.6","64.9","62.6","point"
"2024-01-24 01:00:00 am","62.7","95.9","63.7","61.5","point"
"2024-01-24 03:00:00 am","61.3","94.8","62.1","59.8","point"
"2024-01-24 05:00:00 am","59.8","95.4","60.6","58.5","point"
"2024-01-24 07:00:00 am","57.8","95.0","58.5","56.4","point"
"2024-01-24 09:00:00 am","62.6","90.4","63.1","59.7","point"
"2024-01-24 11:00:00 am","69.6","77.9","70.2","62.4","point"
"2024-01-24 01:00:00 pm","71.9","74.7","72.7","63.4","point"
"2024-01-24 03:00:00 pm","73.3","72.1","74.3","63.8","point"
"2024-01-24 05:00:00 pm","72.8","71.0","73.6","62.8","point"
"2024-01-24 07:00:00 pm","69.5","79.2","70.3","62.7","point"
"2024-01-24 09:00:00 pm","67.1","88.0","67.8","63.4","point"
"2024-01-24 11:00:00 pm","63.8","91.8","64.2","61.4","point"
"2024-01-25 01:00:00 am","62.9","80.2","62.4","56.6","point"
"2024-01-25 03:00:00 am","62.3","77.5","61.7","55.2","point"
"2024-01-25 05:00:00 am","60.0","89.3","60.3","56.9","point"
"2024-01-25 07:00:00 am","58.5","93.0","59.2","56.5","point"
"2024-01-25 09:00:00 am","63.7","88.8","63.9","60.3","point"
"2024-01-25 11:00:00 am","69.4","79.4","70.0","62.8","point"
"2024-01-25 01:00:00 pm","72.3","73.0","73.2","63.2","point"
"2024-01-25 03:00:00 pm","73.3","71.9","74.1","63.7","point"
"2024-01-25 05:00:00 pm","72.6","76.8","73.8","64.9","point"
"2024-01-25 07:00:00 pm","68.9","87.1","70.0","64.9","point"
"2024-01-25 09:00:00 pm","66.5","94.1","67.6","64.7","point"
"2024-01-25 11:00:00 pm","64.5","96.4","65.5","63.4","point"
"2024-01-26 01:00:00 am","63.2","95.9","64.2","62.1","point"
"2024-01-26 03:00:00 am","62.2","95.7","63.0","61.0","point"
"2024-01-26 05:00:00 am","65.1","93.4","65.8","63.1","point"
"2024-01-26 07:00:00 am","62.5","95.5","63.3","61.2","point"
"2024-01-26 09:00:00 am","64.7","94.8","65.5","63.2","point"
"2024-01-26 11:00:00 am","68.6","82.3","69.3","63.0","point"
"2024-01-26 01:00:00 pm","72.8","68.6","73.2","61.8","point"
"2024-01-26 03:00:00 pm","74.7","62.4","74.8","60.9","point"
"2024-01-26 05:00:00 pm","75.3","56.7","74.7","58.9","point"
"2024-01-26 07:00:00 pm","70.5","81.3","71.4","64.5","point"
"2024-01-26 09:00:00 pm","66.0","89.6","66.4","62.9","point"
"2024-01-26 11:00:00 pm","63.2","94.0","64.0","61.4","point"
"2024-01-27 01:00:00 am","63.0","83.3","63.0","57.8","point"
"2024-01-27 03:00:00 am","63.9","70.5","62.6","54.1","point"
"2024-01-27 05:00:00 am","62.0","83.9","61.9","57.0","point"
"2024-01-27 07:00:00 am","61.0","90.6","61.3","58.2","point"
"2024-01-27 09:00:00 am","62.6","94.1","63.5","60.9","point"
"2024-01-27 11:00:00 am","69.6","73.9","70.2","60.9","point"
"2024-01-27 01:00:00 pm","72.8","59.5","72.5","57.8","point"
"2024-01-27 03:00:00 pm","75.8","50.9","74.7","56.3","point"
"2024-01-27 05:00:00 pm","75.7","52.5","74.7","57.1","point"
"2024-01-27 07:00:00 pm","70.4","59.5","70.2","55.6","point"
"2024-01-27 09:00:00 pm","64.1","82.2","63.9","58.5","point"
"2024-01-27 11:00:00 pm","67.3","65.2","66.2","55.2","point"
"2024-01-28 01:00:00 am","64.4","74.1","63.5","56.0","point"
"2024-01-28 03:00:00 am","62.6","82.8","62.6","57.3","point"
"2024-01-28 05:00:00 am","62.3","86.7","62.4","58.2","point"
"2024-01-28 07:00:00 am","60.5","92.2","61.2","58.2","point"
"2024-01-28 09:00:00 am","63.1","94.7","63.9","61.5","point"
"2024-01-28 11:00:00 am","67.9","79.7","68.2","61.4","point"
"2024-01-28 01:00:00 pm","71.6","64.7","72.0","59.1","point"
"2024-01-28 03:00:00 pm","73.8","61.2","73.8","59.6","point"
"2024-01-28 05:00:00 pm","75.0","56.7","74.3","58.6","point"
"2024-01-28 07:00:00 pm","70.1","76.2","70.7","62.3","point"
"2024-01-28 09:00:00 pm","65.6","86.5","65.8","61.4","point"
"2024-01-28 11:00:00 pm","62.6","91.4","63.1","60.1","point"
"2024-01-29 01:00:00 am","60.7","92.5","61.3","58.5","point"
"2024-01-29 03:00:00 am","63.9","77.5","63.3","56.7","point"
"2024-01-29 05:00:00 am","63.4","82.0","63.1","57.8","point"
"2024-01-29 07:00:00 am","62.4","84.8","62.4","57.8","point"
"2024-01-29 09:00:00 am","63.8","89.3","64.0","60.6","point"
"2024-01-29 11:00:00 am","67.7","85.3","68.4","63.2","point"
"2024-01-29 01:00:00 pm","72.9","65.7","73.2","60.8","point"
"2024-01-29 03:00:00 pm","74.5","61.2","74.5","60.3","point"
"2024-01-29 05:00:00 pm","73.6","71.2","74.5","63.7","point"
"2024-01-29 07:00:00 pm","69.7","80.2","70.5","63.3","point"
"2024-01-29 09:00:00 pm","64.3","91.3","64.8","61.7","point"
"2024-01-29 11:00:00 pm","61.8","91.6","62.2","59.3","point"
"2024-01-30 01:00:00 am","63.6","73.5","62.6","55.0","point"
"2024-01-30 03:00:00 am","64.5","67.4","62.8","53.4","point"
"2024-01-30 05:00:00 am","62.6","78.4","62.1","55.8","point"
"2024-01-30 07:00:00 am","61.6","81.2","61.3","55.8","point"
"2024-01-30 09:00:00 am","63.1","85.4","63.0","58.6","point"
"2024-01-30 11:00:00 am","68.7","79.8","69.3","62.2","point"
"2024-01-30 01:00:00 pm","73.8","57.7","73.4","57.9","point"
"2024-01-30 03:00:00 pm","75.2","61.9","75.2","61.2","point"
"2024-01-30 05:00:00 pm","74.0","57.7","73.6","58.1","point"
"2024-01-30 07:00:00 pm","69.5","70.6","69.6","59.6","point"
"2024-01-30 09:00:00 pm","68.6","87.4","69.6","64.7","point"
"2024-01-30 11:00:00 pm","64.2","90.2","64.6","61.3","point"
"2024-01-31 01:00:00 am","61.0","92.0","61.7","58.7","point"
"2024-01-31 03:00:00 am","60.6","93.9","61.3","58.8","point"
"2024-01-31 05:00:00 am","59.6","91.7","60.1","57.2","point"
"2024-01-31 07:00:00 am","59.0","91.9","59.7","56.6","point"
"2024-01-31 09:00:00 am","64.8","89.3","65.1","61.6","point"
"2024-01-31 11:00:00 am","70.1","69.2","70.3","59.5","point"
"2024-01-31 01:00:00 pm","73.9","59.0","73.6","58.7","point"
"2024-01-31 03:00:00 pm","74.0","51.5","73.0","55.0","point"
"2024-01-31 05:00:00 pm","73.7","60.5","73.6","59.2","point"
"2024-01-31 07:00:00 pm","68.7","76.3","68.9","60.9","point"
"2024-01-31 09:00:00 pm","62.4","87.7","62.4","58.7","point"
"2024-01-31 11:00:00 pm","62.6","91.2","63.1","60.0","point"
"2024-02-01 01:00:00 am","60.9","90.9","61.3","58.3","point"
"2024-02-01 03:00:00 am","63.9","92.8","64.6","61.7","point"
"2024-02-01 05:00:00 am","59.9","89.0","60.1","56.6","point"
"2024-02-01 07:00:00 am","58.3","90.5","58.8","55.5","point"
"2024-02-01 09:00:00 am","64.4","76.4","63.5","56.8","point"
"2024-02-01 11:00:00 am","70.3","64.6","70.2","57.8","point"
"2024-02-01 01:00:00 pm","72.6","68.6","73.0","61.7","point"
"2024-02-01 03:00:00 pm","73.1","68.6","73.6","62.2","point"
"2024-02-01 05:00:00 pm","73.6","69.7","74.5","63.1","point"
"2024-02-01 07:00:00 pm","70.0","80.5","70.9","63.7","point"
"2024-02-01 09:00:00 pm","67.6","89.1","68.4","64.3","point"
"2024-02-01 11:00:00 pm","63.2","90.5","63.7","60.4","point"
"2024-02-02 01:00:00 am","63.2","86.2","63.1","59.0","point"
"2024-02-02 03:00:00 am","63.5","89.3","63.9","60.3","point"
"2024-02-02 05:00:00 am","59.4","92.1","60.1","57.1","point"
"2024-02-02 07:00:00 am","58.3","92.4","58.8","56.1","point"
"2024-02-02 09:00:00 am","62.9","93.7","63.5","61.1","point"
"2024-02-02 11:00:00 am","70.0","79.5","70.9","63.4","point"
"2024-02-02 01:00:00 pm","73.6","69.0","74.5","62.8","point"
"2024-02-02 03:00:00 pm","75.3","60.7","75.2","60.8","point"
"2024-02-02 05:00:00 pm","74.4","67.3","74.8","62.8","point"
"2024-02-02 07:00:00 pm","70.7","78.6","71.8","63.7","point"
"2024-02-02 09:00:00 pm","66.7","88.4","67.3","63.2","point"
"2024-02-02 11:00:00 pm","63.7","92.3","64.2","61.4","point"
"2024-02-03 01:00:00 am","61.5","91.9","62.1","59.1","point"
"2024-02-03 03:00:00 am","60.4","94.0","61.3","58.7","point"
"2024-02-03 05:00:00 am","58.4","93.4","58.8","56.5","point"
"2024-02-03 07:00:00 am","63.5","89.2","63.9","60.2","point"
"2024-02-03 09:00:00 am","66.7","86.9","67.1","62.6","point"
"2024-02-03 11:00:00 am","71.5","80.5","72.7","65.2","point"
"2024-02-03 01:00:00 pm","74.7","73.1","75.9","65.4","point"
"2024-02-03 03:00:00 pm","75.0","75.8","76.3","66.8","point"
"2024-02-03 05:00:00 pm","74.9","75.0","76.3","66.5","point"
"2024-02-03 07:00:00 pm","71.4","85.9","72.7","66.9","point"
"2024-02-03 09:00:00 pm","69.4","90.7","70.7","66.5","point"
"2024-02-03 11:00:00 pm","68.3","91.9","69.4","65.8","point"
"2024-02-04 01:00:00 am","66.3","91.3","67.1","63.7","point"
"2024-02-04 03:00:00 am","67.7","90.7","68.7","64.9","point"
"2024-02-04 05:00:00 am","67.2","91.8","68.2","64.7","point"
"2024-02-04 07:00:00 am","66.8","88.9","67.5","63.4","point"
"2024-02-04 09:00:00 am","67.8","89.0","68.5","64.4","point"
"2024-02-04 11:00:00 am","72.0","81.7","73.4","66.1","point"
"2024-02-04 01:00:00 pm","74.8","69.9","75.6","64.3","point"
"2024-02-04 03:00:00 pm","77.3","62.2","77.7","63.4","point"
"2024-02-04 05:00:00 pm","76.6","73.1","78.1","67.4","point"
"2024-02-04 07:00:00 pm","72.6","87.8","74.7","68.8","point"
"2024-02-04 09:00:00 pm","69.9","93.9","71.6","68.1","point"
"2024-02-04 11:00:00 pm","67.6","94.8","68.9","66.0","point"
"2024-02-05 01:00:00 am","64.7","98.0","65.8","64.1","point"
"2024-02-05 03:00:00 am","66.0","88.5","66.4","62.5","point"
"2024-02-05 05:00:00 am","64.0","84.5","63.9","59.2","point"
"2024-02-05 07:00:00 am","64.0","80.1","63.5","57.8","point"
"2024-02-05 09:00:00 am","65.4","84.1","65.3","60.5","point"
"2024-02-05 11:00:00 am","70.4","78.7","71.2","63.5","point"
"2024-02-05 01:00:00 pm","76.0","58.2","75.6","60.2","point"
"2024-02-05 03:00:00 pm","79.8","46.9","79.0","57.7","point"
"2024-02-05 05:00:00 pm","78.5","47.5","77.4","56.9","point"
"2024-02-05 07:00:00 pm","72.6","78.3","73.8","65.5","point"
"2024-02-05 09:00:00 pm","71.2","89.3","72.7","67.9","point"
"2024-02-05 11:00:00 pm","68.1","89.9","69.1","65.0","point"
"2024-02-06 01:00:00 am","65.8","91.2","66.4","63.2","point"
"2024-02-06 03:00:00 am","65.3","95.2","66.4","63.9","point"
"2024-02-06 05:00:00 am","65.2","80.3","64.8","59.0","point"
"2024-02-06 07:00:00 am","64.0","84.3","63.9","59.2","point"
"2024-02-06 09:00:00 am","66.5","80.2","66.4","60.2","point"
"2024-02-06 11:00:00 am","72.5","67.0","72.9","60.9","point"
"2024-02-06 01:00:00 pm","78.7","44.0","77.2","55.0","point"
"2024-02-06 03:00:00 pm","81.2","38.7","79.3","53.7","point"
"2024-02-06 05:00:00 pm","81.5","38.2","79.5","53.5","point"
"2024-02-06 07:00:00 pm","73.5","61.5","73.6","59.5","point"
"2024-02-06 09:00:00 pm","70.3","75.3","71.1","62.1","point"
"2024-02-06 11:00:00 pm","66.8","82.5","66.9","61.3","point"
"2024-02-07 01:00:00 am","67.0","78.2","66.9","59.9","point"
"2024-02-07 03:00:00 am","67.3","68.1","66.6","56.4","point"
"2024-02-07 05:00:00 am","66.7","70.9","65.8","57.0","point"
"2024-02-07 07:00:00 am","65.6","77.5","64.9","58.3","point"
"2024-02-07 09:00:00 am","69.1","67.3","68.9","57.8","point"
"2024-02-07 11:00:00 am","74.3","52.6","73.6","55.9","point"
"2024-02-07 01:00:00 pm","80.0","39.6","77.9","53.3","point"
"2024-02-07 03:00:00 pm","82.2","34.4","79.5","51.4","point"
"2024-02-07 05:00:00 pm","79.8","55.6","80.4","62.5","point"
"2024-02-07 07:00:00 pm","74.2","69.9","75.0","63.7","point"
"2024-02-07 09:00:00 pm","70.2","81.9","71.2","64.4","point"
"2024-02-07 11:00:00 pm","65.6","89.6","66.0","62.4","point"
"2024-02-08 01:00:00 am","68.9","77.0","69.4","61.4","point"
"2024-02-08 03:00:00 am","67.0","76.9","66.9","59.5","point"
"2024-02-08 05:00:00 am","65.7","69.2","64.4","55.3","point"
"2024-02-08 07:00:00 am","64.5","68.7","63.0","54.0","point"
"2024-02-08 09:00:00 am","69.0","64.9","68.5","56.7","point"
"2024-02-08 11:00:00 am","73.4","58.5","73.0","57.9","point"
"2024-02-08 01:00:00 pm","80.1","43.4","78.8","55.8","point"
"2024-02-08 03:00:00 pm","79.9","56.8","81.0","63.2","point"
"2024-02-08 05:00:00 pm","77.5","63.6","78.1","64.1","point"
"2024-02-08 07:00:00 pm","73.5","75.9","74.7","65.4","point"
"2024-02-08 09:00:00 pm","69.1","86.3","70.3","64.9","point"
"2024-02-08 11:00:00 pm","65.7","92.0","66.6","63.3","point"
"2024-02-09 01:00:00 am","64.1","89.2","64.4","60.8","point"
"2024-02-09 03:00:00 am","64.8","86.3","64.8","60.6","point"
"2024-02-09 05:00:00 am","63.5","90.8","64.0","60.8","point"
"2024-02-09 07:00:00 am","63.3","85.3","63.1","58.8","point"
"2024-02-09 09:00:00 am","67.0","83.4","67.3","61.8","point"
"2024-02-09 11:00:00 am","73.0","61.1","72.9","58.8","point"
"2024-02-09 01:00:00 pm","77.8","53.7","77.4","59.7","point"
"2024-02-09 03:00:00 pm","80.2","58.8","81.5","64.4","point"
"2024-02-09 05:00:00 pm","77.8","70.7","79.9","67.5","point"
"2024-02-09 07:00:00 pm","73.8","80.8","75.6","67.6","point"
"2024-02-09 09:00:00 pm","71.5","91.4","73.4","68.8","point"
"2024-02-09 11:00:00 pm","69.4","89.5","70.5","66.2","point"
"2024-02-10 01:00:00 am","68.0","95.0","69.3","66.5","point"
"2024-02-10 03:00:00 am","66.4","83.9","66.7","61.4","point"
"2024-02-10 05:00:00 am","66.2","83.6","66.4","61.1","point"
"2024-02-10 07:00:00 am","63.5","89.0","63.9","60.2","point"
"2024-02-10 09:00:00 am","65.2","87.9","65.5","61.5","point"
"2024-02-10 11:00:00 am","71.7","77.0","72.7","64.1","point"
"2024-02-10 01:00:00 pm","76.3","61.7","76.5","62.2","point"
"2024-02-10 03:00:00 pm","80.0","43.4","78.6","55.7","point"
"2024-02-10 05:00:00 pm","78.5","65.0","80.1","65.8","point"
"2024-02-10 07:00:00 pm","73.6","83.3","75.7","68.2","point"
"2024-02-10 09:00:00 pm","71.3","92.0","73.2","68.8","point"
"2024-02-10 11:00:00 pm","67.9","94.1","69.3","66.2","point"
"2024-02-11 01:00:00 am","65.8","95.9","66.9","64.6","point"
"2024-02-11 03:00:00 am","63.1","97.4","64.0","62.3","point"
"2024-02-11 05:00:00 am","64.5","93.2","65.1","62.4","point"
"2024-02-11 07:00:00 am","63.3","91.8","63.9","60.9","point"
"2024-02-11 09:00:00 am","64.8","95.0","65.7","63.3","point"
"2024-02-11 11:00:00 am","69.7","84.4","70.7","64.8","point"
"2024-02-11 01:00:00 pm","75.8","59.5","75.6","60.7","point"
"2024-02-11 03:00:00 pm","78.4","43.7","76.6","54.5","point"
"2024-02-11 05:00:00 pm","79.1","38.5","76.8","51.7","point"
"2024-02-11 07:00:00 pm","71.4","61.2","71.2","57.3","point"
"2024-02-11 09:00:00 pm","65.6","80.1","65.1","59.2","point"
"2024-02-11 11:00:00 pm","63.5","85.5","63.5","59.1","point"
"2024-02-12 01:00:00 am","65.3","82.1","65.1","59.7","point"
"2024-02-12 03:00:00 am","64.9","80.3","64.4","58.7","point"
"2024-02-12 05:00:00 am","63.9","80.9","63.7","57.9","point"
"2024-02-12 07:00:00 am","63.0","86.0","63.0","58.7","point"
"2024-02-12 09:00:00 am","65.4","80.1","64.9","59.1","point"
"2024-02-12 11:00:00 am","71.5","50.6","70.7","52.2","point"
"2024-02-12 01:00:00 pm","76.4","41.6","74.1","51.4","point"
"2024-02-12 03:00:00 pm","79.5","32.4","76.5","47.4","point"
"2024-02-12 05:00:00 pm","79.6","37.1","77.4","51.1","point"
"2024-02-12 07:00:00 pm","73.0","53.9","72.3","55.3","point"
"2024-02-12 09:00:00 pm","70.8","79.4","72.0","64.1","point"
"2024-02-12 11:00:00 pm","64.4","84.9","64.4","59.7","point"
"2024-02-13 01:00:00 am","62.1","89.1","62.4","58.8","point"
"2024-02-13 03:00:00 am","64.1","81.4","63.9","58.3","point"
"2024-02-13 05:00:00 am","62.8","77.9","62.1","55.8","point"
"2024-02-13 07:00:00 am","61.6","83.2","61.5","56.4","point"
"2024-02-13 09:00:00 am","64.2","84.9","64.2","59.6","point"
"2024-02-13 11:00:00 am","70.3","70.2","70.5","60.2","point"
"2024-02-13 01:00:00 pm","76.0","43.4","74.1","52.2","point"
"2024-02-13 03:00:00 pm","78.8","36.8","76.5","50.2","point"
"2024-02-13 05:00:00 pm","78.3","52.8","77.9","59.7","point"
"2024-02-13 07:00:00 pm","72.4","61.0","72.3","58.2","point"
"2024-02-13 09:00:00 pm","69.9","82.8","70.9","64.5","point"
"2024-02-13 11:00:00 pm","64.8","87.2","64.9","60.9","point"
"2024-02-14 01:00:00 am","63.0","90.5","63.5","60.1","point"
"2024-02-14 03:00:00 am","65.8","84.1","65.8","60.9","point"
"2024-02-14 05:00:00 am","66.0","81.6","65.8","60.2","point"
"2024-02-14 07:00:00 am","64.8","84.9","64.8","60.2","point"
"2024-02-14 09:00:00 am","66.7","87.9","67.1","63.0","point"
"2024-02-14 11:00:00 am","72.0","73.1","72.9","62.9","point"
"2024-02-14 01:00:00 pm","78.2","49.6","77.2","57.8","point"
"2024-02-14 03:00:00 pm","79.5","41.2","77.9","53.9","point"
"2024-02-14 05:00:00 pm","80.2","35.5","77.5","50.4","point"
"2024-02-14 07:00:00 pm","74.7","70.4","75.6","64.4","point"
"2024-02-14 09:00:00 pm","71.4","87.7","72.9","67.6","point"
"2024-02-14 11:00:00 pm","69.5","89.1","70.7","66.1","point"
"2024-02-15 01:00:00 am","65.9","92.3","66.7","63.6","point"
"2024-02-15 03:00:00 am","64.5","93.7","65.1","62.6","point"
"2024-02-15 05:00:00 am","65.3","89.7","65.7","62.2","point"
"2024-02-15 07:00:00 am","65.0","87.6","65.3","61.3","point"
"2024-02-15 09:00:00 am","67.0","85.3","67.5","62.4","point"
"2024-02-15 11:00:00 am","72.7","75.3","73.9","64.4","point"
"2024-02-15 01:00:00 pm","76.3","59.4","76.1","61.1","point"
"2024-02-15 03:00:00 pm","78.1","47.3","77.0","56.4","point"
"2024-02-15 05:00:00 pm","77.2","44.5","75.2","53.9","point"
"2024-02-15 07:00:00 pm","72.3","71.5","72.9","62.5","point"
"2024-02-15 09:00:00 pm","66.2","85.8","66.6","61.8","point"
"2024-02-15 11:00:00 pm","63.5","88.6","63.9","60.1","point"
"2024-02-16 01:00:00 am","65.7","86.3","66.0","61.5","point"
"2024-02-16 03:00:00 am","65.0","77.0","64.4","57.6","point"
"2024-02-16 05:00:00 am","64.2","82.8","64.0","58.8","point"
"2024-02-16 07:00:00 am","63.4","85.4","63.3","58.9","point"
"2024-02-16 09:00:00 am","64.8","83.2","64.8","59.6","point"
"2024-02-16 11:00:00 am","70.6","62.2","70.5","57.1","point"
"2024-02-16 01:00:00 pm","77.1","44.4","75.2","53.7","point"
"2024-02-16 03:00:00 pm","80.4","38.2","78.3","52.6","point"
"2024-02-16 05:00:00 pm","80.1","37.2","77.9","51.6","point"
"2024-02-16 07:00:00 pm","74.1","58.4","73.8","58.6","point"
"2024-02-16 09:00:00 pm","70.8","78.2","71.8","63.6","point"
"2024-02-16 11:00:00 pm","66.1","86.3","66.4","61.9","point"
"2024-02-17 01:00:00 am","64.7","87.7","64.8","61.0","point"
"2024-02-17 03:00:00 am","65.6","86.0","65.7","61.3","point"
"2024-02-17 05:00:00 am","64.6","85.7","64.6","60.2","point"
"2024-02-17 07:00:00 am","64.8","88.6","65.1","61.4","point"
"2024-02-17 09:00:00 am","66.1","87.6","66.6","62.3","point"
"2024-02-17 11:00:00 am","72.0","74.2","72.9","63.3","point"
"2024-02-17 01:00:00 pm","77.2","56.7","76.8","60.6","point"
"2024-02-17 03:00:00 pm","80.4","49.1","79.9","59.5","point"
"2024-02-17 05:00:00 pm","78.5","62.1","79.5","64.5","point"
"2024-02-17 07:00:00 pm","74.4","72.4","75.4","64.9","point"
"2024-02-17 09:00:00 pm","71.1","87.5","72.7","67.2","point"
"2024-02-17 11:00:00 pm","67.7","90.5","68.7","64.9","point"
"2024-02-18 01:00:00 am","65.7","90.6","66.4","62.8","point"
"2024-02-18 03:00:00 am","64.1","92.8","64.8","62.0","point"
"2024-02-18 05:00:00 am","62.3","92.0","63.0","60.0","point"
"2024-02-18 07:00:00 am","64.5","94.1","65.3","62.8","point"
"2024-02-18 09:00:00 am","66.0","94.0","66.9","64.2","point"
"2024-02-18 11:00:00 am","72.5","78.4","73.6","65.4","point"
"2024-02-18 01:00:00 pm","76.3","68.9","77.0","65.3","point"
"2024-02-18 03:00:00 pm","77.9","67.8","79.3","66.4","point"
"2024-02-18 05:00:00 pm","76.8","70.7","77.9","66.5","point"
"2024-02-18 07:00:00 pm","73.4","79.4","74.8","66.6","point"
"2024-02-18 09:00:00 pm","69.4","88.5","70.5","65.8","point"
"2024-02-18 11:00:00 pm","67.7","92.6","68.9","65.5","point"
"2024-02-19 01:00:00 am","67.7","94.9","69.1","66.2","point"
"2024-02-19 03:00:00 am","67.0","98.3","68.5","66.5","point"
"2024-02-19 05:00:00 am","64.4","95.7","65.1","63.1","point"
"2024-02-19 07:00:00 am","65.9","96.4","67.1","64.9","point"
"2024-02-19 09:00:00 am","66.7","89.6","67.3","63.5","point"
"2024-02-19 11:00:00 am","71.5","82.9","72.9","66.0","point"
"2024-02-19 01:00:00 pm","76.6","68.7","77.4","65.5","point"
"2024-02-19 03:00:00 pm","78.2","63.0","79.3","64.6","point"
"2024-02-19 05:00:00 pm","77.7","64.9","79.0","65.0","point"
"2024-02-19 07:00:00 pm","73.6","74.9","74.8","65.1","point"
"2024-02-19 09:00:00 pm","71.0","86.3","72.5","66.7","point"
"2024-02-19 11:00:00 pm","68.3","91.0","69.4","65.5","point"
"2024-02-20 01:00:00 am","69.4","87.1","70.5","65.3","point"
"2024-02-20 03:00:00 am","65.6","93.5","66.4","63.7","point"
"2024-02-20 05:00:00 am","63.7","94.4","64.4","62.0","point"
"2024-02-20 07:00:00 am","62.1","92.9","62.8","60.0","point"
"2024-02-20 09:00:00 am","67.1","97.5","68.5","66.4","point"
"2024-02-20 10:00:00 am","68.6","94.0","70.2","66.8","point"
"2024-02-20 12:00:00 pm","74.3","75.5","75.6","66.0","point"
"2024-02-20 02:00:00 pm","77.3","72.9","79.2","68.0","point"
"2024-02-20 04:00:00 pm","77.4","74.3","79.7","68.5","point"
"2024-02-20 06:00:00 pm","75.4","75.8","77.0","67.2","point"
"2024-02-20 08:00:00 pm","73.5","90.4","76.1","70.5","point"
"2024-02-20 10:00:00 pm","70.4","92.5","72.0","68.1","point"
"2024-02-21 12:00:00 am","68.0","92.9","69.3","65.9","point"
"2024-02-21 02:00:00 am","68.1","95.6","69.4","66.8","point"
"2024-02-21 04:00:00 am","68.3","96.9","69.8","67.4","point"
"2024-02-21 06:00:00 am","66.7","96.8","68.0","65.7","point"
"2024-02-21 08:00:00 am","66.5","98.7","68.0","66.1","point"
"2024-02-21 10:00:00 am","70.2","90.7","71.8","67.3","point"
"2024-02-21 12:00:00 pm","75.1","68.6","75.7","64.0","point"
"2024-02-21 02:00:00 pm","77.2","79.2","79.7","70.2","point"
"2024-02-21 04:00:00 pm","77.5","76.5","80.1","69.5","point"
"2024-02-21 06:00:00 pm","75.5","75.1","77.0","67.0","point"
"2024-02-21 08:00:00 pm","71.6","84.3","73.2","66.6","point"
"2024-02-21 10:00:00 pm","67.9","90.5","69.1","65.0","point"
"2024-02-22 12:00:00 am","64.5","94.2","65.3","62.8","point"
"2024-02-22 02:00:00 am","62.4","93.7","63.0","60.6","point"
"2024-02-22 04:00:00 am","61.1","93.6","61.7","59.3","point"
"2024-02-22 06:00:00 am","62.6","94.5","63.5","61.0","point"
"2024-02-22 08:00:00 am","63.7","97.2","64.6","62.8","point"
"2024-02-22 10:00:00 am","67.5","87.2","68.4","63.6","point"
"2024-02-22 12:00:00 pm","74.2","58.4","73.8","58.7","point"
"2024-02-22 02:00:00 pm","76.6","63.9","77.0","63.5","point"
"2024-02-22 04:00:00 pm","76.7","63.5","77.0","63.4","point"
"2024-02-22 06:00:00 pm","75.1","64.7","75.4","62.4","point"
"2024-02-22 08:00:00 pm","70.8","84.4","72.1","65.9","point"
"2024-02-22 10:00:00 pm","66.8","90.1","67.6","63.9","point"
"2024-02-23 12:00:00 am","63.7","91.6","64.2","61.3","point"
"2024-02-23 02:00:00 am","65.4","86.4","65.7","61.3","point"
"2024-02-23 04:00:00 am","59.1","92.4","59.7","56.9","point"
"2024-02-23 06:00:00 am","63.1","60.6","60.8","49.3","point"
"2024-02-23 08:00:00 am","65.4","59.8","63.0","51.1","point"
"2024-02-23 10:00:00 am","70.4","47.9","69.4","49.7","point"
"2024-02-23 12:00:00 pm","75.2","51.5","74.1","56.1","point"
"2024-02-23 02:00:00 pm","76.8","42.4","74.7","52.2","point"
"2024-02-23 04:00:00 pm","76.9","51.5","75.7","57.7","point"
"2024-02-23 06:00:00 pm","75.1","58.1","74.7","59.3","point"
"2024-02-23 08:00:00 pm","71.0","81.3","72.1","65.0","point"
"2024-02-23 10:00:00 pm","68.4","88.9","69.4","65.0","point"
"2024-02-24 12:00:00 am","64.0","90.1","64.4","61.0","point"
"2024-02-24 02:00:00 am","62.0","91.1","62.4","59.4","point"
"2024-02-24 04:00:00 am","60.3","92.4","61.0","58.1","point"
"2024-02-24 06:00:00 am","58.8","90.6","59.2","56.0","point"
"2024-02-24 08:00:00 am","59.1","92.6","59.7","56.9","point"
"2024-02-24 10:00:00 am","70.5","71.8","71.1","61.0","point"
"2024-02-24 12:00:00 pm","73.9","53.8","73.0","56.1","point"
"2024-02-24 02:00:00 pm","75.5","53.2","74.5","57.3","point"
"2024-02-24 04:00:00 pm","75.8","55.5","75.2","58.7","point"
"2024-02-24 06:00:00 pm","73.7","72.3","74.7","64.3","point"
"2024-02-24 08:00:00 pm","69.6","87.2","70.7","65.6","point"
"2024-02-24 10:00:00 pm","67.4","92.2","68.5","65.1","point"
"2024-02-25 12:00:00 am","64.6","92.9","65.1","62.4","point"
"2024-02-25 02:00:00 am","62.6","93.2","63.3","60.6","point"
"2024-02-25 04:00:00 am","60.5","91.3","61.0","57.9","point"
"2024-02-25 06:00:00 am","59.2","93.5","59.9","57.3","point"
"2024-02-25 08:00:00 am","66.0","88.0","66.4","62.3","point"
"2024-02-25 10:00:00 am","69.3","88.0","70.5","65.6","point"
"2024-02-25 12:00:00 pm","74.2","79.4","75.9","67.5","point"
"2024-02-25 02:00:00 pm","77.0","77.6","79.0","69.4","point"
"2024-02-25 04:00:00 pm","77.8","76.8","80.8","69.9","point"
"2024-02-25 06:00:00 pm","75.5","80.4","77.4","69.0","point"
"2024-02-25 08:00:00 pm","70.6","87.3","72.0","66.7","point"
"2024-02-25 10:00:00 pm","67.4","92.9","68.5","65.2","point"
"2024-02-26 12:00:00 am","66.6","94.2","67.8","64.9","point"
"2024-02-26 02:00:00 am","65.2","93.8","66.2","63.4","point"
"2024-02-26 04:00:00 am","67.4","91.9","68.5","64.9","point"
"2024-02-26 06:00:00 am","66.4","90.2","67.3","63.4","point"
"2024-02-26 08:00:00 am","65.8","91.8","66.4","63.4","point"
"2024-02-26 10:00:00 am","68.5","86.7","69.4","64.4","point"
"2024-02-26 12:00:00 pm","74.0","71.8","74.8","64.3","point"
"2024-02-26 02:00:00 pm","78.9","52.7","78.6","60.2","point"
"2024-02-26 04:00:00 pm","81.8","44.6","81.0","58.1","point"
"2024-02-26 06:00:00 pm","78.2","54.7","77.9","60.5","point"
"2024-02-26 08:00:00 pm","72.9","82.4","74.7","67.2","point"
"2024-02-26 10:00:00 pm","70.3","88.8","71.6","66.8","point"
"2024-02-27 12:00:00 am","66.1","92.8","66.9","64.0","point"
"2024-02-27 02:00:00 am","66.3","87.0","66.7","62.3","point"
"2024-02-27 04:00:00 am","64.6","90.8","64.9","61.8","point"
"2024-02-27 06:00:00 am","64.1","93.7","64.8","62.2","point"
"2024-02-27 08:00:00 am","65.6","93.0","66.4","63.5","point"
"2024-02-27 10:00:00 am","70.7","82.1","72.0","65.0","point"
"2024-02-27 12:00:00 pm","76.1","63.9","76.5","63.0","point"
"2024-02-27 02:00:00 pm","81.3","44.2","80.2","57.4","point"
"2024-02-27 04:00:00 pm","82.6","41.7","81.7","57.1","point"
"2024-02-27 06:00:00 pm","78.9","65.1","80.8","66.2","point"
"2024-02-27 08:00:00 pm","73.5","81.9","75.2","67.6","point"
"2024-02-27 10:00:00 pm","71.1","90.6","72.9","68.2","point"
"2024-02-28 12:00:00 am","67.8","93.9","69.3","66.0","point"
"2024-02-28 02:00:00 am","67.1","93.8","68.2","65.2","point"
"2024-02-28 04:00:00 am","67.3","88.7","68.2","63.9","point"
"2024-02-28 06:00:00 am","66.3","87.7","66.7","62.5","point"
"2024-02-28 08:00:00 am","67.2","86.6","67.8","63.1","point"
"2024-02-28 10:00:00 am","71.1","82.4","72.3","65.5","point"
"2024-02-28 12:00:00 pm","77.6","60.7","78.1","63.0","point"
"2024-02-28 02:00:00 pm","82.2","39.9","80.8","55.5","point"
"2024-02-28 04:00:00 pm","81.4","59.8","83.5","66.1","point"
"2024-02-28 06:00:00 pm","77.7","74.7","80.1","69.0","point"
"2024-02-28 08:00:00 pm","73.3","86.9","75.4","69.2","point"
"2024-02-28 10:00:00 pm","71.2","91.5","72.9","68.6","point"
"2024-02-29 12:00:00 am","68.1","98.3","69.8","67.6","point"
"2024-02-29 02:00:00 am","67.8","78.3","67.8","60.8","point"
"2024-02-29 04:00:00 am","65.9","79.8","65.7","59.5","point"
"2024-02-29 06:00:00 am","64.7","82.1","64.4","59.1","point"
"2024-02-29 08:00:00 am","65.1","83.7","64.9","60.0","point"
"2024-02-29 10:00:00 am","70.8","74.9","71.6","62.4","point"
"2024-02-29 12:00:00 pm","77.9","49.6","76.8","57.5","point"
"2024-02-29 02:00:00 pm","81.0","35.0","78.4","50.8","point"
"2024-02-29 04:00:00 pm","82.6","42.2","81.5","57.3","point"
"2024-02-29 06:00:00 pm","76.8","78.9","79.3","69.8","point"
"2024-02-29 08:00:00 pm","73.5","89.5","75.9","70.2","point"
"2024-02-29 10:00:00 pm","71.6","93.0","73.8","69.5","point"
"2024-03-01 12:00:00 am","69.7","94.2","71.4","68.0","point"
"2024-03-01 02:00:00 am","68.2","92.2","69.4","65.8","point"
"2024-03-01 04:00:00 am","66.0","87.2","66.4","62.1","point"
"2024-03-01 06:00:00 am","66.5","80.5","66.4","60.3","point"
"2024-03-01 08:00:00 am","65.2","86.3","65.5","61.0","point"
"2024-03-01 10:00:00 am","69.5","79.9","70.3","63.1","point"
"2024-03-01 12:00:00 pm","75.9","52.8","75.0","57.5","point"
"2024-03-01 02:00:00 pm","80.5","37.7","78.3","52.4","point"
"2024-03-01 04:00:00 pm","81.4","37.0","79.3","52.6","point"
"2024-03-01 06:00:00 pm","77.2","61.8","77.7","63.1","point"
"2024-03-01 08:00:00 pm","73.0","88.7","75.0","69.5","point"
"2024-03-01 10:00:00 pm","71.9","92.5","73.9","69.5","point"
"2024-03-02 12:00:00 am","68.8","94.7","70.3","67.2","point"
"2024-03-02 02:00:00 am","67.7","93.8","69.1","65.8","point"
"2024-03-02 04:00:00 am","65.9","90.9","66.6","63.1","point"
"2024-03-02 06:00:00 am","65.0","86.5","65.3","60.9","point"
"2024-03-02 08:00:00 am","64.6","85.8","64.6","60.2","point"
"2024-03-02 10:00:00 am","70.3","74.2","70.9","61.7","point"
"2024-03-02 12:00:00 pm","76.6","52.1","75.6","57.7","point"
"2024-03-02 02:00:00 pm","78.4","54.2","78.1","60.5","point"
"2024-03-02 04:00:00 pm","78.4","55.4","78.4","61.2","point"
"2024-03-02 06:00:00 pm","75.9","69.9","76.6","65.4","point"
"2024-03-02 08:00:00 pm","72.6","89.1","74.7","69.2","point"
"2024-03-02 10:00:00 pm","71.0","92.5","72.7","68.8","point"
"2024-03-03 12:00:00 am","70.1","93.9","71.8","68.2","point"
"2024-03-03 02:00:00 am","69.1","94.1","70.7","67.3","point"
"2024-03-03 04:00:00 am","67.0","95.7","68.2","65.7","point"
"2024-03-03 06:00:00 am","67.1","95.7","68.4","65.8","point"
"2024-03-03 08:00:00 am","67.2","94.8","68.4","65.7","point"
"2024-03-03 10:00:00 am","71.7","83.5","73.2","66.4","point"
"2024-03-03 12:00:00 pm","75.8","74.0","77.2","66.9","point"
"2024-03-03 02:00:00 pm","78.4","72.6","81.1","68.8","point"
"2024-03-03 04:00:00 pm","78.6","71.5","81.5","68.6","point"
"2024-03-03 06:00:00 pm","76.7","73.2","78.1","67.5","point"
"2024-03-03 08:00:00 pm","72.3","86.3","74.1","68.0","point"
"2024-03-03 10:00:00 pm","69.1","93.1","70.5","67.0","point"
"2024-03-04 12:00:00 am","66.8","94.4","68.0","65.2","point"
"2024-03-04 02:00:00 am","65.4","94.4","66.4","63.8","point"
"2024-03-04 04:00:00 am","64.2","94.4","64.9","62.5","point"
"2024-03-04 06:00:00 am","63.9","94.5","64.8","62.3","point"
"2024-03-04 08:00:00 am","64.5","91.4","64.9","61.9","point"
"2024-03-04 10:00:00 am","72.6","73.0","73.4","63.5","point"
"2024-03-04 12:00:00 pm","75.2","75.9","76.8","67.1","point"
"2024-03-04 02:00:00 pm","77.2","73.4","79.2","68.1","point"
"2024-03-04 04:00:00 pm","78.0","71.7","80.2","68.1","point"
"2024-03-04 06:00:00 pm","76.0","76.8","77.7","68.2","point"
"2024-03-04 08:00:00 pm","72.3","88.7","74.1","68.7","point"
"2024-03-04 10:00:00 pm","69.4","91.9","70.7","67.0","point"
"2024-03-05 12:00:00 am","67.1","95.0","68.4","65.6","point"
"2024-03-05 02:00:00 am","65.4","98.2","66.7","64.9","point"
"2024-03-05 04:00:00 am","65.0","98.7","66.4","64.6","point"
"2024-03-05 06:00:00 am","63.1","98.0","64.2","62.5","point"
"2024-03-05 08:00:00 am","65.1","97.1","66.2","64.2","point"
"2024-03-05 10:00:00 am","71.2","89.5","72.7","67.9","point"
"2024-03-05 12:00:00 pm","76.5","78.6","78.6","69.4","point"
"2024-03-05 02:00:00 pm","78.4","78.5","82.0","71.1","point"
"2024-03-05 04:00:00 pm","78.5","75.8","81.9","70.2","point"
"2024-03-05 06:00:00 pm","75.9","82.6","78.3","70.2","point"
"2024-03-05 08:00:00 pm","72.6","88.2","74.7","68.9","point"
"2024-03-05 10:00:00 pm","69.9","92.9","71.4","67.7","point"
"2024-03-06 12:00:00 am","68.0","96.5","69.4","66.9","point"
"2024-03-06 02:00:00 am","67.2","96.9","68.5","66.3","point"
"2024-03-06 04:00:00 am","66.2","94.4","67.5","64.5","point"
"2024-03-06 06:00:00 am","62.6","91.6","63.0","60.1","point"
"2024-03-06 08:00:00 am","63.1","95.0","63.9","61.6","point"
"2024-03-06 10:00:00 am","73.2","68.9","73.6","62.3","point"
"2024-03-06 12:00:00 pm","77.5","65.4","78.4","64.9","point"
"2024-03-06 02:00:00 pm","78.0","72.4","80.4","68.4","point"
"2024-03-06 04:00:00 pm","78.2","70.2","80.2","67.7","point"
"2024-03-06 06:00:00 pm","76.5","68.2","77.4","65.2","point"
"2024-03-06 08:00:00 pm","72.8","84.5","74.5","67.8","point"
"2024-03-06 10:00:00 pm","69.7","88.7","70.9","66.2","point"
"2024-03-07 12:00:00 am","65.8","92.5","66.6","63.6","point"
"2024-03-07 02:00:00 am","63.8","93.8","64.6","62.0","point"
"2024-03-07 04:00:00 am","62.9","93.9","63.7","61.0","point"
"2024-03-07 06:00:00 am","63.2","91.2","63.7","60.6","point"
"2024-03-07 08:00:00 am","66.9","84.6","67.3","62.1","point"
"2024-03-07 10:00:00 am","72.3","74.2","73.2","63.6","point"
"2024-03-07 12:00:00 pm","77.6","58.7","77.7","62.0","point"
"2024-03-07 02:00:00 pm","78.2","67.1","79.9","66.4","point"
"2024-03-07 04:00:00 pm","79.5","62.3","81.1","65.5","point"
"2024-03-07 06:00:00 pm","77.9","66.3","79.2","65.7","point"
"2024-03-07 08:00:00 pm","74.2","76.9","75.6","66.5","point"
"2024-03-07 10:00:00 pm","69.5","88.2","70.7","65.8","point"
"2024-03-08 12:00:00 am","70.0","83.9","71.2","64.9","point"
"2024-03-08 02:00:00 am","71.3","60.4","71.2","56.9","point"
"2024-03-08 04:00:00 am","70.6","49.0","69.6","50.5","point"
"2024-03-08 06:00:00 am","66.1","69.1","64.9","55.6","point"
"2024-03-08 08:00:00 am","68.4","54.7","66.9","51.5","point"
"2024-03-08 10:00:00 am","74.7","46.9","73.2","53.1","point"
"2024-03-08 12:00:00 pm","79.0","45.1","77.9","55.9","point"
"2024-03-08 02:00:00 pm","79.3","58.2","80.1","63.3","point"
"2024-03-08 04:00:00 pm","79.2","63.7","81.0","65.9","point"
"2024-03-08 06:00:00 pm","76.8","62.7","77.2","63.2","point"
"2024-03-08 08:00:00 pm","72.8","82.6","74.5","67.2","point"
"2024-03-08 10:00:00 pm","69.6","88.5","70.9","66.1","point"
"2024-03-09 12:00:00 am","66.1","90.8","66.9","63.3","point"
"2024-03-09 02:00:00 am","66.4","86.5","66.9","62.2","point"
"2024-03-09 04:00:00 am","63.5","91.5","64.0","61.0","point"
"2024-03-09 06:00:00 am","62.3","91.4","62.8","59.8","point"
"2024-03-09 08:00:00 am","62.7","93.4","63.3","60.8","point"
"2024-03-09 10:00:00 am","73.1","59.3","72.9","58.1","point"
"2024-03-09 12:00:00 pm","77.8","58.1","77.9","61.9","point"
"2024-03-09 02:00:00 pm","79.9","64.4","82.2","66.8","point"
"2024-03-09 04:00:00 pm","79.3","61.0","80.4","64.7","point"
"2024-03-09 06:00:00 pm","77.4","57.6","77.4","61.2","point"
"2024-03-09 08:00:00 pm","73.5","89.6","75.9","70.3","point"
"2024-03-09 10:00:00 pm","71.7","91.4","73.6","69.0","point"
"2024-03-10 12:00:00 am","70.8","93.5","72.5","68.8","point"
"2024-03-10 02:00:00 am","69.7","94.7","71.4","68.1","point"
"2024-03-10 04:00:00 am","68.5","96.7","70.0","67.5","point"
"2024-03-10 06:00:00 am","67.7","90.3","68.7","64.8","point"
"2024-03-10 08:00:00 am","66.7","82.9","66.9","61.3","point"
"2024-03-10 10:00:00 am","73.0","63.9","73.2","60.0","point"
"2024-03-10 12:00:00 pm","76.3","69.1","77.2","65.5","point"
"2024-03-10 02:00:00 pm","78.7","64.2","80.2","65.6","point"
"2024-03-10 04:00:00 pm","78.7","66.2","80.6","66.5","point"
"2024-03-10 06:00:00 pm","76.4","76.2","77.9","68.3","point"
"2024-03-10 08:00:00 pm","73.4","93.3","75.9","71.3","point"
"2024-03-10 10:00:00 pm","72.6","94.2","75.2","70.8","point"
"2024-03-11 12:00:00 am","71.5","97.1","73.6","70.6","point"
"2024-03-11 02:00:00 am","70.8","96.7","72.7","69.8","point"
"2024-03-11 04:00:00 am","70.1","93.9","71.8","68.2","point"
"2024-03-11 06:00:00 am","69.7","93.3","71.2","67.7","point"
"2024-03-11 08:00:00 am","70.8","90.6","72.5","67.9","point"
"2024-03-11 10:00:00 am","74.1","78.0","75.6","66.8","point"
"2024-03-11 12:00:00 pm","77.5","79.1","80.4","70.4","point"
"2024-03-11 02:00:00 pm","78.7","72.3","81.7","69.0","point"
"2024-03-11 04:00:00 pm","78.8","67.1","81.0","67.0","point"
"2024-03-11 06:00:00 pm","76.9","76.6","79.0","69.0","point"
"2024-03-11 08:00:00 pm","73.6","90.1","76.3","70.5","point"
"2024-03-11 10:00:00 pm","72.0","93.9","74.3","70.2","point"
"2024-03-12 12:00:00 am","71.3","95.0","73.4","69.8","point"
"2024-03-12 02:00:00 am","70.8","95.6","72.7","69.4","point"
"2024-03-12 04:00:00 am","69.9","97.1","71.6","69.0","point"
"2024-03-12 06:00:00 am","67.9","96.9","69.4","66.9","point"
"2024-03-12 08:00:00 am","67.5","97.2","68.9","66.7","point"
"2024-03-12 10:00:00 am","73.0","91.4","75.4","70.4","point"
"2024-03-12 12:00:00 pm","78.0","76.3","81.0","69.9","point"
"2024-03-12 02:00:00 pm","79.1","75.0","82.9","70.5","point"
"2024-03-12 04:00:00 pm","79.2","73.6","82.9","70.1","point"
"2024-03-12 06:00:00 pm","76.6","82.1","79.5","70.8","point"
"2024-03-12 08:00:00 pm","73.3","90.1","75.7","70.3","point"
"2024-03-12 10:00:00 pm","71.9","93.2","73.9","69.8","point"
"2024-03-13 12:00:00 am","71.3","86.3","72.9","67.0","point"
"2024-03-13 02:00:00 am","68.8","92.9","70.2","66.7","point"
"2024-03-13 04:00:00 am","66.4","95.5","67.6","65.1","point"
"2024-03-13 06:00:00 am","65.4","95.8","66.6","64.1","point"
"2024-03-13 08:00:00 am","67.8","91.0","68.7","65.1","point"
"2024-03-13 10:00:00 am","71.8","77.1","72.9","64.2","point"
"2024-03-13 12:00:00 pm","74.2","83.9","76.3","69.0","point"
"2024-03-13 02:00:00 pm","77.2","77.1","79.7","69.4","point"
"2024-03-13 04:00:00 pm","77.6","77.9","80.6","70.2","point"
"2024-03-13 06:00:00 pm","75.6","85.6","78.3","71.0","point"
"2024-03-13 08:00:00 pm","72.9","92.2","75.4","70.5","point"
"2024-03-13 10:00:00 pm","71.3","94.3","73.4","69.5","point"
"2024-03-14 12:00:00 am","70.2","94.5","72.0","68.5","point"
"2024-03-14 02:00:00 am","69.5","96.2","71.2","68.4","point"
"2024-03-14 04:00:00 am","68.3","96.4","69.8","67.2","point"
"2024-03-14 06:00:00 am","67.8","96.5","69.4","66.8","point"
"2024-03-14 08:00:00 am","67.2","89.0","68.0","63.8","point"
"2024-03-14 10:00:00 am","72.0","79.9","73.4","65.4","point"
"2024-03-14 12:00:00 pm","74.4","83.7","76.6","69.1","point"
"2024-03-14 02:00:00 pm","76.6","77.6","78.6","69.1","point"
"2024-03-14 04:00:00 pm","76.9","76.6","79.0","69.0","point"
"2024-03-14 06:00:00 pm","75.4","80.0","77.4","68.8","point"
"2024-03-14 08:00:00 pm","72.5","90.0","74.7","69.4","point"
"2024-03-14 10:00:00 pm","69.5","93.3","70.9","67.5","point"
"2024-03-15 12:00:00 am","67.0","95.2","68.2","65.6","point"
"2024-03-15 02:00:00 am","67.5","95.9","68.9","66.3","point"
"2024-03-15 04:00:00 am","65.3","93.7","66.2","63.4","point"
"2024-03-15 06:00:00 am","63.4","95.5","64.2","62.1","point"
"2024-03-15 08:00:00 am","66.0","91.5","66.6","63.4","point"
"2024-03-15 10:00:00 am","73.5","72.8","74.5","64.2","point"
"2024-03-15 12:00:00 pm","76.9","69.6","78.1","66.2","point"
"2024-03-15 02:00:00 pm","78.9","70.8","81.7","68.6","point"
"2024-03-15 04:00:00 pm","78.8","71.9","81.9","69.0","point"
"2024-03-15 06:00:00 pm","76.9","71.3","78.3","66.9","point"
"2024-03-15 08:00:00 pm","73.1","89.7","75.4","69.9","point"
"2024-03-15 10:00:00 pm","70.0","95.9","71.8","68.8","point"
"2024-03-16 12:00:00 am","69.0","98.6","70.7","68.6","point"
"2024-03-16 02:00:00 am","68.5","99.4","70.2","68.3","point"
"2024-03-16 04:00:00 am","66.6","99.6","68.2","66.5","point"
"2024-03-16 06:00:00 am","67.2","77.0","67.1","59.8","point"
"2024-03-16 08:00:00 am","68.2","83.6","68.9","63.1","point"
"2024-03-16 10:00:00 am","73.8","67.6","74.5","62.4","point"
"2024-03-16 12:00:00 pm","78.5","65.7","80.2","66.1","point"
"2024-03-16 02:00:00 pm","79.4","73.3","83.1","70.1","point"
"2024-03-16 04:00:00 pm","78.5","72.7","81.3","69.0","point"
"2024-03-16 06:00:00 pm","76.6","77.7","78.6","69.2","point"
"2024-03-16 08:00:00 pm","73.0","90.8","75.4","70.1","point"
"2024-03-16 10:00:00 pm","70.3","96.0","72.0","69.0","point"
"2024-03-17 12:00:00 am","68.5","96.9","70.0","67.6","point"
"2024-03-17 02:00:00 am","66.8","97.3","68.2","66.0","point"
"2024-03-17 04:00:00 am","65.4","95.9","66.6","64.2","point"
"2024-03-17 06:00:00 am","70.2","79.7","71.2","63.6","point"
"2024-03-17 08:00:00 am","70.5","74.5","71.2","62.0","point"
"2024-03-17 10:00:00 am","74.0","78.3","75.6","66.8","point"
"2024-03-17 12:00:00 pm","78.7","64.7","80.4","65.8","point"
"2024-03-17 02:00:00 pm","80.4","74.5","85.1","71.5","point"
"2024-03-17 04:00:00 pm","80.4","69.2","84.0","69.4","point"
"2024-03-17 06:00:00 pm","76.1","83.2","78.6","70.6","point"
"2024-03-17 08:00:00 pm","72.6","90.9","74.8","69.8","point"
"2024-03-17 10:00:00 pm","71.1","92.6","72.9","68.8","point"
"2024-03-18 12:00:00 am","70.1","94.2","71.8","68.3","point"
"2024-03-18 02:00:00 am","69.1","96.0","70.5","67.9","point"
"2024-03-18 04:00:00 am","67.6","93.1","68.7","65.5","point"
"2024-03-18 06:00:00 am","64.9","96.0","66.2","63.8","point"
"2024-03-18 08:00:00 am","68.1","75.7","68.2","60.1","point"
"2024-03-18 10:00:00 am","74.6","73.2","75.6","65.4","point"
"2024-03-18 12:00:00 pm","78.7","56.7","79.0","62.0","point"
"2024-03-18 02:00:00 pm","79.3","71.4","82.4","69.2","point"
"2024-03-18 04:00:00 pm","79.2","74.8","83.1","70.5","point"
"2024-03-18 06:00:00 pm","76.5","83.4","79.3","71.1","point"
"2024-03-18 08:00:00 pm","72.4","90.1","74.7","69.3","point"
"2024-03-18 10:00:00 pm","69.7","89.1","70.9","66.3","point"
"2024-03-19 12:00:00 am","66.7","93.9","67.8","64.9","point"
"2024-03-19 02:00:00 am","66.0","95.5","66.9","64.7","point"
"2024-03-19 04:00:00 am","67.4","82.9","67.8","62.0","point"
"2024-03-19 06:00:00 am","68.9","85.8","69.8","64.5","point"
"2024-03-19 08:00:00 am","70.3","68.0","70.3","59.2","point"
"2024-03-19 10:00:00 am","75.3","57.5","74.8","59.3","point"
"2024-03-19 12:00:00 pm","80.5","42.7","79.2","55.8","point"
"2024-03-19 02:00:00 pm","80.9","67.5","84.4","69.1","point"
"2024-03-19 04:00:00 pm","80.1","68.4","83.5","68.7","point"
"2024-03-19 06:00:00 pm","78.0","77.7","81.1","70.5","point"
"2024-03-19 08:00:00 pm","73.5","87.6","75.7","69.6","point"
"2024-03-19 10:00:00 pm","70.4","89.6","71.8","67.2","point"
"2024-03-20 12:00:00 am","67.5","93.7","68.7","65.6","point"
"2024-03-20 02:00:00 am","66.7","93.9","67.8","64.9","point"
"2024-03-20 04:00:00 am","67.2","86.1","67.6","62.9","point"
"2024-03-20 06:00:00 am","65.1","88.2","65.5","61.5","point"
"2024-03-20 08:00:00 am","64.6","90.2","64.9","61.6","point"
"2024-03-20 10:00:00 am","73.7","75.1","75.0","65.3","point"
"2024-03-20 12:00:00 pm","76.8","72.6","78.4","67.4","point"
"2024-03-20 02:00:00 pm","78.5","72.9","81.3","69.1","point"
"2024-03-20 04:00:00 pm","78.4","71.2","80.8","68.3","point"
"2024-03-20 06:00:00 pm","76.5","81.3","79.0","70.3","point"
"2024-03-20 08:00:00 pm","73.5","90.8","76.1","70.7","point"
"2024-03-20 10:00:00 pm","71.8","94.1","74.1","70.0","point"
"2024-03-21 12:00:00 am","70.4","94.7","72.1","68.8","point"
"2024-03-21 02:00:00 am","68.6","96.7","70.2","67.6","point"
"2024-03-21 04:00:00 am","68.4","98.8","70.2","68.1","point"
"2024-03-21 06:00:00 am","67.0","99.0","68.5","66.7","point"
"2024-03-21 08:00:00 am","69.5","99.3","71.4","69.4","point"
"2024-03-21 10:00:00 am","71.4","91.5","73.2","68.8","point"
"2024-03-21 12:00:00 pm","74.9","81.1","77.0","68.7","point"
"2024-03-21 02:00:00 pm","77.9","72.5","80.1","68.3","point"
"2024-03-21 04:00:00 pm","79.4","69.5","82.4","68.6","point"
"2024-03-21 06:00:00 pm","77.8","74.7","80.4","69.1","point"
"2024-03-21 08:00:00 pm","74.8","92.7","77.9","72.5","point"
"2024-03-21 10:00:00 pm","73.1","95.5","75.9","71.7","point"
"2024-03-22 12:00:00 am","71.7","96.5","73.9","70.6","point"
"2024-03-22 02:00:00 am","70.9","96.6","72.9","69.9","point"
"2024-03-22 04:00:00 am","69.1","96.6","70.7","68.1","point"
"2024-03-22 06:00:00 am","68.1","96.9","69.6","67.2","point"
"2024-03-22 08:00:00 am","68.2","96.6","69.8","67.2","point"
"2024-03-22 10:00:00 am","71.5","96.8","73.6","70.5","point"
"2024-03-22 12:00:00 pm","76.6","84.7","79.5","71.6","point"
"2024-03-22 02:00:00 pm","79.2","79.6","84.2","72.4","point"
"2024-03-22 04:00:00 pm","78.4","81.4","82.6","72.2","point"
"2024-03-22 06:00:00 pm","76.1","90.5","79.7","73.1","point"
"2024-03-22 08:00:00 pm","73.4","95.2","76.5","71.9","point"
"2024-03-22 10:00:00 pm","73.0","96.9","75.7","72.0","point"
"2024-03-23 12:00:00 am","72.5","97.8","75.4","71.9","point"
"2024-03-23 02:00:00 am","71.4","97.9","73.6","70.8","point"
"2024-03-23 04:00:00 am","69.6","98.0","71.6","69.0","point"
"2024-03-23 06:00:00 am","69.6","97.3","71.2","68.8","point"
"2024-03-23 08:00:00 am","70.3","95.3","72.0","68.9","point"
"2024-03-23 10:00:00 am","73.7","90.5","76.3","70.8","point"
"2024-03-23 12:00:00 pm","77.6","78.3","80.6","70.3","point"
"2024-03-23 02:00:00 pm","79.9","81.7","85.6","73.8","point"
"2024-03-23 04:00:00 pm","80.7","73.8","85.6","71.5","point"
"2024-03-23 06:00:00 pm","78.1","84.0","82.8","72.9","point"
"2024-03-23 08:00:00 pm","74.9","93.2","78.3","72.8","point"
"2024-03-23 10:00:00 pm","72.9","95.2","75.7","71.4","point"
"2024-03-24 12:00:00 am","72.2","96.3","74.7","71.1","point"
"2024-03-24 02:00:00 am","71.7","95.4","73.9","70.3","point"
"2024-03-24 04:00:00 am","69.3","97.6","71.2","68.5","point"
"2024-03-24 06:00:00 am","67.7","97.6","69.3","67.0","point"
"2024-03-24 08:00:00 am","67.9","98.0","69.6","67.3","point"
"2024-03-24 10:00:00 am","74.6","89.8","77.4","71.4","point"
"2024-03-24 12:00:00 pm","77.7","78.6","81.1","70.6","point"
"2024-03-24 02:00:00 pm","81.2","74.2","86.5","72.2","point"
"2024-03-24 04:00:00 pm","80.9","72.4","85.6","71.2","point"
"2024-03-24 06:00:00 pm","78.5","81.6","83.1","72.4","point"
"2024-03-24 08:00:00 pm","75.1","92.0","78.4","72.6","point"
"2024-03-24 10:00:00 pm","73.4","95.5","76.5","72.1","point"
"2024-03-25 12:00:00 am","72.4","98.1","75.2","71.9","point"
"2024-03-25 02:00:00 am","69.9","96.4","71.6","68.9","point"
"2024-03-25 04:00:00 am","68.8","99.7","70.5","68.6","point"
"2024-03-25 06:00:00 am","66.7","99.5","68.2","66.6","point"
"2024-03-25 08:00:00 am","67.4","98.5","68.9","66.9","point"
"2024-03-25 10:00:00 am","75.0","73.7","76.1","66.0","point"
"2024-03-25 12:00:00 pm","79.5","54.3","79.9","61.6","point"
"2024-03-25 02:00:00 pm","81.9","62.6","84.9","67.9","point"
"2024-03-25 04:00:00 pm","82.2","61.9","85.1","67.8","point"
"2024-03-25 06:00:00 pm","79.8","71.7","83.5","69.8","point"
"2024-03-25 08:00:00 pm","75.7","89.9","78.8","72.5","point"
"2024-03-25 10:00:00 pm","73.7","94.6","76.6","72.1","point"
"2024-03-26 12:00:00 am","71.6","94.8","73.9","70.0","point"
"2024-03-26 02:00:00 am","68.4","88.2","69.4","64.7","point"
"2024-03-26 04:00:00 am","65.5","94.1","66.6","63.8","point"
"2024-03-26 06:00:00 am","64.8","93.5","65.5","62.9","point"
"2024-03-26 08:00:00 am","68.6","96.3","70.2","67.5","point"
"2024-03-26 10:00:00 am","75.2","82.8","77.4","69.6","point"
"2024-03-26 12:00:00 pm","78.7","72.2","81.7","69.0","point"
"2024-03-26 02:00:00 pm","80.3","71.8","84.6","70.4","point"
"2024-03-26 04:00:00 pm","80.1","71.8","84.2","70.2","point"
"2024-03-26 06:00:00 pm","77.6","85.6","81.9","73.0","point"
"2024-03-26 08:00:00 pm","74.8","93.5","77.9","72.8","point"
"2024-03-26 10:00:00 pm","73.4","95.8","76.5","72.1","point"
"2024-03-27 12:00:00 am","72.3","95.5","74.7","70.9","point"
"2024-03-27 02:00:00 am","71.7","97.0","73.9","70.8","point"
"2024-03-27 04:00:00 am","71.2","96.2","73.0","70.1","point"
"2024-03-27 06:00:00 am","69.8","97.5","71.6","69.0","point"
"2024-03-27 08:00:00 am","69.1","89.6","70.2","65.9","point"
"2024-03-27 10:00:00 am","75.5","69.7","76.3","65.0","point"
"2024-03-27 12:00:00 pm","81.0","59.0","82.8","65.4","point"
"2024-03-27 02:00:00 pm","81.5","71.8","86.7","71.5","point"
"2024-03-27 04:00:00 pm","81.3","72.6","86.4","71.7","point"
"2024-03-27 06:00:00 pm","77.6","86.8","82.0","73.4","point"
"2024-03-27 08:00:00 pm","74.8","94.0","78.1","72.9","point"
"2024-03-27 10:00:00 pm","73.5","95.9","76.5","72.2","point"
"2024-03-28 12:00:00 am","71.9","96.1","74.1","70.7","point"
"2024-03-28 02:00:00 am","69.0","96.5","70.5","67.9","point"
"2024-03-28 04:00:00 am","66.7","95.8","68.0","65.4","point"
"2024-03-28 06:00:00 am","64.9","95.6","65.7","63.6","point"
"2024-03-28 08:00:00 am","66.7","96.6","68.0","65.7","point"
"2024-03-28 10:00:00 am","74.4","86.3","76.8","70.1","point"
"2024-03-28 12:00:00 pm","79.8","60.8","81.3","65.0","point"
"2024-03-28 02:00:00 pm","83.3","64.8","88.5","70.2","point"
"2024-03-28 04:00:00 pm","81.1","73.9","86.4","71.9","point"
"2024-03-28 06:00:00 pm","78.2","87.9","83.5","74.4","point"
"2024-03-28 08:00:00 pm","75.1","94.7","78.6","73.5","point"
"2024-03-28 10:00:00 pm","74.0","95.7","77.2","72.7","point"
"2024-03-29 12:00:00 am","73.1","95.5","75.9","71.8","point"
"2024-03-29 02:00:00 am","72.0","97.0","74.5","71.1","point"
"2024-03-29 04:00:00 am","70.3","96.1","72.0","69.2","point"
"2024-03-29 06:00:00 am","68.1","96.0","69.6","66.9","point"
"2024-03-29 08:00:00 am","69.7","94.9","71.4","68.2","point"
"2024-03-29 10:00:00 am","74.0","82.6","75.9","68.4","point"
"2024-03-29 12:00:00 pm","78.3","76.8","81.9","70.4","point"
"2024-03-29 02:00:00 pm","79.7","74.7","84.0","70.9","point"
"2024-03-29 04:00:00 pm","79.9","78.1","85.3","72.5","point"
"2024-03-29 06:00:00 pm","76.8","82.8","79.9","71.2","point"
"2024-03-29 08:00:00 pm","73.9","89.9","76.3","70.8","point"
"2024-03-29 10:00:00 pm","72.3","92.8","74.5","70.1","point"
"2024-03-30 12:00:00 am","70.9","94.3","72.9","69.2","point"
"2024-03-30 02:00:00 am","69.7","87.3","70.9","65.8","point"
"2024-03-30 04:00:00 am","69.4","77.7","69.8","62.1","point"
"2024-03-30 06:00:00 am","65.9","87.1","66.4","61.9","point"
"2024-03-30 08:00:00 am","67.4","89.5","68.2","64.2","point"
"2024-03-30 10:00:00 am","75.7","74.9","77.0","67.1","point"
"2024-03-30 12:00:00 pm","78.5","71.5","81.1","68.5","point"
"2024-03-30 02:00:00 pm","81.2","66.9","84.9","69.1","point"
"2024-03-30 04:00:00 pm","81.7","67.1","85.8","69.7","point"
"2024-03-30 06:00:00 pm","79.2","79.6","84.2","72.3","point"
"2024-03-30 08:00:00 pm","74.4","86.4","76.8","70.1","point"
"2024-03-30 10:00:00 pm","72.6","92.8","75.0","70.4","point"
"2024-03-31 12:00:00 am","72.0","93.8","74.3","70.1","point"
"2024-03-31 02:00:00 am","70.7","94.2","72.3","68.9","point"
"2024-03-31 04:00:00 am","69.0","94.2","70.5","67.3","point"
"2024-03-31 06:00:00 am","66.1","95.8","67.3","64.8","point"
"2024-03-31 08:00:00 am","66.4","90.1","67.3","63.4","point"
"2024-03-31 10:00:00 am","74.0","75.4","75.4","65.7","point"
"2024-03-31 12:00:00 pm","78.7","72.5","81.7","69.1","point"
"2024-03-31 02:00:00 pm","80.7","71.0","84.9","70.4","point"
"2024-03-31 04:00:00 pm","80.4","71.1","84.7","70.2","point"
"2024-03-31 06:00:00 pm","78.3","79.6","82.4","71.5","point"
"2024-03-31 08:00:00 pm","75.3","94.1","79.0","73.5","point"
"2024-03-31 10:00:00 pm","73.4","95.8","76.3","72.1","point"
"2024-04-01 12:00:00 am","72.5","96.9","75.2","71.6","point"
"2024-04-01 02:00:00 am","71.8","97.9","74.3","71.2","point"
"2024-04-01 04:00:00 am","71.5","97.4","73.6","70.8","point"
"2024-04-01 06:00:00 am","71.0","98.2","73.0","70.5","point"
"2024-04-01 08:00:00 am","71.5","97.8","73.8","70.9","point"
"2024-04-01 10:00:00 am","74.2","91.1","77.0","71.4","point"
"2024-04-01 12:00:00 pm","77.4","84.5","81.1","72.3","point"
"2024-04-01 02:00:00 pm","80.1","77.5","85.5","72.4","point"
"2024-04-01 04:00:00 pm","80.8","73.0","85.8","71.4","point"
"2024-04-01 06:00:00 pm","78.4","80.4","82.4","71.9","point"
"2024-04-01 08:00:00 pm","75.8","94.8","79.7","74.2","point"
"2024-04-01 10:00:00 pm","74.4","96.9","77.9","73.4","point"
"2024-04-02 12:00:00 am","73.6","98.2","77.0","73.0","point"
"2024-04-02 02:00:00 am","72.4","96.9","75.0","71.5","point"
"2024-04-02 04:00:00 am","70.7","96.9","72.3","69.7","point"
"2024-04-02 06:00:00 am","68.2","97.0","69.8","67.3","point"
"2024-04-02 08:00:00 am","68.6","97.8","70.3","68.0","point"
"2024-04-02 10:00:00 am","74.8","83.6","77.0","69.5","point"
"2024-04-02 12:00:00 pm","78.3","75.3","81.5","69.8","point"
"2024-04-02 02:00:00 pm","81.2","76.9","87.4","73.2","point"
"2024-04-02 04:00:00 pm","81.0","75.7","86.7","72.6","point"
"2024-04-02 06:00:00 pm","78.2","87.7","83.5","74.3","point"
"2024-04-02 08:00:00 pm","75.7","94.2","79.3","73.9","point"
"2024-04-02 10:00:00 pm","73.8","98.0","77.2","73.2","point"
"2024-04-03 12:00:00 am","73.0","99.6","76.1","72.9","point"
"2024-04-03 02:00:00 am","72.4","100.0","75.2","72.4","point"
"2024-04-03 04:00:00 am","72.0","100.0","74.7","72.0","point"
"2024-04-03 06:00:00 am","70.8","100.0","72.9","70.8","point"
"2024-04-03 08:00:00 am","70.7","97.9","72.9","70.1","point"
"2024-04-03 10:00:00 am","73.7","86.6","75.9","69.4","point"
"2024-04-03 12:00:00 pm","77.0","79.2","79.9","70.1","point"
"2024-04-03 02:00:00 pm","80.0","76.3","84.7","71.9","point"
"2024-04-03 04:00:00 pm","80.4","74.6","85.1","71.5","point"
"2024-04-03 06:00:00 pm","78.0","86.6","82.8","73.7","point"
"2024-04-03 08:00:00 pm","75.2","91.7","78.6","72.6","point"
"2024-04-03 10:00:00 pm","73.4","94.1","76.5","71.6","point"
"2024-04-04 12:00:00 am","72.3","96.4","74.7","71.2","point"
"2024-04-04 02:00:00 am","70.9","96.0","72.9","69.7","point"
"2024-04-04 04:00:00 am","68.4","96.4","70.0","67.3","point"
"2024-04-04 06:00:00 am","66.9","96.4","68.2","65.8","point"
"2024-04-04 08:00:00 am","68.2","94.9","69.6","66.7","point"
"2024-04-04 10:00:00 am","75.5","78.0","77.2","68.2","point"
"2024-04-04 12:00:00 pm","79.2","71.0","82.4","69.0","point"
"2024-04-04 02:00:00 pm","81.4","69.8","86.0","70.6","point"
"2024-04-04 04:00:00 pm","81.4","73.9","86.9","72.2","point"
"2024-04-04 06:00:00 pm","79.5","81.1","84.9","73.2","point"
"2024-04-04 08:00:00 pm","75.7","93.5","79.2","73.7","point"
"2024-04-04 10:00:00 pm","73.3","96.7","76.3","72.2","point"
"2024-04-05 12:00:00 am","72.7","97.4","75.6","71.9","point"
"2024-04-05 02:00:00 am","71.5","96.8","73.6","70.6","point"
"2024-04-05 04:00:00 am","70.6","96.1","72.3","69.4","point"
"2024-04-05 06:00:00 am","67.4","96.6","68.7","66.4","point"
"2024-04-05 08:00:00 am","69.0","93.2","70.3","67.0","point"
"2024-04-05 10:00:00 am","76.3","78.5","78.3","69.2","point"
"2024-04-05 12:00:00 pm","79.7","73.8","84.0","70.6","point"
"2024-04-05 02:00:00 pm","80.9","78.2","87.1","73.5","point"
"2024-04-05 04:00:00 pm","81.0","80.1","87.8","74.2","point"
"2024-04-05 06:00:00 pm","78.8","84.9","84.6","73.9","point"
"2024-04-05 08:00:00 pm","75.5","93.2","79.0","73.5","point"
"2024-04-05 10:00:00 pm","74.0","95.4","77.2","72.6","point"
"2024-04-06 12:00:00 am","72.8","96.1","75.4","71.6","point"
"2024-04-06 02:00:00 am","70.3","98.6","72.1","69.9","point"
"2024-04-06 04:00:00 am","69.7","97.3","71.4","68.9","point"
"2024-04-06 06:00:00 am","68.2","97.8","70.0","67.5","point"
"2024-04-06 08:00:00 am","72.9","76.7","74.1","65.1","point"
"2024-04-06 10:00:00 am","78.1","75.4","81.1","69.7","point"
"2024-04-06 12:00:00 pm","81.9","74.5","88.2","73.0","point"
"2024-04-06 02:00:00 pm","84.4","72.0","93.6","74.4","point"
"2024-04-06 04:00:00 pm","83.9","72.0","92.1","73.9","point"
"2024-04-06 06:00:00 pm","80.7","80.8","87.3","74.3","point"
"2024-04-06 08:00:00 pm","76.5","92.8","80.6","74.2","point"
"2024-04-06 10:00:00 pm","75.1","94.8","78.6","73.5","point"
"2024-04-07 12:00:00 am","73.9","97.7","77.2","73.2","point"
"2024-04-07 02:00:00 am","73.3","99.4","76.6","73.1","point"
"2024-04-07 04:00:00 am","73.0","99.3","76.1","72.8","point"
"2024-04-07 06:00:00 am","72.3","98.4","74.8","71.8","point"
"2024-04-07 08:00:00 am","72.6","96.0","75.2","71.3","point"
"2024-04-07 10:00:00 am","74.2","92.2","77.2","71.7","point"
"2024-04-07 12:00:00 pm","77.8","82.2","81.7","71.9","point"
"2024-04-07 02:00:00 pm","81.0","78.2","87.4","73.6","point"
"2024-04-07 04:00:00 pm","80.4","77.0","86.0","72.6","point"
"2024-04-07 06:00:00 pm","77.7","84.0","81.5","72.4","point"
"2024-04-07 08:00:00 pm","74.7","86.1","77.2","70.2","point"
"2024-04-07 10:00:00 pm","73.7","93.5","76.5","71.7","point"
"2024-04-08 12:00:00 am","72.0","93.4","74.1","69.9","point"
"2024-04-08 02:00:00 am","71.0","95.7","72.9","69.7","point"
"2024-04-08 04:00:00 am","69.4","91.4","70.7","66.7","point"
"2024-04-08 06:00:00 am","65.7","94.8","66.7","64.1","point"
"2024-04-08 08:00:00 am","69.7","87.3","70.9","65.8","point"
"2024-04-08 10:00:00 am","75.8","73.3","77.0","66.7","point"
"2024-04-08 12:00:00 pm","80.2","62.3","82.2","66.1","point"
"2024-04-08 02:00:00 pm","83.1","59.1","86.5","67.4","point"
"2024-04-08 04:00:00 pm","83.1","62.6","87.4","69.0","point"
"2024-04-08 06:00:00 pm","79.6","78.9","84.7","72.5","point"
"2024-04-08 08:00:00 pm","75.3","84.9","77.9","70.4","point"
"2024-04-08 10:00:00 pm","74.0","91.9","76.8","71.4","point"
"2024-04-09 12:00:00 am","71.1","95.2","73.0","69.7","point"
"2024-04-09 02:00:00 am","69.5","92.2","70.9","67.1","point"
"2024-04-09 04:00:00 am","65.5","92.8","66.4","63.4","point"
"2024-04-09 06:00:00 am","63.5","88.8","63.9","60.2","point"
"2024-04-09 08:00:00 am","66.4","90.0","67.3","63.4","point"
"2024-04-09 10:00:00 am","75.6","79.8","77.7","68.9","point"
"2024-04-09 12:00:00 pm","79.9","69.2","83.3","68.9","point"
"2024-04-09 02:00:00 pm","82.1","66.0","86.2","69.6","point"
"2024-04-09 04:00:00 pm","82.2","69.1","87.4","71.1","point"
"2024-04-09 06:00:00 pm","79.3","81.6","84.4","73.2","point"
"2024-04-09 08:00:00 pm","75.5","91.3","78.6","72.8","point"
"2024-04-09 10:00:00 pm","74.0","93.8","77.2","72.1","point"
"2024-04-10 12:00:00 am","72.5","93.6","74.7","70.5","point"
"2024-04-10 02:00:00 am","69.9","95.1","71.6","68.4","point"
"2024-04-10 04:00:00 am","67.0","95.9","68.4","65.8","point"
"2024-04-10 06:00:00 am","66.2","95.4","67.5","64.9","point"
"2024-04-10 08:00:00 am","72.4","92.6","74.7","70.2","point"
"2024-04-10 10:00:00 am","76.1","86.5","79.0","71.7","point"
"2024-04-10 12:00:00 pm","81.1","65.3","84.2","68.4","point"
"2024-04-10 02:00:00 pm","83.4","70.3","90.3","72.7","point"
"2024-04-10 04:00:00 pm","83.3","66.4","89.1","71.0","point"
"2024-04-10 06:00:00 pm","79.1","74.2","82.6","70.1","point"
"2024-04-10 08:00:00 pm","75.1","81.9","77.4","69.2","point"
"2024-04-10 10:00:00 pm","73.4","92.3","76.1","71.1","point"
"2024-04-11 12:00:00 am","71.1","94.2","73.0","69.4","point"
"2024-04-11 02:00:00 am","69.0","93.9","70.5","67.2","point"
"2024-04-11 04:00:00 am","66.8","94.0","68.0","65.0","point"
"2024-04-11 06:00:00 am","66.0","93.2","66.7","64.0","point"
"2024-04-11 08:00:00 am","67.9","94.7","69.3","66.4","point"
"2024-04-11 10:00:00 am","75.5","78.3","77.2","68.3","point"
"2024-04-11 12:00:00 pm","79.3","71.3","82.4","69.2","point"
"2024-04-11 02:00:00 pm","81.9","68.2","86.5","70.4","point"
"2024-04-11 04:00:00 pm","82.3","66.7","86.7","70.2","point"
"2024-04-11 06:00:00 pm","79.6","74.6","83.7","70.8","point"
"2024-04-11 08:00:00 pm","75.8","79.1","77.7","68.8","point"
"2024-04-11 10:00:00 pm","73.4","86.9","75.4","69.2","point"
"2024-04-12 12:00:00 am","69.7","91.5","71.1","67.2","point"
"2024-04-12 02:00:00 am","68.1","92.7","69.3","65.9","point"
"2024-04-12 04:00:00 am","66.4","94.1","67.6","64.7","point"
"2024-04-12 06:00:00 am","66.3","93.5","67.3","64.3","point"
"2024-04-12 08:00:00 am","68.6","93.6","70.0","66.6","point"
"2024-04-12 10:00:00 am","75.8","79.5","77.9","69.0","point"
"2024-04-12 12:00:00 pm","79.0","72.2","82.2","69.3","point"
"2024-04-12 02:00:00 pm","81.8","68.0","86.0","70.2","point"
"2024-04-12 04:00:00 pm","82.2","63.2","85.8","68.5","point"
"2024-04-12 06:00:00 pm","76.0","78.7","77.9","68.9","point"
"2024-04-12 08:00:00 pm","74.6","92.5","77.5","72.3","point"
"2024-04-12 10:00:00 pm","72.9","95.4","75.7","71.5","point"
"2024-04-13 12:00:00 am","71.5","96.5","73.6","70.5","point"
"2024-04-13 02:00:00 am","69.5","96.2","71.2","68.4","point"
"2024-04-13 04:00:00 am","67.3","91.9","68.4","64.8","point"
"2024-04-13 06:00:00 am","65.2","93.5","66.0","63.3","point"
"2024-04-13 08:00:00 am","67.0","93.9","68.2","65.2","point"
"2024-04-13 10:00:00 am","75.0","78.7","76.6","67.9","point"
"2024-04-13 12:00:00 pm","78.0","69.6","79.9","67.2","point"
"2024-04-13 02:00:00 pm","80.8","72.3","85.6","71.1","point"
"2024-04-13 04:00:00 pm","79.6","72.3","83.3","69.9","point"
"2024-04-13 06:00:00 pm","77.7","81.1","81.5","71.5","point"
"2024-04-13 08:00:00 pm","72.6","91.3","74.8","69.9","point"
"2024-04-13 10:00:00 pm","70.3","97.1","72.0","69.4","point"
"2024-04-14 12:00:00 am","70.4","96.2","72.1","69.3","point"
"2024-04-14 02:00:00 am","68.6","96.8","70.2","67.6","point"
"2024-04-14 04:00:00 am","67.0","96.9","68.4","66.0","point"
"2024-04-14 06:00:00 am","67.4","96.1","68.7","66.3","point"
"2024-04-14 08:00:00 am","70.6","97.8","72.5","69.9","point"
"2024-04-14 10:00:00 am","75.3","90.1","78.4","72.2","point"
"2024-04-14 12:00:00 pm","79.4","76.7","83.8","71.5","point"
"2024-04-14 02:00:00 pm","80.7","79.4","87.1","73.7","point"
"2024-04-14 04:00:00 pm","81.7","77.1","88.5","73.8","point"
"2024-04-14 06:00:00 pm","79.0","79.9","83.8","72.2","point"
"2024-04-14 08:00:00 pm","76.2","92.1","79.9","73.8","point"
"2024-04-14 10:00:00 pm","74.6","96.4","78.1","73.5","point"
"2024-04-15 12:00:00 am","72.6","96.8","75.2","71.6","point"
"2024-04-15 02:00:00 am","71.1","96.3","73.0","69.9","point"
"2024-04-15 04:00:00 am","68.1","97.3","69.6","67.4","point"
"2024-04-15 06:00:00 am","70.5","91.3","72.1","67.9","point"
"2024-04-15 08:00:00 am","71.2","90.2","72.9","68.2","point"
"2024-04-15 10:00:00 am","75.1","77.3","76.6","67.6","point"
"2024-04-15 12:00:00 pm","81.3","55.2","82.4","63.7","point"
"2024-04-15 02:00:00 pm","86.3","38.7","86.2","58.2","point"
"2024-04-15 04:00:00 pm","88.2","32.8","87.1","55.3","point"
"2024-04-15 06:00:00 pm","81.6","75.8","87.8","73.3","point"
"2024-04-15 08:00:00 pm","76.3","89.0","79.7","72.9","point"
"2024-04-15 10:00:00 pm","74.6","92.6","77.7","72.2","point"
"2024-04-16 12:00:00 am","72.2","89.9","74.1","69.0","point"
"2024-04-16 02:00:00 am","71.8","89.6","73.8","68.6","point"
"2024-04-16 04:00:00 am","68.6","91.3","69.8","65.9","point"
"2024-04-16 06:00:00 am","67.0","92.7","68.0","64.9","point"
"2024-04-16 08:00:00 am","70.0","95.4","71.8","68.6","point"
"2024-04-16 10:00:00 am","76.5","79.5","78.8","69.6","point"
"2024-04-16 12:00:00 pm","81.3","67.4","84.9","69.5","point"
"2024-04-16 02:00:00 pm","82.3","73.0","88.3","72.8","point"
"2024-04-16 04:00:00 pm","82.5","73.7","88.9","73.3","point"
"2024-04-16 06:00:00 pm","78.6","84.7","84.0","73.6","point"
"2024-04-16 08:00:00 pm","75.4","92.0","78.8","73.0","point"
"2024-04-16 10:00:00 pm","74.2","95.7","77.5","72.8","point"
"2024-04-17 12:00:00 am","72.6","96.3","75.2","71.4","point"
"2024-04-17 02:00:00 am","71.4","93.6","73.2","69.4","point"
"2024-04-17 04:00:00 am","69.5","93.6","70.9","67.6","point"
"2024-04-17 06:00:00 am","70.8","88.3","72.3","67.2","point"
"2024-04-17 08:00:00 am","71.6","83.2","73.2","66.3","point"
"2024-04-17 10:00:00 am","74.4","76.9","75.9","66.7","point"
"2024-04-17 12:00:00 pm","76.5","81.4","79.0","70.4","point"
"2024-04-17 02:00:00 pm","78.9","74.6","82.4","70.1","point"
"2024-04-17 04:00:00 pm","79.2","78.1","83.8","71.8","point"
"2024-04-17 06:00:00 pm","76.8","88.7","80.4","73.2","point"
"2024-04-17 08:00:00 pm","74.2","89.6","76.8","70.9","point"
"2024-04-17 10:00:00 pm","72.7","91.5","75.2","70.1","point"
"2024-04-18 12:00:00 am","71.5","95.2","73.6","70.1","point"
"2024-04-18 02:00:00 am","71.6","94.5","73.6","69.9","point"
"2024-04-18 04:00:00 am","70.3","89.7","71.6","67.2","point"
"2024-04-18 06:00:00 am","67.6","89.2","68.4","64.3","point"
"2024-04-18 08:00:00 am","71.9","73.4","72.7","62.9","point"
"2024-04-18 10:00:00 am","76.0","66.3","76.5","64.0","point"
"2024-04-18 12:00:00 pm","80.2","66.5","83.1","68.0","point"
"2024-04-18 02:00:00 pm","82.9","66.6","87.8","70.6","point"
"2024-04-18 04:00:00 pm","81.4","72.8","86.5","71.9","point"
"2024-04-18 06:00:00 pm","79.0","86.2","85.1","74.5","point"
"2024-04-18 08:00:00 pm","74.5","98.9","78.4","74.1","point"
"2024-04-18 10:00:00 pm","69.9","100.0","71.8","69.9","point"
"2024-04-19 12:00:00 am","71.1","100.0","73.4","71.1","point"
"2024-04-19 02:00:00 am","71.3","100.0","73.6","71.3","point"
"2024-04-19 04:00:00 am","72.0","100.0","74.7","72.0","point"
"2024-04-19 06:00:00 am","71.6","100.0","74.1","71.6","point"
"2024-04-19 08:00:00 am","72.0","100.0","74.7","72.0","point"
"2024-04-19 10:00:00 am","74.0","98.9","77.7","73.7","point"
"2024-04-19 12:00:00 pm","76.2","94.8","80.2","74.6","point"
"2024-04-19 02:00:00 pm","79.5","89.2","86.5","76.0","point"
"2024-04-19 04:00:00 pm","78.5","90.4","84.7","75.4","point"
"2024-04-19 06:00:00 pm","77.4","96.2","83.1","76.2","point"
"2024-04-19 08:00:00 pm","74.4","98.9","78.3","74.1","point"
"2024-04-19 10:00:00 pm","67.2","99.8","68.9","67.2","point"
"2024-04-20 12:00:00 am","71.4","100.0","73.6","71.4","point"
"2024-04-20 02:00:00 am","70.2","100.0","72.1","70.2","point"
"2024-04-20 04:00:00 am","68.6","100.0","70.3","68.6","point"
"2024-04-20 06:00:00 am","67.9","100.0","69.6","67.9","point"
"2024-04-20 08:00:00 am","67.8","100.0","69.6","67.8","point"
"2024-04-20 10:00:00 am","69.9","100.0","71.8","69.9","point"
"2024-04-20 12:00:00 pm","72.4","100.0","75.2","72.4","point"
"2024-04-20 02:00:00 pm","74.8","96.5","78.4","73.7","point"
"2024-04-20 04:00:00 pm","75.7","94.2","79.3","73.9","point"
"2024-04-20 06:00:00 pm","74.8","94.5","78.1","73.1","point"
"2024-04-20 08:00:00 pm","72.0","98.2","74.7","71.5","point"
"2024-04-20 10:00:00 pm","70.1","100.0","72.0","70.1","point"
"2024-04-21 12:00:00 am","68.9","100.0","70.9","68.9","point"
"2024-04-21 02:00:00 am","68.2","100.0","70.0","68.2","point"
"2024-04-21 04:00:00 am","68.3","100.0","70.0","68.3","point"
"2024-04-21 06:00:00 am","67.2","100.0","68.9","67.2","point"
"2024-04-21 08:00:00 am","71.0","100.0","73.0","71.0","point"
"2024-04-21 10:00:00 am","76.7","87.1","80.1","72.6","point"
"2024-04-21 12:00:00 pm","78.3","90.6","84.4","75.3","point"
"2024-04-21 02:00:00 pm","81.1","87.7","90.0","77.1","point"
"2024-04-21 04:00:00 pm","81.0","88.5","90.1","77.3","point"
"2024-04-21 06:00:00 pm","78.1","92.7","84.4","75.8","point"
"2024-04-21 08:00:00 pm","75.8","98.7","80.2","75.5","point"
"2024-04-21 10:00:00 pm","74.5","100.0","78.6","74.5","point"
"2024-04-22 12:00:00 am","73.5","100.0","76.8","73.5","point"
"2024-04-22 02:00:00 am","73.1","100.0","76.3","73.1","point"
"2024-04-22 04:00:00 am","71.4","98.2","73.6","70.9","point"
"2024-04-22 06:00:00 am","70.5","96.6","72.3","69.5","point"
"2024-04-22 08:00:00 am","71.2","96.0","73.0","70.0","point"
"2024-04-22 10:00:00 am","75.3","91.4","78.6","72.6","point"
"2024-04-22 12:00:00 pm","78.0","86.0","82.8","73.5","point"
"2024-04-22 02:00:00 pm","80.2","81.3","86.4","73.9","point"
"2024-04-22 04:00:00 pm","79.8","87.2","86.9","75.6","point"
"2024-04-22 06:00:00 pm","76.8","89.6","80.4","73.5","point"
"2024-04-22 08:00:00 pm","74.8","91.7","77.9","72.2","point"
"2024-04-22 10:00:00 pm","73.5","93.3","76.3","71.4","point"
"2024-04-23 12:00:00 am","71.7","98.7","74.1","71.3","point"
"2024-04-23 02:00:00 am","70.3","99.9","72.1","70.3","point"
"2024-04-23 04:00:00 am","68.3","99.5","70.0","68.1","point"
"2024-04-23 06:00:00 am","68.6","86.0","69.4","64.3","point"
"2024-04-23 08:00:00 am","72.6","87.9","74.7","68.8","point"
"2024-04-23 10:00:00 am","78.2","77.4","81.5","70.6","point"
"2024-04-23 12:00:00 pm","81.8","75.8","88.2","73.4","point"
"2024-04-23 02:00:00 pm","82.2","79.5","90.3","75.3","point"
"2024-04-23 04:00:00 pm","82.3","77.3","89.6","74.5","point"
"2024-04-23 06:00:00 pm","78.4","93.1","84.9","76.2","point"
"2024-04-23 08:00:00 pm","76.1","97.1","80.2","75.2","point"
"2024-04-23 10:00:00 pm","75.0","98.4","78.8","74.5","point"
"2024-04-24 12:00:00 am","74.0","99.0","77.7","73.7","point"
"2024-04-24 02:00:00 am","73.4","99.8","76.8","73.3","point"
"2024-04-24 04:00:00 am","73.1","99.9","76.3","73.1","point"
"2024-04-24 06:00:00 am","72.4","99.8","75.2","72.3","point"
"2024-04-24 08:00:00 am","72.8","99.4","75.7","72.6","point"
"2024-04-24 10:00:00 am","75.5","89.7","78.4","72.2","point"
"2024-04-24 12:00:00 pm","79.2","84.9","85.3","74.2","point"
"2024-04-24 02:00:00 pm","82.3","74.3","88.7","73.3","point"
"2024-04-24 04:00:00 pm","81.8","75.6","88.0","73.4","point"
"2024-04-24 06:00:00 pm","79.5","83.1","85.6","74.0","point"
"2024-04-24 08:00:00 pm","75.7","93.0","79.2","73.5","point"
"2024-04-24 10:00:00 pm","73.9","95.5","77.0","72.5","point"
"2024-04-25 12:00:00 am","73.0","96.3","75.7","71.9","point"
"2024-04-25 02:00:00 am","71.5","97.4","73.6","70.7","point"
"2024-04-25 04:00:00 am","68.9","98.0","70.5","68.3","point"
"2024-04-25 06:00:00 am","66.8","98.0","68.4","66.3","point"
"2024-04-25 08:00:00 am","71.2","91.0","72.9","68.5","point"
"2024-04-25 10:00:00 am","77.9","74.5","80.8","69.2","point"
"2024-04-25 12:00:00 pm","81.6","59.4","83.8","66.1","point"
"2024-04-25 02:00:00 pm","84.5","49.5","86.4","63.5","point"
"2024-04-25 04:00:00 pm","81.4","78.4","88.2","74.0","point"
"2024-04-25 06:00:00 pm","80.4","78.7","86.2","73.2","point"
"2024-04-25 08:00:00 pm","76.2","83.8","78.8","70.9","point"
"2024-04-25 10:00:00 pm","73.8","92.6","76.6","71.5","point"
"2024-04-26 12:00:00 am","73.1","95.6","75.9","71.8","point"
"2024-04-26 02:00:00 am","70.7","89.1","72.0","67.3","point"
"2024-04-26 04:00:00 am","67.8","94.8","69.3","66.3","point"
"2024-04-26 06:00:00 am","65.4","95.1","66.4","64.0","point"
"2024-04-26 08:00:00 am","72.6","77.4","73.8","65.1","point"
"2024-04-26 10:00:00 am","77.9","75.2","81.0","69.4","point"
"2024-04-26 12:00:00 pm","81.8","67.6","86.0","70.0","point"
"2024-04-26 02:00:00 pm","83.0","71.7","89.8","73.0","point"
"2024-04-26 04:00:00 pm","82.7","75.5","90.0","74.1","point"
"2024-04-26 06:00:00 pm","79.1","79.9","83.8","72.3","point"
"2024-04-26 08:00:00 pm","75.5","89.1","78.4","72.0","point"
"2024-04-26 10:00:00 pm","74.4","94.6","77.7","72.7","point"
"2024-04-27 12:00:00 am","73.5","96.3","76.6","72.3","point"
"2024-04-27 02:00:00 am","71.4","95.8","73.4","70.1","point"
"2024-04-27 04:00:00 am","72.6","74.3","73.6","63.9","point"
"2024-04-27 06:00:00 am","73.3","67.7","73.8","61.9","point"
"2024-04-27 08:00:00 am","74.2","76.8","75.6","66.5","point"
"2024-04-27 10:00:00 am","79.4","71.9","82.9","69.6","point"
"2024-04-27 12:00:00 pm","83.1","54.8","85.5","65.2","point"
"2024-04-27 02:00:00 pm","85.4","61.9","91.9","70.9","point"
"2024-04-27 04:00:00 pm","85.3","63.3","91.9","71.4","point"
"2024-04-27 06:00:00 pm","79.6","88.1","86.7","75.8","point"
"2024-04-27 08:00:00 pm","76.8","93.4","81.0","74.7","point"
"2024-04-27 10:00:00 pm","75.5","96.1","79.3","74.3","point"
"2024-04-28 12:00:00 am","74.5","97.7","78.3","73.8","point"
"2024-04-28 02:00:00 am","73.5","96.1","76.5","72.3","point"
"2024-04-28 04:00:00 am","71.7","98.0","74.1","71.1","point"
"2024-04-28 06:00:00 am","71.6","98.5","73.8","71.1","point"
"2024-04-28 08:00:00 am","71.6","98.8","74.1","71.3","point"
"2024-04-28 10:00:00 am","77.6","79.1","80.8","70.6","point"
"2024-04-28 12:00:00 pm","81.4","77.0","87.8","73.4","point"
"2024-04-28 02:00:00 pm","83.3","76.7","91.8","75.2","point"
"2024-04-28 04:00:00 pm","82.9","77.4","91.2","75.1","point"
"2024-04-28 06:00:00 pm","80.1","83.4","86.7","74.6","point"
"2024-04-28 08:00:00 pm","76.4","92.6","80.2","74.1","point"
"2024-04-28 10:00:00 pm","75.3","97.6","79.3","74.6","point"
"2024-04-29 12:00:00 am","74.0","94.6","77.2","72.3","point"
"2024-04-29 02:00:00 am","71.7","95.3","73.9","70.3","point"
"2024-04-29 04:00:00 am","72.1","98.2","74.7","71.5","point"
"2024-04-29 06:00:00 am","70.4","97.5","72.1","69.7","point"
"2024-04-29 08:00:00 am","72.2","96.7","74.7","71.2","point"
"2024-04-29 10:00:00 am","76.4","74.7","77.7","67.7","point"
"2024-04-29 12:00:00 pm","80.8","69.8","85.1","70.1","point"
"2024-04-29 02:00:00 pm","83.2","70.7","90.0","72.7","point"
"2024-04-29 04:00:00 pm","82.9","75.7","90.5","74.4","point"
"2024-04-29 06:00:00 pm","80.8","77.1","86.7","73.0","point"
"2024-04-29 08:00:00 pm","77.5","90.8","82.2","74.6","point"
"2024-04-29 10:00:00 pm","75.5","95.1","79.3","74.0","point"
"2024-04-30 12:00:00 am","74.4","95.6","77.7","73.1","point"
"2024-04-30 02:00:00 am","71.9","99.6","74.5","71.8","point"
"2024-04-30 04:00:00 am","70.7","96.3","72.3","69.5","point"
"2024-04-30 06:00:00 am","68.8","96.3","70.3","67.7","point"
"2024-04-30 08:00:00 am","71.2","98.8","73.2","70.8","point"
"2024-04-30 10:00:00 am","75.1","90.5","78.3","72.2","point"
"2024-04-30 12:00:00 pm","78.0","82.5","82.0","72.2","point"
"2024-04-30 02:00:00 pm","80.7","80.5","87.3","74.2","point"
"2024-04-30 04:00:00 pm","80.4","80.8","86.9","74.0","point"
"2024-04-30 06:00:00 pm","78.4","91.3","84.4","75.6","point"
"2024-04-30 08:00:00 pm","76.7","95.2","81.3","75.2","point"
"2024-04-30 10:00:00 pm","74.6","99.0","78.4","74.3","point"
"2024-05-01 12:00:00 am","73.7","97.8","77.0","73.0","point"
"2024-05-01 02:00:00 am","73.4","99.5","76.6","73.2","point"
"2024-05-01 04:00:00 am","73.1","99.4","76.3","72.9","point"
"2024-05-01 06:00:00 am","72.6","98.3","75.4","72.1","point"
"2024-05-01 08:00:00 am","73.2","97.8","76.3","72.5","point"
"2024-05-01 10:00:00 am","75.3","91.4","78.6","72.6","point"
"2024-05-01 12:00:00 pm","78.0","87.5","82.9","74.0","point"
"2024-05-01 02:00:00 pm","80.0","83.9","86.5","74.7","point"
"2024-05-01 04:00:00 pm","79.8","84.2","86.2","74.6","point"
"2024-05-01 06:00:00 pm","78.6","85.3","84.2","73.9","point"
"2024-05-01 08:00:00 pm","75.8","94.6","79.7","74.2","point"
"2024-05-01 10:00:00 pm","74.6","96.1","78.1","73.4","point"
"2024-05-02 12:00:00 am","73.5","95.2","76.5","72.1","point"
"2024-05-02 02:00:00 am","72.9","96.8","75.7","71.9","point"
"2024-05-02 04:00:00 am","72.1","97.1","74.5","71.2","point"
"2024-05-02 06:00:00 am","71.2","97.7","73.2","70.5","point"
"2024-05-02 08:00:00 am","72.8","97.4","75.6","72.1","point"
"2024-05-02 10:00:00 am","76.6","93.0","80.6","74.4","point"
"2024-05-02 12:00:00 pm","79.3","84.0","84.9","74.0","point"
"2024-05-02 02:00:00 pm","82.7","78.4","90.9","75.3","point"
"2024-05-02 04:00:00 pm","82.8","79.8","91.8","75.9","point"
"2024-05-02 06:00:00 pm","80.8","84.7","88.7","75.7","point"
"2024-05-02 08:00:00 pm","78.2","94.7","84.7","76.5","point"
"2024-05-02 10:00:00 pm","76.6","96.2","81.0","75.4","point"
"2024-05-03 12:00:00 am","75.1","98.5","79.2","74.7","point"
"2024-05-03 02:00:00 am","74.8","99.3","78.8","74.6","point"
"2024-05-03 04:00:00 am","73.1","83.6","75.0","67.8","point"
"2024-05-03 06:00:00 am","70.8","71.7","71.4","61.2","point"
"2024-05-03 08:00:00 am","72.1","71.2","72.7","62.2","point"
"2024-05-03 10:00:00 am","74.2","77.3","75.6","66.7","point"
"2024-05-03 12:00:00 pm","77.2","88.4","81.5","73.5","point"
"2024-05-03 02:00:00 pm","78.6","84.9","83.7","73.7","point"
"2024-05-03 04:00:00 pm","79.6","82.2","85.5","73.7","point"
"2024-05-03 06:00:00 pm","78.5","86.4","84.0","74.1","point"
"2024-05-03 08:00:00 pm","76.0","90.7","79.3","73.1","point"
"2024-05-03 10:00:00 pm","73.5","89.8","75.9","70.3","point"
"2024-05-04 12:00:00 am","71.0","95.3","72.9","69.5","point"
"2024-05-04 02:00:00 am","70.3","94.6","72.0","68.6","point"
"2024-05-04 04:00:00 am","70.3","93.8","71.8","68.4","point"
"2024-05-04 06:00:00 am","72.8","91.7","75.2","70.3","point"
"2024-05-04 08:00:00 am","72.7","94.7","75.4","71.1","point"
"2024-05-04 10:00:00 am","75.5","88.3","78.4","71.8","point"
"2024-05-04 12:00:00 pm","78.4","80.6","82.6","71.9","point"
"2024-05-04 02:00:00 pm","81.2","70.0","85.6","70.5","point"
"2024-05-04 04:00:00 pm","81.3","67.4","84.9","69.5","point"
"2024-05-04 06:00:00 pm","80.0","72.1","83.8","70.2","point"
"2024-05-04 08:00:00 pm","75.9","90.1","79.2","72.8","point"
"2024-05-04 10:00:00 pm","73.4","94.3","76.5","71.7","point"
"2024-05-05 12:00:00 am","71.0","96.4","72.9","69.9","point"
"2024-05-05 02:00:00 am","69.6","94.8","71.4","68.1","point"
"2024-05-05 04:00:00 am","68.8","96.5","70.3","67.7","point"
"2024-05-05 06:00:00 am","68.0","96.1","69.6","66.8","point"
"2024-05-05 08:00:00 am","69.4","95.3","70.9","68.0","point"
"2024-05-05 10:00:00 am","72.2","84.0","73.9","67.1","point"
"2024-05-05 12:00:00 pm","76.3","76.3","77.9","68.3","point"
"2024-05-05 02:00:00 pm","79.0","68.6","81.7","67.8","point"
"2024-05-05 04:00:00 pm","80.2","69.3","83.7","69.2","point"
"2024-05-05 06:00:00 pm","78.6","72.3","81.3","68.9","point"
"2024-05-05 08:00:00 pm","75.2","89.9","78.1","72.0","point"
"2024-05-05 10:00:00 pm","73.4","95.3","76.3","71.9","point"
"2024-05-06 12:00:00 am","72.0","94.9","74.3","70.4","point"
"2024-05-06 02:00:00 am","71.7","94.8","73.9","70.2","point"
"2024-05-06 04:00:00 am","71.5","97.2","73.6","70.7","point"
"2024-05-06 06:00:00 am","71.5","98.1","73.8","70.9","point"
"2024-05-06 08:00:00 am","71.7","93.5","73.8","69.7","point"
"2024-05-06 10:00:00 am","73.4","89.7","75.6","70.2","point"
"2024-05-06 12:00:00 pm","77.0","84.8","80.2","72.0","point"
"2024-05-06 02:00:00 pm","79.2","78.1","83.8","71.8","point"
"2024-05-06 04:00:00 pm","79.6","80.1","84.9","72.9","point"
"2024-05-06 06:00:00 pm","76.9","86.0","80.2","72.4","point"
"2024-05-06 08:00:00 pm","74.9","91.7","78.1","72.3","point"
"2024-05-06 10:00:00 pm","73.7","94.0","76.6","71.8","point"
"2024-05-07 12:00:00 am","73.2","97.7","76.5","72.5","point"
"2024-05-07 02:00:00 am","73.0","98.8","76.1","72.6","point"
"2024-05-07 04:00:00 am","72.7","98.5","75.7","72.2","point"
"2024-05-07 06:00:00 am","72.2","98.9","75.0","71.8","point"
"2024-05-07 08:00:00 am","69.4","97.6","71.2","68.6","point"
"2024-05-07 10:00:00 am","72.5","100.0","75.6","72.5","point"
"2024-05-07 12:00:00 pm","76.6","92.2","80.4","74.1","point"
"2024-05-07 02:00:00 pm","79.3","88.1","85.8","75.4","point"
"2024-05-07 04:00:00 pm","77.1","93.4","81.9","75.0","point"
"2024-05-07 06:00:00 pm","75.4","100.0","79.9","75.4","point"
"2024-05-07 08:00:00 pm","73.8","100.0","77.5","73.8","point"
"2024-05-07 10:00:00 pm","73.7","100.0","77.2","73.7","point"
"2024-05-08 12:00:00 am","72.9","100.0","76.1","72.9","point"
"2024-05-08 02:00:00 am","72.0","100.0","74.7","72.0","point"
"2024-05-08 04:00:00 am","71.5","100.0","73.9","71.4","point"
"2024-05-08 06:00:00 am","70.6","100.0","72.5","70.6","point"
"2024-05-08 08:00:00 am","71.9","100.0","74.5","71.9","point"
"2024-05-08 10:00:00 am","74.8","98.9","78.8","74.4","point"
"2024-05-08 12:00:00 pm","78.5","88.9","84.6","74.9","point"
"2024-05-08 02:00:00 pm","80.8","87.2","89.4","76.7","point"
"2024-05-08 04:00:00 pm","81.8","84.3","90.5","76.6","point"
"2024-05-08 06:00:00 pm","66.8","100.0","68.4","66.8","point"
"2024-05-08 08:00:00 pm","68.9","100.0","70.9","68.9","point"
"2024-05-08 10:00:00 pm","71.5","100.0","73.9","71.5","point"
"2024-05-09 12:00:00 am","71.6","100.0","74.1","71.6","point"
"2024-05-09 02:00:00 am","70.7","100.0","72.5","70.7","point"
"2024-05-09 04:00:00 am","70.0","100.0","72.0","70.0","point"
"2024-05-09 06:00:00 am","70.7","100.0","72.5","70.7","point"
"2024-05-09 08:00:00 am","71.5","100.0","73.9","71.5","point"
"2024-05-09 10:00:00 am","73.8","94.9","76.8","72.2","point"
"2024-05-09 12:00:00 pm","77.5","86.7","81.7","73.2","point"
"2024-05-09 02:00:00 pm","79.3","84.0","85.1","74.0","point"
"2024-05-09 04:00:00 pm","68.2","95.1","69.6","66.7","point"
"2024-05-09 06:00:00 pm","69.3","100.0","71.2","69.3","point"
"2024-05-09 08:00:00 pm","70.8","99.0","72.9","70.5","point"
"2024-05-09 10:00:00 pm","71.7","100.0","74.1","71.7","point"
"2024-05-10 12:00:00 am","71.4","100.0","73.6","71.4","point"
"2024-05-10 02:00:00 am","71.2","100.0","73.4","71.2","point"
"2024-05-10 04:00:00 am","70.7","100.0","72.5","70.7","point"
"2024-05-10 06:00:00 am","69.9","100.0","71.8","69.9","point"
"2024-05-10 08:00:00 am","70.9","100.0","73.0","70.9","point"
"2024-05-10 10:00:00 am","73.9","97.7","77.2","73.2","point"
"2024-05-10 12:00:00 pm","77.2","91.4","82.0","74.5","point"
"2024-05-10 02:00:00 pm","78.3","87.6","83.8","74.3","point"
"2024-05-10 04:00:00 pm","79.0","84.6","84.9","74.0","point"
"2024-05-10 06:00:00 pm","77.4","91.2","82.2","74.6","point"
"2024-05-10 08:00:00 pm","75.4","97.7","79.7","74.7","point"
"2024-05-10 10:00:00 pm","74.0","100.0","77.7","74.0","point"
"2024-05-11 12:00:00 am","73.1","100.0","76.3","73.1","point"
"2024-05-11 02:00:00 am","70.3","96.6","72.0","69.3","point"
"2024-05-11 04:00:00 am","70.3","97.3","72.0","69.5","point"
"2024-05-11 06:00:00 am","69.7","98.4","71.6","69.2","point"
"2024-05-11 08:00:00 am","70.6","97.3","72.3","69.9","point"
"2024-05-11 10:00:00 am","75.7","91.0","79.0","72.8","point"
"2024-05-11 12:00:00 pm","78.4","88.1","83.8","74.5","point"
"2024-05-11 02:00:00 pm","80.7","84.4","88.2","75.6","point"
"2024-05-11 04:00:00 pm","70.7","100.0","72.9","70.7","point"
"2024-05-11 06:00:00 pm","69.6","100.0","71.6","69.6","point"
"2024-05-11 08:00:00 pm","70.5","100.0","72.3","70.5","point"
"2024-05-11 10:00:00 pm","71.3","100.0","73.6","71.3","point"
"2024-05-12 12:00:00 am","71.1","100.0","73.4","71.1","point"
"2024-05-12 02:00:00 am","71.6","100.0","74.1","71.6","point"
"2024-05-12 04:00:00 am","71.2","100.0","73.4","71.2","point"
"2024-05-12 06:00:00 am","70.1","100.0","72.0","70.1","point"
"2024-05-12 08:00:00 am","71.6","100.0","73.9","71.6","point"
"2024-05-12 10:00:00 am","74.2","100.0","78.1","74.2","point"
"2024-05-12 12:00:00 pm","77.5","94.3","82.9","75.7","point"
"2024-05-12 02:00:00 pm","76.2","100.0","81.0","76.2","point"
"2024-05-12 04:00:00 pm","67.7","92.7","68.9","65.6","point"
"2024-05-12 06:00:00 pm","67.4","100.0","69.1","67.4","point"
"2024-05-12 08:00:00 pm","69.1","100.0","71.1","69.1","point"
"2024-05-12 10:00:00 pm","68.8","100.0","70.5","68.8","point"
"2024-05-13 12:00:00 am","68.7","100.0","70.5","68.7","point"
"2024-05-13 02:00:00 am","69.9","100.0","71.8","69.9","point"
"2024-05-13 04:00:00 am","69.3","100.0","71.2","69.3","point"
"2024-05-13 06:00:00 am","65.4","100.0","66.9","65.4","point"
"2024-05-13 08:00:00 am","66.5","100.0","68.0","66.4","point"
"2024-05-13 10:00:00 am","67.6","100.0","69.3","67.6","point"
"2024-05-13 12:00:00 pm","73.1","100.0","76.3","73.1","point"
"2024-05-13 02:00:00 pm","76.4","92.4","80.1","74.0","point"
"2024-05-13 04:00:00 pm","77.0","94.4","81.5","75.2","point"
"2024-05-13 06:00:00 pm","74.8","99.3","78.8","74.6","point"
"2024-05-13 08:00:00 pm","73.0","100.0","76.1","73.0","point"
"2024-05-13 10:00:00 pm","71.1","100.0","73.4","71.1","point"
"2024-05-14 12:00:00 am","71.3","100.0","73.6","71.2","point"
"2024-05-14 02:00:00 am","70.9","100.0","73.0","70.9","point"
"2024-05-14 04:00:00 am","69.9","100.0","71.8","69.9","point"
"2024-05-14 06:00:00 am","68.9","100.0","70.5","68.9","point"
"2024-05-14 08:00:00 am","69.8","100.0","71.6","69.8","point"
"2024-05-14 10:00:00 am","71.9","100.0","74.5","71.9","point"
"2024-05-14 12:00:00 pm","75.5","92.5","79.0","73.2","point"
"2024-05-14 02:00:00 pm","77.1","90.6","81.5","74.2","point"
"2024-05-14 04:00:00 pm","76.1","97.2","80.6","75.2","point"
"2024-05-14 06:00:00 pm","74.3","100.0","78.1","74.3","point"
"2024-05-14 08:00:00 pm","73.5","100.0","76.8","73.5","point"
"2024-05-14 10:00:00 pm","72.8","100.0","75.7","72.8","point"
"2024-05-15 12:00:00 am","72.4","100.0","75.2","72.4","point"
"2024-05-15 02:00:00 am","72.0","100.0","74.7","72.0","point"
"2024-05-15 04:00:00 am","71.7","100.0","74.1","71.7","point"
"2024-05-15 06:00:00 am","71.5","100.0","73.9","71.5","point"
"2024-05-15 08:00:00 am","67.6","100.0","69.3","67.6","point"
"2024-05-15 10:00:00 am","72.4","100.0","75.2","72.4","point"
"2024-05-15 12:00:00 pm","77.8","87.4","82.6","73.7","point"
"2024-05-15 02:00:00 pm","79.3","88.5","86.0","75.6","point"
"2024-05-15 04:00:00 pm","80.0","88.4","87.6","76.3","point"
"2024-05-15 06:00:00 pm","69.7","100.0","71.6","69.7","point"
"2024-05-15 08:00:00 pm","70.6","100.0","72.5","70.6","point"
"2024-05-15 10:00:00 pm","70.8","100.0","72.9","70.8","point"
"2024-05-16 12:00:00 am","72.1","100.0","74.7","72.1","point"
"2024-05-16 02:00:00 am","71.6","100.0","74.1","71.6","point"
"2024-05-16 04:00:00 am","70.2","100.0","72.1","70.2","point"
"2024-05-16 06:00:00 am","71.0","100.0","73.0","70.9","point"
"2024-05-16 08:00:00 am","71.5","100.0","73.9","71.4","point"
"2024-05-16 10:00:00 am","73.3","100.0","76.6","73.3","point"
"2024-05-16 12:00:00 pm","76.2","95.2","80.4","74.8","point"
"2024-05-16 02:00:00 pm","77.0","94.6","82.0","75.3","point"
"2024-05-16 04:00:00 pm","77.4","93.4","82.8","75.4","point"
"2024-05-16 06:00:00 pm","74.4","96.0","77.7","73.1","point"
"2024-05-16 08:00:00 pm","69.6","100.0","71.4","69.6","point"
"2024-05-16 10:00:00 pm","70.4","100.0","72.3","70.4","point"
"2024-05-17 12:00:00 am","69.9","100.0","71.8","69.9","point"
"2024-05-17 02:00:00 am","70.4","100.0","72.3","70.4","point"
"2024-05-17 04:00:00 am","70.5","100.0","72.3","70.5","point"
"2024-05-17 06:00:00 am","69.7","100.0","71.6","69.7","point"
"2024-05-17 08:00:00 am","70.6","100.0","72.5","70.5","point"
"2024-05-17 10:00:00 am","73.7","98.0","77.0","73.1","point"
"2024-05-17 12:00:00 pm","77.3","92.0","82.0","74.8","point"
"2024-05-17 02:00:00 pm","72.1","100.0","75.0","72.1","point"
"2024-05-17 04:00:00 pm","74.1","100.0","77.7","74.1","point"
"2024-05-17 06:00:00 pm","72.2","100.0","75.0","72.2","point"
"2024-05-17 08:00:00 pm","71.9","100.0","74.5","71.9","point"
"2024-05-17 10:00:00 pm","71.7","100.0","74.1","71.7","point"
"2024-05-18 12:00:00 am","69.1","100.0","71.1","69.1","point"
"2024-05-18 02:00:00 am","68.6","100.0","70.3","68.6","point"
"2024-05-18 04:00:00 am","68.0","100.0","69.8","68.0","point"
"2024-05-18 06:00:00 am","67.4","100.0","69.1","67.4","point"
"2025-01-08 04:00:30 pm","76.8","89.2","80.8","73.4","point"
