"Device Name","D2 - 2822659"
"Device Model","Kestrel DROP 2"
"Serial Number","2822659"
"FORMATTED DATE_TIME","Temperature","Relative Humidity","Heat Index","Dew Point","Data Type","Record name","Start time","Duration (H:M:S)","Location description","Location address","Location coordinates","Notes"
"YYYY-MM-DD HH:MM:SS","°F","%","°F","°F"
"2024-01-09 07:00:00 pm","73.4","80.6","75.0","67.0","point"
"2024-01-09 09:00:00 pm","73.0","81.6","74.5","67.0","point"
"2024-01-09 11:00:00 pm","71.6","83.6","73.0","66.3","point"
"2024-01-10 01:00:00 am","71.0","81.7","72.1","65.2","point"
"2024-01-10 03:00:00 am","70.2","79.7","71.2","63.6","point"
"2024-01-10 05:00:00 am","69.6","79.7","70.5","63.1","point"
"2024-01-10 07:00:00 am","69.4","80.9","70.2","63.2","point"
"2024-01-10 09:00:00 am","69.4","81.5","70.2","63.5","point"
"2024-01-10 11:00:00 am","70.8","79.4","72.0","64.1","point"
"2024-01-10 01:00:00 pm","71.8","78.8","73.0","64.9","point"
"2024-01-10 03:00:00 pm","72.2","77.8","73.4","64.9","point"
"2024-01-10 05:00:00 pm","72.3","78.1","73.4","65.1","point"
"2024-01-10 07:00:00 pm","72.3","78.7","73.4","65.3","point"
"2024-01-10 09:00:00 pm","71.7","79.1","72.9","64.9","point"
"2024-01-10 11:00:00 pm","71.5","76.7","72.5","63.8","point"
"2024-01-11 01:00:00 am","70.6","77.7","71.4","63.3","point"
"2024-01-11 03:00:00 am","70.1","77.1","70.7","62.6","point"
"2024-01-11 05:00:00 am","69.6","77.4","70.3","62.2","point"
"2024-01-11 07:00:00 am","69.4","78.7","69.8","62.5","point"
"2024-01-11 09:00:00 am","67.8","79.4","68.2","61.2","point"
"2024-01-11 11:00:00 am","68.8","75.8","69.1","60.8","point"
"2024-01-11 01:00:00 pm","77.2","57.1","76.8","60.8","point"
"2024-01-11 03:00:00 pm","80.9","46.5","80.2","58.6","point"
"2024-01-11 05:00:00 pm","76.5","58.9","76.3","61.1","point"
"2024-01-11 07:00:00 pm","68.4","78.6","68.7","61.4","point"
"2024-01-11 09:00:00 pm","65.8","83.3","65.8","60.6","point"
"2024-01-11 11:00:00 pm","64.9","82.5","64.8","59.5","point"
"2024-01-12 01:00:00 am","66.6","80.4","66.6","60.4","point"
"2024-01-12 03:00:00 am","65.3","82.6","65.1","59.8","point"
"2024-01-12 05:00:00 am","64.0","88.7","64.2","60.5","point"
"2024-01-12 07:00:00 am","63.2","89.3","63.5","60.0","point"
"2024-01-12 09:00:00 am","64.4","85.1","64.4","59.8","point"
"2024-01-12 11:00:00 am","69.0","72.7","69.1","59.8","point"
"2024-01-12 01:00:00 pm","77.3","55.0","76.8","59.9","point"
"2024-01-12 03:00:00 pm","79.1","52.5","78.8","60.2","point"
"2024-01-12 05:00:00 pm","75.0","65.1","75.2","62.5","point"
"2024-01-12 07:00:00 pm","68.3","76.5","68.4","60.6","point"
"2024-01-12 09:00:00 pm","65.0","81.0","64.8","59.1","point"
"2024-01-12 11:00:00 pm","65.1","82.4","64.8","59.6","point"
"2024-01-13 01:00:00 am","66.1","79.0","65.8","59.4","point"
"2024-01-13 03:00:00 am","65.1","85.8","65.1","60.7","point"
"2024-01-13 05:00:00 am","63.6","90.4","64.0","60.7","point"
"2024-01-13 07:00:00 am","63.9","91.6","64.4","61.4","point"
"2024-01-13 09:00:00 am","65.6","91.3","66.2","63.0","point"
"2024-01-13 11:00:00 am","69.1","76.1","69.3","61.2","point"
"2024-01-13 01:00:00 pm","78.6","59.5","79.2","63.3","point"
"2024-01-13 03:00:00 pm","82.6","48.6","83.1","61.3","point"
"2024-01-13 05:00:00 pm","76.1","69.6","77.0","65.5","point"
"2024-01-13 07:00:00 pm","68.6","85.2","69.4","64.0","point"
"2024-01-13 09:00:00 pm","66.5","91.7","67.3","64.0","point"
"2024-01-13 11:00:00 pm","65.1","94.2","66.0","63.4","point"
"2024-01-14 01:00:00 am","66.3","92.3","67.3","64.0","point"
"2024-01-14 03:00:00 am","65.2","92.5","66.0","63.0","point"
"2024-01-14 05:00:00 am","63.9","91.7","64.4","61.4","point"
"2024-01-14 07:00:00 am","64.4","92.1","65.1","62.1","point"
"2024-01-14 09:00:00 am","66.4","90.7","67.3","63.6","point"
"2024-01-14 11:00:00 am","70.7","86.3","72.3","66.4","point"
"2024-01-14 01:00:00 pm","81.2","55.4","82.4","63.8","point"
"2024-01-14 03:00:00 pm","85.1","45.5","86.4","61.7","point"
"2024-01-14 05:00:00 pm","77.5","72.9","79.5","68.1","point"
"2024-01-14 07:00:00 pm","69.8","86.0","70.9","65.4","point"
"2024-01-14 09:00:00 pm","66.0","90.9","66.6","63.2","point"
"2024-01-14 11:00:00 pm","65.7","86.9","66.0","61.7","point"
"2024-01-15 01:00:00 am","67.2","79.8","67.3","60.8","point"
"2024-01-15 03:00:00 am","62.3","87.0","62.4","58.4","point"
"2024-01-15 05:00:00 am","65.1","82.2","64.9","59.6","point"
"2024-01-15 07:00:00 am","63.9","89.4","64.2","60.7","point"
"2024-01-15 09:00:00 am","66.6","87.6","67.1","62.8","point"
"2024-01-15 11:00:00 am","70.8","83.2","72.1","65.4","point"
"2024-01-15 01:00:00 pm","80.9","53.9","81.7","62.7","point"
"2024-01-15 03:00:00 pm","79.9","53.3","79.9","61.4","point"
"2024-01-15 05:00:00 pm","75.0","67.4","75.4","63.4","point"
"2024-01-15 07:00:00 pm","68.6","80.9","69.3","62.5","point"
"2024-01-15 09:00:00 pm","66.6","88.2","67.1","63.0","point"
"2024-01-15 11:00:00 pm","64.8","93.9","65.7","63.0","point"
"2024-01-16 01:00:00 am","63.1","94.8","63.9","61.6","point"
"2024-01-16 03:00:00 am","62.9","94.7","63.7","61.3","point"
"2024-01-16 05:00:00 am","62.3","92.3","63.0","60.1","point"
"2024-01-16 07:00:00 am","63.5","86.3","63.3","59.3","point"
"2024-01-16 09:00:00 am","66.0","86.4","66.4","61.8","point"
"2024-01-16 11:00:00 am","72.1","79.6","73.6","65.5","point"
"2024-01-16 01:00:00 pm","80.0","55.5","80.6","62.6","point"
"2024-01-16 03:00:00 pm","77.3","63.5","77.9","63.9","point"
"2024-01-16 05:00:00 pm","73.9","76.5","75.2","66.1","point"
"2024-01-16 07:00:00 pm","68.6","87.6","69.6","64.8","point"
"2024-01-16 09:00:00 pm","67.1","93.6","68.2","65.2","point"
"2024-01-16 11:00:00 pm","66.1","95.9","67.3","64.9","point"
"2024-01-17 01:00:00 am","66.0","96.3","67.1","64.9","point"
"2024-01-17 03:00:00 am","65.2","97.2","66.4","64.4","point"
"2024-01-17 05:00:00 am","65.1","98.6","66.6","64.7","point"
"2024-01-17 07:00:00 am","65.5","97.7","66.9","64.8","point"
"2024-01-17 09:00:00 am","68.1","93.3","69.3","66.1","point"
"2024-01-17 11:00:00 am","72.1","81.0","73.4","65.9","point"
"2024-01-17 01:00:00 pm","73.1","81.9","74.8","67.3","point"
"2024-01-17 03:00:00 pm","76.8","74.1","78.3","67.9","point"
"2024-01-17 05:00:00 pm","74.7","69.2","75.6","64.0","point"
"2024-01-17 07:00:00 pm","67.3","85.4","67.8","62.8","point"
"2024-01-17 09:00:00 pm","68.5","94.9","69.8","66.9","point"
"2024-01-17 11:00:00 pm","67.7","96.5","69.1","66.7","point"
"2024-01-18 01:00:00 am","66.1","96.6","67.3","65.1","point"
"2024-01-18 03:00:00 am","64.3","97.3","65.3","63.5","point"
"2024-01-18 05:00:00 am","64.2","97.8","65.3","63.5","point"
"2024-01-18 07:00:00 am","63.7","98.4","64.9","63.2","point"
"2024-01-18 09:00:00 am","67.7","94.5","69.1","66.1","point"
"2024-01-18 11:00:00 am","72.2","80.4","73.6","65.8","point"
"2024-01-18 01:00:00 pm","74.1","75.5","75.4","65.9","point"
"2024-01-18 03:00:00 pm","75.0","73.7","76.1","66.0","point"
"2024-01-18 05:00:00 pm","74.5","78.5","76.1","67.4","point"
"2024-01-18 07:00:00 pm","69.5","89.5","70.7","66.3","point"
"2024-01-18 09:00:00 pm","67.6","94.6","68.9","66.0","point"
"2024-01-18 11:00:00 pm","66.6","96.3","68.0","65.5","point"
"2024-01-19 01:00:00 am","66.3","97.3","67.5","65.5","point"
"2024-01-19 03:00:00 am","66.7","97.7","68.2","66.0","point"
"2024-01-19 05:00:00 am","66.1","98.8","67.5","65.7","point"
"2024-01-19 07:00:00 am","63.1","98.2","64.2","62.6","point"
"2024-01-19 09:00:00 am","68.2","94.9","69.6","66.7","point"
"2024-01-19 11:00:00 am","71.9","87.3","73.6","67.9","point"
"2024-01-19 01:00:00 pm","77.9","72.8","80.4","68.5","point"
"2024-01-19 03:00:00 pm","75.3","79.0","77.0","68.4","point"
"2024-01-19 05:00:00 pm","74.8","82.0","76.8","68.9","point"
"2024-01-19 07:00:00 pm","69.6","92.1","70.9","67.2","point"
"2024-01-19 09:00:00 pm","68.9","95.8","70.3","67.6","point"
"2024-01-19 11:00:00 pm","65.8","96.1","66.9","64.6","point"
"2024-01-20 01:00:00 am","64.1","97.6","65.3","63.4","point"
"2024-01-20 03:00:00 am","64.8","98.3","66.0","64.3","point"
"2024-01-20 05:00:00 am","64.8","96.8","65.8","63.9","point"
"2024-01-20 07:00:00 am","64.8","95.6","65.7","63.5","point"
"2024-01-20 09:00:00 am","67.9","92.0","69.1","65.5","point"
"2024-01-20 11:00:00 am","72.6","86.0","74.3","68.2","point"
"2024-01-20 01:00:00 pm","76.2","75.9","77.7","68.0","point"
"2024-01-20 03:00:00 pm","76.8","74.1","78.6","67.9","point"
"2024-01-20 05:00:00 pm","76.0","80.8","78.3","69.6","point"
"2024-01-20 07:00:00 pm","70.4","91.1","72.0","67.7","point"
"2024-01-20 09:00:00 pm","67.6","95.2","68.9","66.1","point"
"2024-01-20 11:00:00 pm","66.0","96.1","67.1","64.9","point"
"2024-01-21 01:00:00 am","65.9","97.0","67.1","65.0","point"
"2024-01-21 03:00:00 am","67.2","99.5","68.9","67.0","point"
"2024-01-21 05:00:00 am","65.9","99.3","67.3","65.7","point"
"2024-01-21 07:00:00 am","65.8","98.9","67.1","65.4","point"
"2024-01-21 09:00:00 am","67.0","97.0","68.4","66.2","point"
"2024-01-21 11:00:00 am","71.2","92.9","72.9","69.0","point"
"2024-01-21 01:00:00 pm","79.1","65.3","81.0","66.4","point"
"2024-01-21 03:00:00 pm","80.6","54.6","81.1","62.7","point"
"2024-01-21 05:00:00 pm","76.9","71.0","78.3","66.8","point"
"2024-01-21 07:00:00 pm","71.4","83.6","72.7","66.2","point"
"2024-01-21 09:00:00 pm","70.0","93.3","71.6","67.9","point"
"2024-01-21 11:00:00 pm","67.6","95.9","68.9","66.3","point"
"2024-01-22 01:00:00 am","66.6","97.1","68.0","65.8","point"
"2024-01-22 03:00:00 am","65.9","98.7","67.3","65.5","point"
"2024-01-22 05:00:00 am","64.8","98.1","66.0","64.2","point"
"2024-01-22 07:00:00 am","64.1","98.4","65.3","63.6","point"
"2024-01-22 09:00:00 am","68.3","94.5","69.6","66.7","point"
"2024-01-22 11:00:00 am","73.1","84.7","75.0","68.2","point"
"2024-01-22 01:00:00 pm","80.7","63.0","83.1","66.9","point"
"2024-01-22 03:00:00 pm","77.6","71.1","79.5","67.5","point"
"2024-01-22 05:00:00 pm","76.9","73.5","78.4","67.8","point"
"2024-01-22 07:00:00 pm","70.4","86.9","71.8","66.3","point"
"2024-01-22 09:00:00 pm","70.4","94.3","72.1","68.7","point"
"2024-01-22 11:00:00 pm","67.6","96.4","68.9","66.5","point"
"2024-01-23 01:00:00 am","66.0","96.9","67.1","65.1","point"
"2024-01-23 03:00:00 am","64.9","97.3","65.8","64.1","point"
"2024-01-23 05:00:00 am","64.4","98.0","65.5","63.8","point"
"2024-01-23 07:00:00 am","64.2","97.4","65.1","63.4","point"
"2024-01-23 09:00:00 am","67.8","93.4","68.9","65.8","point"
"2024-01-23 11:00:00 am","71.8","87.3","73.6","67.9","point"
"2024-01-23 01:00:00 pm","76.0","66.9","76.5","64.2","point"
"2024-01-23 03:00:00 pm","79.5","71.4","82.8","69.4","point"
"2024-01-23 05:00:00 pm","75.9","78.3","77.9","68.7","point"
"2024-01-23 07:00:00 pm","69.7","84.9","70.7","65.0","point"
"2024-01-23 09:00:00 pm","66.7","90.8","67.5","63.9","point"
"2024-01-23 11:00:00 pm","64.8","94.3","65.7","63.1","point"
"2024-01-24 01:00:00 am","63.2","94.9","64.0","61.7","point"
"2024-01-24 03:00:00 am","61.7","96.0","62.6","60.5","point"
"2024-01-24 05:00:00 am","60.5","96.1","61.5","59.3","point"
"2024-01-24 07:00:00 am","58.5","96.2","59.4","57.4","point"
"2024-01-24 09:00:00 am","65.0","92.1","65.8","62.7","point"
"2024-01-24 11:00:00 am","70.9","76.0","72.0","62.9","point"
"2024-01-24 01:00:00 pm","77.6","61.6","78.3","63.4","point"
"2024-01-24 03:00:00 pm","82.3","52.7","83.5","63.3","point"
"2024-01-24 05:00:00 pm","74.0","64.6","74.3","61.3","point"
"2024-01-24 07:00:00 pm","68.6","78.9","69.1","61.8","point"
"2024-01-24 09:00:00 pm","66.3","88.0","66.7","62.6","point"
"2024-01-24 11:00:00 pm","64.0","90.8","64.4","61.2","point"
"2024-01-25 01:00:00 am","61.6","88.6","61.9","58.2","point"
"2024-01-25 03:00:00 am","60.7","80.1","60.3","54.6","point"
"2024-01-25 05:00:00 am","60.0","88.3","60.3","56.6","point"
"2024-01-25 07:00:00 am","59.7","91.0","60.1","57.0","point"
"2024-01-25 09:00:00 am","66.1","88.3","66.7","62.5","point"
"2024-01-25 11:00:00 am","72.3","73.9","73.2","63.5","point"
"2024-01-25 01:00:00 pm","76.6","64.2","76.8","63.6","point"
"2024-01-25 03:00:00 pm","77.5","61.7","77.9","63.3","point"
"2024-01-25 05:00:00 pm","74.1","70.4","74.8","63.8","point"
"2024-01-25 07:00:00 pm","68.5","83.9","69.1","63.4","point"
"2024-01-25 09:00:00 pm","66.7","92.2","67.6","64.4","point"
"2024-01-25 11:00:00 pm","64.5","94.5","65.3","62.9","point"
"2024-01-26 01:00:00 am","64.1","95.0","64.9","62.6","point"
"2024-01-26 03:00:00 am","62.2","96.1","63.1","61.0","point"
"2024-01-26 05:00:00 am","66.0","91.7","66.6","63.5","point"
"2024-01-26 07:00:00 am","64.1","92.9","64.8","62.0","point"
"2024-01-26 09:00:00 am","67.9","84.0","68.5","62.9","point"
"2024-01-26 11:00:00 am","70.1","77.5","70.7","62.8","point"
"2024-01-26 01:00:00 pm","77.5","62.8","77.9","63.8","point"
"2024-01-26 03:00:00 pm","84.0","50.7","86.0","63.8","point"
"2024-01-26 05:00:00 pm","76.8","50.7","75.7","57.2","point"
"2024-01-26 07:00:00 pm","69.3","81.1","70.2","63.2","point"
"2024-01-26 09:00:00 pm","65.6","88.8","66.0","62.2","point"
"2024-01-26 11:00:00 pm","63.3","92.7","63.9","61.2","point"
"2024-01-27 01:00:00 am","60.7","86.6","60.8","56.7","point"
"2024-01-27 03:00:00 am","60.2","81.3","59.9","54.5","point"
"2024-01-27 05:00:00 am","61.5","87.6","61.5","57.7","point"
"2024-01-27 07:00:00 am","61.5","88.6","61.7","58.1","point"
"2024-01-27 09:00:00 am","64.5","89.9","64.8","61.4","point"
"2024-01-27 11:00:00 am","68.2","79.4","68.7","61.5","point"
"2024-01-27 01:00:00 pm","75.7","62.2","75.7","61.8","point"
"2024-01-27 03:00:00 pm","83.8","44.6","83.8","59.9","point"
"2024-01-27 05:00:00 pm","76.4","54.0","75.6","58.5","point"
"2024-01-27 07:00:00 pm","67.2","71.0","66.6","57.4","point"
"2024-01-27 09:00:00 pm","63.8","75.9","63.0","56.0","point"
"2024-01-27 11:00:00 pm","64.4","70.2","63.1","54.5","point"
"2024-01-28 01:00:00 am","61.6","80.5","61.2","55.5","point"
"2024-01-28 03:00:00 am","61.8","82.5","61.7","56.4","point"
"2024-01-28 05:00:00 am","61.4","88.3","61.7","57.9","point"
"2024-01-28 07:00:00 am","62.5","91.7","63.0","60.1","point"
"2024-01-28 09:00:00 am","65.3","90.2","66.0","62.4","point"
"2024-01-28 11:00:00 am","69.5","74.2","69.8","60.9","point"
"2024-01-28 01:00:00 pm","76.3","62.2","76.5","62.5","point"
"2024-01-28 03:00:00 pm","89.1","37.8","90.3","60.0","point"
"2024-01-28 05:00:00 pm","77.9","49.9","76.8","57.7","point"
"2024-01-28 07:00:00 pm","68.8","77.3","69.1","61.4","point"
"2024-01-28 09:00:00 pm","64.5","84.9","64.4","59.8","point"
"2024-01-28 11:00:00 pm","63.0","90.8","63.5","60.2","point"
"2024-01-29 01:00:00 am","61.8","91.8","62.2","59.4","point"
"2024-01-29 03:00:00 am","63.1","79.6","62.6","56.7","point"
"2024-01-29 05:00:00 am","63.4","79.8","63.0","57.0","point"
"2024-01-29 07:00:00 am","62.3","84.3","62.2","57.5","point"
"2024-01-29 09:00:00 am","65.1","85.2","65.3","60.6","point"
"2024-01-29 11:00:00 am","68.8","83.2","69.6","63.4","point"
"2024-01-29 01:00:00 pm","74.1","66.2","74.5","62.1","point"
"2024-01-29 03:00:00 pm","90.8","38.6","93.4","62.2","point"
"2024-01-29 05:00:00 pm","75.8","66.7","76.3","64.0","point"
"2024-01-29 07:00:00 pm","68.8","80.1","69.3","62.3","point"
"2024-01-29 09:00:00 pm","64.9","87.9","64.9","61.2","point"
"2024-01-29 11:00:00 pm","62.1","90.8","62.6","59.3","point"
"2024-01-30 01:00:00 am","60.9","82.5","60.8","55.5","point"
"2024-01-30 03:00:00 am","64.2","69.3","62.6","53.9","point"
"2024-01-30 05:00:00 am","62.8","74.7","61.7","54.6","point"
"2024-01-30 07:00:00 am","62.2","78.8","61.5","55.5","point"
"2024-01-30 09:00:00 am","65.4","80.3","64.9","59.2","point"
"2024-01-30 11:00:00 am","71.6","72.2","72.5","62.2","point"
"2024-01-30 01:00:00 pm","78.1","51.9","77.7","59.0","point"
"2024-01-30 03:00:00 pm","91.6","40.2","95.5","64.0","point"
"2024-01-30 05:00:00 pm","76.2","50.3","75.0","56.4","point"
"2024-01-30 07:00:00 pm","67.6","72.1","67.1","58.3","point"
"2024-01-30 09:00:00 pm","67.2","87.2","67.8","63.3","point"
"2024-01-30 11:00:00 pm","64.4","89.6","64.8","61.3","point"
"2024-01-31 01:00:00 am","61.7","87.9","61.7","58.0","point"
"2024-01-31 03:00:00 am","61.0","91.2","61.3","58.4","point"
"2024-01-31 05:00:00 am","60.0","93.2","60.6","58.0","point"
"2024-01-31 07:00:00 am","60.9","92.4","61.5","58.7","point"
"2024-01-31 09:00:00 am","69.7","76.0","70.3","61.8","point"
"2024-01-31 11:00:00 am","73.0","64.5","73.2","60.3","point"
"2024-01-31 01:00:00 pm","78.1","50.0","77.2","57.9","point"
"2024-01-31 03:00:00 pm","86.5","36.5","85.8","56.8","point"
"2024-01-31 05:00:00 pm","76.6","54.3","75.7","58.9","point"
"2024-01-31 07:00:00 pm","67.5","74.3","67.3","59.0","point"
"2024-01-31 09:00:00 pm","62.7","83.4","62.6","57.6","point"
"2024-01-31 11:00:00 pm","63.6","89.7","63.9","60.5","point"
"2024-02-01 01:00:00 am","62.3","92.6","63.0","60.1","point"
"2024-02-01 03:00:00 am","63.7","93.6","64.4","61.9","point"
"2024-02-01 05:00:00 am","62.3","95.0","63.1","60.8","point"
"2024-02-01 07:00:00 am","59.3","93.8","59.9","57.5","point"
"2024-02-01 09:00:00 am","66.0","86.4","66.4","61.8","point"
"2024-02-01 11:00:00 am","71.4","62.4","71.4","57.9","point"
"2024-02-01 01:00:00 pm","76.5","58.0","76.1","60.7","point"
"2024-02-01 03:00:00 pm","86.3","41.1","86.9","59.9","point"
"2024-02-01 05:00:00 pm","75.6","64.3","75.9","62.7","point"
"2024-02-01 07:00:00 pm","69.3","80.0","70.0","62.8","point"
"2024-02-01 09:00:00 pm","66.1","89.1","66.7","62.7","point"
"2024-02-01 11:00:00 pm","64.8","91.7","65.3","62.3","point"
"2024-02-02 01:00:00 am","63.5","94.1","64.2","61.7","point"
"2024-02-02 03:00:00 am","62.9","94.8","63.7","61.4","point"
"2024-02-02 05:00:00 am","61.2","95.9","62.2","60.0","point"
"2024-02-02 07:00:00 am","59.7","95.7","60.4","58.5","point"
"2024-02-02 09:00:00 am","67.3","86.6","68.0","63.2","point"
"2024-02-02 11:00:00 am","73.0","70.4","73.6","62.8","point"
"2024-02-02 01:00:00 pm","79.0","59.8","80.1","63.8","point"
"2024-02-02 03:00:00 pm","89.6","38.9","91.2","61.2","point"
"2024-02-02 05:00:00 pm","77.1","59.1","77.0","61.7","point"
"2024-02-02 07:00:00 pm","69.6","79.0","70.3","62.8","point"
"2024-02-02 09:00:00 pm","66.7","90.5","67.5","63.9","point"
"2024-02-02 11:00:00 pm","64.2","92.5","64.8","62.0","point"
"2024-02-03 01:00:00 am","62.4","94.1","63.1","60.7","point"
"2024-02-03 03:00:00 am","61.0","89.9","61.3","58.0","point"
"2024-02-03 05:00:00 am","60.0","91.8","60.4","57.5","point"
"2024-02-03 07:00:00 am","63.1","89.5","63.3","59.9","point"
"2024-02-03 09:00:00 am","68.3","83.5","68.9","63.2","point"
"2024-02-03 11:00:00 am","72.3","79.8","73.8","65.8","point"
"2024-02-03 01:00:00 pm","76.4","67.3","76.8","64.7","point"
"2024-02-03 03:00:00 pm","83.5","60.3","87.6","68.3","point"
"2024-02-03 05:00:00 pm","77.0","70.6","78.3","66.7","point"
"2024-02-03 07:00:00 pm","71.6","83.9","73.2","66.5","point"
"2024-02-03 09:00:00 pm","68.9","90.7","70.0","66.0","point"
"2024-02-03 11:00:00 pm","67.7","92.7","68.9","65.5","point"
"2024-02-04 01:00:00 am","66.2","94.3","67.5","64.5","point"
"2024-02-04 03:00:00 am","67.3","90.4","68.4","64.4","point"
"2024-02-04 05:00:00 am","67.9","88.7","68.9","64.5","point"
"2024-02-04 07:00:00 am","67.2","85.2","67.6","62.6","point"
"2024-02-04 09:00:00 am","71.5","78.2","72.5","64.3","point"
"2024-02-04 11:00:00 am","74.0","76.1","75.4","66.0","point"
"2024-02-04 01:00:00 pm","76.7","62.0","76.8","62.7","point"
"2024-02-04 03:00:00 pm","89.7","41.8","92.7","63.4","point"
"2024-02-04 05:00:00 pm","79.2","65.6","81.3","66.7","point"
"2024-02-04 07:00:00 pm","72.4","86.5","74.3","68.2","point"
"2024-02-04 09:00:00 pm","69.5","91.8","70.9","67.0","point"
"2024-02-04 11:00:00 pm","67.0","94.7","68.2","65.5","point"
"2024-02-05 01:00:00 am","64.4","96.6","65.5","63.4","point"
"2024-02-05 03:00:00 am","63.4","93.1","64.0","61.4","point"
"2024-02-05 05:00:00 am","62.3","88.9","62.6","58.9","point"
"2024-02-05 07:00:00 am","65.0","74.9","64.0","56.9","point"
"2024-02-05 09:00:00 am","67.1","81.4","67.5","61.2","point"
"2024-02-05 11:00:00 am","71.7","76.3","72.7","63.8","point"
"2024-02-05 01:00:00 pm","79.8","59.0","81.0","64.1","point"
"2024-02-05 03:00:00 pm","87.6","39.1","88.0","59.6","point"
"2024-02-05 05:00:00 pm","80.2","50.1","80.1","59.9","point"
"2024-02-05 07:00:00 pm","71.6","76.3","72.7","63.8","point"
"2024-02-05 09:00:00 pm","70.8","91.7","72.5","68.3","point"
"2024-02-05 11:00:00 pm","69.0","92.7","70.3","66.8","point"
"2024-02-06 01:00:00 am","65.6","94.7","66.6","64.0","point"
"2024-02-06 03:00:00 am","63.5","95.0","64.4","62.1","point"
"2024-02-06 05:00:00 am","65.7","77.8","65.3","58.6","point"
"2024-02-06 07:00:00 am","63.5","84.6","63.3","58.7","point"
"2024-02-06 09:00:00 am","67.5","80.2","67.6","61.2","point"
"2024-02-06 11:00:00 am","73.7","68.8","74.3","62.8","point"
"2024-02-06 01:00:00 pm","80.5","48.1","80.1","59.1","point"
"2024-02-06 03:00:00 pm","91.5","26.2","89.8","52.0","point"
"2024-02-06 05:00:00 pm","82.6","40.8","81.1","56.4","point"
"2024-02-06 07:00:00 pm","71.3","63.5","71.6","58.2","point"
"2024-02-06 09:00:00 pm","71.0","85.3","72.3","66.3","point"
"2024-02-06 11:00:00 pm","66.2","90.2","67.1","63.2","point"
"2024-02-07 01:00:00 am","64.0","83.5","63.9","58.9","point"
"2024-02-07 03:00:00 am","63.5","77.7","63.0","56.4","point"
"2024-02-07 05:00:00 am","63.5","78.5","63.0","56.7","point"
"2024-02-07 07:00:00 am","62.9","82.7","62.8","57.5","point"
"2024-02-07 09:00:00 am","67.9","77.7","68.0","60.7","point"
"2024-02-07 11:00:00 am","74.2","56.2","73.6","57.6","point"
"2024-02-07 01:00:00 pm","81.4","34.6","78.8","50.9","point"
"2024-02-07 03:00:00 pm","88.5","25.3","85.5","48.6","point"
"2024-02-07 05:00:00 pm","82.6","50.7","83.1","62.5","point"
"2024-02-07 07:00:00 pm","72.5","72.0","73.2","63.0","point"
"2024-02-07 09:00:00 pm","71.1","90.2","72.9","68.0","point"
"2024-02-07 11:00:00 pm","65.7","86.7","66.0","61.6","point"
"2024-02-08 01:00:00 am","65.4","86.5","65.7","61.3","point"
"2024-02-08 03:00:00 am","68.3","71.5","68.0","58.7","point"
"2024-02-08 05:00:00 am","66.8","64.8","65.5","54.6","point"
"2024-02-08 07:00:00 am","62.6","73.7","61.7","54.1","point"
"2024-02-08 09:00:00 am","69.9","63.5","69.6","57.0","point"
"2024-02-08 11:00:00 am","74.9","60.7","74.8","60.4","point"
"2024-02-08 01:00:00 pm","83.1","38.8","81.9","55.5","point"
"2024-02-08 03:00:00 pm","84.8","47.8","86.5","62.9","point"
"2024-02-08 05:00:00 pm","80.1","58.5","81.5","64.3","point"
"2024-02-08 07:00:00 pm","72.7","74.9","73.8","64.3","point"
"2024-02-08 09:00:00 pm","68.3","85.8","68.9","63.9","point"
"2024-02-08 11:00:00 pm","65.7","88.0","66.0","62.1","point"
"2024-02-09 01:00:00 am","64.8","85.8","64.8","60.5","point"
"2024-02-09 03:00:00 am","63.9","84.1","63.9","59.0","point"
"2024-02-09 05:00:00 am","62.2","90.5","62.6","59.4","point"
"2024-02-09 07:00:00 am","62.2","88.0","62.2","58.6","point"
"2024-02-09 09:00:00 am","69.0","79.5","69.6","62.3","point"
"2024-02-09 11:00:00 am","75.6","54.7","74.8","58.1","point"
"2024-02-09 01:00:00 pm","81.1","49.4","81.0","60.4","point"
"2024-02-09 03:00:00 pm","91.2","46.6","97.9","67.9","point"
"2024-02-09 05:00:00 pm","80.2","66.1","82.9","67.8","point"
"2024-02-09 07:00:00 pm","72.7","80.5","74.3","66.3","point"
"2024-02-09 09:00:00 pm","71.4","90.4","73.2","68.4","point"
"2024-02-09 11:00:00 pm","70.1","93.0","71.6","67.9","point"
"2024-02-10 01:00:00 am","67.1","91.2","68.2","64.5","point"
"2024-02-10 03:00:00 am","65.5","84.3","65.5","60.6","point"
"2024-02-10 05:00:00 am","67.4","76.7","67.3","59.8","point"
"2024-02-10 07:00:00 am","66.7","74.7","66.0","58.4","point"
"2024-02-10 09:00:00 am","70.5","73.6","71.1","61.6","point"
"2024-02-10 11:00:00 am","73.1","72.2","74.1","63.6","point"
"2024-02-10 01:00:00 pm","80.6","57.0","81.7","63.9","point"
"2024-02-10 03:00:00 pm","95.8","33.1","99.3","62.1","point"
"2024-02-10 05:00:00 pm","81.8","58.7","83.8","66.0","point"
"2024-02-10 07:00:00 pm","73.7","84.2","75.7","68.6","point"
"2024-02-10 09:00:00 pm","70.5","90.0","72.0","67.4","point"
"2024-02-10 11:00:00 pm","67.4","93.7","68.5","65.6","point"
"2024-02-11 01:00:00 am","65.6","93.7","66.4","63.7","point"
"2024-02-11 03:00:00 am","64.1","94.7","64.9","62.6","point"
"2024-02-11 05:00:00 am","62.6","94.7","63.5","61.1","point"
"2024-02-11 07:00:00 am","63.2","94.4","64.0","61.6","point"
"2024-02-11 09:00:00 am","66.7","90.3","67.5","63.8","point"
"2024-02-11 11:00:00 am","71.1","82.7","72.5","65.5","point"
"2024-02-11 01:00:00 pm","78.5","50.9","77.9","58.8","point"
"2024-02-11 03:00:00 pm","85.4","31.7","83.1","52.0","point"
"2024-02-11 05:00:00 pm","82.9","32.8","80.1","50.7","point"
"2024-02-11 07:00:00 pm","69.9","59.7","69.3","55.2","point"
"2024-02-11 09:00:00 pm","66.2","80.7","66.0","60.1","point"
"2024-02-11 11:00:00 pm","64.2","87.7","64.2","60.5","point"
"2024-02-12 01:00:00 am","63.0","85.4","63.0","58.6","point"
"2024-02-12 03:00:00 am","63.6","84.6","63.5","58.8","point"
"2024-02-12 05:00:00 am","64.7","80.6","64.2","58.6","point"
"2024-02-12 07:00:00 am","63.8","85.2","63.7","59.3","point"
"2024-02-12 09:00:00 am","66.4","76.9","66.0","58.9","point"
"2024-02-12 11:00:00 am","71.2","51.0","70.3","52.2","point"
"2024-02-12 01:00:00 pm","78.6","41.0","76.8","53.0","point"
"2024-02-12 03:00:00 pm","86.3","26.3","83.1","47.7","point"
"2024-02-12 05:00:00 pm","85.3","28.2","82.4","48.7","point"
"2024-02-12 07:00:00 pm","70.2","54.5","69.4","53.1","point"
"2024-02-12 09:00:00 pm","68.8","82.2","69.4","63.2","point"
"2024-02-12 11:00:00 pm","65.3","87.8","65.7","61.6","point"
"2024-02-13 01:00:00 am","62.1","88.4","62.4","58.6","point"
"2024-02-13 03:00:00 am","64.1","83.3","64.0","58.9","point"
"2024-02-13 05:00:00 am","62.4","76.5","61.5","54.9","point"
"2024-02-13 07:00:00 am","61.7","84.8","61.7","57.1","point"
"2024-02-13 09:00:00 am","67.8","77.3","68.0","60.5","point"
"2024-02-13 11:00:00 am","72.1","63.8","72.3","59.1","point"
"2024-02-13 01:00:00 pm","78.9","36.4","76.3","50.0","point"
"2024-02-13 03:00:00 pm","85.6","30.0","82.9","50.7","point"
"2024-02-13 05:00:00 pm","82.9","46.2","82.8","60.1","point"
"2024-02-13 07:00:00 pm","70.8","64.9","71.1","58.4","point"
"2024-02-13 09:00:00 pm","68.3","84.1","68.9","63.3","point"
"2024-02-13 11:00:00 pm","64.2","87.1","64.2","60.3","point"
"2024-02-14 01:00:00 am","63.9","91.7","64.4","61.4","point"
"2024-02-14 03:00:00 am","64.5","87.2","64.6","60.6","point"
"2024-02-14 05:00:00 am","64.2","87.4","64.4","60.4","point"
"2024-02-14 07:00:00 am","65.4","83.6","65.3","60.3","point"
"2024-02-14 09:00:00 am","68.5","84.2","69.1","63.5","point"
"2024-02-14 11:00:00 am","72.8","78.2","74.1","65.6","point"
"2024-02-14 01:00:00 pm","79.5","51.5","79.2","60.0","point"
"2024-02-14 03:00:00 pm","83.5","41.6","82.9","57.7","point"
"2024-02-14 05:00:00 pm","84.7","33.1","82.6","52.4","point"
"2024-02-14 07:00:00 pm","73.4","72.7","74.5","64.1","point"
"2024-02-14 09:00:00 pm","70.6","87.2","72.0","66.6","point"
"2024-02-14 11:00:00 pm","68.4","89.6","69.4","65.2","point"
"2024-02-15 01:00:00 am","65.7","92.2","66.6","63.4","point"
"2024-02-15 03:00:00 am","64.7","94.0","65.5","62.9","point"
"2024-02-15 05:00:00 am","66.8","86.7","67.5","62.7","point"
"2024-02-15 07:00:00 am","65.6","88.0","65.8","61.9","point"
"2024-02-15 09:00:00 am","68.9","80.3","69.6","62.6","point"
"2024-02-15 11:00:00 am","74.0","71.0","74.8","64.0","point"
"2024-02-15 01:00:00 pm","79.3","50.0","78.6","59.0","point"
"2024-02-15 03:00:00 pm","82.9","41.3","81.9","57.0","point"
"2024-02-15 05:00:00 pm","80.4","37.1","78.1","51.8","point"
"2024-02-15 07:00:00 pm","70.9","72.2","71.8","61.5","point"
"2024-02-15 09:00:00 pm","67.1","83.5","67.6","62.0","point"
"2024-02-15 11:00:00 pm","65.0","89.3","65.5","61.7","point"
"2024-02-16 01:00:00 am","66.7","75.7","66.2","58.7","point"
"2024-02-16 03:00:00 am","64.5","79.8","64.0","58.1","point"
"2024-02-16 05:00:00 am","64.9","81.5","64.6","59.1","point"
"2024-02-16 07:00:00 am","64.7","80.6","64.2","58.6","point"
"2024-02-16 09:00:00 am","66.8","75.9","66.6","59.0","point"
"2024-02-16 11:00:00 am","72.0","60.6","72.0","57.6","point"
"2024-02-16 01:00:00 pm","78.0","48.8","77.0","57.2","point"
"2024-02-16 03:00:00 pm","85.8","29.5","83.1","50.3","point"
"2024-02-16 05:00:00 pm","86.0","30.7","83.8","51.6","point"
"2024-02-16 07:00:00 pm","72.5","62.2","72.7","58.8","point"
"2024-02-16 09:00:00 pm","69.5","79.8","70.3","63.0","point"
"2024-02-16 11:00:00 pm","67.2","90.2","68.2","64.2","point"
"2024-02-17 01:00:00 am","65.1","91.2","65.7","62.5","point"
"2024-02-17 03:00:00 am","64.5","88.0","64.6","60.8","point"
"2024-02-17 05:00:00 am","65.3","85.1","65.5","60.7","point"
"2024-02-17 07:00:00 am","65.8","87.2","66.0","61.9","point"
"2024-02-17 09:00:00 am","67.8","82.5","68.2","62.3","point"
"2024-02-17 11:00:00 am","72.8","71.9","73.6","63.2","point"
"2024-02-17 01:00:00 pm","79.0","56.0","79.5","62.0","point"
"2024-02-17 03:00:00 pm","86.4","39.3","86.5","58.7","point"
"2024-02-17 05:00:00 pm","84.0","53.0","86.7","65.1","point"
"2024-02-17 07:00:00 pm","74.0","72.9","75.0","64.8","point"
"2024-02-17 09:00:00 pm","70.7","87.6","72.3","66.8","point"
"2024-02-17 11:00:00 pm","67.9","92.3","69.1","65.6","point"
"2024-02-18 01:00:00 am","67.2","93.7","68.2","65.3","point"
"2024-02-18 03:00:00 am","64.5","94.1","65.3","62.8","point"
"2024-02-18 05:00:00 am","63.8","95.1","64.6","62.4","point"
"2024-02-18 07:00:00 am","64.0","94.7","64.8","62.5","point"
"2024-02-18 09:00:00 am","69.5","86.5","70.7","65.3","point"
"2024-02-18 11:00:00 am","75.2","72.8","76.5","65.9","point"
"2024-02-18 01:00:00 pm","75.7","69.9","76.5","65.2","point"
"2024-02-18 03:00:00 pm","82.4","60.9","85.6","67.6","point"
"2024-02-18 05:00:00 pm","81.9","59.9","84.4","66.6","point"
"2024-02-18 07:00:00 pm","73.2","78.1","74.5","65.9","point"
"2024-02-18 09:00:00 pm","69.9","89.1","71.2","66.5","point"
"2024-02-18 11:00:00 pm","68.5","93.5","69.6","66.6","point"
"2024-02-19 01:00:00 am","68.5","96.5","70.0","67.5","point"
"2024-02-19 03:00:00 am","67.4","98.0","68.9","66.8","point"
"2024-02-19 05:00:00 am","66.5","89.0","67.1","63.2","point"
"2024-02-19 07:00:00 am","66.7","93.9","67.8","64.9","point"
"2024-02-19 09:00:00 am","68.5","85.9","69.3","64.1","point"
"2024-02-19 11:00:00 am","74.8","73.6","75.9","65.8","point"
"2024-02-19 01:00:00 pm","79.2","64.0","81.0","66.0","point"
"2024-02-19 03:00:00 pm","78.7","60.5","79.7","63.8","point"
"2024-02-19 05:00:00 pm","82.0","56.0","83.7","64.7","point"
"2024-02-19 07:00:00 pm","73.6","73.5","74.7","64.6","point"
"2024-02-19 09:00:00 pm","70.7","89.3","72.3","67.4","point"
"2024-02-19 11:00:00 pm","68.4","91.4","69.6","65.8","point"
"2024-02-20 01:00:00 am","66.9","92.9","68.0","64.8","point"
"2024-02-20 03:00:00 am","66.1","94.2","67.1","64.4","point"
"2024-02-20 05:00:00 am","64.2","95.0","64.9","62.7","point"
"2024-02-20 07:00:00 am","63.1","95.9","64.0","61.8","point"
"2024-02-20 09:00:00 am","70.8","88.7","72.3","67.3","point"
"2024-02-20 11:00:00 am","74.9","77.9","76.6","67.6","point"
"2024-02-20 01:00:00 pm","79.2","61.3","80.4","64.7","point"
"2024-02-20 03:00:00 pm","81.2","68.2","85.3","69.8","point"
"2024-02-20 05:00:00 pm","79.8","66.6","82.4","67.6","point"
"2024-02-20 07:00:00 pm","74.0","84.5","76.1","69.0","point"
"2024-02-20 09:00:00 pm","71.4","91.8","73.2","68.9","point"
"2024-02-20 11:00:00 pm","69.4","93.0","70.7","67.3","point"
"2024-02-21 01:00:00 am","68.3","95.6","69.6","66.9","point"
"2024-02-21 03:00:00 am","68.3","96.5","69.8","67.3","point"
"2024-02-21 05:00:00 am","68.0","96.6","69.6","67.0","point"
"2024-02-21 07:00:00 am","66.7","96.3","68.0","65.6","point"
"2024-02-21 09:00:00 am","69.4","95.0","70.9","67.9","point"
"2024-02-21 11:00:00 am","75.4","68.0","76.1","64.1","point"
"2024-02-21 01:00:00 pm","79.4","69.0","82.4","68.4","point"
"2024-02-21 03:00:00 pm","80.8","68.9","84.9","69.7","point"
"2024-02-21 05:00:00 pm","80.2","66.0","82.9","67.7","point"
"2024-02-21 07:00:00 pm","73.4","81.6","75.0","67.4","point"
"2024-02-21 09:00:00 pm","69.1","88.8","70.3","65.7","point"
"2024-02-21 11:00:00 pm","67.0","91.4","68.0","64.4","point"
"2024-02-22 01:00:00 am","64.5","93.5","65.1","62.6","point"
"2024-02-22 03:00:00 am","63.2","94.9","64.0","61.8","point"
"2024-02-22 05:00:00 am","62.9","96.0","63.9","61.8","point"
"2024-02-22 07:00:00 am","65.1","97.2","66.2","64.3","point"
"2024-02-22 09:00:00 am","67.4","93.4","68.5","65.5","point"
"2024-02-22 11:00:00 am","73.9","53.4","73.0","55.9","point"
"2024-02-22 01:00:00 pm","79.0","55.4","79.3","61.6","point"
"2024-02-22 03:00:00 pm","82.2","54.0","83.7","63.9","point"
"2024-02-22 05:00:00 pm","79.7","54.0","79.9","61.6","point"
"2024-02-22 07:00:00 pm","72.4","72.0","73.0","62.9","point"
"2024-02-22 09:00:00 pm","69.1","88.4","70.3","65.5","point"
"2024-02-22 11:00:00 pm","65.6","91.4","66.2","63.0","point"
"2024-02-23 01:00:00 am","61.5","88.9","61.9","58.2","point"
"2024-02-23 03:00:00 am","61.2","89.4","61.5","58.1","point"
"2024-02-23 05:00:00 am","58.4","84.5","58.3","53.7","point"
"2024-02-23 07:00:00 am","58.2","77.9","57.6","51.4","point"
"2024-02-23 09:00:00 am","67.9","72.2","67.6","58.6","point"
"2024-02-23 11:00:00 am","74.7","46.1","73.2","52.6","point"
"2024-02-23 01:00:00 pm","78.1","56.0","78.1","61.1","point"
"2024-02-23 03:00:00 pm","81.2","40.5","79.7","55.0","point"
"2024-02-23 05:00:00 pm","80.3","51.7","80.6","60.9","point"
"2024-02-23 07:00:00 pm","71.4","65.1","71.6","59.1","point"
"2024-02-23 09:00:00 pm","68.9","85.7","69.8","64.5","point"
"2024-02-23 11:00:00 pm","66.0","89.5","66.4","62.8","point"
"2024-02-24 01:00:00 am","63.7","92.0","64.4","61.4","point"
"2024-02-24 03:00:00 am","62.3","90.0","62.6","59.4","point"
"2024-02-24 05:00:00 am","60.9","86.8","61.0","56.9","point"
"2024-02-24 07:00:00 am","58.4","82.9","58.3","53.2","point"
"2024-02-24 09:00:00 am","67.9","79.1","68.2","61.3","point"
"2024-02-24 11:00:00 am","74.2","60.4","74.1","59.5","point"
"2024-02-24 01:00:00 pm","77.7","45.8","76.1","55.2","point"
"2024-02-24 03:00:00 pm","79.8","48.7","79.3","58.8","point"
"2024-02-24 05:00:00 pm","78.2","50.7","77.4","58.4","point"
"2024-02-24 07:00:00 pm","71.4","80.7","72.5","65.2","point"
"2024-02-24 09:00:00 pm","68.1","89.4","69.1","64.9","point"
"2024-02-24 11:00:00 pm","66.1","92.6","66.9","63.9","point"
"2024-02-25 01:00:00 am","64.2","93.5","64.8","62.3","point"
"2024-02-25 03:00:00 am","62.0","85.0","61.9","57.4","point"
"2024-02-25 05:00:00 am","60.9","87.6","61.0","57.2","point"
"2024-02-25 07:00:00 am","63.4","91.4","63.9","60.9","point"
"2024-02-25 09:00:00 am","68.8","86.0","69.6","64.4","point"
"2024-02-25 11:00:00 am","74.1","79.7","75.7","67.4","point"
"2024-02-25 01:00:00 pm","76.2","77.0","77.9","68.5","point"
"2024-02-25 03:00:00 pm","78.5","73.5","81.5","69.4","point"
"2024-02-25 05:00:00 pm","79.7","70.3","83.3","69.2","point"
"2024-02-25 07:00:00 pm","72.7","84.1","74.5","67.6","point"
"2024-02-25 09:00:00 pm","68.6","88.7","69.6","65.1","point"
"2024-02-25 11:00:00 pm","66.2","92.9","67.3","64.1","point"
"2024-02-26 01:00:00 am","65.9","94.6","66.9","64.3","point"
"2024-02-26 03:00:00 am","66.5","94.5","67.6","64.9","point"
"2024-02-26 05:00:00 am","65.9","92.6","66.7","63.6","point"
"2024-02-26 07:00:00 am","66.0","91.4","66.6","63.4","point"
"2024-02-26 09:00:00 am","68.8","84.5","69.6","63.9","point"
"2024-02-26 11:00:00 am","73.1","66.8","73.6","61.4","point"
"2024-02-26 01:00:00 pm","79.0","58.9","79.9","63.4","point"
"2024-02-26 03:00:00 pm","82.1","47.7","82.0","60.3","point"
"2024-02-26 05:00:00 pm","84.7","37.6","83.7","56.0","point"
"2024-02-26 07:00:00 pm","72.9","67.0","73.4","61.3","point"
"2024-02-26 09:00:00 pm","71.2","88.9","72.7","67.7","point"
"2024-02-26 11:00:00 pm","67.3","91.2","68.4","64.7","point"
"2024-02-27 01:00:00 am","65.3","90.5","65.8","62.4","point"
"2024-02-27 03:00:00 am","66.1","88.2","66.7","62.5","point"
"2024-02-27 05:00:00 am","66.9","84.8","67.3","62.2","point"
"2024-02-27 07:00:00 am","66.3","88.7","66.9","62.8","point"
"2024-02-27 09:00:00 am","68.8","87.0","69.8","64.8","point"
"2024-02-27 11:00:00 am","74.4","73.3","75.4","65.3","point"
"2024-02-27 01:00:00 pm","80.4","48.5","79.9","59.2","point"
"2024-02-27 03:00:00 pm","84.4","40.8","84.0","58.0","point"
"2024-02-27 05:00:00 pm","84.8","54.0","88.2","66.3","point"
"2024-02-27 07:00:00 pm","75.9","75.2","77.5","67.5","point"
"2024-02-27 09:00:00 pm","71.2","86.9","72.7","67.0","point"
"2024-02-27 11:00:00 pm","69.4","90.9","70.7","66.7","point"
"2024-02-28 01:00:00 am","67.0","93.5","68.0","65.1","point"
"2024-02-28 03:00:00 am","68.1","87.6","68.9","64.3","point"
"2024-02-28 05:00:00 am","68.9","79.5","69.6","62.3","point"
"2024-02-28 07:00:00 am","66.6","84.7","66.9","61.9","point"
"2024-02-28 09:00:00 am","72.7","76.3","73.9","64.8","point"
"2024-02-28 11:00:00 am","77.0","64.5","77.7","64.1","point"
"2024-02-28 01:00:00 pm","81.6","55.2","82.9","64.0","point"
"2024-02-28 03:00:00 pm","84.7","53.9","87.8","66.1","point"
"2024-02-28 05:00:00 pm","83.6","55.3","86.4","65.9","point"
"2024-02-28 07:00:00 pm","75.2","80.5","77.2","68.8","point"
"2024-02-28 09:00:00 pm","71.7","91.3","73.6","69.0","point"
"2024-02-28 11:00:00 pm","69.9","95.0","71.6","68.4","point"
"2024-02-29 01:00:00 am","66.0","92.0","66.7","63.6","point"
"2024-02-29 03:00:00 am","65.5","83.5","65.5","60.4","point"
"2024-02-29 05:00:00 am","67.5","77.3","67.5","60.1","point"
"2024-02-29 07:00:00 am","67.2","75.3","66.9","59.1","point"
"2024-02-29 09:00:00 am","72.0","70.7","72.7","62.0","point"
"2024-02-29 11:00:00 am","77.1","55.5","76.6","60.0","point"
"2024-02-29 01:00:00 pm","81.2","36.9","79.0","52.4","point"
"2024-02-29 03:00:00 pm","84.1","30.3","81.3","49.6","point"
"2024-02-29 05:00:00 pm","84.4","46.6","85.1","61.7","point"
"2024-02-29 07:00:00 pm","74.9","85.4","77.4","70.2","point"
"2024-02-29 09:00:00 pm","71.4","90.9","73.2","68.6","point"
"2024-02-29 11:00:00 pm","69.5","91.6","70.9","66.9","point"
"2024-03-01 01:00:00 am","67.3","94.3","68.7","65.6","point"
"2024-03-01 03:00:00 am","66.2","88.8","66.9","62.8","point"
"2024-03-01 05:00:00 am","64.6","88.4","64.9","61.1","point"
"2024-03-01 07:00:00 am","67.2","77.0","67.1","59.7","point"
"2024-03-01 09:00:00 am","70.5","72.7","71.1","61.3","point"
"2024-03-01 11:00:00 am","75.3","66.8","75.7","63.5","point"
"2024-03-01 01:00:00 pm","78.0","48.0","76.8","56.8","point"
"2024-03-01 03:00:00 pm","83.4","39.4","82.2","56.2","point"
"2024-03-01 05:00:00 pm","82.5","43.6","81.7","58.2","point"
"2024-03-01 07:00:00 pm","74.5","78.9","76.3","67.6","point"
"2024-03-01 09:00:00 pm","72.7","89.6","74.8","69.4","point"
"2024-03-01 11:00:00 pm","71.0","91.5","72.7","68.3","point"
"2024-03-02 01:00:00 am","67.3","93.1","68.5","65.2","point"
"2024-03-02 03:00:00 am","67.2","90.6","68.2","64.3","point"
"2024-03-02 05:00:00 am","65.6","88.3","66.0","62.0","point"
"2024-03-02 07:00:00 am","63.6","87.6","63.7","59.8","point"
"2024-03-02 09:00:00 am","72.2","68.4","72.7","61.3","point"
"2024-03-02 11:00:00 am","76.0","56.3","75.4","59.3","point"
"2024-03-02 01:00:00 pm","81.1","37.4","79.0","52.7","point"
"2024-03-02 03:00:00 pm","81.6","48.9","81.5","60.5","point"
"2024-03-02 05:00:00 pm","78.9","56.7","79.2","62.3","point"
"2024-03-02 07:00:00 pm","74.0","82.9","75.9","68.5","point"
"2024-03-02 09:00:00 pm","72.2","90.4","74.3","69.2","point"
"2024-03-02 11:00:00 pm","70.3","91.0","71.8","67.5","point"
"2024-03-03 01:00:00 am","69.9","94.0","71.6","68.1","point"
"2024-03-03 03:00:00 am","66.7","93.6","67.6","64.8","point"
"2024-03-03 05:00:00 am","65.6","94.3","66.6","63.9","point"
"2024-03-03 07:00:00 am","65.0","95.3","66.0","63.7","point"
"2024-03-03 09:00:00 am","71.7","85.9","73.2","67.2","point"
"2024-03-03 11:00:00 am","76.1","70.2","76.8","65.7","point"
"2024-03-03 01:00:00 pm","79.2","70.9","82.4","69.0","point"
"2024-03-03 03:00:00 pm","79.0","70.6","82.0","68.6","point"
"2024-03-03 05:00:00 pm","80.1","67.9","83.3","68.5","point"
"2024-03-03 07:00:00 pm","73.9","81.1","75.6","67.7","point"
"2024-03-03 09:00:00 pm","70.2","88.7","71.6","66.7","point"
"2024-03-03 11:00:00 pm","67.9","92.5","69.1","65.6","point"
"2024-03-04 01:00:00 am","67.0","94.2","68.2","65.3","point"
"2024-03-04 03:00:00 am","65.4","95.1","66.4","64.0","point"
"2024-03-04 05:00:00 am","64.8","95.8","65.8","63.6","point"
"2024-03-04 07:00:00 am","64.5","95.4","65.3","63.1","point"
"2024-03-04 09:00:00 am","70.4","85.0","71.6","65.7","point"
"2024-03-04 11:00:00 am","75.9","70.5","76.8","65.7","point"
"2024-03-04 01:00:00 pm","78.8","69.0","81.1","67.7","point"
"2024-03-04 03:00:00 pm","80.0","69.5","83.3","69.1","point"
"2024-03-04 05:00:00 pm","79.4","70.2","82.6","68.9","point"
"2024-03-04 07:00:00 pm","73.6","84.5","75.7","68.6","point"
"2024-03-04 09:00:00 pm","70.4","89.9","71.8","67.3","point"
"2024-03-04 11:00:00 pm","67.8","93.4","68.9","65.8","point"
"2024-03-05 01:00:00 am","65.9","94.1","66.9","64.2","point"
"2024-03-05 03:00:00 am","66.7","96.4","68.0","65.6","point"
"2024-03-05 05:00:00 am","64.0","95.8","64.9","62.8","point"
"2024-03-05 07:00:00 am","63.7","96.3","64.6","62.6","point"
"2024-03-05 09:00:00 am","71.1","92.8","72.9","68.9","point"
"2024-03-05 11:00:00 am","77.0","74.5","79.0","68.3","point"
"2024-03-05 01:00:00 pm","78.8","74.6","82.4","70.0","point"
"2024-03-05 03:00:00 pm","81.0","71.8","85.8","71.0","point"
"2024-03-05 05:00:00 pm","80.0","67.9","83.1","68.5","point"
"2024-03-05 07:00:00 pm","73.8","83.9","75.9","68.6","point"
"2024-03-05 09:00:00 pm","71.2","90.3","72.9","68.2","point"
"2024-03-05 11:00:00 pm","68.6","93.4","70.0","66.6","point"
"2024-03-06 01:00:00 am","68.1","95.9","69.6","66.9","point"
"2024-03-06 03:00:00 am","67.5","96.1","68.9","66.3","point"
"2024-03-06 05:00:00 am","63.5","92.1","64.2","61.2","point"
"2024-03-06 07:00:00 am","62.3","92.5","63.0","60.2","point"
"2024-03-06 09:00:00 am","70.5","80.0","71.6","64.1","point"
"2024-03-06 11:00:00 am","77.2","66.1","77.9","65.0","point"
"2024-03-06 01:00:00 pm","79.0","64.2","80.8","65.9","point"
"2024-03-06 03:00:00 pm","80.6","63.5","82.9","67.0","point"
"2024-03-06 05:00:00 pm","79.7","62.3","81.3","65.7","point"
"2024-03-06 07:00:00 pm","74.7","79.4","76.6","67.8","point"
"2024-03-06 09:00:00 pm","70.4","86.7","71.8","66.2","point"
"2024-03-06 11:00:00 pm","66.8","86.4","67.5","62.6","point"
"2024-03-07 01:00:00 am","65.1","90.3","65.7","62.2","point"
"2024-03-07 03:00:00 am","64.5","93.4","65.1","62.5","point"
"2024-03-07 05:00:00 am","63.2","92.7","63.9","61.0","point"
"2024-03-07 07:00:00 am","66.1","88.3","66.7","62.5","point"
"2024-03-07 09:00:00 am","72.4","73.9","73.4","63.6","point"
"2024-03-07 11:00:00 am","78.8","58.4","79.5","63.0","point"
"2024-03-07 01:00:00 pm","81.6","56.6","83.1","64.7","point"
"2024-03-07 03:00:00 pm","81.9","56.4","83.7","64.9","point"
"2024-03-07 05:00:00 pm","81.2","57.5","82.8","64.8","point"
"2024-03-07 07:00:00 pm","75.4","71.1","76.5","65.4","point"
"2024-03-07 09:00:00 pm","71.4","82.2","72.5","65.7","point"
"2024-03-07 11:00:00 pm","68.5","87.1","69.4","64.5","point"
"2024-03-08 01:00:00 am","67.6","80.6","67.6","61.4","point"
"2024-03-08 03:00:00 am","68.3","62.3","67.3","54.9","point"
"2024-03-08 05:00:00 am","66.1","61.9","64.2","52.6","point"
"2024-03-08 07:00:00 am","63.3","66.1","61.7","51.8","point"
"2024-03-08 09:00:00 am","71.9","61.9","72.0","58.1","point"
"2024-03-08 11:00:00 am","79.8","40.0","77.9","53.4","point"
"2024-03-08 01:00:00 pm","80.0","46.2","79.0","57.5","point"
"2024-03-08 03:00:00 pm","81.3","60.0","83.5","66.1","point"
"2024-03-08 05:00:00 pm","80.7","56.9","82.0","64.0","point"
"2024-03-08 07:00:00 pm","74.8","78.3","76.5","67.6","point"
"2024-03-08 09:00:00 pm","70.2","86.2","71.4","65.9","point"
"2024-03-08 11:00:00 pm","67.5","89.6","68.4","64.3","point"
"2024-03-09 01:00:00 am","66.9","91.9","68.0","64.5","point"
"2024-03-09 03:00:00 am","65.8","93.3","66.6","63.8","point"
"2024-03-09 05:00:00 am","64.2","94.1","64.9","62.5","point"
"2024-03-09 07:00:00 am","63.7","94.2","64.4","62.0","point"
"2024-03-09 09:00:00 am","72.3","80.8","73.8","66.1","point"
"2024-03-09 11:00:00 am","78.6","50.9","78.1","58.9","point"
"2024-03-09 01:00:00 pm","81.2","56.1","82.6","64.0","point"
"2024-03-09 03:00:00 pm","81.8","57.8","83.7","65.5","point"
"2024-03-09 05:00:00 pm","81.0","52.4","81.5","62.0","point"
"2024-03-09 07:00:00 pm","75.3","80.9","77.4","69.1","point"
"2024-03-09 09:00:00 pm","72.8","90.9","75.0","69.9","point"
"2024-03-09 11:00:00 pm","71.4","91.6","73.2","68.8","point"
"2024-03-10 01:00:00 am","70.7","93.3","72.1","68.6","point"
"2024-03-10 03:00:00 am","69.3","93.9","70.9","67.4","point"
"2024-03-10 05:00:00 am","69.2","95.6","70.7","67.9","point"
"2024-03-10 07:00:00 am","66.7","91.6","67.5","64.2","point"
"2024-03-10 09:00:00 am","71.7","76.0","72.7","63.8","point"
"2024-03-10 11:00:00 am","78.1","55.4","78.1","60.8","point"
"2024-03-10 01:00:00 pm","79.6","65.3","81.9","67.0","point"
"2024-03-10 03:00:00 pm","81.0","61.9","83.5","66.7","point"
"2024-03-10 05:00:00 pm","79.8","65.8","82.2","67.4","point"
"2024-03-10 07:00:00 pm","75.0","88.0","77.7","71.2","point"
"2024-03-10 09:00:00 pm","73.3","90.9","75.7","70.4","point"
"2024-03-10 11:00:00 pm","72.3","93.9","74.7","70.4","point"
"2024-03-11 01:00:00 am","71.8","95.2","74.1","70.3","point"
"2024-03-11 03:00:00 am","70.8","95.8","72.7","69.6","point"
"2024-03-11 05:00:00 am","69.1","92.6","70.3","66.8","point"
"2024-03-11 07:00:00 am","70.3","90.3","71.8","67.3","point"
"2024-03-11 09:00:00 am","74.8","81.4","76.6","68.7","point"
"2024-03-11 11:00:00 am","77.2","66.9","78.3","65.4","point"
"2024-03-11 01:00:00 pm","79.9","73.2","84.2","70.5","point"
"2024-03-11 03:00:00 pm","81.0","66.9","84.7","69.0","point"
"2024-03-11 05:00:00 pm","80.3","65.4","83.1","67.6","point"
"2024-03-11 07:00:00 pm","76.0","86.3","79.0","71.6","point"
"2024-03-11 09:00:00 pm","72.8","90.3","75.0","69.8","point"
"2024-03-11 11:00:00 pm","71.8","93.3","73.9","69.8","point"
"2024-03-12 01:00:00 am","71.6","94.5","73.9","69.9","point"
"2024-03-12 03:00:00 am","71.1","94.7","73.0","69.5","point"
"2024-03-12 05:00:00 am","69.0","94.8","70.5","67.4","point"
"2024-03-12 07:00:00 am","67.6","96.3","68.9","66.5","point"
"2024-03-12 09:00:00 am","74.7","88.1","77.4","70.9","point"
"2024-03-12 11:00:00 am","78.8","70.8","81.7","68.5","point"
"2024-03-12 01:00:00 pm","80.5","71.9","84.7","70.6","point"
"2024-03-12 03:00:00 pm","80.8","69.0","84.9","69.6","point"
"2024-03-12 05:00:00 pm","80.0","72.5","84.0","70.3","point"
"2024-03-12 07:00:00 pm","74.9","85.3","77.4","70.2","point"
"2024-03-12 09:00:00 pm","72.7","89.7","74.8","69.5","point"
"2024-03-12 11:00:00 pm","71.6","94.5","73.9","69.9","point"
"2024-03-13 01:00:00 am","68.8","92.1","70.2","66.4","point"
"2024-03-13 03:00:00 am","66.8","92.5","67.8","64.6","point"
"2024-03-13 05:00:00 am","66.6","93.0","67.6","64.5","point"
"2024-03-13 07:00:00 am","66.3","93.2","67.3","64.2","point"
"2024-03-13 09:00:00 am","73.5","78.5","74.8","66.3","point"
"2024-03-13 11:00:00 am","75.5","75.8","77.0","67.3","point"
"2024-03-13 01:00:00 pm","76.8","78.4","78.8","69.5","point"
"2024-03-13 03:00:00 pm","78.9","72.8","82.0","69.5","point"
"2024-03-13 05:00:00 pm","78.4","77.1","81.9","70.6","point"
"2024-03-13 07:00:00 pm","74.5","88.9","77.4","71.1","point"
"2024-03-13 09:00:00 pm","72.1","91.6","74.5","69.5","point"
"2024-03-13 11:00:00 pm","70.4","93.1","72.0","68.3","point"
"2024-03-14 01:00:00 am","69.4","95.6","70.9","68.1","point"
"2024-03-14 03:00:00 am","68.1","95.8","69.6","66.8","point"
"2024-03-14 05:00:00 am","67.2","97.3","68.5","66.4","point"
"2024-03-14 07:00:00 am","67.1","96.3","68.5","66.0","point"
"2024-03-14 09:00:00 am","71.5","87.4","73.2","67.5","point"
"2024-03-14 11:00:00 am","76.6","78.1","78.6","69.2","point"
"2024-03-14 01:00:00 pm","77.8","75.8","80.6","69.5","point"
"2024-03-14 03:00:00 pm","79.1","72.6","82.4","69.5","point"
"2024-03-14 05:00:00 pm","78.3","72.0","81.0","68.6","point"
"2024-03-14 07:00:00 pm","74.1","86.5","76.5","69.8","point"
"2024-03-14 09:00:00 pm","71.0","90.9","72.7","68.2","point"
"2024-03-14 11:00:00 pm","68.3","93.6","69.4","66.3","point"
"2024-03-15 01:00:00 am","67.3","94.9","68.7","65.8","point"
"2024-03-15 03:00:00 am","66.2","94.9","67.5","64.7","point"
"2024-03-15 05:00:00 am","64.8","94.9","65.7","63.2","point"
"2024-03-15 07:00:00 am","64.0","95.6","64.8","62.7","point"
"2024-03-15 09:00:00 am","71.9","81.5","73.2","65.9","point"
"2024-03-15 11:00:00 am","78.9","65.7","80.8","66.5","point"
"2024-03-15 01:00:00 pm","80.0","67.8","83.1","68.3","point"
"2024-03-15 03:00:00 pm","80.9","69.3","84.9","69.9","point"
"2024-03-15 05:00:00 pm","80.6","69.6","84.4","69.7","point"
"2024-03-15 07:00:00 pm","74.9","83.3","77.2","69.5","point"
"2024-03-15 09:00:00 pm","71.6","91.0","73.4","68.8","point"
"2024-03-15 11:00:00 pm","70.2","95.0","72.0","68.7","point"
"2024-03-16 01:00:00 am","69.6","96.1","71.2","68.4","point"
"2024-03-16 03:00:00 am","68.3","96.4","69.8","67.2","point"
"2024-03-16 05:00:00 am","64.8","92.1","65.5","62.5","point"
"2024-03-16 07:00:00 am","65.7","89.4","66.2","62.5","point"
"2024-03-16 09:00:00 am","73.9","77.0","75.2","66.3","point"
"2024-03-16 11:00:00 am","79.1","59.7","80.1","63.9","point"
"2024-03-16 01:00:00 pm","81.8","66.4","85.8","69.5","point"
"2024-03-16 03:00:00 pm","80.9","69.3","84.9","69.9","point"
"2024-03-16 05:00:00 pm","80.4","70.3","84.2","69.8","point"
"2024-03-16 07:00:00 pm","74.7","85.6","77.2","70.1","point"
"2024-03-16 09:00:00 pm","71.8","92.5","73.9","69.5","point"
"2024-03-16 11:00:00 pm","69.7","94.9","71.4","68.1","point"
"2024-03-17 01:00:00 am","68.3","94.3","69.6","66.6","point"
"2024-03-17 03:00:00 am","66.2","94.7","67.1","64.6","point"
"2024-03-17 05:00:00 am","65.0","93.3","65.8","63.1","point"
"2024-03-17 07:00:00 am","69.7","77.1","70.3","62.2","point"
"2024-03-17 09:00:00 am","75.6","67.7","76.3","64.2","point"
"2024-03-17 11:00:00 am","79.6","66.3","82.2","67.4","point"
"2024-03-17 01:00:00 pm","81.8","65.7","85.6","69.1","point"
"2024-03-17 03:00:00 pm","82.0","69.3","86.7","70.9","point"
"2024-03-17 05:00:00 pm","81.5","69.9","86.4","70.7","point"
"2024-03-17 07:00:00 pm","74.2","85.3","76.5","69.5","point"
"2024-03-17 09:00:00 pm","72.2","90.5","74.3","69.3","point"
"2024-03-17 11:00:00 pm","71.2","91.1","72.9","68.4","point"
"2024-03-18 01:00:00 am","70.1","94.5","71.8","68.4","point"
"2024-03-18 03:00:00 am","67.9","94.3","69.3","66.2","point"
"2024-03-18 05:00:00 am","65.3","93.9","66.4","63.5","point"
"2024-03-18 07:00:00 am","63.8","94.1","64.6","62.0","point"
"2024-03-18 09:00:00 am","73.6","74.9","74.8","65.1","point"
"2024-03-18 11:00:00 am","78.8","58.6","79.7","63.1","point"
"2024-03-18 12:00:00 pm","79.9","54.5","80.4","62.0","point"
"2024-03-18 02:00:00 pm","81.1","69.9","85.3","70.3","point"
"2024-03-18 04:00:00 pm","80.4","71.5","84.7","70.4","point"
"2024-03-18 06:00:00 pm","76.9","81.8","79.7","70.9","point"
"2024-03-18 08:00:00 pm","72.8","88.1","74.8","69.0","point"
"2024-03-18 10:00:00 pm","69.0","89.7","70.2","65.9","point"
"2024-03-19 12:00:00 am","66.8","91.8","67.6","64.3","point"
"2024-03-19 02:00:00 am","67.2","94.2","68.4","65.5","point"
"2024-03-19 04:00:00 am","65.0","90.9","65.7","62.3","point"
"2024-03-19 06:00:00 am","66.8","89.7","67.5","63.6","point"
"2024-03-19 08:00:00 am","69.4","75.2","69.8","61.1","point"
"2024-03-19 10:00:00 am","76.5","55.5","75.9","59.4","point"
"2024-03-19 12:00:00 pm","81.6","43.3","80.6","57.1","point"
"2024-03-19 02:00:00 pm","81.3","64.2","84.4","68.0","point"
"2024-03-19 04:00:00 pm","81.7","66.5","85.8","69.4","point"
"2024-03-19 06:00:00 pm","78.4","75.8","81.7","70.1","point"
"2024-03-19 08:00:00 pm","73.0","87.3","75.0","69.0","point"
"2024-03-19 10:00:00 pm","69.7","89.7","70.9","66.5","point"
"2024-03-20 12:00:00 am","67.8","92.5","68.9","65.5","point"
"2024-03-20 02:00:00 am","67.1","93.1","68.2","65.0","point"
"2024-03-20 04:00:00 am","65.2","90.5","65.8","62.3","point"
"2024-03-20 06:00:00 am","64.5","88.1","64.6","60.9","point"
"2024-03-20 08:00:00 am","66.9","89.2","67.8","63.7","point"
"2024-03-20 10:00:00 am","76.0","70.6","77.0","65.8","point"
"2024-03-20 12:00:00 pm","78.8","68.6","81.3","67.6","point"
"2024-03-20 02:00:00 pm","81.0","68.4","84.9","69.6","point"
"2024-03-20 04:00:00 pm","80.0","68.2","83.1","68.5","point"
"2024-03-20 06:00:00 pm","76.8","80.1","79.2","70.2","point"
"2024-03-20 08:00:00 pm","73.9","89.9","76.3","70.7","point"
"2024-03-20 10:00:00 pm","72.4","92.2","74.7","70.0","point"
"2024-03-21 12:00:00 am","69.2","93.1","70.5","67.1","point"
"2024-03-21 02:00:00 am","69.7","95.7","71.4","68.4","point"
"2024-03-21 04:00:00 am","69.2","96.5","70.7","68.2","point"
"2024-03-21 06:00:00 am","67.4","96.6","68.7","66.4","point"
"2024-03-21 08:00:00 am","70.4","96.1","72.1","69.2","point"
"2024-03-21 10:00:00 am","73.3","84.3","75.2","68.2","point"
"2024-03-21 12:00:00 pm","77.0","71.0","78.3","66.8","point"
"2024-03-21 02:00:00 pm","80.9","63.4","83.5","67.3","point"
"2024-03-21 04:00:00 pm","80.2","67.3","83.1","68.4","point"
"2024-03-21 06:00:00 pm","78.2","73.4","80.8","69.0","point"
"2024-03-21 08:00:00 pm","75.0","90.8","77.9","72.1","point"
"2024-03-21 10:00:00 pm","73.4","94.0","76.5","71.6","point"
"2024-03-22 12:00:00 am","72.0","95.1","74.5","70.4","point"
"2024-03-22 02:00:00 am","70.4","95.1","72.1","68.9","point"
"2024-03-22 04:00:00 am","69.1","96.8","70.7","68.1","point"
"2024-03-22 06:00:00 am","68.1","96.1","69.6","66.9","point"
"2024-03-22 08:00:00 am","69.9","95.6","71.6","68.5","point"
"2024-03-22 10:00:00 am","76.2","83.7","78.8","70.9","point"
"2024-03-22 12:00:00 pm","77.2","80.9","80.1","70.8","point"
"2024-03-22 02:00:00 pm","80.1","78.6","85.8","72.8","point"
"2024-03-22 04:00:00 pm","79.5","77.9","84.2","72.0","point"
"2024-03-22 06:00:00 pm","76.6","88.1","80.2","72.9","point"
"2024-03-22 08:00:00 pm","73.8","93.5","76.6","71.8","point"
"2024-03-22 10:00:00 pm","72.5","95.4","75.2","71.1","point"
"2024-03-23 12:00:00 am","72.7","96.7","75.6","71.7","point"
"2024-03-23 02:00:00 am","71.7","97.2","73.9","70.9","point"
"2024-03-23 04:00:00 am","70.3","96.6","72.0","69.2","point"
"2024-03-23 06:00:00 am","69.7","96.2","71.4","68.5","point"
"2024-03-23 08:00:00 am","72.2","90.9","74.3","69.4","point"
"2024-03-23 10:00:00 am","77.4","79.6","80.6","70.6","point"
"2024-03-23 12:00:00 pm","79.0","72.1","82.2","69.2","point"
"2024-03-23 02:00:00 pm","81.2","76.2","87.1","73.0","point"
"2024-03-23 04:00:00 pm","82.0","72.3","87.4","72.2","point"
"2024-03-23 06:00:00 pm","78.7","81.4","83.3","72.5","point"
"2024-03-23 08:00:00 pm","75.3","91.7","78.6","72.7","point"
"2024-03-23 10:00:00 pm","73.1","94.7","75.9","71.5","point"
"2024-03-24 12:00:00 am","72.5","94.5","75.2","70.8","point"
"2024-03-24 02:00:00 am","71.2","95.0","73.0","69.6","point"
"2024-03-24 04:00:00 am","69.3","96.1","71.1","68.1","point"
"2024-03-24 06:00:00 am","67.8","96.5","69.1","66.7","point"
"2024-03-24 08:00:00 am","70.0","96.4","71.8","68.9","point"
"2024-03-24 10:00:00 am","78.2","81.2","82.2","72.0","point"
"2024-03-24 12:00:00 pm","79.6","73.9","83.7","70.5","point"
"2024-03-24 02:00:00 pm","82.2","70.5","87.4","71.6","point"
"2024-03-24 04:00:00 pm","82.8","68.7","88.5","71.4","point"
"2024-03-24 06:00:00 pm","78.7","80.4","83.1","72.2","point"
"2024-03-24 08:00:00 pm","75.1","91.3","78.3","72.4","point"
"2024-03-24 10:00:00 pm","73.9","95.0","77.0","72.3","point"
"2024-03-25 12:00:00 am","73.0","96.2","75.7","71.8","point"
"2024-03-25 02:00:00 am","69.6","95.6","71.4","68.3","point"
"2024-03-25 04:00:00 am","69.5","97.2","71.2","68.6","point"
"2024-03-25 06:00:00 am","67.0","97.3","68.4","66.3","point"
"2024-03-25 08:00:00 am","69.5","95.6","71.1","68.2","point"
"2024-03-25 10:00:00 am","78.5","61.5","79.5","64.2","point"
"2024-03-25 12:00:00 pm","81.0","48.5","81.0","59.7","point"
"2024-03-25 02:00:00 pm","83.3","60.8","87.4","68.3","point"
"2024-03-25 04:00:00 pm","83.4","60.2","87.3","68.1","point"
"2024-03-25 06:00:00 pm","80.2","68.8","83.5","69.0","point"
"2024-03-25 08:00:00 pm","75.6","89.1","78.8","72.2","point"
"2024-03-25 10:00:00 pm","74.1","92.7","77.0","71.9","point"
"2024-03-26 12:00:00 am","71.7","91.6","73.6","69.2","point"
"2024-03-26 02:00:00 am","66.9","85.2","67.5","62.3","point"
"2024-03-26 04:00:00 am","66.8","89.9","67.5","63.7","point"
"2024-03-26 06:00:00 am","66.9","93.7","68.0","65.0","point"
"2024-03-26 08:00:00 am","70.4","93.7","72.0","68.5","point"
"2024-03-26 10:00:00 am","77.6","74.0","80.1","68.6","point"
"2024-03-26 12:00:00 pm","80.5","67.9","84.0","68.9","point"
"2024-03-26 02:00:00 pm","82.8","66.8","87.8","70.6","point"
"2024-03-26 04:00:00 pm","81.2","70.2","85.6","70.5","point"
"2024-03-26 06:00:00 pm","77.9","84.1","82.0","72.6","point"
"2024-03-26 08:00:00 pm","75.3","91.7","78.6","72.7","point"
"2024-03-26 10:00:00 pm","73.8","93.6","76.6","71.8","point"
"2024-03-27 12:00:00 am","72.0","93.1","74.1","69.9","point"
"2024-03-27 02:00:00 am","72.0","95.4","74.5","70.5","point"
"2024-03-27 04:00:00 am","71.7","95.6","73.9","70.4","point"
"2024-03-27 06:00:00 am","70.3","95.8","72.0","69.0","point"
"2024-03-27 08:00:00 am","69.9","90.7","71.4","67.0","point"
"2024-03-27 10:00:00 am","78.9","73.3","82.0","69.6","point"
"2024-03-27 12:00:00 pm","82.5","54.3","84.0","64.3","point"
"2024-03-27 02:00:00 pm","82.6","69.1","88.2","71.4","point"
"2024-03-27 04:00:00 pm","83.0","69.1","89.1","71.9","point"
"2024-03-27 06:00:00 pm","78.4","84.3","83.1","73.2","point"
"2024-03-27 08:00:00 pm","75.3","92.0","78.6","72.8","point"
"2024-03-27 10:00:00 pm","73.9","94.0","76.8","72.0","point"
"2024-03-28 12:00:00 am","71.7","95.1","73.9","70.2","point"
"2024-03-28 02:00:00 am","68.8","94.4","70.3","67.1","point"
"2024-03-28 04:00:00 am","66.8","94.5","68.0","65.2","point"
"2024-03-28 06:00:00 am","65.5","95.5","66.6","64.2","point"
"2024-03-28 08:00:00 am","69.1","94.2","70.5","67.3","point"
"2024-03-28 10:00:00 am","77.8","75.9","80.6","69.6","point"
"2024-03-28 12:00:00 pm","81.4","54.4","82.4","63.4","point"
"2024-03-28 02:00:00 pm","85.2","63.4","91.9","71.3","point"
"2024-03-28 04:00:00 pm","82.7","71.8","88.9","72.7","point"
"2024-03-28 06:00:00 pm","78.8","84.6","84.6","73.8","point"
"2024-03-28 08:00:00 pm","75.6","92.8","79.2","73.3","point"
"2024-03-28 10:00:00 pm","74.3","92.9","77.5","72.1","point"
"2024-03-29 12:00:00 am","73.5","93.9","76.5","71.6","point"
"2024-03-29 02:00:00 am","72.5","94.7","74.8","70.8","point"
"2024-03-29 04:00:00 am","70.3","95.3","72.0","68.9","point"
"2024-03-29 06:00:00 am","68.2","93.8","69.4","66.3","point"
"2024-03-29 08:00:00 am","70.8","93.3","72.5","68.7","point"
"2024-03-29 10:00:00 am","78.1","72.0","80.8","68.3","point"
"2024-03-29 12:00:00 pm","80.2","73.2","84.4","70.8","point"
"2024-03-29 02:00:00 pm","81.4","72.8","86.5","71.8","point"
"2024-03-29 04:00:00 pm","81.5","75.4","87.3","73.0","point"
"2024-03-29 06:00:00 pm","77.2","81.6","80.4","71.1","point"
"2024-03-29 08:00:00 pm","74.0","87.4","76.5","70.0","point"
"2024-03-29 10:00:00 pm","72.6","89.9","74.7","69.4","point"
"2024-03-30 12:00:00 am","70.1","93.2","71.6","68.1","point"
"2024-03-30 02:00:00 am","68.4","91.1","69.6","65.7","point"
"2024-03-30 04:00:00 am","67.9","86.9","68.7","63.9","point"
"2024-03-30 06:00:00 am","67.7","83.9","68.2","62.7","point"
"2024-03-30 08:00:00 am","69.7","87.2","70.9","65.7","point"
"2024-03-30 10:00:00 am","79.8","66.5","82.4","67.6","point"
"2024-03-30 12:00:00 pm","79.8","69.6","83.1","69.0","point"
"2024-03-30 02:00:00 pm","83.0","63.9","87.4","69.6","point"
"2024-03-30 04:00:00 pm","82.3","66.4","86.7","70.0","point"
"2024-03-30 06:00:00 pm","79.5","77.6","84.4","71.9","point"
"2024-03-30 08:00:00 pm","74.5","85.6","76.8","69.9","point"
"2024-03-30 10:00:00 pm","72.8","92.1","75.2","70.3","point"
"2024-03-31 12:00:00 am","72.0","90.6","74.1","69.1","point"
"2024-03-31 02:00:00 am","71.1","93.0","72.9","68.9","point"
"2024-03-31 04:00:00 am","67.9","93.8","69.3","66.1","point"
"2024-03-31 06:00:00 am","66.1","95.2","67.1","64.7","point"
"2024-03-31 08:00:00 am","68.5","91.9","69.6","66.0","point"
"2024-03-31 10:00:00 am","78.7","58.3","79.2","62.8","point"
"2024-03-31 12:00:00 pm","80.2","70.3","83.8","69.7","point"
"2024-03-31 02:00:00 pm","82.4","68.7","87.6","71.1","point"
"2024-03-31 04:00:00 pm","82.4","67.0","86.9","70.3","point"
"2024-03-31 06:00:00 pm","78.8","76.7","82.4","70.8","point"
"2024-03-31 08:00:00 pm","75.7","91.7","79.2","73.1","point"
"2024-03-31 10:00:00 pm","73.9","93.3","76.6","71.8","point"
"2024-04-01 12:00:00 am","72.8","95.7","75.4","71.5","point"
"2024-04-01 02:00:00 am","72.1","96.0","74.7","70.9","point"
"2024-04-01 04:00:00 am","71.2","95.7","73.0","69.9","point"
"2024-04-01 06:00:00 am","70.6","96.8","72.3","69.6","point"
"2024-04-01 08:00:00 am","73.2","95.2","75.9","71.7","point"
"2024-04-01 10:00:00 am","76.9","85.0","80.2","72.1","point"
"2024-04-01 12:00:00 pm","79.2","81.2","84.4","72.9","point"
"2024-04-01 02:00:00 pm","81.8","72.0","87.1","71.9","point"
"2024-04-01 04:00:00 pm","82.0","72.0","87.4","72.1","point"
"2024-04-01 06:00:00 pm","78.8","79.1","83.3","71.7","point"
"2024-04-01 08:00:00 pm","76.2","93.2","80.1","74.0","point"
"2024-04-01 10:00:00 pm","74.8","94.9","78.1","73.2","point"
"2024-04-02 12:00:00 am","73.9","96.6","77.0","72.8","point"
"2024-04-02 02:00:00 am","72.9","95.0","75.6","71.3","point"
"2024-04-02 04:00:00 am","70.2","95.4","72.0","68.8","point"
"2024-04-02 06:00:00 am","68.6","95.7","70.2","67.3","point"
"2024-04-02 08:00:00 am","71.0","93.9","72.9","69.2","point"
"2024-04-02 10:00:00 am","78.5","74.1","81.7","69.6","point"
"2024-04-02 12:00:00 pm","80.2","72.2","84.2","70.4","point"
"2024-04-02 02:00:00 pm","82.2","72.9","88.3","72.7","point"
"2024-04-02 04:00:00 pm","82.6","73.9","89.6","73.5","point"
"2024-04-02 06:00:00 pm","78.6","86.0","83.8","74.0","point"
"2024-04-02 08:00:00 pm","75.9","92.9","79.5","73.7","point"
"2024-04-02 10:00:00 pm","74.2","95.5","77.5","72.8","point"
"2024-04-03 12:00:00 am","73.3","98.0","76.5","72.7","point"
"2024-04-03 02:00:00 am","72.8","99.0","75.7","72.4","point"
"2024-04-03 04:00:00 am","72.5","99.0","75.2","72.2","point"
"2024-04-03 06:00:00 am","71.2","98.9","73.4","70.9","point"
"2024-04-03 08:00:00 am","72.6","93.6","75.0","70.6","point"
"2024-04-03 10:00:00 am","81.2","68.2","85.3","69.8","point"
"2024-04-03 12:00:00 pm","79.1","74.5","82.8","70.3","point"
"2024-04-03 02:00:00 pm","81.2","73.7","86.5","72.0","point"
"2024-04-03 04:00:00 pm","81.5","73.1","86.7","72.0","point"
"2024-04-03 06:00:00 pm","78.5","84.3","83.5","73.4","point"
"2024-04-03 08:00:00 pm","75.3","90.6","78.4","72.4","point"
"2024-04-03 10:00:00 pm","73.7","93.9","76.6","71.8","point"
"2024-04-04 12:00:00 am","71.9","95.8","74.1","70.6","point"
"2024-04-04 02:00:00 am","70.2","95.8","72.0","69.0","point"
"2024-04-04 04:00:00 am","68.1","94.9","69.4","66.6","point"
"2024-04-04 06:00:00 am","67.2","92.6","68.2","65.0","point"
"2024-04-04 08:00:00 am","71.0","91.1","72.7","68.3","point"
"2024-04-04 10:00:00 am","81.2","63.5","84.0","67.7","point"
"2024-04-04 12:00:00 pm","81.6","68.8","86.0","70.3","point"
"2024-04-04 02:00:00 pm","83.3","66.4","88.7","70.9","point"
"2024-04-04 04:00:00 pm","82.9","68.9","88.7","71.6","point"
"2024-04-04 06:00:00 pm","80.0","77.1","84.9","72.1","point"
"2024-04-04 08:00:00 pm","75.9","92.1","79.5","73.5","point"
"2024-04-04 10:00:00 pm","73.6","95.4","76.8","72.2","point"
"2024-04-05 12:00:00 am","73.0","96.3","75.7","71.9","point"
"2024-04-05 02:00:00 am","71.5","96.2","73.6","70.4","point"
"2024-04-05 04:00:00 am","69.9","96.1","71.6","68.7","point"
"2024-04-05 06:00:00 am","67.7","96.2","69.1","66.5","point"
"2024-04-05 08:00:00 am","70.9","91.6","72.7","68.3","point"
"2024-04-05 10:00:00 am","82.5","66.4","87.1","70.1","point"
"2024-04-05 12:00:00 pm","81.9","67.0","86.2","69.9","point"
"2024-04-05 02:00:00 pm","83.4","73.9","91.4","74.2","point"
"2024-04-05 04:00:00 pm","81.8","76.6","88.3","73.7","point"
"2024-04-05 06:00:00 pm","79.3","83.0","84.7","73.6","point"
"2024-04-05 08:00:00 pm","75.8","91.8","79.3","73.3","point"
"2024-04-05 10:00:00 pm","74.0","93.9","77.2","72.2","point"
"2024-04-06 12:00:00 am","73.0","93.5","75.4","71.0","point"
"2024-04-06 02:00:00 am","70.4","96.3","72.1","69.3","point"
"2024-04-06 04:00:00 am","69.8","95.3","71.4","68.4","point"
"2024-04-06 06:00:00 am","68.6","97.0","70.2","67.7","point"
"2024-04-06 08:00:00 am","71.8","90.7","73.9","68.9","point"
"2024-04-06 10:00:00 am","84.1","60.2","88.7","68.8","point"
"2024-04-06 12:00:00 pm","83.4","71.1","90.5","73.0","point"
"2024-04-06 02:00:00 pm","85.4","69.8","94.8","74.4","point"
"2024-04-06 04:00:00 pm","85.7","67.4","94.6","73.7","point"
"2024-04-06 06:00:00 pm","80.8","81.2","87.8","74.5","point"
"2024-04-06 08:00:00 pm","76.7","91.4","80.8","74.0","point"
"2024-04-06 10:00:00 pm","75.2","92.2","78.6","72.8","point"
"2024-04-07 12:00:00 am","74.1","95.7","77.2","72.8","point"
"2024-04-07 02:00:00 am","73.7","97.1","76.8","72.8","point"
"2024-04-07 04:00:00 am","73.4","96.3","76.3","72.2","point"
"2024-04-07 06:00:00 am","72.8","95.2","75.4","71.4","point"
"2024-04-07 08:00:00 am","73.2","93.4","75.9","71.2","point"
"2024-04-07 10:00:00 am","78.2","79.7","82.0","71.4","point"
"2024-04-07 12:00:00 pm","79.8","77.6","84.7","72.2","point"
"2024-04-07 02:00:00 pm","82.1","74.3","88.3","73.1","point"
"2024-04-07 04:00:00 pm","81.8","75.5","88.0","73.3","point"
"2024-04-07 06:00:00 pm","78.2","81.4","82.2","72.0","point"
"2024-04-07 08:00:00 pm","74.6","85.4","76.8","69.9","point"
"2024-04-07 10:00:00 pm","73.5","91.7","76.1","71.0","point"
"2024-04-08 12:00:00 am","71.6","93.5","73.4","69.6","point"
"2024-04-08 02:00:00 am","70.2","95.2","72.0","68.7","point"
"2024-04-08 04:00:00 am","67.8","93.8","69.3","66.0","point"
"2024-04-08 06:00:00 am","66.2","90.4","66.9","63.3","point"
"2024-04-08 08:00:00 am","70.5","89.2","71.8","67.2","point"
"2024-04-08 10:00:00 am","81.1","62.2","83.7","66.9","point"
"2024-04-08 12:00:00 pm","82.6","55.8","84.2","65.2","point"
"2024-04-08 02:00:00 pm","84.7","57.5","89.1","68.0","point"
"2024-04-08 04:00:00 pm","84.7","60.2","89.8","69.4","point"
"2024-04-08 06:00:00 pm","79.8","77.1","84.6","71.9","point"
"2024-04-08 08:00:00 pm","75.5","83.3","77.9","70.1","point"
"2024-04-08 10:00:00 pm","73.6","90.7","76.3","70.7","point"
"2024-04-09 12:00:00 am","71.2","92.3","72.9","68.8","point"
"2024-04-09 02:00:00 am","68.2","90.7","69.4","65.3","point"
"2024-04-09 04:00:00 am","66.9","90.6","68.0","64.1","point"
"2024-04-09 06:00:00 am","64.2","83.1","64.0","58.9","point"
"2024-04-09 08:00:00 am","69.3","84.9","70.3","64.5","point"
"2024-04-09 10:00:00 am","83.0","61.8","86.9","68.6","point"
"2024-04-09 12:00:00 pm","80.6","68.7","84.0","69.3","point"
"2024-04-09 02:00:00 pm","83.5","62.8","88.3","69.5","point"
"2024-04-09 04:00:00 pm","84.2","64.2","90.5","70.8","point"
"2024-04-09 06:00:00 pm","79.9","79.0","85.5","72.8","point"
"2024-04-09 08:00:00 pm","75.8","89.5","79.0","72.5","point"
"2024-04-09 10:00:00 pm","74.1","92.2","76.8","71.7","point"
"2024-04-10 12:00:00 am","72.3","93.4","74.5","70.3","point"
"2024-04-10 02:00:00 am","69.1","92.6","70.3","66.8","point"
"2024-04-10 04:00:00 am","67.3","94.1","68.7","65.5","point"
"2024-04-10 06:00:00 am","67.5","94.8","68.9","65.9","point"
"2024-04-10 08:00:00 am","75.2","87.1","77.7","71.1","point"
"2024-04-10 10:00:00 am","80.2","68.4","83.5","68.8","point"
"2024-04-10 12:00:00 pm","82.0","62.6","84.9","67.9","point"
"2024-04-10 02:00:00 pm","84.2","67.5","91.2","72.2","point"
"2024-04-10 04:00:00 pm","84.8","64.5","91.6","71.5","point"
"2024-04-10 06:00:00 pm","79.4","73.4","83.1","70.1","point"
"2024-04-10 08:00:00 pm","75.2","81.3","77.2","69.0","point"
"2024-04-10 10:00:00 pm","72.8","91.1","75.0","70.1","point"
"2024-04-11 12:00:00 am","70.8","92.3","72.5","68.5","point"
"2024-04-11 02:00:00 am","68.6","93.3","70.0","66.5","point"
"2024-04-11 04:00:00 am","66.8","90.3","67.6","63.9","point"
"2024-04-11 06:00:00 am","66.3","91.7","67.1","63.8","point"
"2024-04-11 08:00:00 am","70.4","89.8","71.8","67.2","point"
"2024-04-11 10:00:00 am","81.8","58.4","83.7","65.8","point"
"2024-04-11 12:00:00 pm","80.4","68.2","83.8","68.9","point"
"2024-04-11 02:00:00 pm","83.1","65.6","88.5","70.4","point"
"2024-04-11 04:00:00 pm","83.5","62.4","88.2","69.3","point"
"2024-04-11 06:00:00 pm","80.3","72.2","84.6","70.5","point"
"2024-04-11 08:00:00 pm","75.2","79.1","77.0","68.3","point"
"2024-04-11 10:00:00 pm","72.0","88.5","73.9","68.4","point"
"2024-04-12 12:00:00 am","69.3","86.3","70.3","65.0","point"
"2024-04-12 02:00:00 am","68.0","88.5","68.9","64.5","point"
"2024-04-12 04:00:00 am","67.6","91.5","68.5","65.0","point"
"2024-04-12 06:00:00 am","67.1","92.6","68.2","64.9","point"
"2024-04-12 08:00:00 am","71.2","89.5","72.7","67.9","point"
"2024-04-12 10:00:00 am","80.9","60.1","82.9","65.8","point"
"2024-04-12 12:00:00 pm","80.7","65.6","83.8","68.1","point"
"2024-04-12 02:00:00 pm","83.9","61.5","88.7","69.2","point"
"2024-04-12 04:00:00 pm","83.0","62.1","87.1","68.7","point"
"2024-04-12 06:00:00 pm","76.7","77.3","78.6","69.1","point"
"2024-04-12 08:00:00 pm","74.8","90.7","77.7","71.9","point"
"2024-04-12 10:00:00 pm","73.0","93.6","75.4","71.0","point"
"2024-04-13 12:00:00 am","72.0","94.5","74.3","70.3","point"
"2024-04-13 02:00:00 am","69.4","93.3","70.7","67.3","point"
"2024-04-13 04:00:00 am","66.3","91.4","67.1","63.7","point"
"2024-04-13 06:00:00 am","65.9","92.1","66.7","63.5","point"
"2024-04-13 08:00:00 am","70.3","91.7","71.8","67.8","point"
"2024-04-13 10:00:00 am","77.6","67.9","79.2","66.2","point"
"2024-04-13 12:00:00 pm","79.4","67.0","82.0","67.5","point"
"2024-04-13 02:00:00 pm","81.9","69.1","86.7","70.8","point"
"2024-04-13 04:00:00 pm","81.2","68.9","85.3","70.0","point"
"2024-04-13 06:00:00 pm","78.0","80.2","81.7","71.4","point"
"2024-04-13 08:00:00 pm","73.7","88.7","76.1","70.1","point"
"2024-04-13 10:00:00 pm","71.0","96.3","72.9","69.9","point"
"2024-04-14 12:00:00 am","70.2","97.0","72.0","69.3","point"
"2024-04-14 02:00:00 am","68.6","96.3","70.2","67.5","point"
"2024-04-14 04:00:00 am","67.6","96.8","68.9","66.6","point"
"2024-04-14 06:00:00 am","67.6","96.2","68.9","66.5","point"
"2024-04-14 08:00:00 am","73.4","91.7","75.9","70.8","point"
"2024-04-14 10:00:00 am","80.5","74.0","85.3","71.4","point"
"2024-04-14 12:00:00 pm","81.1","70.0","85.3","70.4","point"
"2024-04-14 02:00:00 pm","81.0","77.2","87.1","73.2","point"
"2024-04-14 04:00:00 pm","83.7","72.8","91.9","74.0","point"
"2024-04-14 06:00:00 pm","79.8","74.6","84.0","71.0","point"
"2024-04-14 08:00:00 pm","76.8","91.2","80.6","74.0","point"
"2024-04-14 10:00:00 pm","74.9","94.4","78.4","73.1","point"
"2024-04-15 12:00:00 am","72.1","95.1","74.5","70.6","point"
"2024-04-15 02:00:00 am","69.8","94.9","71.4","68.3","point"
"2024-04-15 04:00:00 am","68.3","94.9","69.6","66.8","point"
"2024-04-15 06:00:00 am","68.1","94.9","69.4","66.5","point"
"2024-04-15 08:00:00 am","72.7","89.1","74.8","69.3","point"
"2024-04-15 10:00:00 am","80.2","57.3","81.1","63.8","point"
"2024-04-15 12:00:00 pm","82.5","54.3","84.0","64.4","point"
"2024-04-15 02:00:00 pm","87.4","33.5","86.2","55.2","point"
"2024-04-15 04:00:00 pm","90.1","36.2","91.2","59.6","point"
"2024-04-15 06:00:00 pm","81.7","75.6","88.0","73.2","point"
"2024-04-15 08:00:00 pm","76.5","87.9","79.9","72.6","point"
"2024-04-15 10:00:00 pm","74.9","91.1","77.9","72.1","point"
"2024-04-16 12:00:00 am","71.0","91.3","72.7","68.3","point"
"2024-04-16 02:00:00 am","70.4","91.3","72.0","67.7","point"
"2024-04-16 04:00:00 am","68.4","92.8","69.6","66.2","point"
"2024-04-16 06:00:00 am","67.9","92.5","69.1","65.6","point"
"2024-04-16 08:00:00 am","73.0","91.3","75.4","70.3","point"
"2024-04-16 10:00:00 am","80.7","65.7","83.8","68.1","point"
"2024-04-16 12:00:00 pm","82.4","63.2","85.8","68.6","point"
"2024-04-16 02:00:00 pm","84.5","67.8","91.9","72.7","point"
"2024-04-16 04:00:00 pm","84.4","68.9","91.9","73.0","point"
"2024-04-16 06:00:00 pm","79.2","83.2","84.9","73.6","point"
"2024-04-16 08:00:00 pm","75.7","90.3","79.0","72.7","point"
"2024-04-16 10:00:00 pm","74.7","93.3","77.9","72.6","point"
"2024-04-17 12:00:00 am","72.9","94.8","75.6","71.3","point"
"2024-04-17 02:00:00 am","71.0","93.0","72.7","68.8","point"
"2024-04-17 04:00:00 am","69.0","93.2","70.3","66.9","point"
"2024-04-17 06:00:00 am","68.9","93.8","70.5","67.0","point"
"2024-04-17 08:00:00 am","72.8","85.8","74.7","68.3","point"
"2024-04-17 10:00:00 am","76.3","73.9","77.7","67.4","point"
"2024-04-17 12:00:00 pm","78.4","76.6","81.9","70.4","point"
"2024-04-17 02:00:00 pm","80.6","70.5","84.6","70.1","point"
"2024-04-17 04:00:00 pm","80.4","74.9","85.1","71.7","point"
"2024-04-17 06:00:00 pm","77.0","87.3","80.6","72.9","point"
"2024-04-17 08:00:00 pm","74.4","89.1","77.0","71.0","point"
"2024-04-17 10:00:00 pm","72.8","90.7","75.0","69.9","point"
"2024-04-18 12:00:00 am","72.0","94.0","74.3","70.1","point"
"2024-04-18 02:00:00 am","71.2","95.2","73.0","69.8","point"
"2024-04-18 04:00:00 am","68.9","94.3","70.5","67.2","point"
"2024-04-18 06:00:00 am","66.9","91.2","67.6","64.2","point"
"2024-04-18 08:00:00 am","71.0","85.5","72.3","66.5","point"
"2024-04-18 10:00:00 am","78.5","56.3","78.6","61.7","point"
"2024-04-18 12:00:00 pm","82.0","62.3","84.9","67.8","point"
"2024-04-18 02:00:00 pm","84.7","61.5","90.3","70.0","point"
"2024-04-18 04:00:00 pm","83.1","68.7","88.9","71.7","point"
"2024-04-18 06:00:00 pm","79.6","83.4","85.6","74.1","point"
"2024-04-18 08:00:00 pm","74.4","100.0","78.3","74.4","point"
"2024-04-18 10:00:00 pm","72.2","100.0","75.0","72.2","point"
"2024-04-19 12:00:00 am","72.2","100.0","75.0","72.2","point"
"2024-04-19 02:00:00 am","71.5","100.0","73.9","71.4","point"
"2024-04-19 04:00:00 am","72.2","100.0","75.0","72.2","point"
"2024-04-19 06:00:00 am","71.9","100.0","74.5","71.9","point"
"2024-04-19 08:00:00 am","73.2","100.0","76.6","73.2","point"
"2024-04-19 10:00:00 am","76.5","95.4","81.0","75.1","point"
"2024-04-19 12:00:00 pm","77.2","92.0","82.0","74.7","point"
"2024-04-19 02:00:00 pm","80.1","90.2","88.5","76.9","point"
"2024-04-19 04:00:00 pm","78.8","89.7","85.5","75.5","point"
"2024-04-19 06:00:00 pm","77.5","95.5","83.1","76.1","point"
"2024-04-19 08:00:00 pm","74.7","98.4","78.6","74.2","point"
"2024-04-19 10:00:00 pm","68.2","99.7","70.0","68.1","point"
"2024-04-20 12:00:00 am","71.6","100.0","73.9","71.6","point"
"2024-04-20 02:00:00 am","70.8","100.0","72.9","70.8","point"
"2024-04-20 04:00:00 am","69.0","100.0","70.9","69.0","point"
"2024-04-20 06:00:00 am","68.6","100.0","70.3","68.6","point"
"2024-04-20 08:00:00 am","68.7","100.0","70.5","68.7","point"
"2024-04-20 10:00:00 am","70.8","100.0","72.9","70.8","point"
"2024-04-20 12:00:00 pm","73.5","100.0","76.8","73.5","point"
"2024-04-20 02:00:00 pm","75.1","100.0","79.3","75.1","point"
"2024-04-20 04:00:00 pm","76.7","96.5","81.5","75.6","point"
"2024-04-20 06:00:00 pm","75.1","95.5","78.8","73.7","point"
"2024-04-20 08:00:00 pm","71.5","99.5","73.9","71.3","point"
"2024-04-20 10:00:00 pm","69.9","100.0","71.8","69.9","point"
"2024-04-21 12:00:00 am","69.3","100.0","71.2","69.3","point"
"2024-04-21 02:00:00 am","68.7","100.0","70.5","68.7","point"
"2024-04-21 04:00:00 am","68.3","100.0","70.0","68.3","point"
"2024-04-21 06:00:00 am","67.9","100.0","69.6","67.9","point"
"2024-04-21 08:00:00 am","72.9","100.0","76.1","72.9","point"
"2024-04-21 10:00:00 am","79.1","83.4","84.6","73.6","point"
"2024-04-21 12:00:00 pm","80.1","88.7","88.2","76.5","point"
"2024-04-21 02:00:00 pm","82.5","85.3","92.7","77.6","point"
"2024-04-21 04:00:00 pm","81.6","87.4","91.0","77.5","point"
"2024-04-21 06:00:00 pm","78.4","91.9","84.6","75.8","point"
"2024-04-21 08:00:00 pm","76.1","98.0","80.8","75.5","point"
"2024-04-21 10:00:00 pm","74.7","99.4","78.8","74.5","point"
"2024-04-22 12:00:00 am","74.0","99.7","77.7","73.9","point"
"2024-04-22 02:00:00 am","73.3","100.0","76.6","73.3","point"
"2024-04-22 04:00:00 am","71.5","97.9","73.8","70.9","point"
"2024-04-22 06:00:00 am","70.5","98.4","72.3","70.0","point"
"2024-04-22 08:00:00 am","73.2","97.6","76.3","72.4","point"
"2024-04-22 10:00:00 am","77.0","85.2","80.2","72.2","point"
"2024-04-22 12:00:00 pm","80.0","81.1","86.0","73.7","point"
"2024-04-22 02:00:00 pm","80.5","80.0","86.7","73.7","point"
"2024-04-22 04:00:00 pm","80.7","84.0","88.2","75.4","point"
"2024-04-22 06:00:00 pm","77.5","87.8","81.9","73.5","point"
"2024-04-22 08:00:00 pm","74.9","90.6","77.9","71.9","point"
"2024-04-22 10:00:00 pm","73.7","93.3","76.5","71.6","point"
"2024-04-23 12:00:00 am","71.9","97.6","74.3","71.1","point"
"2024-04-23 02:00:00 am","70.0","98.5","72.0","69.6","point"
"2024-04-23 04:00:00 am","67.9","95.5","69.3","66.6","point"
"2024-04-23 06:00:00 am","67.0","97.4","68.4","66.3","point"
"2024-04-23 08:00:00 am","74.8","85.5","77.2","70.1","point"
"2024-04-23 10:00:00 am","79.8","75.6","84.2","71.3","point"
"2024-04-23 12:00:00 pm","82.6","71.6","88.3","72.4","point"
"2024-04-23 02:00:00 pm","83.2","76.0","91.6","74.8","point"
"2024-04-23 04:00:00 pm","83.2","76.2","91.8","74.9","point"
"2024-04-23 06:00:00 pm","79.0","90.2","86.0","75.9","point"
"2024-04-23 08:00:00 pm","76.7","94.4","81.1","74.9","point"
"2024-04-23 10:00:00 pm","75.3","96.6","79.2","74.3","point"
"2024-04-24 12:00:00 am","74.3","97.5","78.1","73.6","point"
"2024-04-24 02:00:00 am","73.9","98.5","77.2","73.4","point"
"2024-04-24 04:00:00 am","73.2","99.2","76.3","73.0","point"
"2024-04-24 06:00:00 am","72.0","99.3","74.7","71.8","point"
"2024-04-24 08:00:00 am","74.7","96.8","78.4","73.7","point"
"2024-04-24 10:00:00 am","78.2","85.3","82.9","73.4","point"
"2024-04-24 12:00:00 pm","79.8","80.7","85.5","73.3","point"
"2024-04-24 02:00:00 pm","82.5","75.5","89.4","73.9","point"
"2024-04-24 04:00:00 pm","82.6","71.9","88.9","72.6","point"
"2024-04-24 06:00:00 pm","79.8","81.6","85.6","73.6","point"
"2024-04-24 08:00:00 pm","75.8","91.3","79.3","73.1","point"
"2024-04-24 10:00:00 pm","73.8","94.6","76.8","72.1","point"
"2024-04-25 12:00:00 am","73.2","95.0","76.3","71.7","point"
"2024-04-25 02:00:00 am","70.6","97.1","72.3","69.7","point"
"2024-04-25 04:00:00 am","68.5","96.6","70.0","67.5","point"
"2024-04-25 06:00:00 am","67.3","95.2","68.7","65.9","point"
"2024-04-25 08:00:00 am","72.0","92.5","74.1","69.7","point"
"2024-04-25 10:00:00 am","79.9","69.6","83.1","69.0","point"
"2024-04-25 12:00:00 pm","83.1","52.1","84.7","63.8","point"
"2024-04-25 02:00:00 pm","86.0","42.3","86.7","60.4","point"
"2024-04-25 04:00:00 pm","82.5","74.2","89.1","73.4","point"
"2024-04-25 06:00:00 pm","80.4","77.6","85.8","72.7","point"
"2024-04-25 08:00:00 pm","75.7","84.7","78.3","70.8","point"
"2024-04-25 10:00:00 pm","74.1","91.9","76.8","71.6","point"
"2024-04-26 12:00:00 am","73.2","94.1","76.1","71.4","point"
"2024-04-26 02:00:00 am","69.2","91.5","70.5","66.6","point"
"2024-04-26 04:00:00 am","68.4","93.1","69.6","66.3","point"
"2024-04-26 06:00:00 am","66.3","89.1","66.9","63.0","point"
"2024-04-26 08:00:00 am","72.6","86.9","74.5","68.5","point"
"2024-04-26 10:00:00 am","80.4","68.9","83.8","69.2","point"
"2024-04-26 12:00:00 pm","82.0","65.7","85.8","69.4","point"
"2024-04-26 02:00:00 pm","83.7","71.2","91.4","73.3","point"
"2024-04-26 04:00:00 pm","83.4","74.4","91.4","74.3","point"
"2024-04-26 06:00:00 pm","79.0","79.2","83.7","72.0","point"
"2024-04-26 08:00:00 pm","75.6","88.2","78.6","71.9","point"
"2024-04-26 10:00:00 pm","74.7","92.5","77.9","72.3","point"
"2024-04-27 12:00:00 am","73.3","96.2","76.3","72.1","point"
"2024-04-27 02:00:00 am","70.6","94.1","72.3","68.8","point"
"2024-04-27 04:00:00 am","68.1","92.0","69.3","65.7","point"
"2024-04-27 06:00:00 am","69.1","87.3","70.3","65.2","point"
"2024-04-27 08:00:00 am","74.9","85.9","77.4","70.3","point"
"2024-04-27 10:00:00 am","82.1","65.4","86.0","69.4","point"
"2024-04-27 12:00:00 pm","84.8","52.3","87.6","65.4","point"
"2024-04-27 02:00:00 pm","86.8","59.1","93.7","70.8","point"
"2024-04-27 04:00:00 pm","86.5","60.3","93.4","71.2","point"
"2024-04-27 06:00:00 pm","79.8","86.8","86.7","75.5","point"
"2024-04-27 08:00:00 pm","76.8","91.9","81.1","74.3","point"
"2024-04-27 10:00:00 pm","75.7","93.7","79.2","73.8","point"
"2024-04-28 12:00:00 am","74.8","96.9","78.4","73.8","point"
"2024-04-28 02:00:00 am","73.5","95.3","76.5","72.1","point"
"2024-04-28 04:00:00 am","71.6","97.3","73.6","70.8","point"
"2024-04-28 06:00:00 am","72.1","98.3","74.8","71.6","point"
"2024-04-28 08:00:00 am","73.6","95.0","76.8","72.1","point"
"2024-04-28 10:00:00 am","80.9","68.7","84.7","69.7","point"
"2024-04-28 12:00:00 pm","82.2","72.0","88.2","72.3","point"
"2024-04-28 02:00:00 pm","84.4","74.0","93.7","75.2","point"
"2024-04-28 04:00:00 pm","84.4","72.5","93.7","74.6","point"
"2024-04-28 06:00:00 pm","80.6","82.1","87.3","74.6","point"
"2024-04-28 08:00:00 pm","76.8","91.5","80.8","74.1","point"
"2024-04-28 10:00:00 pm","75.9","95.6","79.9","74.5","point"
"2024-04-29 12:00:00 am","74.3","93.7","77.5","72.4","point"
"2024-04-29 02:00:00 am","71.3","95.2","73.4","69.9","point"
"2024-04-29 04:00:00 am","72.1","98.1","74.7","71.6","point"
"2024-04-29 06:00:00 am","70.7","97.5","72.9","70.0","point"
"2024-04-29 08:00:00 am","74.9","91.7","78.1","72.3","point"
"2024-04-29 10:00:00 am","80.5","61.6","82.6","66.1","point"
"2024-04-29 12:00:00 pm","82.2","68.4","86.9","70.8","point"
"2024-04-29 02:00:00 pm","84.2","67.9","91.6","72.4","point"
"2024-04-29 04:00:00 pm","83.9","71.6","91.9","73.7","point"
"2024-04-29 06:00:00 pm","81.2","75.5","86.9","72.8","point"
"2024-04-29 08:00:00 pm","77.8","90.1","83.1","74.7","point"
"2024-04-29 10:00:00 pm","75.2","95.0","78.6","73.6","point"
"2024-04-30 12:00:00 am","73.7","95.9","76.8","72.4","point"
"2024-04-30 02:00:00 am","72.3","97.5","74.8","71.5","point"
"2024-04-30 04:00:00 am","70.5","95.9","72.3","69.3","point"
"2024-04-30 06:00:00 am","70.0","96.9","71.8","69.0","point"
"2024-04-30 08:00:00 am","73.1","96.3","76.1","71.9","point"
"2024-04-30 10:00:00 am","77.6","83.8","81.5","72.3","point"
"2024-04-30 12:00:00 pm","79.2","79.2","84.0","72.2","point"
"2024-04-30 02:00:00 pm","81.7","77.9","88.7","74.1","point"
"2024-04-30 04:00:00 pm","81.5","77.9","88.3","73.9","point"
"2024-04-30 06:00:00 pm","78.8","89.4","84.9","75.3","point"
"2024-04-30 08:00:00 pm","76.8","93.1","81.0","74.6","point"
"2024-04-30 10:00:00 pm","74.8","98.1","78.6","74.2","point"
"2024-05-01 12:00:00 am","73.9","97.5","77.2","73.2","point"
"2024-05-01 02:00:00 am","73.4","98.3","76.8","72.9","point"
"2024-05-01 04:00:00 am","73.5","98.2","76.8","72.9","point"
"2024-05-01 06:00:00 am","73.0","96.7","75.7","72.0","point"
"2024-05-01 08:00:00 am","74.2","94.0","77.4","72.3","point"
"2024-05-01 10:00:00 am","77.7","85.7","82.2","73.1","point"
"2024-05-01 12:00:00 pm","79.2","82.3","84.7","73.4","point"
"2024-05-01 02:00:00 pm","80.9","80.0","87.4","74.1","point"
"2024-05-01 04:00:00 pm","81.1","80.1","87.8","74.4","point"
"2024-05-01 06:00:00 pm","79.1","83.7","84.6","73.7","point"
"2024-05-01 08:00:00 pm","76.2","93.6","80.1","74.2","point"
"2024-05-01 10:00:00 pm","75.1","94.1","78.6","73.3","point"
"2024-05-02 12:00:00 am","73.8","92.8","76.6","71.5","point"
"2024-05-02 02:00:00 am","73.3","94.4","76.1","71.6","point"
"2024-05-02 04:00:00 am","72.0","95.0","74.3","70.5","point"
"2024-05-02 06:00:00 am","71.1","96.5","73.0","70.1","point"
"2024-05-02 08:00:00 am","75.1","92.8","78.4","72.9","point"
"2024-05-02 10:00:00 am","78.7","84.2","83.8","73.5","point"
"2024-05-02 12:00:00 pm","80.5","83.1","87.4","74.9","point"
"2024-05-02 02:00:00 pm","83.3","76.9","92.3","75.3","point"
"2024-05-02 04:00:00 pm","83.9","77.5","94.1","76.1","point"
"2024-05-02 06:00:00 pm","80.9","83.3","88.3","75.4","point"
"2024-05-02 08:00:00 pm","78.5","92.7","85.3","76.2","point"
"2024-05-02 10:00:00 pm","76.8","94.4","81.1","75.0","point"
"2024-05-03 12:00:00 am","75.8","96.8","80.1","74.8","point"
"2024-05-03 02:00:00 am","75.1","97.5","79.2","74.3","point"
"2024-05-03 04:00:00 am","73.0","86.0","74.8","68.5","point"
"2024-05-03 06:00:00 am","71.0","70.3","71.6","60.9","point"
"2024-05-03 08:00:00 am","72.9","74.6","73.9","64.4","point"
"2024-05-03 10:00:00 am","76.4","76.0","77.9","68.3","point"
"2024-05-03 12:00:00 pm","78.0","86.8","82.8","73.7","point"
"2024-05-03 02:00:00 pm","78.8","82.4","84.0","73.0","point"
"2024-05-03 04:00:00 pm","80.7","79.3","87.1","73.7","point"
"2024-05-03 06:00:00 pm","79.0","85.2","84.9","74.1","point"
"2024-05-03 08:00:00 pm","76.4","88.8","79.7","72.8","point"
"2024-05-03 10:00:00 pm","73.6","90.1","76.3","70.5","point"
"2024-05-04 12:00:00 am","71.6","93.3","73.4","69.5","point"
"2024-05-04 02:00:00 am","70.8","94.8","72.7","69.2","point"
"2024-05-04 04:00:00 am","70.5","94.7","72.3","68.9","point"
"2024-05-04 06:00:00 am","71.6","94.0","73.6","69.7","point"
"2024-05-04 08:00:00 am","73.9","92.2","76.6","71.5","point"
"2024-05-04 10:00:00 am","80.6","78.4","86.7","73.3","point"
"2024-05-04 12:00:00 pm","79.9","69.3","82.9","68.9","point"
"2024-05-04 02:00:00 pm","82.5","65.5","86.9","69.7","point"
"2024-05-04 04:00:00 pm","82.9","63.0","86.9","69.0","point"
"2024-05-04 06:00:00 pm","79.8","71.8","83.5","69.9","point"
"2024-05-04 08:00:00 pm","76.2","89.0","79.5","72.7","point"
"2024-05-04 10:00:00 pm","73.4","93.5","75.9","71.4","point"
"2024-05-05 12:00:00 am","71.2","93.9","73.0","69.3","point"
"2024-05-05 02:00:00 am","69.9","92.5","71.4","67.6","point"
"2024-05-05 04:00:00 am","68.8","93.1","70.2","66.7","point"
"2024-05-05 06:00:00 am","66.8","94.2","68.0","65.1","point"
"2024-05-05 08:00:00 am","71.3","90.4","73.2","68.4","point"
"2024-05-05 10:00:00 am","77.8","73.8","80.2","68.8","point"
"2024-05-05 12:00:00 pm","78.2","72.3","80.8","68.5","point"
"2024-05-05 02:00:00 pm","80.3","66.8","83.3","68.2","point"
"2024-05-05 04:00:00 pm","81.7","65.2","85.5","68.9","point"
"2024-05-05 06:00:00 pm","78.6","71.4","81.1","68.6","point"
"2024-05-05 08:00:00 pm","74.9","88.4","77.7","71.3","point"
"2024-05-05 10:00:00 pm","73.6","93.7","76.5","71.7","point"
"2024-05-06 12:00:00 am","72.2","92.8","74.5","70.0","point"
"2024-05-06 02:00:00 am","71.9","94.5","74.1","70.2","point"
"2024-05-06 04:00:00 am","71.8","94.0","74.1","70.0","point"
"2024-05-06 06:00:00 am","71.9","95.4","74.1","70.5","point"
"2024-05-06 08:00:00 am","72.7","89.7","74.8","69.5","point"
"2024-05-06 10:00:00 am","76.9","78.7","79.3","69.8","point"
"2024-05-06 12:00:00 pm","77.9","81.2","81.5","71.7","point"
"2024-05-06 02:00:00 pm","80.1","73.8","84.6","70.9","point"
"2024-05-06 04:00:00 pm","80.6","74.8","85.5","71.8","point"
"2024-05-06 06:00:00 pm","77.3","84.4","80.8","72.2","point"
"2024-05-06 08:00:00 pm","75.0","90.6","77.9","72.1","point"
"2024-05-06 10:00:00 pm","74.0","93.1","77.0","71.8","point"
"2024-05-07 12:00:00 am","73.5","96.0","76.5","72.3","point"
"2024-05-07 02:00:00 am","73.2","97.2","76.1","72.3","point"
"2024-05-07 04:00:00 am","72.8","97.9","75.7","72.2","point"
"2024-05-07 06:00:00 am","72.8","97.1","75.6","72.0","point"
"2024-05-07 08:00:00 am","71.3","98.3","73.6","70.8","point"
"2024-05-07 10:00:00 am","76.9","94.3","81.5","75.1","point"
"2024-05-07 12:00:00 pm","78.0","88.4","83.1","74.2","point"
"2024-05-07 02:00:00 pm","80.8","86.1","89.1","76.2","point"
"2024-05-07 04:00:00 pm","77.8","90.8","83.1","74.9","point"
"2024-05-07 06:00:00 pm","76.0","97.9","80.4","75.3","point"
"2024-05-07 08:00:00 pm","74.2","100.0","78.1","74.2","point"
"2024-05-07 10:00:00 pm","73.9","100.0","77.5","73.9","point"
"2024-05-08 12:00:00 am","73.0","100.0","76.1","73.0","point"
"2024-05-08 02:00:00 am","72.0","100.0","74.7","72.0","point"
"2024-05-08 04:00:00 am","71.4","100.0","73.6","71.4","point"
"2024-05-08 06:00:00 am","70.6","100.0","72.5","70.6","point"
"2024-05-08 08:00:00 am","72.7","100.0","75.7","72.7","point"
"2024-05-08 10:00:00 am","76.1","97.2","80.2","75.2","point"
"2024-05-08 12:00:00 pm","78.9","88.0","85.1","75.0","point"
"2024-05-08 02:00:00 pm","82.0","87.9","91.9","78.0","point"
"2024-05-08 04:00:00 pm","83.4","82.8","94.3","77.6","point"
"2024-05-08 06:00:00 pm","67.1","100.0","68.9","67.1","point"
"2024-05-08 08:00:00 pm","69.6","100.0","71.4","69.6","point"
"2024-05-08 10:00:00 pm","71.9","100.0","74.5","71.9","point"
"2024-05-09 12:00:00 am","71.7","100.0","74.1","71.7","point"
"2024-05-09 02:00:00 am","70.4","100.0","72.3","70.4","point"
"2024-05-09 04:00:00 am","70.6","100.0","72.5","70.6","point"
"2024-05-09 06:00:00 am","70.6","100.0","72.5","70.5","point"
"2024-05-09 08:00:00 am","72.4","100.0","75.2","72.4","point"
"2024-05-09 10:00:00 am","79.6","85.7","86.2","74.9","point"
"2024-05-09 12:00:00 pm","78.4","84.8","83.3","73.4","point"
"2024-05-09 02:00:00 pm","80.1","82.2","86.5","74.2","point"
"2024-05-09 04:00:00 pm","69.3","95.8","71.1","68.0","point"
"2024-05-09 06:00:00 pm","69.8","100.0","71.6","69.8","point"
"2024-05-09 08:00:00 pm","70.2","100.0","72.1","70.2","point"
"2024-05-09 10:00:00 pm","71.6","100.0","73.9","71.6","point"
"2024-05-10 12:00:00 am","71.0","100.0","73.0","70.9","point"
"2024-05-10 02:00:00 am","71.5","100.0","73.9","71.5","point"
"2024-05-10 04:00:00 am","70.9","100.0","73.0","70.9","point"
"2024-05-10 06:00:00 am","70.6","100.0","72.5","70.6","point"
"2024-05-10 08:00:00 am","71.8","100.0","74.5","71.8","point"
"2024-05-10 10:00:00 am","78.3","86.4","83.7","73.9","point"
"2024-05-10 12:00:00 pm","78.4","91.1","84.4","75.5","point"
"2024-05-10 02:00:00 pm","79.0","87.5","85.5","74.9","point"
"2024-05-10 04:00:00 pm","80.0","83.1","86.4","74.4","point"
"2024-05-10 06:00:00 pm","78.0","90.0","83.5","74.9","point"
"2024-05-10 08:00:00 pm","75.8","96.6","80.1","74.7","point"
"2024-05-10 10:00:00 pm","74.5","99.2","78.4","74.2","point"
"2024-05-11 12:00:00 am","73.3","99.2","76.6","73.0","point"
"2024-05-11 02:00:00 am","71.0","97.0","72.9","70.0","point"
"2024-05-11 04:00:00 am","70.9","94.5","72.9","69.2","point"
"2024-05-11 06:00:00 am","70.4","97.9","72.3","69.8","point"
"2024-05-11 08:00:00 am","71.7","97.1","73.9","70.9","point"
"2024-05-11 10:00:00 am","81.0","75.9","86.7","72.7","point"
"2024-05-11 12:00:00 pm","79.6","83.4","85.8","74.1","point"
"2024-05-11 02:00:00 pm","81.7","81.3","89.6","75.4","point"
"2024-05-11 04:00:00 pm","70.6","100.0","72.5","70.6","point"
"2024-05-11 06:00:00 pm","70.0","100.0","72.0","70.0","point"
"2024-05-11 08:00:00 pm","71.0","100.0","73.0","71.0","point"
"2024-05-11 10:00:00 pm","71.5","100.0","73.9","71.5","point"
"2024-05-12 12:00:00 am","71.6","100.0","74.1","71.6","point"
"2024-05-12 02:00:00 am","72.1","100.0","74.7","72.1","point"
"2024-05-12 04:00:00 am","71.4","100.0","73.6","71.4","point"
"2024-05-12 06:00:00 am","71.2","100.0","73.4","71.2","point"
"2024-05-12 08:00:00 am","72.8","100.0","75.7","72.8","point"
"2024-05-12 10:00:00 am","76.2","98.9","81.0","75.9","point"
"2024-05-12 12:00:00 pm","78.7","93.6","85.8","76.7","point"
"2024-05-12 02:00:00 pm","77.6","100.0","84.4","77.6","point"
"2024-05-12 04:00:00 pm","68.1","96.8","69.6","67.2","point"
"2024-05-12 06:00:00 pm","68.0","100.0","69.6","68.0","point"
"2024-05-12 08:00:00 pm","69.7","100.0","71.6","69.7","point"
"2024-05-12 10:00:00 pm","68.8","100.0","70.5","68.8","point"
"2024-05-13 12:00:00 am","70.3","100.0","72.1","70.3","point"
"2024-05-13 02:00:00 am","70.7","100.0","72.5","70.7","point"
"2024-05-13 04:00:00 am","69.8","100.0","71.6","69.8","point"
"2024-05-13 06:00:00 am","66.3","100.0","67.8","66.3","point"
"2024-05-13 08:00:00 am","66.7","100.0","68.2","66.7","point"
"2024-05-13 10:00:00 am","68.1","100.0","69.8","68.1","point"
"2024-05-13 12:00:00 pm","74.6","100.0","78.6","74.6","point"
"2024-05-13 02:00:00 pm","77.9","91.0","83.1","75.0","point"
"2024-05-13 04:00:00 pm","77.2","96.3","82.8","76.0","point"
"2024-05-13 06:00:00 pm","75.4","99.8","79.9","75.3","point"
"2024-05-13 08:00:00 pm","72.7","100.0","75.7","72.7","point"
"2024-05-13 10:00:00 pm","71.4","100.0","73.6","71.4","point"
"2024-05-14 12:00:00 am","71.4","100.0","73.6","71.4","point"
"2024-05-14 02:00:00 am","71.3","100.0","73.6","71.3","point"
"2024-05-14 04:00:00 am","70.2","100.0","72.1","70.2","point"
"2024-05-14 06:00:00 am","69.5","100.0","71.4","69.5","point"
"2024-05-14 08:00:00 am","69.9","100.0","71.8","69.9","point"
"2024-05-14 10:00:00 am","74.0","95.1","77.2","72.5","point"
"2024-05-14 12:00:00 pm","76.8","91.5","80.8","74.1","point"
"2024-05-14 02:00:00 pm","77.6","90.4","82.6","74.6","point"
"2024-05-14 04:00:00 pm","76.9","94.5","81.5","75.2","point"
"2024-05-14 06:00:00 pm","75.2","98.9","79.3","74.8","point"
"2024-05-14 08:00:00 pm","73.5","100.0","76.8","73.5","point"
"2024-05-14 10:00:00 pm","72.9","100.0","76.1","72.9","point"
"2024-05-15 12:00:00 am","72.7","100.0","75.7","72.7","point"
"2024-05-15 02:00:00 am","72.1","100.0","74.7","72.1","point"
"2024-05-15 04:00:00 am","72.0","100.0","74.7","72.0","point"
"2024-05-15 06:00:00 am","71.8","100.0","74.5","71.8","point"
"2024-05-15 08:00:00 am","68.1","100.0","69.8","68.1","point"
"2024-05-15 10:00:00 am","74.8","96.4","78.4","73.7","point"
"2024-05-15 12:00:00 pm","78.9","82.2","83.8","73.0","point"
"2024-05-15 02:00:00 pm","78.7","89.4","84.9","75.3","point"
"2024-05-15 04:00:00 pm","80.5","86.9","88.3","76.2","point"
"2024-05-15 06:00:00 pm","70.4","100.0","72.3","70.4","point"
"2024-05-15 08:00:00 pm","70.7","100.0","72.9","70.7","point"
"2024-05-15 10:00:00 pm","71.1","100.0","73.4","71.1","point"
"2024-05-16 12:00:00 am","72.4","100.0","75.2","72.4","point"
"2024-05-16 02:00:00 am","71.7","100.0","74.1","71.7","point"
"2024-05-16 04:00:00 am","70.2","100.0","72.1","70.2","point"
"2024-05-16 06:00:00 am","70.5","100.0","72.5","70.5","point"
"2024-05-16 08:00:00 am","72.3","100.0","75.0","72.3","point"
"2024-05-16 10:00:00 am","74.0","100.0","77.7","74.0","point"
"2024-05-16 12:00:00 pm","76.8","97.0","81.5","75.8","point"
"2024-05-16 02:00:00 pm","78.2","93.4","84.4","76.1","point"
"2024-05-16 04:00:00 pm","77.7","94.5","83.3","76.0","point"
"2024-05-16 06:00:00 pm","74.7","96.0","78.3","73.5","point"
"2024-05-16 08:00:00 pm","70.0","100.0","72.0","70.0","point"
"2024-05-16 10:00:00 pm","70.6","100.0","72.5","70.5","point"
"2024-05-17 12:00:00 am","70.2","100.0","72.1","70.2","point"
"2024-05-17 02:00:00 am","70.7","100.0","72.9","70.7","point"
"2024-05-17 04:00:00 am","70.9","100.0","73.0","70.9","point"
"2024-05-17 06:00:00 am","69.9","100.0","71.8","69.9","point"
"2024-05-17 08:00:00 am","71.7","100.0","74.1","71.7","point"
"2024-05-17 10:00:00 am","75.5","97.9","79.7","74.8","point"
"2024-05-17 12:00:00 pm","77.4","94.0","82.9","75.6","point"
"2024-05-17 02:00:00 pm","73.3","100.0","76.6","73.2","point"
"2024-05-17 04:00:00 pm","75.1","100.0","79.3","75.0","point"
"2024-05-17 06:00:00 pm","73.2","100.0","76.3","73.2","point"
"2024-05-17 08:00:00 pm","72.3","100.0","75.2","72.3","point"
"2024-05-17 10:00:00 pm","72.0","100.0","74.7","72.0","point"
"2024-05-18 12:00:00 am","69.9","100.0","71.8","69.9","point"
"2024-05-18 02:00:00 am","68.9","100.0","70.5","68.9","point"
"2024-05-18 04:00:00 am","68.3","100.0","70.0","68.2","point"
"2024-05-18 06:00:00 am","68.0","100.0","69.8","68.0","point"
"2024-05-18 08:00:00 am","71.6","100.0","73.9","71.6","point"
"2024-05-18 10:00:00 am","72.9","100.0","76.1","72.9","point"
"2024-05-18 12:00:00 pm","74.2","100.0","78.1","74.2","point"
"2024-05-18 02:00:00 pm","77.2","94.7","82.0","75.5","point"
"2024-05-18 04:00:00 pm","73.1","100.0","76.3","73.1","point"
"2024-05-18 06:00:00 pm","70.5","100.0","72.3","70.5","point"
"2024-05-18 08:00:00 pm","71.0","100.0","73.0","71.0","point"
"2024-05-18 10:00:00 pm","71.1","100.0","73.4","71.1","point"
"2024-05-19 12:00:00 am","71.3","100.0","73.6","71.3","point"
"2024-05-19 02:00:00 am","70.8","100.0","72.9","70.8","point"
"2024-05-19 04:00:00 am","69.5","100.0","71.4","69.5","point"
"2024-05-19 06:00:00 am","69.0","100.0","70.9","69.0","point"
"2024-05-19 08:00:00 am","70.2","100.0","72.1","70.2","point"
"2024-05-19 10:00:00 am","74.7","100.0","78.8","74.7","point"
"2024-05-19 12:00:00 pm","73.5","100.0","76.8","73.5","point"
"2024-05-19 02:00:00 pm","75.5","96.0","79.3","74.2","point"
"2024-05-19 04:00:00 pm","75.7","98.4","79.9","75.2","point"
"2024-05-19 06:00:00 pm","75.0","97.9","78.8","74.3","point"
"2024-05-19 08:00:00 pm","73.3","100.0","76.6","73.3","point"
"2024-05-19 10:00:00 pm","69.6","100.0","71.4","69.6","point"
"2024-05-20 12:00:00 am","69.6","100.0","71.6","69.6","point"
"2024-05-20 02:00:00 am","68.9","100.0","70.9","68.9","point"
"2024-05-20 04:00:00 am","69.8","100.0","71.8","69.8","point"
"2024-05-20 06:00:00 am","69.7","100.0","71.6","69.7","point"
"2024-05-20 08:00:00 am","70.1","100.0","72.0","70.1","point"
"2024-05-20 10:00:00 am","72.1","100.0","75.0","72.1","point"
"2024-05-20 12:00:00 pm","74.0","100.0","77.7","74.0","point"
"2024-05-20 02:00:00 pm","75.0","97.8","78.8","74.3","point"
"2024-05-20 04:00:00 pm","73.1","100.0","76.3","73.1","point"
"2024-05-20 06:00:00 pm","72.1","100.0","74.7","72.1","point"
"2024-05-20 08:00:00 pm","71.1","100.0","73.4","71.1","point"
"2024-05-20 10:00:00 pm","70.8","100.0","72.9","70.8","point"
"2024-05-21 12:00:00 am","70.9","100.0","73.0","70.9","point"
"2024-05-21 02:00:00 am","69.8","100.0","71.6","69.8","point"
"2024-05-21 04:00:00 am","69.1","100.0","71.1","69.1","point"
"2024-05-21 06:00:00 am","69.4","100.0","71.2","69.4","point"
"2024-05-21 08:00:00 am","71.0","100.0","73.0","71.0","point"
"2024-05-21 10:00:00 am","74.0","100.0","77.7","74.0","point"
"2024-05-21 12:00:00 pm","76.8","100.0","82.6","76.8","point"
"2024-05-21 02:00:00 pm","79.2","92.7","87.1","76.9","point"
"2024-05-21 04:00:00 pm","74.7","100.0","78.8","74.7","point"
"2024-05-21 06:00:00 pm","72.9","100.0","76.1","72.9","point"
"2024-05-21 08:00:00 pm","71.9","100.0","74.5","71.9","point"
"2024-05-21 10:00:00 pm","71.8","100.0","74.5","71.8","point"
"2024-05-22 12:00:00 am","71.4","100.0","73.6","71.4","point"
"2024-05-22 02:00:00 am","70.8","100.0","72.9","70.8","point"
"2024-05-22 04:00:00 am","70.8","100.0","72.9","70.8","point"
"2024-05-22 06:00:00 am","69.9","100.0","71.8","69.9","point"
"2024-05-22 08:00:00 am","71.7","100.0","74.1","71.7","point"
"2024-05-22 10:00:00 am","75.3","100.0","79.7","75.3","point"
"2024-05-22 12:00:00 pm","76.7","100.0","82.0","76.7","point"
"2024-05-22 02:00:00 pm","79.2","100.0","88.7","79.2","point"
"2024-05-22 04:00:00 pm","79.4","96.5","88.3","78.3","point"
"2024-05-22 06:00:00 pm","75.3","100.0","79.7","75.3","point"
"2024-05-22 08:00:00 pm","73.2","100.0","76.6","73.2","point"
"2024-05-22 10:00:00 pm","73.2","100.0","76.6","73.2","point"
"2024-05-23 12:00:00 am","73.1","100.0","76.3","73.1","point"
"2024-05-23 02:00:00 am","70.7","100.0","72.9","70.7","point"
"2024-05-23 04:00:00 am","69.5","100.0","71.4","69.5","point"
"2024-05-23 06:00:00 am","69.8","100.0","71.8","69.8","point"
"2024-05-23 08:00:00 am","73.9","100.0","77.5","73.9","point"
"2024-05-23 10:00:00 am","74.8","98.7","78.6","74.4","point"
"2024-05-23 12:00:00 pm","76.5","97.7","81.3","75.8","point"
"2024-05-23 02:00:00 pm","76.0","98.9","80.6","75.7","point"
"2024-05-23 04:00:00 pm","75.4","100.0","79.9","75.4","point"
"2024-05-23 06:00:00 pm","73.6","100.0","77.2","73.6","point"
"2024-05-23 08:00:00 pm","73.3","100.0","76.6","73.3","point"
"2024-05-23 10:00:00 pm","73.3","100.0","76.6","73.3","point"
"2024-05-24 12:00:00 am","72.4","100.0","75.2","72.4","point"
"2024-05-24 02:00:00 am","72.4","100.0","75.2","72.4","point"
"2024-05-24 04:00:00 am","72.6","100.0","75.6","72.6","point"
"2024-05-24 06:00:00 am","72.6","100.0","75.6","72.6","point"
"2024-05-24 08:00:00 am","71.5","100.0","73.9","71.5","point"
"2024-05-24 10:00:00 am","71.5","100.0","73.9","71.5","point"
"2024-05-24 12:00:00 pm","72.9","100.0","76.1","72.9","point"
"2024-05-24 02:00:00 pm","72.6","100.0","75.6","72.6","point"
"2024-05-24 04:00:00 pm","72.9","100.0","76.1","72.9","point"
"2024-05-24 06:00:00 pm","72.9","100.0","76.1","72.9","point"
"2024-05-24 08:00:00 pm","70.0","100.0","72.0","70.0","point"
"2024-05-24 10:00:00 pm","68.3","100.0","70.0","68.3","point"
"2024-05-25 12:00:00 am","68.5","100.0","70.2","68.5","point"
"2024-05-25 02:00:00 am","67.9","100.0","69.6","67.9","point"
"2024-05-25 04:00:00 am","66.9","100.0","68.7","66.9","point"
"2024-05-25 06:00:00 am","67.1","100.0","68.9","67.1","point"
"2024-05-25 08:00:00 am","67.4","100.0","69.1","67.4","point"
"2024-05-25 10:00:00 am","68.4","100.0","70.2","68.4","point"
"2024-05-25 12:00:00 pm","70.3","100.0","72.1","70.3","point"
"2024-05-25 02:00:00 pm","70.1","100.0","72.0","70.0","point"
"2024-05-25 04:00:00 pm","70.8","100.0","72.9","70.8","point"
"2024-05-25 06:00:00 pm","70.0","100.0","72.0","70.0","point"
"2024-05-25 08:00:00 pm","70.0","100.0","72.0","70.0","point"
"2024-05-25 10:00:00 pm","70.5","100.0","72.3","70.5","point"
"2024-05-26 12:00:00 am","70.8","100.0","72.9","70.8","point"
"2024-05-26 02:00:00 am","70.6","100.0","72.5","70.6","point"
"2024-05-26 04:00:00 am","70.6","100.0","72.5","70.6","point"
"2024-05-26 06:00:00 am","71.3","100.0","73.6","71.3","point"
"2024-05-26 08:00:00 am","71.7","100.0","74.1","71.7","point"
"2024-05-26 10:00:00 am","72.3","100.0","75.0","72.3","point"
"2024-05-26 12:00:00 pm","72.1","100.0","75.0","72.1","point"
"2024-05-26 02:00:00 pm","75.2","96.8","79.2","74.2","point"
"2024-05-26 04:00:00 pm","72.9","100.0","76.1","72.9","point"
"2024-05-26 06:00:00 pm","72.3","100.0","75.0","72.3","point"
"2024-05-26 08:00:00 pm","71.5","100.0","73.9","71.4","point"
"2024-05-26 10:00:00 pm","71.2","100.0","73.4","71.2","point"
"2024-05-27 12:00:00 am","71.5","100.0","73.9","71.4","point"
"2024-05-27 02:00:00 am","70.0","100.0","72.0","70.0","point"
